
2022/05/17 14:54:19, 0.008, 125
2022/05/17 19:55:59, 0.008, 125
2022/05/17 20:54:03, 0.00957815592726330644, 104.40423058405172413793
2022/05/17 22:59:28, 0.00846299112412272052, 118.16153241016906865966
2022/05/18 09:54:37, 0.00865701079259603217, 115.51331330847558322442
2022/05/19 07:00:32, 0.00731917164640184041, 136.62748304196520495647
2022/05/19 12:41:24, 0.00862700047061170016, 115.91514378682938549577
2022/05/20 01:18:11, 0.00897070450057291237, 111.47396505326144523316
2022/05/20 05:01:04, 0.00967823235669479002, 103.32465300941686359084
2022/05/20 05:05:32, 0.01082790219716192273, 92.35399265631599143707
2022/05/20 05:25:52, 0.01336286460287562879, 74.83425371119935361077
2022/05/20 05:35:09, 0.01649140866193160381, 60.63763384315237237075
2022/05/20 05:41:41, 0.01080940648263416441, 92.51201734401870101649
2022/05/20 05:47:01, 0.00901234288522562261, 110.95893850636211724309
2022/05/20 15:09:24, 0.01121832268673495049, 89.13988551804139086551
2022/05/20 16:37:48, 0.00855107566990890722, 116.94435163507947137358
2022/05/21 00:11:01, 0.0085510756699154104, 116.94435163499053406281
2022/05/21 00:16:46, 0.00855107566992240412, 116.94435163489488806481
2022/05/21 00:22:06, 0.00855107567235041035, 116.94435160168952000736
2022/05/21 00:29:23, 0.00855107568671090023, 116.9443514052957282774
2022/05/21 00:38:57, 0.67968915431152920139, 1.47126078687090437524
2022/05/21 00:40:46, 0.06395783890034892402, 15.63530002253632225583
2022/05/21 00:44:29, 1.35880783183266779005, 0.73593923774435996851
2022/05/21 00:47:59, 1.35880783183980649433, 0.73593923774049359943
2022/05/21 00:50:27, 0.4582918464916540334, 2.18201569077710185724
2022/05/21 00:55:57, 0.35285064094568487893, 2.83406031889263970288
2022/05/21 01:01:41, 0.34022988573182584585, 2.93918918336355252794
2022/05/21 01:04:05, 0.30271514615108488323, 3.30343563153229476451
2022/05/21 01:06:51, 0.25442583826112208591, 3.93041841518344903685
2022/05/21 01:09:29, 0.18868383080658640378, 5.29987119577335244743
2022/05/21 01:11:28, 0.13571403860741933544, 7.36843446898448656869
2022/05/21 01:13:56, 0.13455693448732708569, 7.43179832247280085967
2022/05/21 01:16:32, 0.08413906187482772048, 11.88508616233068211872
2022/05/21 01:18:04, 0.07491610532220466096, 13.34826464482005458955
2022/05/21 01:19:49, 0.02260144978619191369, 44.24494930457682758767
2022/05/21 01:22:09, 0.03667820783469859058, 27.26414563401793511553
2022/05/21 01:22:43, 0.05413999544561758604, 18.47063324939651358838
2022/05/21 01:24:52, 0.01735950450998966695, 57.60533081025106048212
2022/05/21 01:30:33, 0.00877660249053326134, 113.93930636355396482424
2022/05/21 01:38:00, 0.00813774503917097271, 122.88416449354308183334
2022/05/21 01:44:23, 0.00597672459586689427, 167.31572351376765374325
2022/05/21 01:56:18, 0.00035345126124010731, 2829.24439565283580276517
2022/05/21 01:58:06, 0.00035911043870788916, 2784.65867936918702240008
2022/05/21 01:59:44, 0.00036481449411711627, 2741.11916090420013855286
2022/05/21 02:01:05, 0.00038415238305824036, 2603.13366284231158189451
2022/05/21 02:03:12, 0.00039159976782218266, 2553.62766316572300737407
2022/05/21 02:06:37, 0.00041162492129923184, 2429.39615231179681224351
2022/05/21 02:09:44, 0.00044049760642093071, 2270.15989513554811749039
2022/05/21 02:12:18, 0.0004795382097713787, 2085.33956131827960947922
2022/05/21 02:18:45, 0.00046593263116674259, 2146.23302406594388477138
2022/05/21 02:26:34, 0.00040757433255750966, 2453.54017689251258443796
2022/05/21 02:29:26, 0.00040757433321796032, 2453.54017291669249595649
2022/05/21 02:35:08, 0.00040757433479046229, 2453.54016345045178374069
2022/05/21 02:36:28, 0.00059079267583449918, 1692.64115975624163705827
2022/05/21 02:39:58, 0.00059079267583457882, 1692.64115975601345245985
2022/05/21 02:41:23, 0.00491775929654962115, 203.34464126815154414771
2022/05/21 02:45:31, 0.00516418045653486768, 193.64156779892886537742
2022/05/21 02:47:44, 0.00601936889474100351, 166.13037304852325101266
2022/05/21 02:51:58, 0.00607275777400498794, 164.66983160115396968089
2022/05/21 02:55:22, 0.00487656736585795188, 205.06227536222427132388
2022/05/21 03:01:37, 0.00511978168109468373, 195.32082856044468416702
2022/05/21 03:50:48, 0.00518218869459960218, 192.96865840530035554908
2022/05/21 05:59:33, 0.0056881446001198576, 175.80425082353365717971
2022/05/21 06:09:00, 0.00577475542436568528, 173.1675069355586947837
2022/05/21 06:57:15, 0.00594993833322574574, 168.06896878506843939152
2022/05/21 07:09:28, 0.00614565848493302855, 162.71649367625044003849
2022/05/21 07:24:09, 0.00605424265640188942, 165.17342576987362630522
2022/05/21 11:40:34, 0.00605424265640349173, 165.17342576982991169121
2022/05/21 11:47:15, 0.00605424265640414679, 165.17342576981204009135
2022/05/21 12:54:44, 0.00613397920719484261, 163.02631069030220277462
2022/05/21 13:17:28, 0.0062523357580341815, 159.94022693279246670275
2022/05/21 13:51:48, 0.00628055605480167662, 159.2215707135468532186
2022/05/21 13:51:58, 0.00625292287260619227, 159.92520943780714754133
2022/05/21 13:57:03, 0.00622364810723907347, 160.67746485165895340774
2022/05/21 14:06:56, 0.00626032225220830785, 159.73618604813088121752
2022/05/21 14:20:26, 0.0062658443966283209, 159.59540912603966109214
2022/05/21 15:55:18, 0.00627170740855147225, 159.44621374340584316706
2022/05/21 16:23:58, 0.00631576736030600483, 158.33388770538075447885
2022/05/21 16:38:02, 0.00640048848261731639, 156.23807506502621283223
2022/05/21 17:20:43, 0.0064195468027039391, 155.77423620913488032206
2022/05/21 17:33:01, 0.00647901379878743231, 154.34447757884897954834
2022/05/21 17:36:39, 0.00669741361229396378, 149.31136971507499987519
2022/05/21 17:42:02, 0.00671759888007609473, 148.86271387324518720996
2022/05/21 18:20:17, 0.00665567023723081758, 150.24782844651024133321
2022/05/21 18:22:02, 0.00665865926735794572, 150.18038314442611871249
2022/05/21 19:15:44, 0.00662890164000888937, 150.85455393763528496378
2022/05/21 19:54:10, 0.00650222971993848749, 153.79339750694938821129
2022/05/21 20:10:50, 0.00652469941769219505, 153.26376526839344816096
2022/05/21 20:46:37, 0.00664359947107729124, 150.52081395837748270357
2022/05/21 21:08:31, 0.00666755977653458049, 149.97990771966401449179
2022/05/21 21:08:41, 0.00669750585011250853, 149.3093134040639066013
2022/05/21 21:39:46, 0.00684824217605226627, 146.02287335820524708387
2022/05/21 22:16:17, 0.00685733954692702277, 145.82915038065012533718
2022/05/21 22:46:35, 0.00685733954694601077, 145.82915038024632370329
2022/05/21 23:01:02, 0.00687114203505003917, 145.5362143438383293579
2022/05/22 00:27:57, 0.00682916363807266202, 146.43081539663057063094
2022/05/22 03:42:13, 0.00679770002345107601, 147.10858033601740309859
2022/05/22 05:40:15, 0.0068588828363659757, 145.79633795433476679818
2022/05/22 07:19:23, 0.00684060306851360022, 146.18594150022663887285
2022/05/22 07:23:39, 0.00699455354748829566, 142.96838150007362585589
2022/05/22 07:54:48, 0.00701469260465873359, 142.55792183051052316941
2022/05/22 09:47:55, 0.00701779348407404, 142.49493124432466907921
2022/05/22 10:03:45, 0.0070333081544060613, 142.18060378508277709303
2022/05/22 10:17:52, 0.00703330815440612457, 142.18060378508149798608
2022/05/22 10:39:41, 0.00703330815454949881, 142.18060378218314136622
2022/05/22 13:20:12, 0.00700066834495600096, 142.84350446632748987811
2022/05/22 13:30:03, 0.00709389925976586173, 140.96619692242508402054
2022/05/22 15:27:19, 0.00717206200172881545, 139.42991565869779265329
2022/05/22 17:06:37, 0.0072065889955405971, 138.76190256150242942401
2022/05/23 03:31:23, 0.00721916477658096117, 138.52017940413404342625
2022/05/23 07:37:01, 0.00723017756370020871, 138.30918966922675845291
2022/05/23 09:51:38, 0.00723017756370064395, 138.30918966921843267491
2022/05/23 10:12:16, 0.00723017756379348766, 138.30918966744238513626
2022/05/23 10:47:54, 0.00726923686555294741, 137.56602219673759723889
2022/05/23 11:00:28, 0.00724095406369240055, 138.10334815051528189379
2022/05/23 15:41:04, 0.00734871824482031391, 136.07815222808985930513
2022/05/23 17:08:51, 0.00734871824482072243, 136.07815222808229474332
2022/05/23 18:21:10, 0.00727781550852687305, 137.40386779911838416149
2022/05/24 01:31:38, 0.00728856572942055222, 137.20120489048548842851
2022/05/24 02:59:44, 0.00729652599186221747, 137.0515230282596799709
2022/05/24 03:19:27, 0.00731267497453237405, 136.74886460599834295007
2022/05/24 05:14:35, 0.00733423468392345357, 136.34687777198988607403
2022/05/24 05:42:28, 0.00743164588168210655, 134.55969457113802302648
2022/05/24 07:14:12, 0.0074076238650590646, 134.99605517457338014134
2022/05/24 13:07:13, 0.00743388345375383099, 134.51919258904142296785
2022/05/24 14:47:45, 0.00743388345375396333, 134.51919258903902836237
2022/05/24 14:50:52, 0.00742288774129255324, 134.71845929140634133764
2022/05/24 20:24:35, 0.00743368098529816644, 134.52285643918976962747
2022/05/25 00:19:36, 0.00744318551593674594, 134.35107829287352828784
2022/05/25 00:21:21, 0.00741911908666311631, 134.78689158631205903332
2022/05/25 00:21:21, 0.00736646072082493019, 135.75040143403023476607
2022/05/25 05:01:22, 0.00734276533481560166, 136.18847319803567283997
2022/05/25 08:03:01, 0.0073210306050854539, 136.592790543091523305
2022/05/25 08:30:42, 0.00733176158850969821, 136.39286928903897115162
2022/05/25 12:31:00, 0.00730825058633558081, 136.8316518688788600372
2022/05/25 14:15:55, 0.00727863204986185263, 137.38845337277076035778
2022/05/25 16:32:58, 0.00727863204996187672, 137.38845337088274690489
2022/05/25 23:35:27, 0.00735766601975518439, 135.91266541794914772653
2022/05/26 00:26:03, 0.00735982548834164209, 135.8727868730112663227
2022/05/26 01:51:33, 0.00736328129637574915, 135.80901771228079365779
2022/05/26 04:11:23, 0.00738489846649269175, 135.41147580258199363103
2022/05/26 06:48:47, 0.00736099307326051096, 135.85123502324606313368
2022/05/26 11:47:17, 0.00728996940412096099, 137.17478696614392571455
2022/05/26 12:28:15, 0.00730071999808913552, 136.97279176050258634336
2022/05/26 14:47:00, 0.00746080731191278261, 134.03375240683203886085
2022/05/26 17:44:39, 0.00752617971443896161, 132.86953513500373671268
2022/05/26 17:48:45, 0.00752836369120588986, 132.83098971003889650652
2022/05/26 18:18:39, 0.0075119476268779655, 133.12126889995493681328
2022/05/26 19:15:01, 0.00743873584261097354, 134.43144388482587350238
2022/05/26 20:36:21, 0.00747123916319488829, 133.84660538324609695621
2022/05/27 00:58:33, 0.00749737164370110629, 133.38007604840383260071
2022/05/27 01:42:54, 0.00749737164370176982, 133.38007604839202818193
2022/05/27 03:18:07, 0.00733661467028045021, 136.30264705748460612343
2022/05/27 10:45:37, 0.00733683024801332735, 136.29864208331394662864
2022/05/27 20:45:38, 0.00742486746579093317, 134.68253872643033276671
2022/05/27 21:14:10, 0.00777590848096164564, 128.60233662065041744194
2022/05/27 21:22:10, 0.00742579975190004301, 134.66562975174889558459
2022/05/27 22:04:01, 0.00733882633060708004, 136.26157030442745482409
2022/05/28 00:19:42, 0.00734162926866888612, 136.20954741852695308453
2022/05/28 00:25:17, 0.00733557468174684808, 136.32197113176499299961
2022/05/28 06:25:09, 0.00722293938544832559, 138.44779066188028269614
2022/05/28 17:47:49, 0.00715392060411029916, 139.78349150610478284145
2022/05/28 18:29:02, 0.0070509836485793625, 141.82418366570467843735
2022/05/28 18:33:37, 0.00714235381338284325, 140.00986595291175727038
2022/05/28 20:27:19, 0.00716526239643246422, 139.56223019800269279009
2022/05/29 00:19:53, 0.0071445284563177033, 139.96724991916414633556
2022/05/29 00:30:21, 0.00714984713246704403, 139.86313014428764436566
2022/05/29 03:07:32, 0.0070743803027706288, 141.35513743986273749823
2022/05/29 09:36:44, 0.00708200207355631632, 141.20300864270115012516
2022/05/29 18:22:09, 0.00713079353823104886, 140.23684666209984390251
2022/05/30 07:59:48, 0.00713079353827123988, 140.23684666130943240164
2022/05/30 08:09:33, 0.00710773180638689089, 140.69185884326930408152
2022/05/30 09:44:16, 0.00732181991523818928, 136.578065505107218819
2022/05/30 09:48:48, 0.00798312859256707772, 125.26417286213814235066
2022/05/30 09:49:08, 0.00781182156938543906, 128.01111637252495923406
2022/05/30 09:52:08, 0.00814952505158009259, 122.70653733448089825919
2022/05/30 09:58:51, 0.00805718765614515331, 124.11278509037925998224
2022/05/30 10:05:06, 0.00793797377467169005, 125.97673265068949100774
2022/05/30 10:08:28, 0.00795504750353651075, 125.70635179179484925892
2022/05/30 10:32:11, 0.00841094790528857623, 118.89266361657371397521
2022/05/30 10:37:33, 0.00835029237484046877, 119.75628578144305611276
2022/05/30 10:40:24, 0.00826442948269417975, 121.00048794584220181363
2022/05/30 10:49:05, 0.00817988480672495475, 122.251110330779574657
2022/05/30 10:54:11, 0.00820269216199736488, 121.91119455060701207095
2022/05/30 10:57:13, 0.00811909147693788719, 123.16649009811990532042
2022/05/30 12:24:14, 0.00803676300588633482, 124.42820564294031315195
2022/05/30 13:01:09, 0.00801471027007234885, 124.77057389511511222356
2022/05/30 13:14:21, 0.00775022671213149553, 129.02848357128592484178
2022/05/30 13:23:08, 0.00773385870192115093, 129.30156064935504792539
2022/05/30 13:33:50, 0.0078024858209299517, 128.16428289014351668229
2022/05/30 14:16:31, 0.00777856337311494552, 128.5584435110859618694
2022/05/30 14:30:41, 0.0077834534497678504, 128.47767465350821117583
2022/05/30 14:43:15, 0.00777049205365146388, 128.69197897578260668332
2022/05/30 14:45:39, 0.0077627307601783056, 128.82064712714969348444
2022/05/30 14:48:51, 0.0077849480789320683, 128.45300827454960232435
2022/05/30 15:07:04, 0.00753167467037608197, 132.77259623722789135667
2022/05/30 16:11:36, 0.0076149573172555417, 131.32049968737101665952
2022/05/30 21:46:25, 0.00761495731725248105, 131.32049968742379790122
2022/05/30 22:45:57, 0.00737037521417146922, 135.67830279213453183935
2022/05/31 01:43:11, 0.00713739562598214442, 140.10712764186930804638
2022/05/31 01:45:18, 0.00727251580786650892, 137.50399812377493525222
2022/05/31 01:55:33, 0.00728324078757403264, 137.30151579034763662265
2022/05/31 02:05:38, 0.00731546310526689522, 136.69674573029184756827
2022/05/31 02:08:59, 0.00708507137800369068, 141.14183847245343731308
2022/05/31 02:43:21, 0.00731616192296358023, 136.68368886987768054923
2022/05/31 02:54:02, 0.00724587157704212289, 138.00962235770337831493
2022/05/31 03:03:36, 0.00717658986024278315, 139.34194645006091010817
2022/05/31 03:57:58, 0.00719150673294013513, 139.05291855176580355394
2022/05/31 06:40:34, 0.00705547149896990985, 141.73397201675306443162
2022/05/31 06:49:15, 0.00692326181627045918, 144.4405868993550594236
2022/05/31 06:58:36, 0.00685854710307307507, 145.80347484264341884869
2022/05/31 07:03:40, 0.0067947359875224554, 147.17275282459165266826
2022/05/31 07:15:33, 0.00685080453211940041, 145.96825749612138105719
2022/05/31 07:20:53, 0.00673197734791935153, 148.54476602020496113562
2022/05/31 07:36:16, 0.00666992204199471332, 149.92678980411876520836
2022/05/31 07:42:55, 0.00646915390523222475, 154.57972010701494709868
2022/05/31 08:27:43, 0.0064106906968662018, 155.98943191703811280313
2022/05/31 08:40:32, 0.00635301682980519306, 157.40553296010451314263
2022/05/31 09:48:39, 0.00616629064805219495, 162.17205076375690121895
2022/05/31 10:43:47, 0.00617545721918823066, 161.93132986053636517646
2022/05/31 10:59:41, 0.00612092328066623739, 163.37404573565478538167
2022/05/31 16:04:40, 0.00615026260340571041, 162.59468326543481169296
2022/05/31 16:08:38, 0.00616032100016239159, 162.32920329535410614555
2022/05/31 16:30:13, 0.00618006717781772254, 161.81053882218728439316
2022/05/31 16:36:42, 0.00617460994911771451, 161.95354981781306959435
2022/05/31 16:39:41, 0.00620427527696402363, 161.17917973641817221869
2022/05/31 17:21:43, 0.00640386018449258214, 156.15581402316894105653
2022/05/31 18:41:50, 0.00660659986839275243, 151.36379074267730477709
2022/05/31 18:49:12, 0.00644541100060629597, 155.14914408187991415248
2022/05/31 19:06:54, 0.0064858348046277584, 154.1821569810076302546
2022/05/31 19:11:34, 0.00651014962931306817, 153.60630046002753046404
2022/05/31 19:48:16, 0.00654338403005434432, 152.82612107235508968535
2022/05/31 20:04:15, 0.00655674906435747846, 152.51460597081641099045
2022/05/31 21:29:38, 0.00658731500395024994, 151.80691972379106284813
2022/05/31 21:35:40, 0.0066077317145313866, 151.337863460898540803
2022/05/31 21:58:54, 0.0066486598128686862, 150.40625150717880725042
2022/05/31 22:19:43, 0.00664865981286934505, 150.40625150716390257898
2022/06/01 00:19:00, 0.00664865981291986656, 150.40625150602100307693
2022/06/01 00:20:42, 0.0066640279831782947, 150.05939388673860625377
2022/06/01 00:29:43, 0.0066542563419419905, 150.27975308029058383446
2022/06/01 00:32:17, 0.00659433735854221731, 151.64525950505295881331
2022/06/01 00:32:55, 0.00661474816523327171, 151.17733510338932227968
2022/06/01 00:38:51, 0.00665566430047799027, 150.24796246532189675146
2022/06/01 01:11:55, 0.00645572772758759737, 154.90120435634977937511
2022/06/01 03:19:52, 0.00648603163667535758, 154.17747800449906283351
2022/06/01 04:09:56, 0.0065875567864945754, 151.80134796714643272083
2022/06/01 06:02:16, 0.00658959530772563861, 151.75438753083978391893
2022/06/01 06:44:55, 0.00669192343071287518, 149.43386760979007559634
2022/06/01 06:50:18, 0.00670573415799521953, 149.12610259201881314591
2022/06/01 06:55:28, 0.0067474250371050444, 148.20468467613327970677
2022/06/01 06:59:06, 0.00677840419335016238, 147.52734883839369078753
2022/06/01 07:02:52, 0.00677840419335029421, 147.52734883839082141572
2022/06/01 07:16:14, 0.00686123284700618697, 145.74640189282272740747
2022/06/01 07:31:23, 0.00707050315807006888, 141.43265021508812577199
2022/06/01 07:39:12, 0.0070038948032112017, 142.77770127865312916053
2022/06/01 07:52:51, 0.00693822373199787006, 144.12910834630130466586
2022/06/01 08:02:37, 0.00687347243692385481, 145.48687132693860621859
2022/06/01 08:15:54, 0.00696733427384731157, 143.52691584694231079478
2022/06/01 08:20:49, 0.00697508004431524682, 143.36753035759195691571
2022/06/01 08:24:14, 0.00690981450085075293, 144.72168534725173915202
2022/06/01 08:29:33, 0.00684546117084332424, 146.08219593141090638012
2022/06/01 08:48:31, 0.00678200312903565056, 147.44906202103041802061
2022/06/01 09:00:59, 0.00657673120457350118, 152.05121950317713573798
2022/06/01 09:03:08, 0.00667202752692009131, 149.87947755989176881725
2022/06/01 10:22:15, 0.00773527621741253457, 129.2778657016726428135
2022/06/01 10:24:18, 0.00738011946128004679, 135.49916166621979494829
2022/06/01 10:29:35, 0.00721106187447026544, 138.67583130029117659979
2022/06/01 10:31:25, 0.00698620765683591164, 143.13917494586827063232
2022/06/01 10:36:22, 0.0070513099165736371, 141.81762138259817630586
2022/06/01 10:41:57, 0.00698640161325879374, 143.13520111729619021475
2022/06/01 10:53:02, 0.00692099380895090172, 144.48792003060352810117
2022/06/01 11:01:12, 0.0068565007121578425, 145.84699134163513619945
2022/06/01 11:07:53, 0.00679290534186421002, 147.21241496434059551839
2022/06/01 11:37:24, 0.00673019110964719659, 148.58419080649568784632
2022/06/01 13:32:52, 0.00676107197588400623, 147.90553976749383456939
2022/06/01 15:01:14, 0.00676622564137721362, 147.79288380286082611646
2022/06/01 16:08:25, 0.00675577451829866781, 148.02151807929696458277
2022/06/01 16:12:47, 0.0067867137952560733, 147.34671744946752102272
2022/06/01 16:41:45, 0.00676574101413885383, 147.80347014617147476252
2022/06/01 16:57:39, 0.00676883402198206349, 147.73593158769433151513
2022/06/01 17:27:14, 0.00679980296557131382, 147.06308477807206986374
2022/06/01 18:15:57, 0.007008068220117389, 142.69267487000140101318
2022/06/01 18:34:25, 0.0070050640269998827, 142.75387007822658767029
2022/06/01 19:18:43, 0.00702722624116841057, 142.30365804100408505963
2022/06/01 19:38:30, 0.00702279870872008334, 142.39337356463284583729
2022/06/01 19:47:07, 0.00702279870872302133, 142.39337356457327556668
2022/06/01 21:28:16, 0.00702345469113546243, 142.38007419085845563156
2022/06/01 21:48:04, 0.00709732262850455099, 140.89820237053336225024
2022/06/01 21:59:04, 0.00710367209647157423, 140.77226347436623411311
2022/06/01 22:13:17, 0.00774144608273777324, 129.17483236495636759141
2022/06/01 22:14:30, 0.00716047819791311374, 139.65547724053473085307
2022/06/01 22:19:32, 0.00747250724191990226, 133.82389171737640339973
2022/06/01 22:37:08, 0.00736816966500456681, 135.71891602191820559292
2022/06/01 23:03:43, 0.00737617676187151041, 135.57158841002020149478
2022/06/01 23:48:10, 0.00788058828794008462, 126.89407991663920142504
2022/06/01 23:49:28, 0.00747419519311516814, 133.79366930651569247814
2022/06/01 23:54:52, 0.00734606569392702283, 136.12728794771028420836
2022/06/02 00:05:59, 0.00740212961017038892, 135.09625643760932399587
2022/06/02 00:31:45, 0.00717842005332454522, 139.30642015534734640198
2022/06/02 00:41:55, 0.00733886480315707404, 136.26085598004399660848
2022/06/02 01:25:59, 0.00735565261274403062, 135.94986776121682564463
2022/06/02 01:29:32, 0.00761450312807275108, 131.32833268046767320393
2022/06/02 01:38:33, 0.00755790291765373977, 132.31183449898533431455
2022/06/02 01:44:37, 0.00731638386940789408, 136.67954249657608066223
2022/06/02 01:48:00, 0.00804398727007047444, 124.31645730230486389029
2022/06/02 01:51:20, 0.00851204949970067498, 117.4805198248864575855
2022/06/02 01:52:17, 0.00898158492089598079, 111.33892389899515223898
2022/06/02 01:55:32, 0.00908201748835074776, 110.10769372363269482424
2022/06/02 01:57:05, 0.00906247528632893445, 110.34512850021621404437
2022/06/02 02:01:08, 0.00874616311350910238, 114.33585070640007695861
2022/06/02 02:09:54, 0.00865449752667821254, 115.54685837247238833787
2022/06/02 02:12:09, 0.00798828245588654377, 125.18335518583255657566
2022/06/02 02:15:50, 0.00788330998348834304, 126.85027001278754020258
2022/06/02 02:18:24, 0.00785982322181480361, 127.2293246016675374856
2022/06/02 02:19:58, 0.00778170754469059285, 128.50649992395220888094
2022/06/02 02:22:50, 0.00752956570152042206, 132.8097847393871698293
2022/06/02 02:24:15, 0.00755681353738562222, 132.33090839845745171625
2022/06/02 02:25:34, 0.00729955688432494465, 136.99461704961820420933
2022/06/02 02:30:29, 0.00722962819273626819, 138.31969962227341128073
2022/06/02 02:32:00, 0.00730762398751274484, 136.84338462252549674092
2022/06/02 02:46:11, 0.00731513491131882473, 136.70287863764263272329
2022/06/02 02:47:38, 0.00733446641556204321, 136.34256990777557258841
2022/06/02 03:49:06, 0.00737751655948746097, 135.54696786332569233672
2022/06/02 03:53:50, 0.00730646892119807307, 136.86501794303474684164
2022/06/02 04:02:01, 0.00732901116134553712, 136.44405472789721594976
2022/06/02 04:14:10, 0.00733454217663338276, 136.34116157731449637601
2022/06/02 04:41:17, 0.00735605130043667925, 135.94249946851740019434
2022/06/02 05:18:43, 0.00728616226653461726, 137.24646301016454360516
2022/06/02 05:28:45, 0.00739701198046949438, 135.18972290978082005832
2022/06/02 05:31:27, 0.00732568540964780842, 136.5059982896639650862
2022/06/02 05:36:04, 0.00742915118939160808, 134.604879414480259263
2022/06/02 05:37:03, 0.00735736164886542599, 135.91828806651217922045
2022/06/02 05:46:51, 0.00737566995437884107, 135.58090399724472067338
2022/06/02 05:50:59, 0.00730465300427939658, 136.89904221516815465168
2022/06/02 06:07:45, 0.00731430795438061434, 136.71833428904093442909
2022/06/02 06:13:05, 0.00731430795438133146, 136.71833428902753008015
2022/06/02 06:18:24, 0.00731645294758440442, 136.67825203880513998746
2022/06/02 07:03:23, 0.00738094895961289936, 135.48393376946558888847
2022/06/02 08:37:17, 0.00730990352471725482, 136.80071106529134959892
2022/06/02 09:27:50, 0.00732062825542074595, 136.60029783093062930386
2022/06/02 09:44:25, 0.00709057502794575516, 141.03228526018641462323
2022/06/02 09:50:45, 0.00718591970189048968, 139.16103177953929891101
2022/06/02 10:57:50, 0.00711766776030822926, 140.49545914133749741711
2022/06/02 11:12:10, 0.00689705091632603279, 144.98950524388569955612
2022/06/02 11:28:54, 0.00704340727464651452, 141.97673952486110012919
2022/06/02 11:52:30, 0.00702122509266028456, 142.42528715471051908476
2022/06/02 11:54:38, 0.00706120498087195903, 141.61888837795983806267
2022/06/02 13:04:13, 0.00707174483509171655, 141.40781706909968892189
2022/06/02 13:36:07, 0.00708545838128498869, 141.13412939398907882307
2022/06/02 13:48:42, 0.00734101752902690092, 136.22089799485282399638
2022/06/02 13:49:57, 0.00707753780037418106, 141.29207475898343940261
2022/06/02 13:54:24, 0.00692134472511723889, 144.48059440978953057966
2022/06/02 13:59:28, 0.00721019102243788037, 138.69258066645286744628
2022/06/02 14:04:44, 0.00722084034668746991, 138.48803629327517082957
2022/06/02 14:10:34, 0.00699548038146205673, 142.94943956243356795399
2022/06/02 14:21:51, 0.00687570126465127706, 145.43971029414963435891
2022/06/02 15:49:51, 0.00687570126465161256, 145.43971029414253769045
2022/06/02 16:31:03, 0.00687982366212855319, 145.35256266882418012775
2022/06/02 17:15:37, 0.00687998118481590783, 145.34923470532102280735
2022/06/02 19:30:26, 0.0070984340122351888, 140.87614229791441339412
2022/06/02 19:38:18, 0.00703201666774317512, 142.20671640144670706429
2022/06/02 20:05:23, 0.00725780218999950057, 137.78275762019201756252
2022/06/02 20:14:19, 0.00736405147878419902, 135.79481388485614817559
2022/06/02 20:16:42, 0.00713400760940882168, 140.17366601643807793464
2022/06/02 20:18:24, 0.00686526822352589141, 145.66073275523327969234
2022/06/02 20:36:42, 0.00684731584102597628, 146.04262797525106253454
2022/06/02 23:26:19, 0.00688988236117298074, 145.14035909166860633367
2022/06/03 01:48:13, 0.00691052538168735261, 144.70679793029406496581
2022/06/03 02:09:28, 0.00701420342592363338, 142.56786398639693892879
2022/06/03 02:44:58, 0.00680025045848338761, 147.05340723921263024227
2022/06/03 04:23:15, 0.00684129665133350583, 146.17112090952523713712
2022/06/03 04:31:57, 0.00688246616268808279, 145.29675502384602982467
2022/06/03 06:52:27, 0.00688317778134695092, 145.28173349088081170359
2022/06/03 07:02:32, 0.00687593570480764163, 145.43475141874899063735
2022/06/03 09:28:27, 0.00687593570486013414, 145.43475141763870767722
2022/06/03 14:52:29, 0.00697950883795510451, 143.27655759412801123347
2022/06/03 15:26:14, 0.00700139311784768477, 142.82871753777659956527
2022/06/03 16:25:44, 0.00703809617974552852, 142.08387814844500957683
2022/06/03 18:39:04, 0.00691340364685748494, 144.64655198522278782205
2022/06/03 19:33:55, 0.00689697553487372494, 144.99108992682670985854
2022/06/03 20:17:08, 0.00712409722777873597, 140.36866258657110731649
2022/06/03 20:28:07, 0.00712619789469127291, 140.32728458817559033514
2022/06/03 21:05:34, 0.00706176470304977737, 141.60766353035356048263
2022/06/03 21:35:34, 0.00702514596161799117, 142.34579686507833894258
2022/06/04 00:59:10, 0.0070439311579275759, 141.96618018825359064823
2022/06/04 07:31:19, 0.00706483297376420794, 141.54616304639836501978
2022/06/04 10:06:07, 0.00706483297376476343, 141.5461630463872355641
2022/06/04 14:31:57, 0.00710218225997020966, 140.80179350454947816033
2022/06/04 14:36:29, 0.0071211788907484158, 140.42618720043175639412
2022/06/04 15:07:21, 0.00698771619093632641, 143.10827352963857909847
2022/06/04 16:29:55, 0.00698771619100127733, 143.1082735283083857085
2022/06/04 16:45:32, 0.00697737052005461929, 143.32046680418684973118
2022/06/04 18:55:00, 0.00717931608844154315, 139.28903361839246569036
2022/06/04 21:10:07, 0.00719308974415870975, 139.02231663550002307218
2022/06/05 01:23:27, 0.00720533076895114845, 138.78613377600235438863
2022/06/05 04:41:55, 0.00718001281645178106, 139.2755174069703164137
2022/06/05 05:04:50, 0.00715159242831660892, 139.82899753074811152783
2022/06/05 06:06:49, 0.00715845679499251355, 139.69491311304978244581
2022/06/05 09:40:12, 0.00717945163545406554, 139.28640386150534243779
2022/06/05 09:53:17, 0.00731899259530768099, 136.63082548288345317351
2022/06/05 10:20:35, 0.0074341064503318241, 134.51515749486807910692
2022/06/05 11:36:56, 0.00722202710803126143, 138.46527921335952118455
2022/06/05 12:31:14, 0.00750774649935215122, 133.19575988431291742253
2022/06/05 12:38:51, 0.0074421954751938883, 134.36895111572535428869
2022/06/05 12:42:47, 0.0074860107895652651, 133.58249515134254478962
2022/06/05 12:47:29, 0.00742074431643828307, 134.75737168100781739076
2022/06/05 12:56:02, 0.00720924648887266318, 138.71075174686858823056
2022/06/05 13:06:00, 0.00728599981572420976, 137.24952309796381130442
2022/06/05 13:09:24, 0.00733417664589962692, 136.34795673473142910628
2022/06/05 13:14:08, 0.00733417664590017543, 136.34795673472123188599
2022/06/05 13:28:08, 0.0074054548393015757, 135.03559493643636092649
2022/06/05 13:30:31, 0.00750243077408701417, 133.29013357296748970651
2022/06/05 13:32:49, 0.00779714069209641618, 128.25214261089985968629
2022/06/05 13:36:14, 0.00757022078787588068, 132.09654355148455596391
2022/06/05 13:39:15, 0.00781684890372443494, 127.92878720267159767686
2022/06/05 13:42:13, 0.00753002824771208861, 132.80162664779356628089
2022/06/05 13:42:41, 0.00763761493923698363, 130.93092646798222063097
2022/06/05 13:43:52, 0.00741759182960847425, 134.81464375113552250449
2022/06/05 13:43:52, 0.00746505009724042017, 133.95757389085260370438
2022/06/05 13:48:08, 0.00725240369608687113, 137.88531939273637289821
2022/06/05 13:49:49, 0.00726388454701921207, 137.66738630370402618783
2022/06/05 13:49:51, 0.00733412225483838299, 136.34896791368475940361
2022/06/05 14:13:46, 0.00733760568759954601, 136.28423801649445710996
2022/06/05 14:35:40, 0.00737557577957378632, 135.5826351577106531244
2022/06/05 14:59:38, 0.00759546498837894602, 131.65750899122028985358
2022/06/05 15:05:04, 0.00754451009746006849, 132.54671106300985246973
2022/06/05 15:07:00, 0.0075824485205485692, 131.88351985377577780919
2022/06/05 15:10:23, 0.00737095874443300526, 135.66756166628399627376
2022/06/05 15:13:09, 0.00738032460958660187, 135.49539524332840197679
2022/06/05 15:17:16, 0.00717718178726551433, 139.33045443746481037671
2022/06/05 15:27:16, 0.00724415448419888557, 138.04233498625998817599
2022/06/05 15:31:11, 0.0072358543629725349, 138.20068091989536022795
2022/06/05 15:39:14, 0.00725907730558570959, 137.75855496545280198075
2022/06/05 15:47:33, 0.00740388971084492423, 135.06414047946171191016
2022/06/05 16:03:08, 0.00759285493909263406, 131.70276635358749590131
2022/06/05 16:09:55, 0.00754490403027252548, 132.53979056429158186121
2022/06/05 16:12:21, 0.00733487293640541037, 136.33501339016629590528
2022/06/05 16:13:18, 0.00720635998551901215, 138.76631225882044218764
2022/06/05 16:17:35, 0.00729927868149640568, 136.99983842718451519537
2022/06/05 16:31:16, 0.00731793366753009646, 136.65059638857232103198
2022/06/05 17:06:01, 0.00730769920502453102, 136.84197610547971734689
2022/06/05 18:19:26, 0.00710743724978138475, 140.69768959701454425331
2022/06/05 18:29:18, 0.00710927697120095173, 140.66128019078606704315
2022/06/05 19:22:44, 0.00736526201290408645, 135.77249502434264890552
2022/06/05 19:57:05, 0.00730548055785110832, 136.88353450277990861073
2022/06/05 20:02:09, 0.00724642435869339536, 137.99909451898429214978
2022/06/05 20:08:36, 0.00724688624667883709, 137.99029900024831533407
2022/06/05 20:11:45, 0.0071885387577245445, 139.11033016625751164137
2022/06/05 20:24:55, 0.00699282106752357798, 143.00380209129786360723
2022/06/05 20:49:36, 0.00701051416246704478, 142.64288992579306104151
2022/06/05 21:07:02, 0.00705431182527242184, 141.75727197335541975501
2022/06/05 21:12:53, 0.00721505154767235794, 138.59914837650871769859
2022/06/05 21:29:08, 0.00728165753639136748, 137.33136926617650923784
2022/06/05 21:39:50, 0.00722289378534839599, 138.44866472057155412047
2022/06/05 21:42:53, 0.00714411034359063114, 139.97544157435281453518
2022/06/05 22:25:11, 0.00723374661147952456, 138.24094949815627009396
2022/06/05 22:54:09, 0.00704249801656043216, 141.99507016523118265584
2022/06/05 23:03:09, 0.00704870954099265667, 141.86994004851161131543
2022/06/05 23:12:35, 0.00705758789119601347, 141.69146958091018462788
2022/06/05 23:13:27, 0.00714653266620221666, 139.92799679336192206502
2022/06/05 23:36:42, 0.00715709090474854855, 139.72157309564495348058
2022/06/06 00:06:44, 0.00716599182456653776, 139.54802412302344480196
2022/06/06 00:22:24, 0.00717755764827720743, 139.3231582389345073868
2022/06/06 00:34:25, 0.00722212844559692374, 138.46333633261045481922
2022/06/06 00:50:41, 0.00712088376195204187, 140.43200723808344290473
2022/06/06 01:16:15, 0.00722742183366897008, 138.36192531913613741252
2022/06/06 01:20:44, 0.00725688311584109431, 137.80020761490479503663
2022/06/06 01:23:51, 0.00724722346911413942, 137.98387813784835292227
2022/06/06 01:27:28, 0.00726498825233213877, 137.64647171714136313182
2022/06/06 01:32:31, 0.00720722217373038526, 138.74971187164195892011
2022/06/06 01:34:56, 0.00720243948947940777, 138.84184677437394011159
2022/06/06 02:00:22, 0.0073320186982993964, 136.38808643954250562954
2022/06/06 02:12:02, 0.00718724279570749524, 139.13541373574292290612
2022/06/06 02:14:14, 0.00718724279562477438, 139.1354137373442881897
2022/06/06 02:15:42, 0.00703939343310713725, 142.05769424633611457703
2022/06/06 02:43:59, 0.00720636911062575491, 138.76613654517155436221
2022/06/06 02:58:59, 0.00721276262718665052, 138.6431318605658290796
2022/06/06 03:45:57, 0.00721718503422042154, 138.55817680418068567549
2022/06/06 05:16:42, 0.00722166967760251653, 138.47213243516624654412
2022/06/06 05:24:33, 0.00732502464495656031, 136.51831201530794488747
2022/06/06 08:20:38, 0.0073785909709012311, 135.52723059777612863326
2022/06/06 08:24:34, 0.00738395830725242791, 135.4287170091159633397
2022/06/06 11:24:10, 0.0072291934562341059, 138.32801764872518239419
2022/06/06 11:33:25, 0.00738426298418120676, 135.42312917920589770121
2022/06/06 11:40:42, 0.00741100670049205189, 134.93443474199061993933
2022/06/06 11:50:12, 0.00742002841726817813, 134.77037334153076649293
2022/06/06 12:16:25, 0.00732756918249988322, 136.47090530216443124391
2022/06/06 13:47:17, 0.00734731198867817173, 136.10419722763213912972
2022/06/06 13:52:12, 0.00734731198867867543, 136.10419722762280839553
2022/06/06 14:00:48, 0.00734937501328738656, 136.06599176012090409892
2022/06/06 14:46:10, 0.00752864431362418965, 132.8260385724894534411
2022/06/06 14:51:29, 0.00773858161698909169, 129.22264692597214501205
2022/06/06 14:55:40, 0.00761459655023722749, 131.32672143593027144402
2022/06/06 15:03:36, 0.00761459655023768317, 131.32672143592241251243
2022/06/06 17:08:55, 0.00741296481958851965, 134.89879209429570748745
2022/06/06 17:34:15, 0.00750208693268257707, 133.29624262863914265881
2022/06/06 17:43:28, 0.00759174077834827116, 131.72209499723845717736
2022/06/06 17:52:49, 0.00759516542642545103, 131.66270171295462811823
2022/06/06 17:59:39, 0.00795918379586673646, 125.64102370890184279106
2022/06/06 18:09:56, 0.0079628668790828015, 125.582910675907777742
2022/06/06 18:13:06, 0.00777147783211499322, 128.67565495298490257725
2022/06/06 18:13:06, 0.00772451952774014512, 129.45789008737945987105
2022/06/06 18:24:35, 0.00780953809752597267, 128.04854621514627137805
2022/06/06 18:27:26, 0.00799299093775054275, 125.10961263286865745868
2022/06/06 18:42:25, 0.00820285208090301013, 121.90881782789811107544
2022/06/06 18:54:27, 0.00815432104743355449, 122.63436700407257337586
2022/06/06 19:07:48, 0.0081543210474341208, 122.63436700406405644944
2022/06/06 19:11:33, 0.00815432104743430635, 122.63436700406126601814
2022/06/06 19:12:45, 0.00797643735582079635, 125.36925389005294503059
2022/06/06 19:17:07, 0.00797026073980142954, 125.46640977581292057256
2022/06/06 20:23:59, 0.00797482914173091003, 125.39453601170862697327
2022/06/06 20:44:31, 0.00815863842317644582, 122.56947153820118848976
2022/06/06 21:55:10, 0.00787888752383211538, 126.92147171478115940382
2022/06/06 22:00:41, 0.007951715715700268, 125.75902305279219608013
2022/06/06 22:09:38, 0.00796997498863481209, 125.4709081805150516524
2022/06/06 22:37:54, 0.00797015768679650332, 125.46803203864043300663
2022/06/06 23:04:26, 0.00797198478355711821, 125.43927605865269435146
2022/06/06 23:16:59, 0.00810279648596537008, 123.41418197187506451
2022/06/06 23:34:45, 0.00810279648596455018, 123.41418197188755235603
2022/06/06 23:41:40, 0.00808945636384432752, 123.61770124250637152633
2022/06/06 23:55:46, 0.00808945636384464211, 123.61770124250156415541
2022/06/07 00:33:35, 0.00770162080994868382, 129.84279863639028416519
2022/06/07 00:50:57, 0.00782707434754040162, 127.76165851985836430984
2022/06/07 01:14:30, 0.00784507880125936488, 127.46844554824238563691
2022/06/07 03:26:32, 0.00795353969600013925, 125.73018281443961658199
2022/06/07 04:54:47, 0.00795353969600039639, 125.73018281443555169155
2022/06/07 05:00:39, 0.00810753049078344492, 123.34212016060740618865
2022/06/07 06:21:45, 0.00789193737692649959, 126.71159846296805640704
2022/06/07 07:17:28, 0.00825291119881876204, 121.16936386558113603033
2022/06/07 07:26:48, 0.00803154443699396537, 124.50905399886930436708
2022/06/07 07:30:35, 0.00803694627345965768, 124.42536828973112190164
2022/06/07 07:34:52, 0.00803694627346034586, 124.4253682897204676514
2022/06/07 07:49:26, 0.00803784679943351697, 124.41142820369218311891
2022/06/07 08:13:50, 0.00807740327038054568, 123.80216345851550148955
2022/06/07 08:17:56, 0.00807740327038123677, 123.8021634585049092543
2022/06/07 08:20:00, 0.00812242956903984515, 123.11587210453464132727
2022/06/07 08:46:27, 0.00836279740819338382, 119.57721216829406921009
2022/06/07 08:47:42, 0.00838836308221506628, 119.21277014346114988508
2022/06/07 08:49:49, 0.00834169965883217978, 119.87964574356275427612
2022/06/07 08:52:31, 0.00824925425673147374, 121.2230789448622010087
2022/06/07 08:57:10, 0.00801845007850893255, 124.71238084779029658904
2022/06/07 08:57:51, 0.00797275289138068677, 125.42719103725091576597
2022/06/07 09:21:39, 0.00797275289138114994, 125.4271910372436293046
2022/06/07 09:33:03, 0.00798237598641291404, 125.27598320376483794842
2022/06/07 09:36:53, 0.00875222358895404267, 114.25667886982165306866
2022/06/07 09:38:19, 0.00865619489258505883, 115.52420115408967464017
2022/06/07 09:38:19, 0.00827240946846329057, 120.88376473774372066198
2022/06/07 09:42:12, 0.00823414557998255352, 121.44550886142078583595
2022/06/07 09:47:29, 0.00812690589104645816, 123.04805954523430001828
2022/06/07 10:24:43, 0.00812690589104670525, 123.04805954523055878407
2022/06/07 10:29:09, 0.00812690589104728184, 123.04805954522182875114
2022/06/07 11:05:41, 0.00812690589104775481, 123.04805954521466762265
2022/06/07 11:21:58, 0.00812690589105559065, 123.0480595450960266315
2022/06/07 11:24:40, 0.00808840766346289077, 123.6337288632494447425
2022/06/07 11:39:54, 0.00808840766346307275, 123.63372886324666319093
2022/06/07 11:46:48, 0.00808840766346363511, 123.63372886323806728917
2022/06/07 11:59:49, 0.00808840766353449507, 123.63372886215495168402
2022/06/07 12:13:20, 0.00802813819338499534, 124.56188171050386594258
2022/06/07 12:52:26, 0.00801991641742121826, 124.68957878759878755116
2022/06/07 13:41:22, 0.00801991641746365979, 124.68957878693892833123
2022/06/07 13:45:53, 0.00794982557324701034, 125.78892339037346514621
2022/06/07 13:48:52, 0.00868982621416618288, 115.07709997350657672499
2022/06/07 13:49:38, 0.00855984077515521082, 116.82460296486853255242
2022/06/07 13:50:47, 0.00821764727019717507, 121.68933115767645959671
2022/06/07 13:57:10, 0.00803927107835057357, 124.38938683047507619892
2022/06/07 13:57:10, 0.00803927107834869346, 124.38938683050416650019
2022/06/07 14:42:16, 0.0080426398590471757, 124.33728446451555852466
2022/06/07 14:59:39, 0.00831127028232366532, 120.3185513202224913103
2022/06/07 15:06:41, 0.00831127028234775179, 120.31855131987380229467
2022/06/07 15:12:25, 0.00817488292215256532, 122.32591090572896994123
2022/06/07 15:15:17, 0.00808581573654944977, 123.67335994064355725188
2022/06/07 15:18:01, 0.00789351684703527471, 126.68624383510246276365
2022/06/07 15:21:52, 0.00802316919032907187, 124.63902683310917474279
2022/06/07 15:52:14, 0.00803677775854887546, 124.42797723705632139359
2022/06/07 16:16:09, 0.00803677775860603889, 124.4279772361712987848
2022/06/07 16:20:41, 0.00793909415312850685, 125.95895460012104122559
2022/06/07 16:48:16, 0.00800838619525360305, 124.86910291522633231312
2022/06/07 18:57:38, 0.00801185079735985786, 124.81510518512521716871
2022/06/07 19:05:09, 0.00801517681538186247, 124.76331128227987484809
2022/06/07 19:17:06, 0.00799856603180331279, 125.02240976993541051072
2022/06/07 19:29:11, 0.00800063965416008111, 124.99000620282047522168
2022/06/07 19:46:27, 0.00800063965416035505, 124.99000620281619562846
2022/06/07 20:47:32, 0.00800063965417514473, 124.99000620258514385789
2022/06/07 20:56:44, 0.00801722547406547438, 124.73143024788943176864
2022/06/07 21:01:20, 0.0080172254740656102, 124.73143024788731864296
2022/06/07 21:01:20, 0.00801722547406599489, 124.73143024788133375273
2022/06/07 21:03:22, 0.00793121420825197817, 126.0840993248621081638
2022/06/07 21:22:23, 0.00795842868966887812, 125.65294469474054419249
2022/06/07 21:54:34, 0.00795978941373972312, 125.63146435430294985183
2022/06/07 21:57:55, 0.00795978941380502934, 125.63146435327220455244
2022/06/07 22:18:42, 0.00797347533822540409, 125.41582654754437509807
2022/06/07 22:28:57, 0.00865909299258257068, 115.48553651711626207447
2022/06/07 22:32:03, 0.00842661617120522377, 118.67159719664485083119
2022/06/07 22:38:45, 0.00840389944858822599, 118.99238039645873559072
2022/06/07 22:40:24, 0.00829168229920450994, 120.60278769917876850565
2022/06/07 22:53:21, 0.00816810510123818344, 122.42741585786064391506
2022/06/07 23:14:21, 0.00816810510129586658, 122.42741585699606179047
2022/06/07 23:20:15, 0.00802346552510867393, 124.63442347581539423514
2022/06/07 23:30:01, 0.0080464170704224226, 124.27891709415228908816
2022/06/07 23:51:41, 0.0080464170704229306, 124.27891709414444291205
2022/06/08 00:09:03, 0.00804641707042328425, 124.27891709413898079159
2022/06/08 00:20:37, 0.00805353741714304142, 124.16903879671124709072
2022/06/08 00:33:17, 0.00803635796462370983, 124.43447696108487997568
2022/06/08 00:58:28, 0.00798514822174941389, 125.23249064760835982605
2022/06/08 02:22:41, 0.00798514822174966487, 125.23249064760442358341
2022/06/08 03:03:38, 0.00796982099879733074, 125.47333248148269822148
2022/06/08 03:36:31, 0.00805451000586105721, 124.15404528299375603612
2022/06/08 05:06:37, 0.00805023717175258629, 124.21994267558875302009
2022/06/08 05:51:37, 0.0080530939206238457, 124.17587698052494747424
2022/06/08 07:15:35, 0.00804704964181907245, 124.26914763930118078089
2022/06/08 10:44:35, 0.00804704964182913278, 124.26914763914582099589
2022/06/08 11:07:50, 0.00798004573650131234, 125.31256499269508262375
2022/06/08 12:43:38, 0.0079800457365687253, 125.31256499163648071239
2022/06/08 14:18:57, 0.00798004573656912619, 125.31256499163018552817
2022/06/08 18:39:48, 0.0080224952293439089, 124.64949762042818018348
2022/06/08 19:00:38, 0.00799981004104107908, 125.00296817921216842835
2022/06/08 19:05:01, 0.00799981004099750984, 125.00296817989297018471
2022/06/08 21:13:42, 0.00799981004099758215, 125.00296817989184036555
2022/06/09 00:55:00, 0.0079828951654883283, 125.26783569991028063988
2022/06/09 01:17:38, 0.00794073506150183815, 125.93292588845913806913
2022/06/09 04:12:05, 0.00794073506150986339, 125.93292588833186498928
2022/06/09 04:19:42, 0.00791274654207451911, 126.37836870961187880885
2022/06/09 06:01:12, 0.00791302754389979549, 126.37388085056098627735
2022/06/09 08:16:51, 0.00791302754393951623, 126.37388084992663199681
2022/06/09 09:08:43, 0.00799156617282488569, 125.13191762091317788403
2022/06/09 09:45:44, 0.00800288134832989426, 124.9549951416795719679
2022/06/09 10:07:34, 0.00825890250306236725, 121.08146326091197860905
2022/06/09 10:09:40, 0.00825890250306284795, 121.08146326090493119744
2022/06/09 10:11:39, 0.00854189847406364952, 117.06999363623536216434
2022/06/09 10:13:45, 0.0085490342738216991, 116.97227639642707352626
2022/06/09 10:15:39, 0.00875826170607313504, 114.17790807810437377192
2022/06/09 10:18:15, 0.00858704672406346337, 116.45447289784764495512
2022/06/09 10:18:15, 0.0087018252375379782, 114.91841914799608789185
2022/06/09 10:19:59, 0.00896046661696087521, 111.60133090693555543514
2022/06/09 10:19:59, 0.00999996509534834288, 100.0003490477349101771
2022/06/09 10:21:58, 0.00984920960618145472, 101.53098979357600269318
2022/06/09 10:22:51, 0.00907672845118090863, 110.17185381037780273171
2022/06/09 10:25:18, 0.00925728188863326229, 108.02306897750082470999
2022/06/09 10:28:15, 0.00924372845608108836, 108.18145564868243278781
2022/06/09 10:28:15, 0.00909843401559886051, 109.90902371611911132274
2022/06/09 10:28:15, 0.0093340856510067067, 107.13422153911211018751
2022/06/09 10:29:49, 0.00932301879712573869, 107.26139480790248721463
2022/06/09 10:29:49, 0.00935924106575474281, 106.84627022365926691926
2022/06/09 10:31:37, 0.00981340854711454551, 101.9013928951354859632
2022/06/09 10:34:39, 0.00896049807758973011, 111.60093907067589969939
2022/06/09 10:36:09, 0.00896764797530096422, 111.51195974175590779912
2022/06/09 10:38:12, 0.00922341571559779306, 108.419703809825236098
2022/06/09 10:39:39, 0.00937641351076028383, 106.65058647983148556837
2022/06/09 10:43:40, 0.00917624473113424207, 108.97704118625808007172
2022/06/09 10:44:15, 0.00918296301332160799, 108.89731326907368373463
2022/06/09 10:45:27, 0.00920272425818519131, 108.66347528674116971474
2022/06/09 10:45:27, 0.00920725631009842984, 108.60998828752162068281
2022/06/09 10:46:25, 0.00924661017124869356, 108.1477407914728400776
2022/06/09 10:47:31, 0.00894766301229814145, 111.76102616130570534843
2022/06/09 10:50:46, 0.00898569775559124913, 111.28796307195635118903
2022/06/09 10:53:18, 0.00911272468192793628, 109.73666328174799040171
2022/06/09 10:56:20, 0.00856831852616847417, 116.70901320322105232506
2022/06/09 10:57:38, 0.00857759041847726771, 116.58285733087317094454
2022/06/09 10:57:38, 0.00809069118794566102, 123.59883436039460349788
2022/06/09 10:59:15, 0.00842233736734496155, 118.73188598181714989816
2022/06/09 11:01:26, 0.00832017888569083901, 120.1897235310425960925
2022/06/09 11:03:19, 0.0082455391904960314, 121.27769656987616051627
2022/06/09 11:05:11, 0.00814658573143623824, 122.75081033532566683457
2022/06/09 11:06:49, 0.00820679964167784832, 121.85017834742141734652
2022/06/09 11:08:32, 0.00824303420896561454, 121.31455173537196909583
2022/06/09 11:09:24, 0.00824303420896587795, 121.3145517353680924377
2022/06/09 11:14:16, 0.00824675569009442717, 121.25980659293058056831
2022/06/09 11:17:58, 0.00914856804906248466, 109.30672370114541920985
2022/06/09 11:19:29, 0.00914856804906296075, 109.30672370113973090248
2022/06/09 11:19:49, 0.00914856804906319436, 109.30672370113693967035
2022/06/09 11:21:05, 0.00871261776076536215, 114.77606701664308321642
2022/06/09 11:24:45, 0.00854618131813733346, 117.01132503212008610047
2022/06/09 11:27:28, 0.00854618131811275784, 117.01132503245656686337
2022/06/09 11:27:28, 0.00855174404357250763, 116.93521168370330030362
2022/06/09 11:31:19, 0.00856565876831038902, 116.7452529978910264136
2022/06/09 11:33:41, 0.00871665822640517667, 114.72286443108696141905
2022/06/09 11:33:41, 0.00871665822640534702, 114.72286443108471925891
2022/06/09 11:37:35, 0.00871665822640543833, 114.72286443108351750497
2022/06/09 11:39:17, 0.00872508100472013924, 114.61211643296089190028
2022/06/09 11:39:17, 0.00873023493910787334, 114.54445464238424735635
2022/06/09 11:40:24, 0.0087389325225862668, 114.43045216511779640266
2022/06/09 11:43:04, 0.00885115940617844042, 112.97954924435804268135
2022/06/09 11:44:51, 0.00885115940617863397, 112.97954924435557210845
2022/06/09 11:49:13, 0.00890725651666185084, 112.26801407699521116604
2022/06/09 11:50:17, 0.00887812923700554434, 112.63634188065553897329
2022/06/09 11:50:17, 0.00901280951819500949, 110.95319367187396874737
2022/06/09 11:52:14, 0.00903819491369445003, 110.64156167785501754573
2022/06/09 11:55:14, 0.00989027308529068696, 101.10944271976174696517
2022/06/09 11:55:14, 0.00914857707093788244, 109.30661590824672856177
2022/06/09 11:57:22, 0.009149703543490327, 109.29315854298500454118
2022/06/09 12:00:02, 0.00914970354349055502, 109.29315854298228074421
2022/06/09 12:01:16, 0.00914970354349064515, 109.29315854298120417541
2022/06/09 12:08:26, 0.00919677110699282909, 108.73381411435183177324
2022/06/09 12:14:22, 0.00945381723788165216, 105.77737805137359310127
2022/06/09 12:17:12, 0.00941135522005268816, 106.25462291225701277326
2022/06/09 12:18:46, 0.00946523017402488727, 105.64983435313241057581
2022/06/09 12:22:12, 0.00947333507205510854, 105.55944579114986178503
2022/06/09 12:24:17, 0.00952736349140178802, 104.96083212343850260745
2022/06/09 12:24:17, 0.00953494957103851451, 104.8773244734721105892
2022/06/09 12:26:21, 0.00948068671312529297, 105.47759147188944759798
2022/06/09 12:28:43, 0.00948068671308911399, 105.47759147229195769333
2022/06/09 12:28:43, 0.00945776115331924458, 105.73326855997472736272
2022/06/09 12:30:58, 0.0094588358416521489, 105.72125542093483926055
2022/06/09 12:33:31, 0.00875670218971597798, 114.19824248156083696262
2022/06/09 12:33:31, 0.00898526471994251709, 111.29332648158166503687
2022/06/09 12:36:23, 0.00919596360297131801, 108.74336210692361696181
2022/06/09 12:36:23, 0.00919654386827286172, 108.73650083374233635891
2022/06/09 12:41:17, 0.0091965438682732104, 108.73650083373821375129
2022/06/09 12:44:35, 0.00924898907220389725, 108.11992447967232764649
2022/06/09 12:47:20, 0.00956457968355930419, 104.55242499771470515555
2022/06/09 12:52:04, 0.00956931688980977892, 104.50066723831508829245
2022/06/09 12:54:09, 0.00963002115158444945, 103.84193183578498252239
2022/06/09 12:54:09, 0.00952371197611401764, 105.00107547435851032318
2022/06/09 12:57:42, 0.00962718880189196693, 103.87248246377766041421
2022/06/09 12:58:51, 0.00963238437241516535, 103.81645513064862204128
2022/06/09 13:00:16, 0.00952716540869203629, 104.96301440170836852244
2022/06/09 13:01:17, 0.00953129906732319675, 104.9174926666993658361
2022/06/09 13:03:37, 0.0095312990673235283, 104.91749266669571619909
2022/06/09 13:09:29, 0.00958068353520691394, 104.37668631107780441234
2022/06/09 13:12:00, 0.00958068353520732587, 104.37668631107331658003
2022/06/09 13:17:40, 0.01061166416180132204, 94.23592612360347721971
2022/06/09 13:19:31, 0.01044968235787213265, 95.69668873682681582097
2022/06/09 13:19:31, 0.01029318437290285202, 97.15166500199229339584
2022/06/09 13:19:31, 0.01018338353954216113, 98.19918852285115895497
2022/06/09 13:21:43, 0.01018363602212142389, 98.1967538733462177385
2022/06/09 13:21:43, 0.00950797843820185217, 105.17482832966119866461
2022/06/09 13:25:03, 0.0095083199374580268, 105.17105088781246803926
2022/06/09 13:26:41, 0.00961773068255608994, 103.97463112724960303912
2022/06/09 13:28:59, 0.01010905534613687352, 98.92121130607373223817
2022/06/09 13:30:22, 0.00990419273491312554, 100.96734047540437766327
2022/06/09 13:36:31, 0.00991389346434657644, 100.86854408878902381934
2022/06/09 13:37:49, 0.00991389346436928028, 100.86854408855802445575
2022/06/09 13:43:37, 0.00993337505061621656, 100.67071815011807458352
2022/06/09 13:43:37, 0.00996655972970468983, 100.33552470664118527126
2022/06/09 13:46:33, 0.00996655972970471339, 100.33552470664094810525
2022/06/09 13:46:33, 0.01045433147988871287, 95.65413167965141603623
2022/06/09 13:51:33, 0.01045433147988880204, 95.65413167965060015259
2022/06/09 13:55:27, 0.01025429184041200607, 97.52014235239681938642
2022/06/09 13:56:13, 0.01030243599695023079, 97.06442246241802296977
2022/06/09 13:59:31, 0.01068880299995441248, 93.55584530880258335146
2022/06/09 14:01:49, 0.01065299090078546519, 93.87035146404453484608
2022/06/09 14:02:04, 0.01045558858444894252, 95.64263091676580029727
2022/06/09 14:07:01, 0.01046523152918819344, 95.55450323396445419741
2022/06/09 14:07:01, 0.01050384772814542041, 95.20320799400639505125
2022/06/09 14:08:28, 0.01051447962079569615, 95.10694167138665994449
2022/06/09 14:09:27, 0.01051447962079605032, 95.10694167138345635448
2022/06/09 14:10:40, 0.01057116821786311142, 94.59692433142863065875
2022/06/09 14:10:40, 0.01058193670416738534, 94.50065975221523822396
2022/06/09 14:12:45, 0.0105819367041674512, 94.50065975221465010873
2022/06/09 14:15:35, 0.0105916208047977006, 94.41425617758413956911
2022/06/09 14:16:56, 0.01061587295446955892, 94.198565138157005058
2022/06/09 14:16:56, 0.01072258241302573553, 93.26111579102487200582
2022/06/09 14:19:56, 0.01053027341222889756, 94.96429587846136585439
2022/06/09 14:22:00, 0.01053267674817490796, 94.94262701770269678833
2022/06/09 14:24:41, 0.01055398748617331871, 94.75091772754996552141
2022/06/09 14:29:44, 0.01055470888835319963, 94.74444161159855362456
2022/06/09 14:35:39, 0.0105638656108014472, 94.6623174548443683829
2022/06/09 14:42:21, 0.01058309120343244961, 94.49035076591484278688
2022/06/09 14:43:55, 0.01063182475542149173, 94.05723128478669650298
2022/06/09 14:46:20, 0.01013183858588346129, 98.69876938162881891802
2022/06/09 14:47:37, 0.01037197162162137164, 96.41368454146209727419
2022/06/09 14:48:27, 0.01045882582618018605, 95.61302737223457288068
2022/06/09 14:49:23, 0.01046345136294399075, 95.57076009752106940173
2022/06/09 14:54:11, 0.01038088243274952899, 96.33092431961348496741
2022/06/09 14:55:46, 0.01054390852532588802, 94.84149047746905546191
2022/06/09 14:57:09, 0.01054002560531038156, 94.87642985384873790353
2022/06/09 15:00:14, 0.01091403494515237781, 91.62514184950123059545
2022/06/09 15:02:22, 0.01067638409502498457, 93.66467065061692395415
2022/06/09 15:08:30, 0.01076923120063537209, 92.85713913737882845205
2022/06/09 15:11:47, 0.01059746696803192415, 94.36217192434541848617
2022/06/09 15:15:30, 0.0105974669679954871, 94.36217192466986199623
2022/06/09 15:22:06, 0.00991310681092100997, 100.87654850024678515445
2022/06/09 15:24:32, 0.00992648288122943673, 100.74061598302437075853
2022/06/09 15:28:50, 0.01026113153012149083, 97.45513904236642160715
2022/06/09 15:34:38, 0.01032006199157086576, 96.89864274233736841588
2022/06/09 15:39:40, 0.01022512264365713565, 97.79833796128808210593
2022/06/09 15:42:30, 0.0100094101787300553, 99.90598668091300842747
2022/06/09 15:44:34, 0.01002280269874107804, 99.7724917927004370508
2022/06/09 15:48:35, 0.01005940639281504503, 99.40944434994219752289
2022/06/09 15:53:58, 0.01014860267882070324, 98.53573261735012279114
2022/06/09 15:55:52, 0.01005980948260938604, 99.40546108042324256955
2022/06/09 15:58:59, 0.01006016548585400819, 99.40194337818190736959
2022/06/09 16:00:43, 0.01006016548586448754, 99.40194337807836351115
2022/06/09 16:02:17, 0.01015429009948975082, 98.48054272649248189165
2022/06/09 16:04:22, 0.01000357291354495825, 99.96428362570216800658
2022/06/09 16:05:03, 0.00991647897185933543, 100.84224479654197673983
2022/06/09 16:07:40, 0.00991604212426303121, 100.84668736462440761388
2022/06/09 16:10:59, 0.00991604212424088945, 100.84668736484959056327
2022/06/09 16:14:43, 0.00992040389421615837, 100.80234743093724377861
2022/06/09 16:18:43, 0.00999687633228809102, 100.031246437467872887
2022/06/09 16:19:50, 0.01009954755221748091, 99.01433651653410942061
2022/06/09 16:23:05, 0.01001178535414895693, 99.8822851895833644638
2022/06/09 16:23:48, 0.01004741730752937443, 99.52806471476166656365
2022/06/09 16:30:55, 0.01004741730752948732, 99.5280647147605483167
2022/06/09 16:34:11, 0.00980566098258814455, 101.9819063473328530987
2022/06/09 16:35:35, 0.00997957898434768517, 100.20462802773888414548
2022/06/09 16:38:16, 0.01041931921554692869, 95.97556033295100576653
2022/06/09 16:40:19, 0.0104193192155473893, 95.97556033294676302679
2022/06/09 16:42:35, 0.0102519016525677188, 97.54287876430587062465
2022/06/09 16:42:35, 0.01025190165256170692, 97.54287876436307135721
2022/06/09 16:50:50, 0.0103117704543270515, 96.9765574620968643888
2022/06/09 16:53:36, 0.01022105090324391472, 97.8372976973066585806
2022/06/09 16:56:01, 0.01031029704448362801, 96.99041605547487252121
2022/06/09 16:58:58, 0.01031074047957892152, 96.98624477849711334029
2022/06/09 17:01:10, 0.01058262036386542301, 94.4945548093665692011
2022/06/09 17:03:38, 0.01056854031863132857, 94.62044614023900521289
2022/06/09 17:03:38, 0.01052071418478802802, 95.05058139930336483937
2022/06/09 17:05:10, 0.01051939497418230597, 95.0625014512996779749
2022/06/09 17:06:14, 0.01037747738743904025, 96.36253230581893533534
2022/06/09 17:13:28, 0.01046495788538318265, 95.55700184868772792481
2022/06/09 17:23:09, 0.01086964697876345506, 91.99930797695154577519
2022/06/09 17:24:49, 0.01068150174317269122, 93.61979467345696466524
2022/06/09 17:24:49, 0.01154817132738680393, 86.59379668436964291257
2022/06/09 17:26:55, 0.0112809526194920685, 88.64499601497533690918
2022/06/09 17:28:38, 0.01077347641157783255, 92.82054944913966873986
2022/06/09 17:31:57, 0.01075040136174221898, 93.0197828295723434243
2022/06/09 17:32:08, 0.01072913876877061663, 93.20412584379161709626
2022/06/09 17:34:38, 0.01072913876873424995, 93.20412584410753473387
2022/06/09 17:38:21, 0.01085370429876968007, 92.13444299503855487566
2022/06/09 17:38:33, 0.01085829172361222136, 92.09551791884723857666
2022/06/09 17:40:33, 0.01086246210983271345, 92.06016001609789976538
2022/06/09 17:43:09, 0.01094590435446547101, 91.35837182717952756292
2022/06/09 17:45:49, 0.01085496565633157536, 92.12373688319424739427
2022/06/09 17:45:49, 0.01093834359517681008, 91.42152020539411056271
2022/06/09 17:51:17, 0.01100087235543596924, 90.90188193174154650843
2022/06/09 17:56:02, 0.01100087235547589171, 90.9018819314116610513
2022/06/09 17:59:49, 0.0112111949939539087, 89.19655759616084908448
2022/06/09 17:59:49, 0.01111786873491237273, 89.94529651710999989589
2022/06/09 18:03:32, 0.01122657559474415363, 89.07435678499872524496
2022/06/09 18:06:31, 0.01114238591827056522, 89.74738510539870526654
2022/06/09 18:06:31, 0.01090304096522311012, 91.71753120892148193264
2022/06/09 18:08:37, 0.01093580355745357963, 91.44275450325039422584
2022/06/09 18:09:18, 0.01134948207755214255, 88.10974749040531563199
2022/06/09 18:10:19, 0.01176434312245238266, 85.00262102109965036198
2022/06/09 18:11:42, 0.0116739190873825565, 85.66103572542517266636
2022/06/09 18:11:42, 0.01142830000783440616, 87.50207811437161957364
2022/06/09 18:13:53, 0.01146604482124129219, 87.21403200408402934975
2022/06/09 18:16:58, 0.01188416870685196951, 84.14555739379879437315
2022/06/09 18:18:41, 0.01184408669741528544, 84.4303174695798428341
2022/06/09 18:19:36, 0.0119173776527463301, 83.91107751540897772087
2022/06/09 18:21:54, 0.01191737765274640226, 83.91107751540846965226
2022/06/09 18:24:50, 0.01230646299277266747, 81.25811620993614707925
2022/06/09 18:26:19, 0.01215740810612819566, 82.25437455668935709203
2022/06/09 18:26:19, 0.01205953847606231537, 82.92191297245401236892
2022/06/09 18:26:19, 0.01203560519399085497, 83.08680651134025818926
2022/06/09 18:26:19, 0.01183158992922950796, 84.51949450424551668511
2022/06/09 18:28:08, 0.01183158992922018106, 84.51949450431214384281
2022/06/09 18:31:40, 0.01180535828777657791, 84.70729778997161439275
2022/06/09 18:35:09, 0.01180614159869868718, 84.7016776514202895323
2022/06/09 18:36:31, 0.01159692834430048413, 86.2297300035890722976
2022/06/09 18:40:13, 0.0114511576312246501, 87.32741546350143746534
2022/06/09 18:40:48, 0.01140264626734538451, 87.69894080322172147136
2022/06/09 18:45:38, 0.01156385122751634832, 86.47638060410927718614
2022/06/09 18:50:05, 0.01163778711539127146, 85.92698853182100175818
2022/06/09 18:51:41, 0.01163835585299030933, 85.92278949290455669447
2022/06/09 18:56:45, 0.01160461170406854909, 86.17263769794230972026
2022/06/09 18:58:36, 0.01161217372018840525, 86.11652082516168171632
2022/06/09 19:09:56, 0.01160558959373146308, 86.1653767715628033123
2022/06/09 19:14:34, 0.01163592836746203716, 85.94071469160430560928
2022/06/09 19:14:34, 0.01163592836746222725, 85.94071469160290160023
2022/06/09 19:21:14, 0.01148840476308740865, 87.04428688071908740826
2022/06/09 19:22:16, 0.01149122258179084681, 87.02294232683422979181
2022/06/09 19:28:54, 0.01149212294885852129, 87.01612438799456572309
2022/06/09 19:31:01, 0.0115296695936668903, 86.73275429759826317726
2022/06/09 19:34:19, 0.01152966959366704813, 86.73275429759707588705
2022/06/09 19:40:38, 0.01161693111277444609, 86.08125418772257837718
2022/06/09 19:41:54, 0.01162069716948923842, 86.05335681800171617927
2022/06/09 19:44:30, 0.01163199899900287422, 85.96974605016065164899
2022/06/09 19:47:35, 0.01163576749350299431, 85.94190289195491678344
2022/06/09 19:49:19, 0.01150529049804842946, 86.91653636817112546157
2022/06/09 19:52:26, 0.01154646441327401592, 86.60659784742268302892
2022/06/09 19:53:13, 0.0115464644132742176, 86.60659784742117028199
2022/06/09 19:59:42, 0.01146048041355198468, 87.25637703786857967486
2022/06/09 20:03:45, 0.01125799717033368801, 88.82574625574896228803
2022/06/09 20:04:55, 0.01125799717032399418, 88.82574625582544674744
2022/06/09 20:08:34, 0.01129832286011252268, 88.50871163634287952215
2022/06/09 20:12:19, 0.01119209374425996342, 89.3487869964335588195
2022/06/09 20:15:10, 0.01127549248105511771, 88.68792220651845109538
2022/06/09 20:19:44, 0.01123596532940625857, 88.99991862584742762051
2022/06/09 20:29:22, 0.01138450109111633898, 87.83871967655476885979
2022/06/09 20:31:28, 0.01137752901620725411, 87.8925466659327488344
2022/06/09 20:38:45, 0.01137752901620764427, 87.89254666592973482873
2022/06/09 20:41:26, 0.01117015285765010359, 89.52428966226096988609
2022/06/09 20:44:15, 0.01117601294984229929, 89.4773480030828562276
2022/06/09 20:47:14, 0.01117601294984689152, 89.47734800304608996045
2022/06/09 20:48:27, 0.01119807650690639281, 89.30105088880682895718
2022/06/09 20:49:14, 0.01119991611604139658, 89.28638300850501202688
2022/06/09 20:50:45, 0.01119991611604149544, 89.28638300850422392112
2022/06/09 20:53:22, 0.01119819462028350747, 89.30010898262837583674
2022/06/09 20:55:13, 0.01119104768742397935, 89.35713866394807891159
2022/06/09 21:00:36, 0.01119472496780884656, 89.3277863346857092291
2022/06/09 21:06:39, 0.01120208711414648192, 89.26907903949047027762
2022/06/09 21:12:18, 0.01120208711414690997, 89.26907903948705909783
2022/06/09 21:12:18, 0.01120208711414715526, 89.26907903948510444067
2022/06/09 21:19:12, 0.01120208711414747037, 89.26907903948259328755
2022/06/09 21:21:15, 0.01120208711414751595, 89.26907903948223012531
2022/06/09 21:24:15, 0.01109485331690632315, 90.13188110168174030784
2022/06/09 21:28:49, 0.0110948533169066732, 90.13188110167889655607
2022/06/09 21:40:46, 0.0111351377842031338, 89.80580387776164459944
2022/06/09 21:45:22, 0.01113112182836294347, 89.83820457807981962849
2022/06/09 22:02:16, 0.01115775655874159349, 89.62375139978704755996
2022/06/09 22:04:31, 0.01115775655874161738, 89.62375139978685560814
2022/06/09 22:06:15, 0.01122281742092144113, 89.10418502717615615884
2022/06/09 22:09:17, 0.0112228174209215666, 89.10418502717516000922
2022/06/09 22:15:44, 0.01183813652571131, 84.47275445996883239685
2022/06/09 22:23:43, 0.01232091567360492111, 81.16279881229107651645
2022/06/09 22:25:18, 0.01222101524486525963, 81.82626238193726275433
2022/06/09 22:28:33, 0.01211340769157622601, 82.55315312266828962076
2022/06/09 22:28:33, 0.01194013383151485993, 83.75115506332048634549
2022/06/09 22:32:44, 0.01197669146223158125, 83.49551319356380734682
2022/06/09 22:33:24, 0.01197669146225897665, 83.49551319337282025945
2022/06/09 22:37:01, 0.01188945396406319815, 84.10815189852940168086
2022/06/09 22:42:09, 0.01188981937278568749, 84.10556701045225163959
2022/06/09 22:46:06, 0.01181407914573589919, 84.64476897980946976543
2022/06/09 22:50:30, 0.01181494112271561498, 84.6385935920901285862
2022/06/09 22:57:24, 0.01181548750450521271, 84.634679662494058338
2022/06/09 22:57:24, 0.0115618036841707021, 86.49169518153147758974
2022/06/09 22:59:59, 0.01179869669427437228, 84.75512388459619332395
2022/06/09 23:04:30, 0.01143778730976099737, 87.4294977619142211295
2022/06/09 23:04:30, 0.01148073240390546249, 87.1024569529923562645
2022/06/09 23:07:09, 0.01135834428001882143, 88.04100098983290743159
2022/06/09 23:07:09, 0.01151585804220749689, 86.83677728006345621729
2022/06/09 23:11:46, 0.01151600127524890764, 86.83569722671691278403
2022/06/09 23:15:14, 0.01150762145680672746, 86.89893074372051592498
2022/06/09 23:22:40, 0.01146220106998757812, 87.24327848500076306906
2022/06/09 23:37:29, 0.01148007028072299494, 87.1074806640488382435
2022/06/09 23:47:43, 0.01148007028072328997, 87.10748066404659965396
2022/06/09 23:52:22, 0.01147930693002602841, 87.11327313536101956896
2022/06/10 00:12:50, 0.01152937206659620592, 86.73499252377133618106
2022/06/10 00:16:13, 0.01153295230464483874, 86.70806690124392620643
2022/06/10 00:17:38, 0.01153295230464523882, 86.70806690124091830307
2022/06/10 00:24:05, 0.01153581068189052099, 86.68658212030549696986
2022/06/10 00:27:50, 0.01153581068190693196, 86.68658212018217570902
2022/06/10 00:29:20, 0.01153581068190728314, 86.68658212017953675409
2022/06/10 00:34:04, 0.01154298273553630975, 86.63272075434998275643
2022/06/10 00:37:24, 0.01146075084011115602, 87.25431814642793132673
2022/06/10 00:41:10, 0.01146789948449482608, 87.19992718387966660409
2022/06/10 00:46:33, 0.01146932948015664256, 87.18905509952640081066
2022/06/10 00:55:00, 0.01151229513175578069, 86.86365216972043320083
2022/06/10 00:57:04, 0.01151229513175587482, 86.86365216971972298997
2022/06/10 00:58:39, 0.01151229513175609142, 86.8636521697180886614
2022/06/10 01:00:17, 0.01152657508458076001, 86.75603921044267425896
2022/06/10 01:01:28, 0.01154982204821462615, 86.58142054704472298943
2022/06/10 01:03:14, 0.01155232194735397557, 86.56268450249059910934
2022/06/10 01:08:12, 0.01155232194737815064, 86.5626845023094529377
2022/06/10 01:10:23, 0.01155232194737824082, 86.56268450230877724905
2022/06/10 01:11:51, 0.01157304498044898718, 86.4076828258559190536
2022/06/10 01:12:56, 0.01127431509200016558, 88.69718398322597758182
2022/06/10 01:15:13, 0.01142384971910135522, 87.53616552990368976026
2022/06/10 01:31:55, 0.01164514082752240091, 85.87272707227175633524
2022/06/10 01:33:55, 0.01166193066256572453, 85.74909497703971456419
2022/06/10 01:39:35, 0.01166193066256575919, 85.74909497703945975048
2022/06/10 01:41:54, 0.01165157928834913471, 85.82527529121642085319
2022/06/10 01:44:57, 0.0116515792883492571, 85.82527529121551934343
2022/06/10 01:46:32, 0.01165690435244514479, 85.78606890518413153706
2022/06/10 01:51:44, 0.01181696233508449159, 84.62411672676707182364
2022/06/10 01:56:28, 0.01183483381265901864, 84.49632802873492054174
2022/06/10 02:02:36, 0.01182117755444852206, 84.59394128833484835636
2022/06/10 02:10:54, 0.01182963538769516481, 84.53345916647357394351
2022/06/10 02:13:02, 0.01183141847352326137, 84.52071932353952268655
2022/06/10 02:15:03, 0.01183141847352334396, 84.52071932353893272627
2022/06/10 02:21:24, 0.01186715566011362399, 84.26619053806405863974
2022/06/10 02:26:56, 0.01209944737295044424, 82.64840278867633078856
2022/06/10 02:27:51, 0.01194858421048071782, 83.69192386181189247935
2022/06/10 02:27:51, 0.01194858421048077585, 83.69192386181148606381
2022/06/10 02:43:20, 0.0122325706500562727, 81.7489658230913029794
2022/06/10 02:44:22, 0.01202458629186719281, 83.16294429824568610719
2022/06/10 02:47:27, 0.01202458629186734962, 83.16294429824460160304
2022/06/10 03:05:52, 0.01201010612171857174, 83.26321098792307744255
2022/06/10 03:08:46, 0.01243515835066170671, 80.41715045363997570319
2022/06/10 03:11:58, 0.0121523931271193684, 82.28831881420892871724
2022/06/10 03:16:06, 0.0125081484265900584, 79.94788404286769528124
2022/06/10 03:21:09, 0.01234297649492503125, 81.01773509907942170529
2022/06/10 03:22:52, 0.01237149337553376244, 80.83098536653869854417
2022/06/10 03:30:51, 0.01228389453259583502, 81.40740685671450507297
2022/06/10 03:37:16, 0.01231741476831812612, 81.18586723020161716285
2022/06/10 03:39:00, 0.01228798165437676509, 81.38032983177651585133
2022/06/10 03:56:01, 0.01227491574329243548, 81.46695430854137245907
2022/06/10 04:04:24, 0.01228911824853137746, 81.37280313984332708068
2022/06/10 04:08:07, 0.01235977098417606355, 80.90764798799892651612
2022/06/10 04:31:16, 0.01235977098417628081, 80.90764798799750432485
2022/06/10 04:35:32, 0.01239709276794248037, 80.66407332095554807609
2022/06/10 04:45:30, 0.01237593140527514006, 80.80199923973060619825
2022/06/10 04:48:00, 0.01228842392490460277, 81.37740088648212701323
2022/06/10 04:51:33, 0.01229692498491676195, 81.32114339370095891454
2022/06/10 05:21:48, 0.01254528785156198971, 79.71120406579526345862
2022/06/10 05:25:47, 0.01223586056273532865, 81.72698559883309380574
2022/06/10 05:26:44, 0.01236025066505967646, 80.90450809600728312991
2022/06/10 05:34:02, 0.01236130029452932068, 80.89763828830896026823
2022/06/10 05:35:20, 0.01236130029452943985, 80.89763828830818036923
2022/06/10 06:05:05, 0.01236828672152520103, 80.85194194759777810706
2022/06/10 06:16:03, 0.012368286721525271, 80.85194194759732072311
2022/06/10 06:25:13, 0.01237094133119535361, 80.83459239098776635789
2022/06/10 06:29:08, 0.01238491765366227274, 80.74337092619229110227
2022/06/10 06:31:13, 0.01238491765366234763, 80.7433709261918028831
2022/06/10 06:38:30, 0.01238491765366256714, 80.74337092619037182212
2022/06/10 06:58:18, 0.0123849176536908597, 80.74337092600591865957
2022/06/10 07:00:36, 0.01241292230050618978, 80.56120676427828283366
2022/06/10 07:05:53, 0.01241292230050639161, 80.56120676427697295284
2022/06/10 07:10:58, 0.01256181627376136954, 79.60632270102221474548
2022/06/10 07:14:58, 0.01251773272738098657, 79.88667131489587773943
2022/06/10 07:34:52, 0.01253518905550349623, 79.77542225906487338899
2022/06/10 07:39:15, 0.01252815004888623687, 79.82024449722334265936
2022/06/10 07:42:23, 0.01251991096252681558, 79.8727724975910079471
2022/06/10 08:04:25, 0.01251991096252712067, 79.87277249758906160002
2022/06/10 08:08:26, 0.01252374138155626382, 79.84834320139361681948
2022/06/10 08:12:54, 0.01252374138155636954, 79.84834320139294272329
2022/06/10 08:13:36, 0.01252374138155659659, 79.84834320139149511582
2022/06/10 08:16:47, 0.01252374138155676029, 79.84834320139045145262
2022/06/10 08:27:36, 0.01260292827801140154, 79.34663896681229100359
2022/06/10 08:32:35, 0.01255451943306359626, 79.65259087228770336794
2022/06/10 08:34:12, 0.01254779633446255923, 79.69526866271307602833
2022/06/10 08:41:55, 0.01254849098430550156, 79.69085695249795613832
2022/06/10 08:46:41, 0.01255196423352021321, 79.6688057259982183436
2022/06/10 08:59:10, 0.01258666858188431236, 79.44914045319949172949
2022/06/10 09:03:54, 0.01258666858188473249, 79.44914045319683978332
2022/06/10 09:09:00, 0.01321706113001020798, 75.65978474060577086033
2022/06/10 09:12:20, 0.01303560269815383376, 76.71298544114304158046
2022/06/10 09:16:44, 0.01287490448167255373, 77.67047914207841567317
2022/06/10 09:20:36, 0.01287497299568329874, 77.67006581957713392981
2022/06/10 09:23:00, 0.01285307009274909176, 77.80242329528244247735
2022/06/10 09:24:50, 0.01285307009274616083, 77.80242329530018400067
2022/06/10 09:30:53, 0.01307350539950607663, 76.49057918603685927211
2022/06/10 09:32:00, 0.01307530368016940849, 76.48005923691430691171
2022/06/10 09:34:04, 0.01307530368016959976, 76.48005923691318812199
2022/06/10 09:37:02, 0.0130753036801696931, 76.48005923691264214186
2022/06/10 09:43:16, 0.01341361828719276507, 74.55110012745729118831
2022/06/10 09:45:21, 0.01332225708100199621, 75.06235571943998277753
2022/06/10 09:46:45, 0.01332225708098609778, 75.06235571952956020413
2022/06/10 09:49:03, 0.01328646522938937564, 75.26456305233249578673
2022/06/10 09:51:41, 0.01328646522939927483, 75.26456305227641929185
2022/06/10 09:55:57, 0.01328646522940747906, 75.2645630522299443493
2022/06/10 09:57:24, 0.01335001646515606542, 74.90627465591741658807
2022/06/10 10:00:03, 0.01329680660455714678, 75.20602726201004496767
2022/06/10 10:01:21, 0.01335106771088750212, 74.90037663313788685655
2022/06/10 10:35:01, 0.01260277649262950487, 79.3475946022553886889
2022/06/10 10:35:01, 0.01260408552905747102, 79.33935371150878251282
2022/06/10 10:37:31, 0.01266962402037128249, 78.92894046359357289298
2022/06/10 10:40:07, 0.01269049783196156514, 78.79911515224067477653
2022/06/10 10:48:23, 0.0126904978319616686, 78.79911515224003236699
2022/06/10 11:20:48, 0.0126913338136400695, 78.79392463266905736083
2022/06/10 11:27:56, 0.01269091644384345845, 78.79651595099060197252
2022/06/10 11:32:10, 0.01270346525276746588, 78.71867873076196609305
2022/06/10 11:43:39, 0.01255219860007893664, 79.66731820142738417436
2022/06/10 11:54:56, 0.01251212647710627323, 79.92246576389098158683
2022/06/10 12:00:27, 0.01252031323443746137, 79.87020622211534283607
2022/06/10 12:05:57, 0.01252063935468147393, 79.86812587378770327524
2022/06/10 12:30:57, 0.01252063935468168725, 79.86812587378634250823
2022/06/10 12:32:17, 0.01252227135002161411, 79.85771686685849901094
2022/06/10 12:48:55, 0.01252716733604139469, 79.82650611866111076665
2022/06/10 12:50:53, 0.01252977852858527766, 79.80987035952891710772
2022/06/10 13:03:41, 0.01252615569046674681, 79.83295311913357063012
2022/06/10 13:08:35, 0.01252418153606804969, 79.84553698140890119766
2022/06/10 13:27:49, 0.01235146515613486351, 80.96205489462186142015
2022/06/10 13:27:49, 0.01235146515613089032, 80.96205489464790507122
2022/06/10 13:28:52, 0.01257905949894240259, 79.49719930047838889312
2022/06/10 13:31:29, 0.01257905949894253727, 79.49719930047753774646
2022/06/10 13:37:26, 0.0124974267458568678, 80.0164722174921987213
2022/06/10 13:43:17, 0.01249742674585692969, 80.01647221749180246926
2022/06/10 13:57:11, 0.01266033071502149858, 78.9868781874314484643
2022/06/10 14:02:30, 0.01266033071502149871, 78.98687818743144767321
2022/06/10 14:07:49, 0.01266940806620093692, 78.93028583298770757041
2022/06/10 14:39:18, 0.01258504416727258156, 79.45939535122974623744
2022/06/10 14:47:37, 0.01257689844562832196, 79.51085908208123256469
2022/06/10 14:49:38, 0.01257689844561252955, 79.51085908218107182828
2022/06/10 14:58:12, 0.01257689844562736779, 79.51085908208726479702
2022/06/10 15:11:12, 0.01258524336355251787, 79.45813768655829521687
2022/06/10 15:14:08, 0.01246435591899850407, 80.22877447488267741206
2022/06/10 15:19:00, 0.01246564658445764822, 80.22046776513099048047
2022/06/10 15:26:45, 0.0124785569131271996, 80.13747158119056337779
2022/06/10 15:29:31, 0.01247877510770995922, 80.13607035694987129026
2022/06/10 15:34:52, 0.01243188297301595407, 80.43833763320904784487
2022/06/10 15:38:00, 0.01245018654826148563, 80.3200816408359452508
2022/06/10 15:44:05, 0.01245018654827640419, 80.32008164073970086749
2022/06/10 15:51:00, 0.01243117608499418534, 80.44291168935426984045
2022/06/10 15:53:07, 0.01166807000534294015, 85.70397671098037479096
2022/06/10 15:57:09, 0.01166879979956376805, 85.69861658243416557517
2022/06/10 15:57:09, 0.01216376470851583984, 82.21138964484416351208
2022/06/10 15:59:54, 0.01202231461515398156, 83.17865835415021873219
2022/06/10 16:01:09, 0.01195419458277949735, 83.65264536019353419952
2022/06/10 16:03:47, 0.01195419458279450705, 83.65264536008849981708
2022/06/10 16:09:50, 0.01156848664382464498, 86.44173008868090552004
2022/06/10 16:10:58, 0.01169536482055282461, 85.50395950390979828092
2022/06/10 16:15:22, 0.01171560494037003163, 85.35624110660866061101
2022/06/10 16:16:58, 0.01171560494039382752, 85.35624110643529116118
2022/06/10 16:22:21, 0.01155498131211304567, 86.54276220695429154207
2022/06/10 16:24:07, 0.01146000859419043803, 87.25996946520111684967
2022/06/10 16:26:11, 0.01146735891584149499, 87.20403776832673064897
2022/06/10 16:32:36, 0.01146735891584151252, 87.20403776832659734501
2022/06/10 16:37:15, 0.01147116649658821725, 87.17509246312678634237
2022/06/10 16:41:19, 0.01151650150695915372, 86.83192542420311264688
2022/06/10 16:46:11, 0.01150627186793220565, 86.90912325711544257921
2022/06/10 16:50:16, 0.01150627186793737668, 86.90912325707638473897
2022/06/10 16:55:20, 0.01150435799778746244, 86.92358149775256378829
2022/06/10 16:57:22, 0.01160011361403572953, 86.20605222262954106506
2022/06/10 17:04:15, 0.01160170688370641934, 86.19421349150032142079
2022/06/10 17:07:42, 0.01158331743464274274, 86.33105374538519632857
2022/06/10 17:10:11, 0.01158651677656606922, 86.30721547156582147142
2022/06/10 17:15:37, 0.01158651677657558384, 86.30721547149494769715
2022/06/10 17:18:22, 0.01158651677657561062, 86.30721547149474823998
2022/06/10 17:20:45, 0.01157544978164305582, 86.38973161853731864181
2022/06/10 17:29:09, 0.01158181991795954454, 86.34221625647391751954
2022/06/10 17:32:01, 0.01150154076892869702, 86.94487287316239298175
2022/06/10 17:41:07, 0.01150154076892895929, 86.94487287316041035309
2022/06/10 17:44:05, 0.01150154076895610116, 86.94487287295523379822
2022/06/10 17:54:56, 0.01150358576383508716, 86.92941666447993783799
2022/06/10 17:57:22, 0.01151096324635104386, 86.87370279954619188243
2022/06/10 18:08:21, 0.01147425683038686201, 87.15161380663329211137
2022/06/10 18:13:47, 0.01147425683038687474, 87.15161380663319546406
2022/06/10 18:27:56, 0.01147693601734521243, 87.13126905026651969224
2022/06/10 18:31:41, 0.01147693601736586106, 87.13126905010975818138
2022/06/10 18:35:49, 0.01145763382449566507, 87.27805542729651440688
2022/06/10 18:51:36, 0.01137766055231931848, 87.89153054809246784792
2022/06/10 19:00:16, 0.01135105737570086799, 88.09751963202064854832
2022/06/10 19:07:15, 0.01135264701106060816, 88.08518392457056897179
2022/06/10 19:10:21, 0.01134760323255913365, 88.1243359946484528577
2022/06/10 19:14:06, 0.01120188059277112057, 89.27072483216142350889
2022/06/10 19:20:53, 0.01119376859738993833, 89.33541829988972177579
2022/06/10 19:53:24, 0.0111937685974146642, 89.33541829969238914414
2022/06/10 19:55:46, 0.01124155533063564135, 88.95566232501531467042
2022/06/10 19:58:34, 0.01124034637829437542, 88.96522992663694791768
2022/06/10 20:03:59, 0.0111564721322008425, 89.63406963691572727634
2022/06/10 20:07:48, 0.01115647213217765937, 89.63406963710198669766
2022/06/10 20:11:25, 0.0111564721321776595, 89.63406963710198563838
2022/06/10 20:19:29, 0.01116296908944779063, 89.58190173125956094027
2022/06/10 20:31:48, 0.01109241563771648322, 90.15168856455354510662
2022/06/10 21:14:39, 0.01109241563772839743, 90.15168856445671441542
2022/06/10 21:21:05, 0.011052215167941975, 90.47959932055948905082
2022/06/10 21:25:24, 0.0110616333633188414, 90.40256236624789317087
2022/06/10 21:30:03, 0.01106477276177779687, 90.37691252498241162863
2022/06/10 21:42:17, 0.01106761016143822926, 90.35374262496164786445
2022/06/10 21:45:37, 0.0110738889583561402, 90.30251285348310651881
2022/06/10 21:56:19, 0.01100478764104101995, 90.86954084153531155155
2022/06/10 22:01:20, 0.01100728768630964137, 90.84890197280425847126
2022/06/10 22:12:33, 0.01090480783061477317, 91.70267055899357914261
2022/06/10 22:15:46, 0.01090480783061946035, 91.70267055895416281776
2022/06/10 22:18:42, 0.01090480783064942803, 91.70267055870215322909
2022/06/10 22:26:16, 0.01090480783067282127, 91.70267055850543063369
2022/06/10 22:28:10, 0.01092042511252858804, 91.57152672131216441498
2022/06/10 22:33:41, 0.01021487333835442683, 97.89646595472086374697
2022/06/10 22:35:13, 0.01039569459195585591, 96.19366855715400977129
2022/06/10 22:44:52, 0.01041511085310539018, 96.01434051965351960113
2022/06/10 22:50:48, 0.01028914948984141469, 97.18976296216810713904
2022/06/10 22:54:07, 0.01028914948984934249, 97.18976296209322231317
2022/06/10 22:56:10, 0.01030739262957448858, 97.0177459943409722408
2022/06/10 23:01:27, 0.01021415146236028032, 97.90338469965478344286
2022/06/10 23:05:57, 0.01022588088361800958, 97.79108630162244885063
2022/06/10 23:13:38, 0.01022588088361808492, 97.79108630162172842424
2022/06/10 23:16:47, 0.01014442939670073778, 98.57626889544215863614
2022/06/10 23:19:24, 0.01014503150335126173, 98.5704184033006432329
2022/06/10 23:34:33, 0.01014503150335152128, 98.57041840329812133786
2022/06/10 23:37:35, 0.01016006956492985411, 98.42452294340211787287
2022/06/10 23:45:30, 0.01010224873910022162, 98.98786159655252538096
2022/06/10 23:58:12, 0.01011436008189553419, 98.8693295377110803055
2022/06/11 00:03:09, 0.01011738904856572559, 98.83972981564480762676
2022/06/11 00:06:32, 0.01011738904856579999, 98.83972981564408074321
2022/06/11 00:13:48, 0.01012915307015643637, 98.72493712690589529265
2022/06/11 00:16:03, 0.0101418267072851569, 98.60156644972765293458
2022/06/11 00:18:07, 0.01014607009889834882, 98.56032830963577727862
2022/06/11 00:30:04, 0.01014607009889857805, 98.56032830963355054462
2022/06/11 00:34:11, 0.01014299712844795917, 98.59018861351250308109
2022/06/11 00:46:20, 0.01014603063718186172, 98.56071164769887926395
2022/06/11 01:03:07, 0.01014603063718214332, 98.56071164769614376046
2022/06/11 01:10:14, 0.01014603063718242995, 98.56071164769335938241
2022/06/11 02:03:29, 0.01023911807051568788, 97.66466145942543250574
2022/06/11 02:07:49, 0.01019253784494527119, 98.11099210153283450964
2022/06/11 02:29:00, 0.01006956253739491365, 99.30918014425569970129
2022/06/11 02:37:06, 0.01006956253741587853, 99.30918014404893745022
2022/06/11 02:38:42, 0.01007245122315859705, 99.28069919075887830549
2022/06/11 02:41:33, 0.01005630668659163226, 99.44008582527909960796
2022/06/11 02:48:49, 0.01002382256771157364, 99.76234048886389757311
2022/06/11 02:55:53, 0.01002382256771175583, 99.76234048886208424123
2022/06/11 03:02:29, 0.01002985102367246662, 99.70237819483048953747
2022/06/11 03:25:12, 0.01002985102370183991, 99.70237819453850249018
2022/06/11 03:26:50, 0.01009124965956488746, 99.09575461272630975928
2022/06/11 03:29:58, 0.01009124965956495378, 99.09575461272565849716
2022/06/11 03:38:06, 0.01009246655974944909, 99.08380613200917432574
2022/06/11 03:39:03, 0.01003142930801646952, 99.68669162637319036323
2022/06/11 03:58:10, 0.01003142930803646065, 99.68669162617452981413
2022/06/11 03:59:56, 0.01006186098304022398, 99.38519342351783834686
2022/06/11 04:01:43, 0.00999450030174626513, 100.05502724586214632344
2022/06/11 04:07:50, 0.01000358756404885281, 99.96413722551151664138
2022/06/11 04:12:11, 0.01000358756404726077, 99.96413722552742561377
2022/06/11 04:30:35, 0.01000170067369883848, 99.98299615481084446458
2022/06/11 04:53:53, 0.01000170067371568611, 99.98299615464242539102
2022/06/11 05:06:45, 0.01013131892262711047, 98.7038319133965363184
2022/06/11 05:17:18, 0.0101844741310879187, 98.18867298680827489729
2022/06/11 05:20:45, 0.01018447413109336119, 98.18867298675580370673
2022/06/11 05:29:01, 0.01023318532797663371, 97.72128305602825916671
2022/06/11 06:44:18, 0.01028201256220884195, 97.25722410371906446343
2022/06/11 06:52:40, 0.01028201256221311529, 97.2572241036786430812
2022/06/11 07:03:33, 0.01026425048479926227, 97.42552575864549149486
2022/06/11 07:15:40, 0.0102642504847994642, 97.42552575864357477994
2022/06/11 08:14:55, 0.01026425048482788405, 97.42552575837382117044
2022/06/11 08:22:39, 0.0102688383902637374, 97.38199804060960834128
2022/06/11 08:24:03, 0.0099972060216190833, 100.02794759230603715316
2022/06/11 08:26:04, 0.01002559614954605197, 99.74469199472780546459
2022/06/11 08:27:52, 0.01002559614952272546, 99.7446919949598809364
2022/06/11 08:30:04, 0.01002559614952293123, 99.7446919949578337786
2022/06/11 08:36:49, 0.00981714401477263754, 101.86261895467973696105
2022/06/11 08:40:59, 0.00972168497667334112, 102.8628270098697989717
2022/06/11 08:43:27, 0.0097682073308590418, 102.37292945665367796589
2022/06/11 09:00:32, 0.00976559787807594124, 102.40028439477626370098
2022/06/11 09:03:51, 0.0097435118456500988, 102.63239947169980576902
2022/06/11 09:14:39, 0.00974351184566256151, 102.63239947156853101174
2022/06/11 09:19:03, 0.00930326672379700281, 107.48912502337281056035
2022/06/11 09:24:16, 0.0092965451073923534, 107.56684213846581448033
2022/06/11 09:29:17, 0.00931360911890400952, 107.3697625950697228306
2022/06/11 09:36:47, 0.00931360911893027218, 107.36976259476695993063
2022/06/11 09:41:00, 0.00931360911893836232, 107.36976259467369457532
2022/06/11 09:41:41, 0.00900224729802008399, 111.08337361715621271685
2022/06/11 09:51:20, 0.00888843727735381695, 112.50571599889949590031
2022/06/11 10:17:28, 0.00885557189544236323, 112.92325462510932545498
2022/06/11 10:18:55, 0.00885744230169704568, 112.89940887432081226124
2022/06/11 10:19:26, 0.00881332388265181754, 113.46456947626809155651
2022/06/11 10:25:46, 0.00881332388265201709, 113.46456947626552250794
2022/06/11 10:33:44, 0.00881332388266129849, 113.46456947614603188106
2022/06/11 10:40:42, 0.00877060778778617209, 114.01718377973602480893
2022/06/11 10:40:42, 0.00849375700039351136, 117.7335306335783467458
2022/06/11 10:46:32, 0.00851240262122598415, 117.47564635940313640702
2022/06/11 11:11:09, 0.00845971322924785213, 118.2073165958734728138
2022/06/11 11:12:26, 0.00845971322926487746, 118.20731659563557838959
2022/06/11 11:19:00, 0.00845971322926507038, 118.20731659563288270957
2022/06/11 11:36:30, 0.00845913309506655716, 118.21542334913834533823
2022/06/11 11:59:22, 0.00845913309508325536, 118.21542334890498992801
2022/06/11 12:03:06, 0.00843072199715863001, 118.61380322314336796475
2022/06/11 12:07:57, 0.00843754227554133086, 118.51792469221644160896
2022/06/11 12:14:04, 0.00843754227554137497, 118.51792469221582206435
2022/06/11 12:28:05, 0.00843752503912473337, 118.5181668040104561665
2022/06/11 12:59:54, 0.00839397095936764157, 119.13312600682798131242
2022/06/11 13:27:01, 0.0083925390412226069, 119.15345226136978048408
2022/06/11 13:44:28, 0.00838759252031864363, 119.22372213212977118233
2022/06/11 13:47:54, 0.00838607232920964056, 119.24533449549279952406
2022/06/11 13:52:02, 0.00840029235577608316, 119.043475827647234724
2022/06/11 14:21:19, 0.00840029235577633484, 119.04347582764366808616
2022/06/11 14:43:29, 0.00840261375871759752, 119.01058750469323878467
2022/06/11 14:45:49, 0.00840261375872738983, 119.01058750455454511391
2022/06/11 14:52:22, 0.00840261375874457011, 119.01058750431121187254
2022/06/11 15:05:57, 0.00840261375874459034, 119.01058750431092537335
2022/06/11 15:08:16, 0.00840879391603081013, 118.92311905677294087532
2022/06/11 15:41:44, 0.00841400969811732183, 118.84939949899929041983
2022/06/11 15:47:20, 0.00841400969811742292, 118.84939949899786251229
2022/06/11 15:54:53, 0.00843875302159565178, 118.50092038964707079448
2022/06/11 16:03:10, 0.0084387530216097684, 118.50092038944883856781
2022/06/11 16:04:17, 0.00843875302160999594, 118.5009203894456433887
2022/06/11 16:05:31, 0.00843837943748266365, 118.50616666490170072045
2022/06/11 16:05:31, 0.00846501220927324994, 118.13332045812293024278
2022/06/11 16:06:29, 0.00844413580732231171, 118.42538097656511463908
2022/06/11 16:34:10, 0.00845342466985314541, 118.29525181270376188991
2022/06/11 17:15:48, 0.00845342466986276341, 118.29525181256916983763
2022/06/11 17:26:47, 0.00844812586414019883, 118.36944857139319982691
2022/06/11 17:29:18, 0.00845401924848211893, 118.28693200332439451235
2022/06/11 17:36:31, 0.00846938798457136496, 118.07228595757972216837
2022/06/11 17:44:04, 0.008475597174801235, 117.98578665030189391695
2022/06/11 18:08:01, 0.00845658189870600344, 118.251086784013349356
2022/06/11 18:41:22, 0.00846897224844475142, 118.07808204633576041689
2022/06/11 18:41:38, 0.00846897224845791219, 118.07808204615226732339
2022/06/11 18:54:57, 0.00763886199270182795, 130.90955183578397317487
2022/06/11 18:54:57, 0.00800816644522519879, 124.87252941604897641034
2022/06/11 19:05:55, 0.00802859185219320817, 124.5548432913332492584
2022/06/11 19:13:29, 0.00802859185219338195, 124.55484329133055325147
2022/06/11 19:32:19, 0.00803369417134090357, 124.4757366501904117895
2022/06/11 19:34:46, 0.00803369417135014971, 124.47573665004715015319
2022/06/11 19:36:45, 0.00806544848868892205, 123.98566569514535108745
2022/06/11 19:45:59, 0.00804118549074869901, 124.35977271640974927898
2022/06/11 20:14:50, 0.00810478599995526593, 123.38388700275608309532
2022/06/11 20:18:46, 0.00810542421125050005, 123.37417190478184634659
2022/06/11 20:44:33, 0.00811978396539326774, 123.15598595504834019963
2022/06/11 20:49:39, 0.00819819579966420567, 121.97805766495105421334
2022/06/11 20:50:58, 0.00836940529272374134, 119.48280254385431384953
2022/06/11 20:51:59, 0.00824229292483724328, 121.32546235849128532237
2022/06/11 22:04:32, 0.00825980073093523745, 121.06829602495415106148
2022/06/11 22:32:11, 0.00826510536477445112, 120.99059308571673520591
2022/06/11 22:47:52, 0.00826510536477455733, 120.99059308571518044522
2022/06/11 23:22:25, 0.00832940761939762081, 120.05655692383074550989
2022/06/11 23:27:52, 0.0084490229575715005, 118.35688043714697451292
2022/06/11 23:35:44, 0.00844902295757153845, 118.35688043714644294166
2022/06/11 23:35:44, 0.00844902295757171461, 118.35688043714397528192
2022/06/11 23:48:40, 0.00844820845629677205, 118.36829135704645778226
2022/06/11 23:57:29, 0.00845206452949734316, 118.31428836233358554295
2022/06/12 00:05:22, 0.00845270720836410501, 118.30529265351603671464
2022/06/12 01:01:50, 0.00845527792383115242, 118.26932349337751811938
2022/06/12 01:36:06, 0.0085195711660639504, 117.37679990083361280161
2022/06/12 02:05:38, 0.00852053741297401944, 117.36348912420991311524
2022/06/12 02:18:09, 0.00852053741297406336, 117.36348912420930821178
2022/06/12 02:58:11, 0.00852535499336585165, 117.29716836168896375032
2022/06/12 03:20:51, 0.00852535499336601689, 117.29716836168669033079
2022/06/12 03:51:46, 0.00853813082833252311, 117.12165345155499929695
2022/06/12 03:58:23, 0.00853813082833267465, 117.12165345155292049126
2022/06/12 04:07:34, 0.00845693390315260794, 118.24616479823925331225
2022/06/12 05:43:58, 0.00846329849518533271, 118.15724100584279330269
2022/06/12 05:59:35, 0.00846361672478696894, 118.15279832690795853015
2022/06/12 06:47:41, 0.00851782398371853747, 117.40087631670459133398
2022/06/12 07:24:36, 0.0085237540754951363, 117.3191989284264991352
2022/06/12 07:27:45, 0.00852375407549533049, 117.31919892842382643547
2022/06/12 07:51:00, 0.00855567862903863309, 116.88143551885210823916
2022/06/12 07:52:47, 0.00839436042072618982, 119.12759875438976570294
2022/06/12 09:34:23, 0.00839184230529433855, 119.16334502247604303981
2022/06/12 09:48:09, 0.00842382015349255393, 118.71098643830797816191
2022/06/12 09:51:47, 0.00842382015350061573, 118.7109864381943688506
2022/06/12 09:58:24, 0.00842649659078341067, 118.67328126540309740288
2022/06/12 10:01:55, 0.00840501966791904494, 118.97652111593271183773
2022/06/12 11:04:03, 0.00840501966791928065, 118.97652111592937535311
2022/06/12 11:14:34, 0.00840501966793127388, 118.97652111575960618654
2022/06/12 11:17:08, 0.00841641588131011757, 118.81542144568286582014
2022/06/12 11:20:53, 0.00841641588131016217, 118.81542144568223615334
2022/06/12 11:26:55, 0.0084639589408677105, 118.14802115491851865203
2022/06/12 11:35:29, 0.00846395894086784702, 118.14802115491661303218
2022/06/12 12:20:00, 0.00846395894086800467, 118.14802115491441238196
2022/06/12 12:52:55, 0.00846395894087135313, 118.14802115486767135756
2022/06/12 12:56:06, 0.00844657222042770184, 118.39122118455809016656
2022/06/12 14:25:50, 0.00844491739076867969, 118.41442061862220778396
2022/06/12 14:39:27, 0.00846045530771291479, 118.19694846545161790758
2022/06/12 15:08:57, 0.00845911553708441398, 118.21566872045206172088
2022/06/12 15:45:18, 0.00847494584969988123, 117.99485421318797811399
2022/06/12 16:28:04, 0.00851371324787145359, 117.45756180477582701308
2022/06/12 16:53:12, 0.00851371324787156047, 117.4575618047743524411
2022/06/12 17:12:10, 0.00851490774820052846, 117.44108445700211944571
2022/06/12 17:15:59, 0.00851490774820078182, 117.44108445699862510096
2022/06/12 17:26:19, 0.00855225682040831951, 116.92820047378510950319
2022/06/12 17:39:47, 0.008554346951647659, 116.89963075526054876886
2022/06/12 18:06:52, 0.00855798468904067118, 116.84994029968257815001
2022/06/12 18:33:25, 0.00855798468904091608, 116.84994029967923421267
2022/06/12 19:16:19, 0.00856432433201195578, 116.76344347004396026536
2022/06/12 19:53:51, 0.00856190030806029819, 116.79650124617608229364
2022/06/12 20:04:04, 0.00856190030806050724, 116.7965012461732305146
2022/06/12 20:17:33, 0.00856114624356477919, 116.80678866473954663663
2022/06/12 20:24:52, 0.00856114624356479311, 116.80678866473935668594
2022/06/12 21:43:58, 0.0085706516718834976, 116.67724209123513404865
2022/06/12 23:05:22, 0.00857065167188370328, 116.67724209123233403373
2022/06/12 23:18:22, 0.00857697856999889518, 116.59117390101265137146
2022/06/12 23:28:06, 0.00860490516870839979, 116.21278566049560058806
2022/06/12 23:43:22, 0.00863659300955672591, 115.78639851310130338772
2022/06/12 23:51:06, 0.00863659300955692963, 115.78639851309857229925
2022/06/12 23:55:51, 0.00864007745752154423, 115.73970313535310997686
2022/06/13 01:37:13, 0.00864958049742503862, 115.61254332481186043784
2022/06/13 01:43:39, 0.00934647009034796023, 106.99226449488064932573
2022/06/13 01:46:22, 0.00894329655188666154, 111.81559218105563353215
2022/06/13 01:50:15, 0.00891259918676024756, 112.20071485829966283019
2022/06/13 01:51:50, 0.00891309335906278905, 112.19449406789899359008
2022/06/13 01:53:36, 0.00888737195673956138, 112.5192019494210470629
2022/06/13 02:36:23, 0.00913447485872580079, 109.47536836720720122519
2022/06/13 03:12:59, 0.00913447485874369026, 109.47536836699279848613
2022/06/13 03:41:27, 0.00915906749204516398, 109.18142058332033226261
2022/06/13 04:09:19, 0.00915906749204599092, 109.18142058331047458285
2022/06/13 04:11:53, 0.00915906749204614975, 109.181420583308581239
2022/06/13 04:13:24, 0.00913455376303704897, 109.47442271854567494009
2022/06/13 04:55:58, 0.0091345537630416627, 109.47442271849038106325
2022/06/13 04:58:17, 0.00913392520852720056, 109.48195624225446925712
2022/06/13 08:28:51, 0.00913392520852736782, 109.4819562422524644724
2022/06/13 08:30:49, 0.00913392520852738037, 109.48195624225231401349
2022/06/13 08:42:26, 0.00913392520853482142, 109.48195624216312332145
2022/06/13 08:55:55, 0.00912261472032802058, 109.61769521754428982134
2022/06/13 09:47:24, 0.00914997707728960465, 109.28989128093190953843
2022/06/13 10:00:53, 0.00914997707728960558, 109.28989128093189846
2022/06/13 10:02:58, 0.00903731242153510387, 110.65236580922994421986
2022/06/13 10:07:35, 0.00903885637894781377, 110.6334649070292018755
2022/06/13 10:07:35, 0.00909762447264383372, 109.91880385994795411608
2022/06/13 10:53:33, 0.00909929749859759965, 109.89859383695519639278
2022/06/13 11:02:45, 0.00911169507139177274, 109.74906339213722669138
2022/06/13 11:15:08, 0.00911169507139196504, 109.74906339213491052851
2022/06/13 11:18:17, 0.00910568356523557986, 109.82151892669337038243
2022/06/13 11:31:18, 0.00929245456629827226, 107.61419309240254311662
2022/06/13 13:06:47, 0.00929339455725396712, 107.60330833252410872226
2022/06/13 13:38:05, 0.01035871764037480724, 96.5370458696871301206
2022/06/13 13:41:50, 0.00983397029368313912, 101.68832832882879694959
2022/06/13 13:43:50, 0.00980931372442225955, 101.94393084913767828537
2022/06/13 13:55:50, 0.00987417174370092651, 101.27431707251135928365
2022/06/13 14:31:38, 0.00987722069983924957, 101.2430551456924379967
2022/06/13 14:33:31, 0.00987722069983951594, 101.24305514568970771327
2022/06/13 14:33:31, 0.00978169567121260788, 102.23176365453546743427
2022/06/13 15:11:53, 0.009779936924279886, 102.25014821081085479822
2022/06/13 15:13:58, 0.00977993692425032279, 102.2501482111199408704
2022/06/13 15:16:40, 0.0097918864235810505, 102.12536754835886889244
2022/06/13 15:27:39, 0.00979487379841373242, 102.09421995431413835326
2022/06/13 15:30:16, 0.00981869175247458788, 101.84656217035958296407
2022/06/13 16:35:47, 0.00981958772676466718, 101.83726932591674696751
2022/06/13 16:42:54, 0.00981958772676485046, 101.83726932591484618818
2022/06/13 17:27:25, 0.00981958772678492377, 101.83726932570666929913
2022/06/13 17:29:32, 0.00984350211509369669, 101.58985981895950107133
2022/06/13 17:38:46, 0.00984410123595193848, 101.58367696868759279075
2022/06/13 18:22:36, 0.0098446994672172641, 101.57750404976693175862
2022/06/13 18:25:43, 0.00984469946721737024, 101.57750404976583662296
2022/06/13 18:25:43, 0.00984469946721739631, 101.57750404976556767238
2022/06/13 19:08:49, 0.00981562283820580369, 101.87840511838470946444
2022/06/13 19:12:58, 0.00978303239614100868, 102.21779500540727881461
2022/06/13 19:41:14, 0.00993228610498942374, 100.68175538133723910186
2022/06/13 19:48:24, 0.00993228610501356817, 100.68175538109249151066
2022/06/13 19:50:45, 0.00993228610503651111, 100.6817553808599231647
2022/06/13 20:15:06, 0.01014136588141514487, 98.60604692633948816063
2022/06/13 20:34:23, 0.0101477395149546224, 98.54411403902415752728
2022/06/13 20:37:43, 0.01013529551179871463, 98.66510540673220402135
2022/06/13 20:52:16, 0.01014723933470301024, 98.54897150006643017005
2022/06/13 21:16:10, 0.0101377723207277029, 98.64100005041528281624
2022/06/13 21:18:55, 0.01013777232073680841, 98.64100005032668570945
2022/06/13 21:33:04, 0.01012797478596189509, 98.73642274327857337076
2022/06/13 21:35:43, 0.01005586241853859278, 99.44447908877902885192
2022/06/13 21:47:36, 0.01005184494625221643, 99.48422457240999744695
2022/06/13 21:53:04, 0.0100501884051657881, 99.50062224564873527753
2022/06/13 22:52:11, 0.01007991887889508508, 99.20714759855442977709
2022/06/13 23:31:30, 0.01010999913205221931, 98.9119768398052207421
2022/06/13 23:36:52, 0.01092864444910290775, 91.50265658812665685548
2022/06/13 23:39:57, 0.01047650865973319843, 95.45164639089475530774
2022/06/13 23:41:48, 0.01046693186208408378, 95.53898058918755207261
2022/06/13 23:44:25, 0.01046501061588848183, 95.55652036145591318816
2022/06/14 00:01:24, 0.01046501061590259342, 95.55652036132705955077
2022/06/14 00:10:42, 0.01049533315324380189, 95.28044373616945326949
2022/06/14 00:17:18, 0.01049639444205074418, 95.27080994534576015426
2022/06/14 00:18:10, 0.01049898957094238741, 95.24726100954114774911
2022/06/14 00:23:32, 0.01047669338487754479, 95.44996338667673485135
2022/06/14 00:49:45, 0.01047971846043858394, 95.42241079997002732264
2022/06/14 00:49:45, 0.01047893944124392924, 95.42950463709259194308
2022/06/14 01:04:16, 0.01047893944124935823, 95.42950463704315125332
2022/06/14 01:09:31, 0.01041342487643956568, 96.02988563949847213231
2022/06/14 01:16:09, 0.01041192448558888616, 96.04372384606678987238
2022/06/14 01:18:03, 0.01029948911906999376, 97.09219442238668501475
2022/06/14 02:13:45, 0.01042599787403308505, 95.91408055919450862733
2022/06/14 03:11:45, 0.0104560955144969304, 95.63799399245565968221
2022/06/14 03:44:30, 0.01071249386811657846, 93.34894491527166809441
2022/06/14 03:53:58, 0.01071249386814388067, 93.34894491503375590765
2022/06/14 03:54:31, 0.01068752534295014125, 93.56702958928039800713
2022/06/14 03:56:41, 0.01061071853780878567, 94.24432440053296466108
2022/06/14 04:22:21, 0.01060918051872238847, 94.25798705519859425773
2022/06/14 04:24:09, 0.01060942150909846585, 94.25584600841963002735
2022/06/14 04:53:14, 0.01061092769894894947, 94.24246666943679148476
2022/06/14 04:55:48, 0.01059240271356763164, 94.40728671683873097131
2022/06/14 06:11:36, 0.01059390538206653453, 94.39389572921895921746
2022/06/14 07:26:22, 0.0106218979932706399, 94.14513306694683962106
2022/06/14 07:43:30, 0.01061979785951881762, 94.16375087626290631557
2022/06/14 08:13:30, 0.01061979785951893325, 94.16375087626188112609
2022/06/14 08:17:28, 0.01061979785951925206, 94.1637508762590542387
2022/06/14 08:26:17, 0.01062820645467581026, 94.08925243073882031432
2022/06/14 08:38:16, 0.01062820645467589977, 94.08925243073802785403
2022/06/14 08:44:48, 0.01108334769630107705, 90.22544698599837093296
2022/06/14 08:46:10, 0.01089014296775472337, 91.82615902848657726283
2022/06/14 08:48:05, 0.01089014296775482694, 91.82615902848570397296
2022/06/14 09:22:10, 0.01089014296775970867, 91.82615902844454095425
2022/06/14 09:25:23, 0.01088350993227382301, 91.88212315905667707687
2022/06/14 09:51:18, 0.01088499830214940348, 91.86955957563495893016
2022/06/14 09:58:00, 0.01088302094837370865, 91.88625150532617651931
2022/06/14 10:06:31, 0.01088227805848260059, 91.89252421468062195199
2022/06/14 10:51:46, 0.01085491450044200934, 92.1241710341689247206
2022/06/14 10:56:54, 0.01084436555827319412, 92.21378554848673943
2022/06/14 11:32:12, 0.01084436555829642899, 92.2137855482891644208
2022/06/14 11:46:57, 0.01084436555829666673, 92.21378554828714280713
2022/06/14 11:51:29, 0.0108134490561704028, 92.47743202057968682172
2022/06/14 12:03:50, 0.01081344744220211296, 92.47744582336030828526
2022/06/14 12:09:05, 0.01081344744220241689, 92.47744582335770905575
2022/06/14 12:11:00, 0.01081344744220265718, 92.4774458233556540606
2022/06/14 12:49:08, 0.01081344744220267317, 92.4774458233555173176
2022/06/14 12:49:08, 0.01081938202120414377, 92.42672067962574260921
2022/06/14 12:54:58, 0.01099771123243381626, 90.92801028007151358637
2022/06/14 13:14:06, 0.01097940448786958156, 91.07962103999665139843
2022/06/14 13:38:36, 0.01088238320125483958, 91.891636372875634194
2022/06/14 13:50:36, 0.01088238320125769886, 91.89163637285149027023
2022/06/14 14:45:46, 0.01088078466628713563, 91.90513650163350824735
2022/06/14 14:52:59, 0.01088374230510216841, 91.88016143410634991153
2022/06/14 15:21:13, 0.0108955728603622995, 91.78039675526964521442
2022/06/14 16:03:11, 0.01089033825870470553, 91.8245123562341747876
2022/06/14 16:04:39, 0.01087787335913701714, 91.92973359632252458491
2022/06/14 16:12:29, 0.01087787335913707884, 91.92973359632200318704
2022/06/14 16:15:58, 0.0109073842985092211, 91.68100917987056842805
2022/06/14 16:17:52, 0.01090738429850939281, 91.68100917986912515446
2022/06/14 16:31:37, 0.01100482277779607101, 90.86925070866696647866
2022/06/14 16:31:37, 0.01100156363283183453, 90.89617016036811185737
2022/06/14 17:35:50, 0.01100452561144274876, 90.87170454309978753495
2022/06/14 17:37:11, 0.01100452561146133178, 90.87170454294633521217
2022/06/14 18:05:30, 0.01098558035209325614, 91.02841797606570740177
2022/06/14 18:14:41, 0.01098409198851344989, 91.04075248511612660158
2022/06/14 18:21:39, 0.0109988952882277729, 90.91822167543589153148
2022/06/14 18:21:39, 0.01105820811202453034, 90.43056432557232626483
2022/06/14 18:56:24, 0.01106117792800825155, 90.40628462072543271064
2022/06/14 19:01:32, 0.01106117792803692462, 90.40628462049107928326
2022/06/14 19:32:33, 0.01119507127223821447, 89.32502310010496615746
2022/06/14 19:35:03, 0.01107878178553530869, 90.26263170068220900968
2022/06/14 20:08:28, 0.01106896547561538464, 90.34267946746888759881
2022/06/14 20:24:46, 0.01124648009437169147, 88.91670919334580719055
2022/06/14 20:37:05, 0.01122520932854807428, 89.08519838973417977427
2022/06/14 21:20:54, 0.01122668721536635436, 89.07347116888279191181
2022/06/14 21:36:17, 0.01122735191429110204, 89.06819770449319378035
2022/06/14 21:53:29, 0.01122688801470755586, 89.07187803868448477094
2022/06/14 22:21:25, 0.01123527108403791036, 89.00541807315289984508
2022/06/14 22:34:05, 0.01125890322723349093, 88.81859803014911045154
2022/06/14 23:05:29, 0.01125410529810610663, 88.85646379799597818429
2022/06/14 23:43:47, 0.01150565202588804224, 86.91380529760258148697
2022/06/14 23:51:01, 0.01150505439571544909, 86.91832003614046077771
2022/06/15 00:04:55, 0.01140781233080330893, 87.65922606386202369631
2022/06/15 00:06:15, 0.0114078123308013431, 87.65922606387712935861
2022/06/15 01:02:19, 0.01147852784526534079, 87.11918579458598909659
2022/06/15 01:03:54, 0.01146479835574271952, 87.22351400965546189464
2022/06/15 01:15:32, 0.01146479835574279643, 87.22351400965487673427
2022/06/15 01:18:33, 0.01146479835574448691, 87.22351400964201568317
2022/06/15 01:31:25, 0.01146263426170687069, 87.23998141864230019695
2022/06/15 01:44:09, 0.01146620783995742085, 87.21279205451010263311
2022/06/15 01:49:01, 0.01146620783995765395, 87.21279205450832970775
2022/06/15 01:54:00, 0.01206270081651698505, 82.90017428192690154558
2022/06/15 02:00:05, 0.01173249280554833213, 85.23337849626440062633
2022/06/15 02:03:10, 0.01174719930196353168, 85.12667354105851254395
2022/06/15 02:15:07, 0.0117471993019638752, 85.12667354105602319512
2022/06/15 02:48:43, 0.01174749336875052963, 85.12454262456507295786
2022/06/15 02:51:16, 0.01174749336875085364, 85.12454262456272512671
2022/06/15 02:53:27, 0.01178869222369698903, 84.82705129834964189222
2022/06/15 02:55:21, 0.01177054838244388842, 84.95780888947610734403
2022/06/15 02:56:22, 0.01173857563732424423, 85.18921127196872782211
2022/06/15 03:09:11, 0.01144012864430187171, 87.41160445761967335648
2022/06/15 03:40:29, 0.0114546574752421745, 87.3007335366750448274
2022/06/15 03:52:29, 0.01145668855054560744, 87.28525660692561245194
2022/06/15 03:54:54, 0.01145344891925219055, 87.3099454190686871169
2022/06/15 04:35:05, 0.01145344891925214206, 87.3099454190690567679
2022/06/15 04:39:46, 0.01174578270182588794, 85.13694024362884624675
2022/06/15 04:51:31, 0.01174219521704770408, 85.16295134900901720721
2022/06/15 04:53:32, 0.01174242904830267922, 85.16125546822409528761
2022/06/15 05:05:21, 0.01194118561503154749, 83.74377823431547874561
2022/06/15 05:08:48, 0.01192455732745458576, 83.86055536817649332468
2022/06/15 05:44:41, 0.01193331988296436583, 83.7989771335610233819
2022/06/15 06:03:59, 0.01194208243847414591, 83.737489265546486276
2022/06/15 06:24:46, 0.01200048307492814931, 83.32997878137395871997
2022/06/15 06:28:29, 0.01201809740815909143, 83.20784613720134902526
2022/06/15 06:31:32, 0.01192937975198450469, 83.82665493012288508955
2022/06/15 06:40:15, 0.01192937975198484718, 83.82665493012047845125
2022/06/15 07:23:23, 0.01192937975198511294, 83.82665493011861097491
2022/06/15 07:25:21, 0.01193665951512337139, 83.77553190095030505428
2022/06/15 07:28:28, 0.01193665951512340067, 83.77553190095009955924
2022/06/15 08:03:17, 0.01193665951512355231, 83.77553190094903526249
2022/06/15 08:30:25, 0.01192719769733733097, 83.84199083270360080903
2022/06/15 08:43:42, 0.01194322808355019325, 83.72945681053628905338
2022/06/15 08:54:34, 0.01190210867990111167, 84.01872532794822974248
2022/06/15 08:57:42, 0.01209996055817790134, 82.64489749300365957609
2022/06/15 09:19:33, 0.01204763811576513199, 83.00382119640809952739
2022/06/15 09:28:40, 0.01206503794052319219, 82.88411565132928855503
2022/06/15 09:45:42, 0.01225601464813521344, 81.59259177714451969502
2022/06/15 09:59:45, 0.01226771283602656907, 81.51478709733911379837
2022/06/15 10:12:32, 0.01268855166659264715, 78.81120133142331847796
2022/06/15 10:18:12, 0.01267128647139112601, 78.91858512217933489785
2022/06/15 10:21:15, 0.01255902776257303082, 79.6239978846200909644
2022/06/15 10:30:06, 0.0116585697474846785, 85.7738145981198697537
2022/06/15 10:33:01, 0.01188779911641225487, 84.11986022033325027242
2022/06/15 10:34:01, 0.01225197258014354635, 81.61951012040902050171
2022/06/15 10:35:07, 0.01188886723147767774, 84.11230275600521807751
2022/06/15 10:35:50, 0.01196073446872087727, 83.60690579789649771653
2022/06/15 10:37:55, 0.01209113689467595173, 82.70520867564790562437
2022/06/15 10:42:30, 0.01209113689468235979, 82.70520867560407354434
2022/06/15 10:45:45, 0.01206053144281813884, 82.91508585183322368624
2022/06/15 10:50:34, 0.01206053144283993241, 82.91508585168339484717
2022/06/15 10:52:56, 0.01205566714206841225, 82.94854098206532116319
2022/06/15 11:06:14, 0.01205566714206869964, 82.94854098206334381932
2022/06/15 11:16:37, 0.01205126265674306638, 82.97885694495821644172
2022/06/15 11:24:48, 0.01219987244334751594, 81.96807012890460833843
2022/06/15 11:37:39, 0.01220248419205873704, 81.95052616013964416793
2022/06/15 13:11:56, 0.01220562485499281489, 81.9294392446398576624
2022/06/15 13:27:08, 0.01220336652675195112, 81.94460092695093941296
2022/06/15 13:49:54, 0.01213125390251889326, 82.4317097008713437236
2022/06/15 14:02:05, 0.01213125390253955714, 82.43170970073093290997
2022/06/15 14:35:50, 0.01216147722640575978, 82.22685298696588212169
2022/06/15 14:42:29, 0.01216147722641490337, 82.2268529869040599962
2022/06/15 14:48:06, 0.01213791123900613184, 82.38649799863599240834
2022/06/15 14:56:29, 0.01213636788825465457, 82.3969748781083780982
2022/06/15 15:05:04, 0.01213463988441150097, 82.4087084186674605218
2022/06/15 15:21:01, 0.01213959843976356231, 82.37504765598132635621
2022/06/15 16:06:54, 0.01215146103380860495, 82.29463084461476163318
2022/06/15 16:16:04, 0.0122955762648283371, 81.33006363113810142054
2022/06/15 16:38:05, 0.01240315741466628843, 80.62463182298532268759
2022/06/15 17:06:40, 0.01240182188867383034, 80.63331411921554818483
2022/06/15 17:41:58, 0.01240217991862955869, 80.63098637182970611075
2022/06/15 18:00:19, 0.01240217991862983333, 80.63098637182792055472
2022/06/15 18:05:56, 0.01240397012008603952, 80.61934931467438506766
2022/06/15 18:09:48, 0.01248066999419919236, 80.12390364177430795734
2022/06/15 18:21:20, 0.01348054174066162836, 74.18099503996044525813
2022/06/15 18:22:47, 0.01340066837295365189, 74.62314357530729722603
2022/06/15 18:25:42, 0.01291171773936487226, 77.44902887330233927727
2022/06/15 18:36:24, 0.0128820926678443789, 77.6271391445699558739
2022/06/15 18:39:41, 0.01288252965419337932, 77.62450596606940488135
2022/06/15 18:45:18, 0.01288252965419353904, 77.6245059660684424715
2022/06/15 19:03:54, 0.01288252965419782646, 77.62450596604260829991
2022/06/15 19:09:54, 0.01287856305742820184, 77.6484143099498904061
2022/06/15 19:14:09, 0.01286056952264320533, 77.75705408997098135032
2022/06/15 19:18:07, 0.01286056952264546137, 77.75705408995734097255
2022/06/15 19:21:49, 0.01283091452344999052, 77.9367673420615143495
2022/06/15 19:25:00, 0.01284254730898899842, 77.8661721806592918812
2022/06/15 19:34:50, 0.01284254730900686931, 77.86617218055093817398
2022/06/15 19:39:39, 0.01263638489610067707, 79.13655750614077872472
2022/06/15 19:45:26, 0.01243542249306677482, 80.41544230262690066664
2022/06/15 19:46:26, 0.01262166701162202789, 79.22883713214746077668
2022/06/15 19:47:45, 0.01262166701162460031, 79.22883713213131320982
2022/06/15 19:49:10, 0.01263280024015705025, 79.15901312372592836183
2022/06/15 19:54:35, 0.01263280024015716815, 79.15901312372518956486
2022/06/15 20:06:02, 0.01263280024016409778, 79.15901312368176748008
2022/06/15 20:21:49, 0.01263280024016399192, 79.15901312368243077486
2022/06/15 20:25:14, 0.01263280024016498504, 79.15901312367620775696
2022/06/15 20:27:03, 0.01263086198901679151, 79.17116035861632882931
2022/06/15 20:32:17, 0.01239465941031562225, 80.67990953972777418078
2022/06/15 20:35:17, 0.01217233328502336886, 82.15351786582962970047
2022/06/15 20:38:47, 0.01238840591515033257, 80.72063563699148126348
2022/06/15 20:49:53, 0.01238840591515050114, 80.72063563699038287976
2022/06/15 21:35:02, 0.01231347973353185773, 81.21181190373157293473
2022/06/15 21:50:31, 0.01231125962533095802, 81.2264569534750147684
2022/06/15 21:56:00, 0.01223649589274993592, 81.72274225928479396206
2022/06/15 21:56:54, 0.01223649589272956725, 81.72274225942082830585
2022/06/15 21:58:28, 0.01223745966431112223, 81.71630611509701319418
2022/06/15 22:02:41, 0.01224346523921680805, 81.67622323106037263656
2022/06/15 22:05:18, 0.0122662998516147276, 81.52417698058805085812
2022/06/15 23:17:53, 0.01255719297731710056, 79.63563208802851357706
2022/06/15 23:31:46, 0.01256023887653403908, 79.61632018546028276901
2022/06/16 00:05:31, 0.01271253383738096509, 78.66252415073373731943
2022/06/16 00:09:24, 0.01251680821086495116, 79.89257190439101787319
2022/06/16 01:30:56, 0.01251680821088624442, 79.89257190425510674958
2022/06/16 01:37:47, 0.01251923434659234542, 79.87708931035335476047
2022/06/16 01:56:55, 0.01257971236563346097, 79.49307352463016671736
2022/06/16 02:18:02, 0.0125902960189656562, 79.42625006541776685561
2022/06/16 02:25:44, 0.01258564413388621382, 79.45560746529852184241
2022/06/16 02:29:58, 0.01281611901081356542, 78.02674110284499782577
2022/06/16 02:34:48, 0.01281611901081361682, 78.02674110284468490031
2022/06/16 02:37:23, 0.01272459066218999062, 78.58798970810217319501
2022/06/16 03:34:46, 0.01272549307557546305, 78.58241673317469648383
2022/06/16 04:10:45, 0.01271397247849777091, 78.65362314502632626343
2022/06/16 04:21:39, 0.01271397247852159135, 78.65362314487896364862
2022/06/16 04:51:10, 0.01271397247854182162, 78.65362314475381128588
2022/06/16 04:52:43, 0.01271209255866920905, 78.66525478671365251858
2022/06/16 05:10:46, 0.01268335341069242258, 78.84350199979225991373
2022/06/16 06:44:27, 0.01270871622348492379, 78.68615385022616787663
2022/06/16 06:46:20, 0.01270828401573145602, 78.68882996021415106758
2022/06/16 06:54:30, 0.01270828401575349029, 78.68882996007771631935
2022/06/16 06:59:33, 0.01265832380288718412, 78.99940115072061783483
2022/06/16 07:05:08, 0.0126582366215452003, 78.99994524497435577305
2022/06/16 07:08:32, 0.01265726600876155806, 79.00600329548137132935
2022/06/16 07:21:29, 0.01265726600876167995, 79.00600329548061050528
2022/06/16 07:24:35, 0.01265097660126961034, 79.045280970612442212
2022/06/16 07:27:28, 0.01253461214637629707, 79.779093945806351613
2022/06/16 08:25:30, 0.01253461214637668203, 79.77909394580390142557
2022/06/16 09:15:25, 0.01252683978486317931, 79.82859341813815677684
2022/06/16 09:39:03, 0.01250833233586315473, 79.94670857384072059198
2022/06/16 09:40:27, 0.01253903016447349461, 79.75098447671605255153
2022/06/16 09:44:03, 0.01253903016447383704, 79.75098447671387462098
2022/06/16 10:01:29, 0.01253903016447416109, 79.75098447671181357099
2022/06/16 10:02:25, 0.0125543924221853015, 79.65339670543238545977
2022/06/16 10:10:03, 0.01256973632194078496, 79.55616366068676561425
2022/06/16 10:12:54, 0.01256973632194116074, 79.55616366068438722545
2022/06/16 10:32:57, 0.01232640160427817443, 81.12667687647998792098
2022/06/16 10:47:27, 0.012375081955481586, 80.80754564676207973458
2022/06/16 11:01:03, 0.01265000840818992774, 79.05133085544633414104
2022/06/16 11:04:01, 0.01265000840819007284, 79.05133085544542735731
2022/06/16 11:08:21, 0.01292490203888200808, 77.37002547421234174652
2022/06/16 11:11:59, 0.01292490203888220354, 77.3700254742111716991
2022/06/16 11:16:16, 0.01319976424754425267, 75.7589288146600639057
2022/06/16 11:17:45, 0.01310507056733145142, 76.30634225601329066863
2022/06/16 11:20:00, 0.01284775668604682407, 77.83459980107187619018
2022/06/16 11:22:05, 0.01284775668604691518, 77.83459980107132420206
2022/06/16 11:27:40, 0.01284814296988165099, 77.8322596770738900939
2022/06/16 11:45:37, 0.01285413883381954729, 77.79595451147423718306
2022/06/16 11:48:13, 0.01279406335235654398, 78.1612512349963918141
2022/06/16 11:59:24, 0.01309493728476441167, 76.3653905516196440987
2022/06/16 12:10:47, 0.0130949372847647832, 76.36539055161747750021
2022/06/16 12:15:24, 0.01308989315052544492, 76.39481762766403722969
2022/06/16 12:15:24, 0.01304810890872885363, 76.63945840695929393933
2022/06/16 12:16:28, 0.01765291398078522383, 56.64787134228808729192
2022/06/16 12:17:25, 0.01754797341469262601, 56.98663750896252483839
2022/06/16 12:18:44, 0.01664992478918718036, 60.0603313625429425634
2022/06/16 12:19:49, 0.01655361187764244363, 60.40977687477468237547
2022/06/16 12:20:59, 0.01628290449122301754, 61.41410462359651613969
2022/06/16 12:24:44, 0.01539659521988896573, 64.94942457850831333165
2022/06/16 12:25:40, 0.01519949483382776186, 65.79166024481388583735
2022/06/16 12:27:36, 0.01513770777432575984, 66.06019979432060610906
2022/06/16 12:28:54, 0.01493061894810279836, 66.97645981562390953069
2022/06/16 12:34:42, 0.01492242404058551137, 67.01324109811069178169
2022/06/16 12:35:58, 0.01479642318652598858, 67.58390101403873431473
2022/06/16 12:49:29, 0.01460120782951694194, 68.48748484892180537651
2022/06/16 12:51:15, 0.01476731077295373138, 67.71713654401421993113
2022/06/16 12:53:50, 0.01477550291377340708, 67.67959140448758847633
2022/06/16 13:00:32, 0.01477550291378255127, 67.67959140444570326724
2022/06/16 13:05:55, 0.01462767686739925856, 68.36355554371744415995
2022/06/16 13:17:14, 0.01463859638210729807, 68.31256043252181484638
2022/06/16 13:21:38, 0.01463859638212952601, 68.31256043241808581832
2022/06/16 13:26:02, 0.01463265440224818217, 68.34030057091750592089
2022/06/16 13:36:52, 0.01463265440224726076, 68.34030057092180926573
2022/06/16 13:43:59, 0.01462821652232484266, 68.36103351860089591611
2022/06/16 13:45:43, 0.01448160935660718562, 69.05309868365931025937
2022/06/16 14:13:16, 0.01448160935661317719, 69.05309868363074044294
2022/06/16 14:15:54, 0.0144924715866455599, 69.00134280211211860717
2022/06/16 14:16:55, 0.01448168969595567119, 69.05271560122379136602
2022/06/16 14:40:50, 0.01448168969595583369, 69.05271560122301653776
2022/06/16 14:50:28, 0.01447999830168600941, 69.06078158058643365303
2022/06/16 14:52:29, 0.01454546952147880301, 68.74992921495822556865
2022/06/16 15:18:23, 0.01467813592059837782, 68.12854203078079898393
2022/06/16 15:45:48, 0.01467813592059872574, 68.12854203077918412601
2022/06/16 15:47:24, 0.01467804041082443072, 68.12898534211300566241
2022/06/16 17:17:44, 0.01467804041082467186, 68.12898534211188638133
2022/06/16 17:57:33, 0.01467967099284014059, 68.12141774074771662509
2022/06/16 18:22:16, 0.01467207628349319291, 68.15667944182168405439
2022/06/16 18:31:23, 0.01466013366928891256, 68.21220205480601461017
2022/06/16 18:37:23, 0.01472734499775574357, 67.90090136086219440231
2022/06/16 19:00:26, 0.01472734499777443473, 67.90090136077601822127
2022/06/16 19:04:56, 0.01472630753495302679, 67.90568495371231209697
2022/06/16 19:21:26, 0.01472431989106141682, 67.91485157878582562754
2022/06/16 20:08:02, 0.01471587559462776322, 67.95382262983141997366
2022/06/16 20:13:38, 0.01471587559462794396, 67.95382262983058534418
2022/06/16 20:41:04, 0.01472105004377001322, 67.92993686093762101064
2022/06/16 20:46:07, 0.01468981243291009483, 68.07438859870432491132
2022/06/16 20:48:59, 0.01475970418283130585, 67.75203538043899101273
2022/06/16 21:02:52, 0.01476177201561594798, 67.74254465806245665581
2022/06/16 21:11:02, 0.01477083269095216858, 67.70099025037005168975
2022/06/16 21:11:02, 0.01477445696108665683, 67.68438275828516837237
2022/06/16 21:13:27, 0.01476260790540509265, 67.73870893325467257447
2022/06/16 21:13:27, 0.01476260790542503789, 67.73870893316315320555
2022/06/16 21:16:20, 0.01476337339188888754, 67.73519665562396448713
2022/06/16 22:03:20, 0.01476337339190613737, 67.73519665554482129188
2022/06/16 22:52:43, 0.01481518663151901175, 67.49830595265807194123
2022/06/16 23:00:39, 0.01484109325132544894, 67.38048087600895663692
2022/06/16 23:00:39, 0.0148361246013448622, 67.40304674371312507997
2022/06/16 23:12:13, 0.0149656359827962072, 66.81974632749006263429
2022/06/16 23:43:56, 0.01496563598279639851, 66.81974632748920843896
2022/06/16 23:51:40, 0.01496264029922739539, 66.83312436854046274811
2022/06/16 23:55:01, 0.01498436994135863936, 66.73620605427535005735
2022/06/16 23:58:45, 0.01498436994135901625, 66.73620605427367147335
2022/06/17 00:16:52, 0.01498436994136258672, 66.73620605425776961192
2022/06/17 00:19:56, 0.01538589013733836362, 64.99461461597255567616
2022/06/17 00:25:35, 0.01519555057915226285, 65.80873755058031675164
2022/06/17 00:26:24, 0.01518737404310715307, 65.84416747501216429016
2022/06/17 00:27:13, 0.01518763102434108528, 65.84305336344480737144
2022/06/17 00:37:21, 0.01520049944285760611, 65.78731203926847912479
2022/06/17 01:02:36, 0.01520049944286996816, 65.78731203921497656689
2022/06/17 01:07:15, 0.01517776268361997594, 65.88586347309356922677
2022/06/17 01:09:59, 0.0151656850563246869, 65.93833356594469734719
2022/06/17 01:25:23, 0.01516568505632493626, 65.93833356594361312913
2022/06/17 01:26:40, 0.01518239212232502663, 65.86577345275813640885
2022/06/17 01:30:36, 0.01313691733359754924, 76.12135896162708536017
2022/06/17 01:32:06, 0.01317513808574037545, 75.90053276802564223344
2022/06/17 01:33:42, 0.01355565960311547339, 73.76992557191180576996
2022/06/17 01:35:12, 0.01380411222361559797, 72.44218127184119605523
2022/06/17 01:38:41, 0.01380494416086425012, 72.43781563672732806194
2022/06/17 01:40:13, 0.01380983841660810507, 72.41214341779491885506
2022/06/17 01:42:58, 0.0114569223329269816, 87.283475521695613481
2022/06/17 01:44:12, 0.011694318602054366, 85.51160901536647529844
2022/06/17 01:45:41, 0.01180717791816133114, 84.69424336037486154539
2022/06/17 01:45:41, 0.01203452083977593997, 83.09429293560624306181
2022/06/17 01:46:59, 0.0122870983367545833, 81.38618025125467243618
2022/06/17 01:46:59, 0.01257397623154976276, 79.52933754486256051319
2022/06/17 01:49:20, 0.01257864625425199871, 79.49981101201306982908
2022/06/17 01:50:31, 0.01260200936729255068, 79.35242474866075014188
2022/06/17 01:51:32, 0.01293136854398321624, 77.33133555034945809152
2022/06/17 01:51:32, 0.01293610436487190136, 77.30302506800333875027
2022/06/17 01:54:55, 0.01293852348263195489, 77.2885717093106798492
2022/06/17 02:07:28, 0.01308082452734098589, 76.44778032988993291602
2022/06/17 02:23:46, 0.01308082452734128511, 76.44778032988818420876
2022/06/17 02:55:44, 0.013080824527342646, 76.44778032988023080991
2022/06/17 02:59:18, 0.01306857199119227451, 76.51945451071183217312
2022/06/17 03:29:47, 0.01296094853177193494, 77.15484692718601752785
2022/06/17 04:56:11, 0.01237072041462529224, 80.83603593673892676741
2022/06/17 04:57:24, 0.01252152083007251903, 79.86250341079442573791
2022/06/17 05:09:22, 0.01253913906694623869, 79.7502918390981969939
2022/06/17 05:26:57, 0.01253913906695099009, 79.75029183906797761713
2022/06/17 05:32:26, 0.01228660685095095105, 81.38943584107622282515
2022/06/17 05:45:03, 0.01235129816613183639, 80.96314950456569772957
2022/06/17 05:49:59, 0.01228680016416274387, 81.38815530806207527355
2022/06/17 06:38:18, 0.01231002465840589192, 81.23460575825497503838
2022/06/17 07:00:52, 0.01231002465840596468, 81.2346057582544949
2022/06/17 07:17:32, 0.01231002465841517654, 81.23460575819370524118
2022/06/17 07:28:45, 0.01227015285316219549, 81.49857723592135746568
2022/06/17 07:47:15, 0.01227478836970965011, 81.46779967854176264158
2022/06/17 08:14:24, 0.0122747883697094801, 81.46779967854289100959
2022/06/17 08:50:26, 0.01227014872991147953, 81.49860462263641156203
2022/06/17 09:09:13, 0.0122811593740816638, 81.42553724287744764038
2022/06/17 09:22:33, 0.012281159374081895, 81.42553724287591480811
2022/06/17 09:27:44, 0.01229504021055993119, 81.33360955917189109606
2022/06/17 09:31:03, 0.0122990671161978453, 81.30697967189740115339
2022/06/17 09:43:47, 0.01229906711621106923, 81.30697967180998007247
2022/06/17 09:46:40, 0.01199096520867070574, 83.39612221348926640618
2022/06/17 09:49:41, 0.01212069819938659894, 82.50349802873630936722
2022/06/17 09:51:28, 0.01212069819938836843, 82.50349802872426471455
2022/06/17 10:42:34, 0.01212042080598931164, 82.50538624086793504607
2022/06/17 11:00:21, 0.01211863947834581083, 82.51751376768405835223
2022/06/17 11:04:17, 0.0123524992050315392, 80.95527742213254693432
2022/06/17 11:09:29, 0.01235249920503174776, 80.95527742213118004675
2022/06/17 11:51:19, 0.01241075295164731616, 80.57528853374420162452
2022/06/17 11:52:52, 0.01185134708088949948, 84.3785936885197766604
2022/06/17 11:55:12, 0.01202659244983627995, 83.14907187310676436758
2022/06/17 13:19:53, 0.01225732753050297392, 81.58385239453297448136
2022/06/17 13:25:53, 0.01225732753050315833, 81.58385239453174708145
2022/06/17 13:55:06, 0.01225632649790132821, 81.59051573660604700108
2022/06/17 14:09:45, 0.01225632649791281566, 81.59051573652957489389
2022/06/17 14:16:42, 0.01221448767940230882, 81.86999129618287615634
2022/06/17 14:22:05, 0.01216174313585455217, 82.22505514459168854035
2022/06/17 14:26:22, 0.01215452996806284697, 82.27385202287481310596
2022/06/17 14:49:42, 0.01216373073621367977, 82.21161925451167273284
2022/06/17 15:19:43, 0.01216396041147261733, 82.21006696608740697486
2022/06/17 15:34:00, 0.01212822697240037444, 82.45228278425627514607
2022/06/17 15:41:11, 0.01212822697240062964, 82.452282784254540228
2022/06/17 16:15:39, 0.01212297328638005058, 82.48801481097731939126
2022/06/17 16:32:50, 0.01211409788219741494, 82.54844972563543488018
2022/06/17 16:45:52, 0.01211822969754783721, 82.52030411689202584317
2022/06/17 16:47:28, 0.01211728524844813851, 82.52673593931198930481
2022/06/17 16:51:38, 0.01211728524846287511, 82.52673593921162334198
2022/06/17 17:18:21, 0.01211728524847571655, 82.52673593912416461638
2022/06/17 17:25:11, 0.01153756130744802364, 86.67342892942672839693
2022/06/17 17:26:34, 0.01172074674705441088, 85.31879594201744160842
2022/06/17 17:30:16, 0.01232216108980839189, 81.15459558689715837982
2022/06/17 17:32:45, 0.0121247742558189354, 82.47576234420025322779
2022/06/17 18:07:28, 0.01235422452747458425, 80.94397165731430824256
2022/06/17 18:24:38, 0.01229415787180373184, 81.33944678662935127632
2022/06/17 18:27:00, 0.01243149244635796871, 80.44086454743960733814
2022/06/17 18:37:37, 0.01243377802761279907, 80.42607788069007434838
2022/06/17 18:43:21, 0.01243180860817045203, 80.43881880089261428237
2022/06/17 19:39:04, 0.01243258569190663449, 80.43379106978366299969
2022/06/17 19:48:23, 0.01241756048525918181, 80.53111568790782499965
2022/06/17 20:08:36, 0.01241980955475925544, 80.51653252740910624985
2022/06/17 20:09:53, 0.01242666307723269883, 80.47212624860918088889
2022/06/17 20:17:16, 0.01242666307723292393, 80.4721262486077231854
2022/06/17 20:41:42, 0.01242717555848387486, 80.46880767829120317885
2022/06/17 20:55:40, 0.01242717555848390321, 80.46880767829101954308
2022/06/17 21:06:29, 0.01242608198002015265, 80.47588947247378432466
2022/06/17 21:52:51, 0.01265482358829557404, 79.02125170080588004609
2022/06/17 21:54:10, 0.0124985476025462598, 80.00929642387212611678
2022/06/17 22:23:39, 0.01254853345118304561, 79.69058726187022279707
2022/06/17 22:56:20, 0.01259406157136024163, 79.40250207082268623932
2022/06/17 22:59:57, 0.01259163561740954473, 79.41780006859253912731
2022/06/17 23:24:27, 0.01259163561740975874, 79.41780006859118928362
2022/06/17 23:31:34, 0.0126144231518173941, 79.27433446339774102634
2022/06/17 23:39:22, 0.01261442315182229404, 79.2743344633669477631
2022/06/18 00:32:19, 0.01263144982660660291, 79.16747592138017323159
2022/06/18 00:55:14, 0.01260887236031417991, 79.30923332584854815229
2022/06/18 01:06:15, 0.01260887236031378266, 79.30923332585104682824
2022/06/18 03:06:00, 0.01260887236031400953, 79.30923332584961979863
2022/06/18 03:15:51, 0.01260935104468199189, 79.30622253726143458147
2022/06/18 03:17:39, 0.01258620636925596562, 79.45205812314319000866
2022/06/18 03:21:43, 0.01258620636925604492, 79.45205812314268946387
2022/06/18 03:23:00, 0.01261973343602953296, 79.24097644923185359173
2022/06/18 03:31:26, 0.0126436567461441799, 79.09104304852002833656
2022/06/18 04:29:05, 0.01264224506882769627, 79.09987463110688442075
2022/06/18 05:05:26, 0.01264188199241929918, 79.10214638925198842791
2022/06/18 05:15:53, 0.01264188199242526707, 79.10214638921464645006
2022/06/18 05:34:02, 0.0126426000274250408, 79.09765379200034943712
2022/06/18 05:37:02, 0.01264260002742533239, 79.09765379199852507441
2022/06/18 06:07:36, 0.01264858427544025833, 79.0602314238202025775
2022/06/18 07:10:37, 0.01264858427544031551, 79.06023142381984516758
2022/06/18 07:37:28, 0.01264416228997843131, 79.08788079955163418854
2022/06/18 09:23:57, 0.01264416228997865708, 79.08788079955022202695
2022/06/18 09:31:11, 0.01264884135336732175, 79.05862458570437944891
2022/06/18 10:06:58, 0.01265818716864232276, 79.00025388131915625734
2022/06/18 10:20:42, 0.01265511102559354785, 79.01945688011837664696
2022/06/18 10:30:12, 0.01277221064156664691, 78.29498182135676153374
2022/06/18 10:34:15, 0.01277221064156671781, 78.29498182135632688701
2022/06/18 11:46:00, 0.01277221064157188163, 78.29498182132467213862
2022/06/18 12:40:47, 0.01277279589672562173, 78.2913943106501561344
2022/06/18 12:48:37, 0.01277018866780084117, 78.30737869374097221747
2022/06/18 14:11:27, 0.01277018866780100161, 78.30737869373998836548
2022/06/18 14:28:49, 0.01277485922619583836, 78.27874908785081105479
2022/06/18 14:31:15, 0.01282153731324187492, 77.99376748427946207513
2022/06/18 14:47:38, 0.012868300395317652, 77.71034008219662444278
2022/06/18 14:59:47, 0.01286830039532579502, 77.7103400821474495778
2022/06/18 15:05:03, 0.01256218665796044899, 79.60397558384603472863
2022/06/18 15:14:33, 0.01255092894741296539, 79.67537735173960639009
2022/06/18 15:38:10, 0.01254979828695688286, 79.68255561838861640377
2022/06/18 15:42:43, 0.01254979828695915403, 79.68255561837419605062
2022/06/18 15:44:04, 0.01254979828696892159, 79.68255561831217876158
2022/06/18 15:47:58, 0.01225733319785917778, 81.58381467305273572327
2022/06/18 15:51:36, 0.01228422288373849142, 81.4052308773859728908
2022/06/18 16:03:25, 0.01237859524421221123, 80.78461087638876176426
2022/06/18 16:05:18, 0.01237859524421324103, 80.78461087638204111713
2022/06/18 16:06:12, 0.01237859524422045355, 80.7846108763349711455
2022/06/18 16:09:29, 0.01234151932762004915, 81.02730089009559517435
2022/06/18 17:25:28, 0.01220460625865481935, 81.93627707496555437381
2022/06/18 18:07:42, 0.01220942304112786554, 81.90395210580100880422
2022/06/18 18:08:56, 0.01220915153312945668, 81.90577349183571235287
2022/06/18 18:15:22, 0.01220915153312962909, 81.90577349183455573088
2022/06/18 18:24:10, 0.01219758572638481118, 81.98343692201994503637
2022/06/18 19:46:04, 0.01219633148824885368, 81.99186787957497193387
2022/06/18 19:57:53, 0.01219873846729567179, 81.97568975521197237102
2022/06/18 20:30:51, 0.01224736204990922604, 81.65023585690534192711
2022/06/18 21:12:33, 0.01224469960819287472, 81.66798957900971229686
2022/06/18 21:56:10, 0.01224469960819308996, 81.6679895790082767409
2022/06/18 22:41:19, 0.01218546346681733859, 82.06499512498108481219
2022/06/18 23:11:41, 0.01228187916204322699, 81.42076524335701858578
2022/06/18 23:20:10, 0.01227213484390214063, 81.48541494366700190687
2022/06/18 23:31:36, 0.01227213484390228634, 81.48541494366603444842
2022/06/18 23:51:29, 0.01227357767318345748, 81.47583586690457962224
2022/06/19 00:05:45, 0.01227535727927732176, 81.46402399937904519007
2022/06/19 00:49:10, 0.01228016767046171642, 81.4321128859962427719
2022/06/19 01:06:29, 0.01228194979014769063, 81.42029702825995554233
2022/06/19 01:08:38, 0.0123060176169060189, 81.26105708041560356953
2022/06/19 01:18:44, 0.01230601761690631434, 81.26105708041365268929
2022/06/19 01:24:19, 0.01230601761690555591, 81.26105708041866090109
2022/06/19 03:48:23, 0.01230782417741945028, 81.24912946308170438133
2022/06/19 04:18:10, 0.01230782417741968088, 81.2491294630801820997
2022/06/19 04:34:11, 0.0123031851384774424, 81.27976525953125046444
2022/06/19 05:36:48, 0.01230033002993164189, 81.29863162749279666921
2022/06/19 05:44:37, 0.01230095505578128608, 81.29450074935549289315
2022/06/19 05:56:05, 0.01229963609788251796, 81.30321840758834361053
2022/06/19 06:39:43, 0.01228879656577769629, 81.37493322859926573641
2022/06/19 07:57:00, 0.01228879656577784545, 81.3749332285982779881
2022/06/19 09:53:49, 0.01229359911673618926, 81.34314373718480469337
2022/06/19 09:54:42, 0.0122935991167383001, 81.3431437371708379005
2022/06/19 10:14:50, 0.01228943515064508549, 81.37070481612077498333
2022/06/19 10:44:47, 0.0122894351506523289, 81.37070481607281501941
2022/06/19 10:49:09, 0.01245809116602798826, 80.26911881387603315786
2022/06/19 10:52:59, 0.01245809116602825042, 80.26911881387434401803
2022/06/19 11:26:11, 0.01269856670437273505, 78.74904493399647152103
2022/06/19 11:41:25, 0.01293904224271721967, 77.28547300808551902599
2022/06/19 11:43:12, 0.01274363394143808269, 78.47055279486102815932
2022/06/19 12:22:09, 0.01276749894695028953, 78.32387565920772162672
2022/06/19 12:40:45, 0.01276510841337466071, 78.33854344333249542268
2022/06/19 13:30:39, 0.01276587112031295399, 78.33386304588394632521
2022/06/19 14:06:37, 0.01271974190271043858, 78.61794741188190950761
2022/06/19 14:08:20, 0.0127221204669410475, 78.60324877433294767846
2022/06/19 14:12:48, 0.0127221204669410836, 78.60324877433272463443
2022/06/19 15:56:54, 0.01272271597244280942, 78.59956963324366591827
2022/06/19 17:41:33, 0.01271553160232695345, 78.64397897583763795345
2022/06/19 18:12:17, 0.01271407784132085226, 78.652971334656469654
2022/06/19 18:15:52, 0.01270590735613641983, 78.70354882739184950343
2022/06/19 18:19:35, 0.01270590735613644503, 78.70354882739169343983
2022/06/19 18:58:14, 0.01270590735615937489, 78.70354882724966017079
2022/06/19 19:08:03, 0.01245035073356513872, 80.31902244360722060591
2022/06/19 20:32:51, 0.01245035073356666086, 80.3190224435974010834
2022/06/19 20:41:12, 0.01244937694230148432, 80.32530500398942617023
2022/06/19 20:47:35, 0.01245413924139583385, 80.29458966350227618877
2022/06/19 21:19:04, 0.01246128439553608126, 80.24854968868401756568
2022/06/19 21:57:57, 0.01246485773946546962, 80.22554455907356312171
2022/06/19 22:04:32, 0.01246370685150201732, 80.23295251680993409374
2022/06/19 22:09:26, 0.01250188074236405301, 79.98796505963983550125
2022/06/19 22:18:04, 0.01250188074237179897, 79.98796505959027621415
2022/06/19 22:22:24, 0.01249611798507915236, 80.02485261375081712956
2022/06/19 22:25:43, 0.01237207338434585638, 80.82719597066733646839
2022/06/19 22:34:53, 0.01237207338434602393, 80.82719597066624191089
2022/06/19 22:39:39, 0.01237207338436853094, 80.82719597051920279581
2022/06/19 22:41:16, 0.01240809976777593593, 80.59251768727863181115
2022/06/19 22:44:57, 0.01240628670016654812, 80.60429556142495934946
2022/06/19 23:04:23, 0.01240310225329756835, 80.6249903917492563918
2022/06/19 23:21:06, 0.01239691141365501446, 80.66525335484085168156
2022/06/19 23:21:53, 0.01239691141365491049, 80.66525335484152820307
2022/06/19 23:52:32, 0.01239930705377822234, 80.64966821636114104198
2022/06/19 23:58:18, 0.0123993070537783252, 80.64966821636047200999
2022/06/20 00:05:40, 0.01239930705377860026, 80.64966821635868293392
2022/06/20 00:17:21, 0.01275717999812275328, 78.387229791156993172
2022/06/20 00:34:53, 0.01275553243980836615, 78.39735461603542333829
2022/06/20 00:40:34, 0.0127793890931203195, 78.25100188383354660119
2022/06/20 02:02:54, 0.0127793890931204726, 78.25100188383260916755
2022/06/20 02:43:24, 0.01278010475417932865, 78.24661997961962398223
2022/06/20 02:46:32, 0.01277383066188003709, 78.28505218753394671417
2022/06/20 04:10:31, 0.01276109013898705258, 78.36321106649418374797
2022/06/20 04:44:27, 0.01323760446262153176, 75.54236892510710966415
2022/06/20 04:50:21, 0.0130255997563560452, 76.77189678057122507368
2022/06/20 05:17:49, 0.01302559975635613795, 76.77189678057067837976
2022/06/20 05:39:03, 0.01300336263707196712, 76.90318480767795103414
2022/06/20 05:45:04, 0.01301091754601159682, 76.85853026611046402027
2022/06/20 06:14:42, 0.01308176518025031464, 76.4422833020815144762
2022/06/20 06:35:49, 0.01307669983599786161, 76.47189371489397907043
2022/06/20 06:45:06, 0.01307669983602037519, 76.47189371476232076018
2022/06/20 06:51:50, 0.013076699835997103, 76.4718937148984153473
2022/06/20 07:02:13, 0.01307669983599713769, 76.4718937148982125156
2022/06/20 07:39:06, 0.01307475211919856142, 76.48328556314508970006
2022/06/20 07:50:42, 0.01306736997184700801, 76.52649325414752559571
2022/06/20 08:02:10, 0.01306736997184726308, 76.52649325414603185244
2022/06/20 08:13:21, 0.01310490000796798746, 76.30733537775825139986
2022/06/20 08:18:03, 0.01310490000796821896, 76.30733537775690338551
2022/06/20 08:18:40, 0.01334030379687800656, 74.960811629644233593
2022/06/20 08:20:47, 0.01319839766571534357, 75.76677300742633183899
2022/06/20 08:23:00, 0.01318739702911148417, 75.82997598331777337801
2022/06/20 08:41:24, 0.01319205775845040165, 75.80318539459339748286
2022/06/20 08:50:03, 0.0131920577584496138, 75.80318539459792453822
2022/06/20 09:15:16, 0.01317717355004194309, 75.88880849162201321111
2022/06/20 09:39:04, 0.01320982631628844664, 75.70122241251156182716
2022/06/20 09:57:52, 0.01319138748357205302, 75.807037072131645408
2022/06/20 10:02:17, 0.0131913874835722231, 75.80703707213066799866
2022/06/20 10:05:47, 0.01323794023260182958, 75.54045285211690484533
2022/06/20 10:37:59, 0.01323794023261195066, 75.54045285205915030346
2022/06/20 11:21:10, 0.01325192249845784621, 75.46074919441855174749
2022/06/20 11:30:20, 0.01325192249847515849, 75.46074919431996999251
2022/06/20 12:56:28, 0.01325311417896938168, 75.45396398884448736204
2022/06/20 13:02:06, 0.01325414229547420169, 75.44811106648997825676
2022/06/20 13:21:44, 0.01325071133798386443, 75.46764656576942735516
2022/06/20 13:39:09, 0.01325071133798918743, 75.46764656573911087947
2022/06/20 14:05:12, 0.01323523773336913711, 75.55587743458249836763
2022/06/20 14:10:19, 0.01323328353803842177, 75.56703497854854024355
2022/06/20 14:19:46, 0.01346723651680602906, 74.25428362768266167535
2022/06/20 14:23:05, 0.0134672365168118119, 74.25428362765077684483
2022/06/20 14:24:56, 0.01346840683342799002, 74.24783141522308583783
2022/06/20 14:24:56, 0.01340170052012564276, 74.61739638923261542056
2022/06/20 14:28:43, 0.01338739968662781249, 74.6971049948455408054
2022/06/20 14:43:49, 0.01357445437875266296, 73.66778598226712356423
2022/06/20 14:48:25, 0.01349446811044551712, 74.10443982048768598462
2022/06/20 14:56:49, 0.01345920193631192531, 74.29861032860160980837
2022/06/20 14:58:08, 0.01343436132149940523, 74.43599111776683148371
2022/06/20 15:22:48, 0.01343903656144178363, 74.4100959490742498128
2022/06/20 15:59:45, 0.01344020537142737824, 74.40362497182570097992
2022/06/20 16:23:56, 0.01344347332900958117, 74.3855382851176331823
2022/06/20 16:36:02, 0.01344418186598772539, 74.38161800904285723059
2022/06/20 17:13:09, 0.01344258537160680878, 74.39045186294165738045
2022/06/20 18:05:40, 0.01344541837823344815, 74.37477747950799733221
2022/06/20 18:25:18, 0.0136792194434884107, 73.10358636552325584715
2022/06/20 18:26:12, 0.01370259955001390695, 72.97885312564542444256
2022/06/20 18:31:55, 0.01369617480736961197, 73.01308679719259146186
2022/06/20 18:35:27, 0.01369617480736098634, 73.01308679723857389381
2022/06/20 19:05:58, 0.01369617480736648465, 73.01308679720926291714
2022/06/20 19:09:48, 0.01367065114481198066, 73.14940520441124188475
2022/06/20 19:38:20, 0.0136634905127820589, 73.18774064829993392649
2022/06/20 19:45:35, 0.01366232934856875951, 73.19396088960175451867
2022/06/20 19:47:40, 0.01366139127915719653, 73.19898680639299865931
2022/06/20 20:09:42, 0.01368766879681042954, 73.05845976000128709539
2022/06/20 20:27:00, 0.01369234035550433763, 73.03353364262514645521
2022/06/20 20:43:39, 0.01369701191419824572, 73.00862452805532055266
2022/06/20 21:03:39, 0.01369747837330512345, 73.00613826475461704146
2022/06/20 21:52:30, 0.01369747837331213918, 73.00613826471722393771
2022/06/20 22:00:45, 0.01362348119056981256, 73.4026777746205580843
2022/06/20 22:03:16, 0.01362348119059284998, 73.40267777449643350857
2022/06/20 22:07:13, 0.01354579563710221876, 73.82364438313088056024
2022/06/20 23:48:13, 0.01354579563710229648, 73.82364438313045699031
2022/06/20 23:53:43, 0.01354324692072579868, 73.83753732420384851678
2022/06/20 23:53:43, 0.01353702901007826, 73.87145283174796271607
2022/06/20 23:58:37, 0.01353073597100436456, 73.90580986451482905149
2022/06/21 01:04:56, 0.01353187180140110427, 73.89960640156662921384
2022/06/21 01:06:03, 0.01351767505935235281, 73.97721839068316364695
2022/06/21 01:19:15, 0.01351953394315585277, 73.96704680831408088104
2022/06/21 01:25:15, 0.01351953394315435089, 73.967046808322297833
2022/06/21 01:46:43, 0.0136070488918746864, 73.4913211487863493657
2022/06/21 02:29:47, 0.01360482888347808538, 73.50331331358496299926
2022/06/21 02:46:03, 0.01362814715030122441, 73.37754640974043869653
2022/06/21 02:50:41, 0.01362814715030142831, 73.37754640973934086364
2022/06/21 02:54:34, 0.01362756394360641782, 73.38068668312251439229
2022/06/21 03:19:58, 0.01362756394360659561, 73.38068668312155705584
2022/06/21 03:38:40, 0.01362756394360664212, 73.38068668312130660391
2022/06/21 03:49:35, 0.01363502357594845929, 73.34054058871984629262
2022/06/21 03:58:15, 0.0136128698900260441, 73.45989553111689976075
2022/06/21 04:34:14, 0.0136151957332285703, 73.44734659667430857257
2022/06/21 04:53:52, 0.01361519573322865675, 73.44734659667384222751
2022/06/21 04:55:28, 0.01360631529810629526, 73.49528348348493489681
2022/06/21 05:02:00, 0.01360771016888994432, 73.48774978219392028991
2022/06/21 05:06:01, 0.0136077101688899821, 73.48774978219371628178
2022/06/21 05:32:25, 0.01359547851528556145, 73.55386563817432883489
2022/06/21 05:49:54, 0.01359780126147514655, 73.54130133032373816898
2022/06/21 07:39:34, 0.0135978012614752134, 73.54130133032337663489
2022/06/21 07:54:08, 0.01359859227818306254, 73.53702350531919710234
2022/06/21 08:13:25, 0.01359905718057625084, 73.53450954146408532576
2022/06/21 09:38:10, 0.01403625106788326549, 71.24409467768268079964
2022/06/21 09:40:59, 0.01384677178028875209, 72.2189991910985776935
2022/06/21 09:44:36, 0.01384677178028207133, 72.21899919113342179841
2022/06/21 09:59:24, 0.01384769300640053868, 72.21419477871081146921
2022/06/21 10:07:37, 0.01384769300640081822, 72.21419477870935369425
2022/06/21 10:55:26, 0.01389379169479998683, 71.97459282294183456025
2022/06/21 11:41:33, 0.01389066456953269672, 71.99079604825858486159
2022/06/21 12:20:05, 0.01389066456953282921, 71.99079604825789820805
2022/06/21 12:32:37, 0.01390674536345471731, 71.90755089453796823939
2022/06/21 12:38:35, 0.01390674536345472143, 71.90755089453794695758
2022/06/21 12:56:54, 0.01390674536346646484, 71.90755089447722532527
2022/06/21 13:09:33, 0.01390211901584918434, 71.93148029159761246965
2022/06/21 13:09:33, 0.01394830914756624859, 71.69327761669833761158
2022/06/21 13:11:53, 0.01394888786965033892, 71.69030315139147427745
2022/06/21 13:17:21, 0.0140791470221001041, 71.02703014822526108915
2022/06/21 13:18:47, 0.01407914702210020634, 71.02703014822474528405
2022/06/21 13:18:47, 0.01410227165985506934, 70.9105613705272441445
2022/06/21 13:33:35, 0.01414394377398259556, 70.70163852315880410442
2022/06/21 13:35:41, 0.01407208137270928335, 71.06269310944661121672
2022/06/21 13:42:43, 0.01407208137270900906, 71.06269310944799635636
2022/06/21 13:53:28, 0.01407265854117289049, 71.05977858229584113664
2022/06/21 13:55:14, 0.01418809223394917613, 70.48163935720733556192
2022/06/21 14:08:56, 0.01418447400786653594, 70.49961806447050632319
2022/06/21 14:15:18, 0.01413555983924413234, 70.74357233618224902258
2022/06/21 14:31:05, 0.01413555983924421913, 70.74357233618181469364
2022/06/21 14:36:22, 0.0141378602529215012, 70.73206143718645100261
2022/06/21 14:39:06, 0.01414704959788553888, 70.68611678222030450542
2022/06/21 14:42:22, 0.01414704959788568339, 70.68611678221958243057
2022/06/21 14:52:08, 0.01414750899382662273, 70.68382147248380592445
2022/06/21 14:58:05, 0.01414750899384872009, 70.68382147237340303438
2022/06/21 15:06:07, 0.0141386712579828936, 70.72800419172246245192
2022/06/21 15:24:14, 0.01436871567752360381, 69.5956425363930914489
2022/06/21 15:27:16, 0.01419014581289249831, 70.4714393485264321501
2022/06/21 15:37:49, 0.01419128885464295767, 70.46576320464581652739
2022/06/21 16:05:26, 0.01419426076319415201, 70.45100950892836539489
2022/06/21 16:13:26, 0.01420111901369690817, 70.4169860864841008606
2022/06/21 16:26:26, 0.01420683422244920497, 70.38865832754144349804
2022/06/21 16:36:36, 0.01489988263629028902, 67.11462260544193469407
2022/06/21 16:37:57, 0.01483046662006044546, 67.42876172536263982933
2022/06/21 16:39:10, 0.01443827872472047341, 69.26033352492716234012
2022/06/21 16:47:52, 0.01444058321857750432, 69.24928064633298119184
2022/06/21 18:13:53, 0.01444058321857761495, 69.24928064633245065199
2022/06/21 18:15:24, 0.01444058321857801234, 69.24928064633054499405
2022/06/21 18:19:13, 0.01442114513209157901, 69.34262091119836260303
2022/06/21 18:19:13, 0.01442114513208034976, 69.34262091125235732829
2022/06/21 18:26:55, 0.01440619729453171484, 69.41457065700319590108
2022/06/21 18:38:21, 0.01445210964065337244, 69.19405020198770887962
2022/06/21 18:41:08, 0.01445210964065932402, 69.19405020195921379099
2022/06/21 18:53:27, 0.01443937492152154454, 69.25507547487556463176
2022/06/21 19:12:10, 0.01481700712747088632, 67.4900127533845571407
2022/06/21 19:19:42, 0.01482021637150350172, 67.47539812730484600814
2022/06/21 19:27:41, 0.01482021637150585051, 67.47539812729415211685
2022/06/21 19:37:27, 0.0134464943544241843, 74.3688260777783026637
2022/06/21 19:38:56, 0.01371990058006515761, 72.88682553960976797278
2022/06/21 19:42:51, 0.01392905480179526458, 71.79238033230465018525
2022/06/21 19:42:51, 0.01415138916265944765, 70.66444067827978659285
2022/06/21 19:46:37, 0.01405548851050160792, 71.14658442876933558923
2022/06/21 19:48:42, 0.01452804080696408418, 68.83240577908105352591
2022/06/21 19:50:45, 0.01427378091863481377, 70.05852238452619670146
2022/06/21 19:53:17, 0.01427716207941215395, 70.04193091300773917263
2022/06/21 20:01:16, 0.01427716207941209468, 70.04193091300802991999
2022/06/21 20:02:39, 0.01427513755251750995, 70.05186439157244647838
2022/06/21 20:04:36, 0.01424811920762955631, 70.18470195452336362241
2022/06/21 20:06:56, 0.01424811920762865432, 70.18470195452780674766
2022/06/21 20:09:42, 0.01417737925575150354, 70.53489802033181019724
2022/06/21 20:28:10, 0.01379229842074633291, 72.50423167293154504354
2022/06/21 20:30:40, 0.01393050596712834674, 71.78490159364551401153
2022/06/21 20:34:59, 0.01393518172440726379, 71.76081516386075216085
2022/06/21 22:01:17, 0.0139365844515909389, 71.75359238653660356913
2022/06/21 22:29:49, 0.0139552874807066071, 71.65742743619684666797
2022/06/21 22:32:19, 0.0139555442627879265, 71.65610893918859135031
2022/06/21 23:05:23, 0.01396438283379560524, 71.61075515488383689171
2022/06/21 23:10:31, 0.01396555178385357162, 71.60476116354823499829
2022/06/21 23:25:49, 0.0139657855738651649, 71.60356248568983460994
2022/06/21 23:35:57, 0.01395203389721750086, 71.67413779000588771547
2022/06/21 23:42:07, 0.01395483255114249209, 71.65976347871901100501
2022/06/21 23:47:03, 0.01395483255114254292, 71.65976347871874999167
2022/06/21 23:49:36, 0.01395483255115414568, 71.65976347865916839732
2022/06/21 23:57:07, 0.01389279643795827527, 71.97974896312256291975
2022/06/22 00:08:44, 0.0144765230819056652, 69.07736024335214049741
2022/06/22 00:10:02, 0.01430857425945627231, 69.88816508668698978009
2022/06/22 01:09:52, 0.01556207766980508152, 64.25877194664619752411
2022/06/22 01:12:37, 0.01531082388498523283, 65.31327167708222204906
2022/06/22 01:14:09, 0.01521570073577289537, 65.72158702155258245079
2022/06/22 01:15:16, 0.01496604620478384671, 66.81791478636176720636
2022/06/22 01:48:06, 0.01496604620480299827, 66.81791478627626250488
2022/06/22 01:49:19, 0.01496382983105518126, 66.82781154892915173875
2022/06/22 01:52:44, 0.0145894989687147284, 68.54244975405729535656
2022/06/22 01:56:10, 0.0147095999788638168, 67.98281404231911215119
2022/06/22 02:47:57, 0.01470959997886408687, 67.98281404231786397481
2022/06/22 02:57:05, 0.01471188498589492, 67.97225515008811562389
2022/06/22 03:27:41, 0.01472101271931973769, 67.93010909416633482816
2022/06/22 04:01:48, 0.01472195685410546308, 67.92575266386094115441
2022/06/22 04:09:14, 0.01472101607698913114, 67.93009360020538769739
2022/06/22 04:11:58, 0.01472101607699823769, 67.93009360016336554383
2022/06/22 04:15:20, 0.01443934333459056063, 69.25522697451364513555
2022/06/22 04:16:27, 0.01456051018257397396, 68.67891217141556702729
2022/06/22 04:42:28, 0.01455581586507066122, 68.7010614361839139319
2022/06/22 05:05:26, 0.01480089288235167759, 67.56349146965196136038
2022/06/22 05:53:35, 0.0146661673271377054, 68.18413957064562516717
2022/06/22 06:12:00, 0.01449059131269199214, 69.01029629647493140967
2022/06/22 06:29:14, 0.01449512587708447927, 68.98870754761172219998
2022/06/22 06:33:21, 0.01449512587708453094, 68.9887075476114763235
2022/06/22 07:05:41, 0.0144917919766499223, 69.0045787029831972799
2022/06/22 07:18:41, 0.0144917919766551575, 69.00457870295826919586
2022/06/22 07:33:03, 0.0145099327553592909, 68.91830698737364890547
2022/06/22 07:39:03, 0.01487340667147799721, 67.23409250401597462206
2022/06/22 07:41:24, 0.01487340667147807866, 67.23409250401560644155
2022/06/22 07:43:45, 0.01487340667147829665, 67.23409250401462103517
2022/06/22 08:06:05, 0.01487340667148997852, 67.23409250396181402082
2022/06/22 08:29:17, 0.01487340667149022821, 67.23409250396068535121
2022/06/22 08:41:30, 0.0149032379982187291, 67.09951220798610398991
2022/06/22 09:08:36, 0.0149491323470318074, 66.89351440510544643554
2022/06/22 09:11:02, 0.01495499117315620398, 66.86730793896905636154
2022/06/22 09:27:59, 0.01495499117315653791, 66.8673079389675632676
2022/06/22 10:21:01, 0.01497332296410558245, 66.7854425098039065773
2022/06/22 11:35:28, 0.01497756985551458795, 66.76650549099660739349
2022/06/22 12:00:44, 0.01497397269117849384, 66.78254466091838332406
2022/06/22 12:30:30, 0.01499302402046519535, 66.69768544591263495117
2022/06/22 12:41:20, 0.01490866430135352101, 67.07509001387954361444
2022/06/22 12:44:09, 0.01490980873365431311, 67.06994153069228764534
2022/06/22 12:46:54, 0.01489959138485741398, 67.11593453605102298416
2022/06/22 13:28:05, 0.01479799302829317569, 67.57673139107713231443
2022/06/22 13:47:15, 0.01479020321155521639, 67.61232321802887565356
2022/06/22 14:02:03, 0.01478010860032779682, 67.65850150639771063837
2022/06/22 14:09:53, 0.01477870320453349866, 67.66493556032988775533
2022/06/22 15:14:00, 0.01477870320453370381, 67.66493556032894849291
2022/06/22 15:39:48, 0.01479326765956294113, 67.59831722192637213979
2022/06/22 15:44:13, 0.01478909671484117587, 67.61738186460560124126
2022/06/22 16:43:01, 0.01478886447049800973, 67.61844372804136985743
2022/06/22 17:00:04, 0.01478886447049831336, 67.61844372803998157619
2022/06/22 17:10:14, 0.01479910414088114032, 67.5716577490385771211
2022/06/22 17:15:50, 0.01479910414088132772, 67.57165774903772149578
2022/06/22 17:17:05, 0.01481391357307930431, 67.50410653247346532582
2022/06/22 17:35:49, 0.01482501744136012515, 67.4535462744288505246
2022/06/22 17:56:57, 0.01480551026345109576, 67.5424205046550444857
2022/06/22 17:58:16, 0.01480778798779723615, 67.53203117333104910784
2022/06/22 17:59:09, 0.014807787987790756, 67.53203117336060231672
2022/06/22 18:24:29, 0.01494447174290092922, 66.91437591128170124155
2022/06/22 18:39:28, 0.01494561509777530901, 66.90925689293660592135
2022/06/22 18:44:46, 0.0151262651679273155, 66.1101725309120394021
2022/06/22 18:47:20, 0.01458844563996054521, 68.54739872086225380217
2022/06/22 18:49:22, 0.01458925286490387591, 68.54360598585654111944
2022/06/22 19:02:21, 0.01457917260336658278, 68.59099807687870618441
2022/06/22 19:08:38, 0.01480358653724261888, 67.55119764282908681418
2022/06/22 19:11:31, 0.01480358653724264519, 67.55119764282896674927
2022/06/22 19:16:31, 0.01499037156470971942, 66.70948719871604255346
2022/06/22 19:19:43, 0.0143230166665277178, 69.81769436441120455558
2022/06/22 19:20:48, 0.01432301666650619884, 69.81769436451609895995
2022/06/22 19:22:14, 0.01445960951173168213, 69.15816081953378065115
2022/06/22 19:25:15, 0.01445960951174502118, 69.15816081946998198807
2022/06/22 19:27:05, 0.01447308723730676877, 69.09375889218266530761
2022/06/22 19:33:15, 0.01447155221180216435, 69.10108780068924498553
2022/06/22 19:39:33, 0.01447155221182114395, 69.10108780059861815781
2022/06/22 19:42:55, 0.01445812261945259698, 69.16527313543155436226
2022/06/22 19:50:48, 0.01445812261945282757, 69.1652731354304512509
2022/06/22 20:11:22, 0.01442616410294056914, 69.31849609253815222271
2022/06/22 20:23:27, 0.01442616410294081207, 69.31849609253698491347
2022/06/22 20:42:33, 0.01442682689749879747, 69.31531147527469347667
2022/06/22 20:54:21, 0.01442682689750923908, 69.31531147522452555614
2022/06/22 21:11:21, 0.01442001880276371942, 69.34803717512084538582
2022/06/22 21:24:52, 0.0145947387890635482, 68.51784156283372962883
2022/06/22 21:40:50, 0.01460357343733994301, 68.47639067867426710453
2022/06/22 21:58:54, 0.01460357343734003846, 68.47639067867381954847
2022/06/22 22:38:48, 0.01460105801728450479, 68.48818755573846729595
2022/06/22 22:48:33, 0.01466299665336009305, 68.19888346430505430876
2022/06/22 23:09:41, 0.01472382924236290294, 67.91711473553590670171
2022/06/23 01:17:23, 0.0147204793536717119, 67.9325703989776102493
2022/06/23 02:28:21, 0.01472324415631068935, 67.91981368938850038257
2022/06/23 03:04:40, 0.01472324415631090577, 67.91981368938750200511
2022/06/23 03:18:38, 0.01471352623440989034, 67.96467305446759955098
2022/06/23 03:25:56, 0.01471352623443154153, 67.96467305436758846113
2022/06/23 04:12:19, 0.01471352623443881376, 67.96467305433399658226
2022/06/23 04:18:06, 0.01470526975627993811, 68.00283276496484661163
2022/06/23 04:31:04, 0.01467038295701782865, 68.16454641503635006124
2022/06/23 04:32:27, 0.01466280472818381841, 68.19977613681711886988
2022/06/23 05:14:17, 0.01462194304107509469, 68.39036352356587237643
2022/06/23 06:51:31, 0.01465663402382297015, 68.22848945908008154921
2022/06/23 07:03:17, 0.01465663402382316648, 68.22848945907916762703
2022/06/23 07:27:35, 0.01465542048503376233, 68.23413910376767032035
2022/06/23 07:42:36, 0.01464576114641316223, 68.27914165764653371407
2022/06/23 08:30:05, 0.01462621651730418321, 68.37038128191979083608
2022/06/23 08:30:59, 0.01462537519516247246, 68.3743142761057253436
2022/06/23 09:38:46, 0.01463085596064944433, 68.34870103906151252496
2022/06/23 09:45:14, 0.01463085596064945016, 68.34870103906148530785
2022/06/23 10:12:54, 0.01463085596065296617, 68.34870103904506009341
2022/06/23 10:17:35, 0.01458495290981052071, 68.56381410236527275857
2022/06/23 10:51:51, 0.01459044046402299774, 68.53802683104685881129
2022/06/23 11:32:26, 0.01458734517869357783, 68.55256989877842853584
2022/06/23 11:35:45, 0.01457137424843713057, 68.62770682780700281309
2022/06/23 12:02:32, 0.01456737931885696042, 68.64652715574826518698
2022/06/23 12:36:43, 0.01454634649192276505, 68.74578441777637101291
2022/06/23 12:52:33, 0.01441984414252632806, 69.34887715262101199805
2022/06/23 13:12:43, 0.01442000171057356623, 69.34811937412899658264
2022/06/23 13:22:11, 0.0144200017105725453, 69.34811937413390642958
2022/06/23 13:34:56, 0.01442700378333738081, 69.31446161780039723065
2022/06/23 13:45:15, 0.01442273696531324567, 69.33496758659642666009
2022/06/23 13:51:05, 0.01442273696531326997, 69.33496758659630987726
2022/06/23 14:21:31, 0.01442491816597270734, 69.32448340392838311125
2022/06/23 14:38:08, 0.01442341704457832216, 69.33169837004013780244
2022/06/23 15:36:11, 0.0144217587331651595, 69.33967059789585615877
2022/06/23 15:45:23, 0.01443482783249814414, 69.27689139101677387273
2022/06/23 16:46:57, 0.01444790284190862443, 69.21419744735050361969
2022/06/23 16:56:00, 0.01444790284190874407, 69.2141974473499304568
2022/06/23 17:58:12, 0.01444361486794040032, 69.23474553587261769929
2022/06/23 18:24:16, 0.01444129590287424997, 69.24586316391246300499
2022/06/23 18:46:03, 0.01446310605411867613, 69.14144142054664640038
2022/06/23 18:55:26, 0.01445872652531057532, 69.16238427011260388644
2022/06/23 18:58:28, 0.01445998970225706348, 69.15634247263051265304
2022/06/23 19:04:07, 0.01445998970225733912, 69.15634247262919437417
2022/06/23 19:20:22, 0.01445299080140841193, 69.1898316231234448454
2022/06/23 19:59:30, 0.01446934132745389404, 69.11164629882745151023
2022/06/23 20:15:16, 0.0144674208290272288, 69.12082062295541474978
2022/06/23 21:19:30, 0.01446933916323684682, 69.11165663603783782994
2022/06/23 21:24:42, 0.01446933916323687121, 69.11165663603772130984
2022/06/23 21:31:50, 0.01409870418816291676, 70.92850425499292401827
2022/06/23 21:34:17, 0.01425812341406493796, 70.13545688723308078106
2022/06/23 22:09:23, 0.01440107290739151976, 69.4392707009168919965
2022/06/23 22:17:41, 0.01440107290739152778, 69.43927070091685331666
2022/06/23 22:39:08, 0.0143938099914253508, 69.47430878938361883061
2022/06/23 22:52:14, 0.01438037554362750651, 69.539213142673327666
2022/06/23 23:28:19, 0.01429335350423016115, 69.96258783525132705665
2022/06/24 01:47:59, 0.0149460626691250913, 66.90725324374260355571
2022/06/24 01:51:21, 0.01478004987768490181, 67.65877032051238899559
2022/06/24 03:56:38, 0.01478880173749376156, 67.61873056048343927387
2022/06/24 04:06:59, 0.0147888017374948943, 67.61873056047826002199
2022/06/24 04:17:59, 0.01478880173749521296, 67.61873056047680305259
2022/06/24 04:28:56, 0.01478491858056030461, 67.63649015388104780618
2022/06/24 04:57:18, 0.0147718729073250187, 67.69622283333644862437
2022/06/24 05:14:19, 0.01476438061374269127, 67.73057577973840686295
2022/06/24 05:55:53, 0.01476438061374300576, 67.73057577973696417818
2022/06/24 06:07:06, 0.01476524584750425077, 67.72660681224137062015
2022/06/24 06:22:03, 0.01474928928970907667, 67.79987702171679120937
2022/06/24 06:31:12, 0.01475015536686670644, 67.79589605180033057313
2022/06/24 07:11:11, 0.01474398091253147597, 67.82428747924256816942
2022/06/24 07:19:35, 0.01476129882443679574, 67.74471622676835234084
2022/06/24 07:36:29, 0.01476129882443685701, 67.74471622676807116121
2022/06/24 08:21:37, 0.01476129882445744096, 67.74471622667360425666
2022/06/24 08:28:22, 0.01469139799198735717, 68.06704171688745302997
2022/06/24 08:37:33, 0.01468949479713963378, 68.07586059356662777347
2022/06/24 09:10:26, 0.01471717344081215231, 67.94783006544604617639
2022/06/24 09:23:41, 0.01470752686272778349, 67.99239663700545933249
2022/06/24 09:37:01, 0.01470838996947031261, 67.98840675802482829022
2022/06/24 09:40:23, 0.0146830326113753477, 68.10582162878754341799
2022/06/24 10:24:52, 0.01468207921328166399, 68.11024416047167371537
2022/06/24 10:45:09, 0.01467651868064498761, 68.13604927432648438773
2022/06/24 11:00:51, 0.0147282936872022353, 67.89652767916515577764
2022/06/24 11:08:18, 0.0147282936872024196, 67.89652767916430617294
2022/06/24 12:17:26, 0.01472829368720261688, 67.89652767916339673184
2022/06/24 12:30:16, 0.01488586115417847454, 67.17784007539927280516
2022/06/24 12:39:38, 0.01488369349943900234, 67.18762382722353825934
2022/06/24 12:41:50, 0.01488369349944120983, 67.18762382721357327472
2022/06/24 12:44:52, 0.01488261036747154662, 67.19251363226363480884
2022/06/24 13:00:52, 0.01481468632184492684, 67.50058545117183134955
2022/06/24 13:18:41, 0.0147859963607352271, 67.63155999791382638138
2022/06/24 13:50:47, 0.01478186951624414285, 67.65044156972679019236
2022/06/24 14:08:40, 0.01478186951624253361, 67.65044156973415499721
2022/06/24 15:35:24, 0.01478186951624726657, 67.65044156971249424276
2022/06/24 15:37:45, 0.01478456479063621572, 67.63810867353692134892
2022/06/24 15:50:52, 0.01468953254840445148, 68.07568564246913762607
2022/06/24 16:16:06, 0.01468431131434476489, 68.09989100565602108448
2022/06/24 17:31:49, 0.01468053113580084827, 68.11742645750318605048
2022/06/24 17:41:29, 0.01468053113580746105, 68.11742645747250284599
2022/06/24 18:09:40, 0.01467657477549583053, 68.13578885378698286463
2022/06/24 19:18:29, 0.01468007216501328051, 68.11955614109852962174
2022/06/24 19:19:58, 0.01413120693486764599, 70.76536382271625688689
2022/06/24 19:22:54, 0.01430638064744069985, 69.89888111070861358844
2022/06/24 20:09:16, 0.01430638064744792708, 69.8988811106733023791
2022/06/24 20:17:17, 0.0143150419153499187, 69.85658902805635781087
2022/06/24 20:38:34, 0.01431504191536732358, 69.85658902797142298487
2022/06/24 20:49:20, 0.01431504191536737741, 69.85658902797116032097
2022/06/24 20:52:32, 0.0143158000387651649, 69.85288962489984596112
2022/06/24 20:56:54, 0.01428488772469558326, 70.00405038334387083612
2022/06/24 21:01:06, 0.01427927298761822437, 70.03157659827046294722
2022/06/24 21:03:16, 0.01427927298761424597, 70.03157659828997471661
2022/06/24 21:17:54, 0.01427927298761599082, 70.03157659828141721667
2022/06/24 21:20:11, 0.01427684320259337965, 70.04349531683240904794
2022/06/24 21:21:36, 0.01427038237085724461, 70.07520709761671271654
2022/06/24 22:27:07, 0.01427038237085967874, 70.0752070976047598617
2022/06/24 23:03:06, 0.01426978209320418603, 70.07815490582985876054
2022/06/24 23:25:10, 0.01427415095891644132, 70.05670620117293143277
2022/06/24 23:30:02, 0.01427819215970027746, 70.03687783544941666302
2022/06/24 23:45:00, 0.01427884748955711575, 70.03366348238913828894
2022/06/25 00:42:41, 0.01427950184391547499, 70.03045420846400533159
2022/06/25 00:50:36, 0.01403355300400698008, 71.25779193013141058862
2022/06/25 00:53:00, 0.01412017875167633038, 70.82063319356217222716
2022/06/25 00:57:59, 0.01444600396628359711, 69.22329540639477306488
2022/06/25 01:09:00, 0.01444400039134226368, 69.23289759805047997334
2022/06/25 01:18:25, 0.01442990360112225255, 69.30053225873437579311
2022/06/25 01:35:55, 0.01452754898533648195, 68.83473605970004952767
2022/06/25 01:37:46, 0.01465774283095545447, 68.22332821177049644314
2022/06/25 01:48:25, 0.01465774283095575471, 68.22332821176909899791
2022/06/25 01:48:25, 0.01465774283095578064, 68.223328211768978327
2022/06/25 01:57:26, 0.01459962872475358589, 68.49489249712945067199
2022/06/25 02:11:38, 0.01459962872475782399, 68.49489249710956741277
2022/06/25 02:16:00, 0.01459762004460873126, 68.50431761781093804067
2022/06/25 02:30:07, 0.01460626831533468603, 68.46375668384304477931
2022/06/25 02:34:53, 0.01460626831533481108, 68.46375668384245859137
2022/06/25 02:46:01, 0.01460691676644440557, 68.46071734298096812458
2022/06/25 03:24:41, 0.01460543654314536974, 68.4676556599960351388
2022/06/25 03:24:41, 0.01421749300782497924, 70.33588829265631669346
2022/06/25 03:34:00, 0.01421749300784041473, 70.33588829257995522958
2022/06/25 03:38:42, 0.01420014190792039062, 70.42183144960203440458
2022/06/25 03:43:30, 0.01420441300938592189, 70.40065642552247234931
2022/06/25 03:50:55, 0.01441844801106956238, 69.35559217138099370738
2022/06/25 04:41:01, 0.01442360446069556814, 69.33079749413592181927
2022/06/25 04:43:18, 0.01442360446069582437, 69.33079749413469022444
2022/06/25 04:58:07, 0.01451824334342347871, 68.87885650800744199284
2022/06/25 05:24:11, 0.01451824334340218107, 68.87885650810848428992
2022/06/25 05:48:21, 0.01455051729819373843, 68.72607890883283406504
2022/06/25 05:52:46, 0.01455051729821190204, 68.72607890874704239584
2022/06/25 05:55:48, 0.01454877552621600645, 68.73430675990986118661
2022/06/25 05:58:45, 0.01455027978641178642, 68.72720076035100593853
2022/06/25 06:09:21, 0.01454447591763953832, 68.75462585676257625259
2022/06/25 06:26:22, 0.01455480454287077977, 68.7058350426161531186
2022/06/25 06:30:55, 0.01455380240439928256, 68.71056595475851763713
2022/06/25 07:56:59, 0.01455380240439956122, 68.71056595475720204985
2022/06/25 08:13:28, 0.01454839969926118656, 68.73608236449422968023
2022/06/25 08:13:56, 0.0145416287101231988, 68.76808780737517907437
2022/06/25 08:41:53, 0.0145427030434705489, 68.7630076066900572163
2022/06/25 09:50:09, 0.01454334764347895896, 68.75995984654788335425
2022/06/25 10:27:23, 0.01458202364398356248, 68.57758733730985066237
2022/06/25 10:37:58, 0.01464645797765459352, 68.27589315626020880102
2022/06/25 10:43:06, 0.01464645797765479301, 68.27589315625927886858
2022/06/25 10:56:18, 0.01464645797765479454, 68.27589315625927173268
2022/06/25 11:01:33, 0.01464626859553245889, 68.276775990918895433
2022/06/25 11:14:30, 0.01477516529998099216, 67.68113788894710181432
2022/06/25 11:30:41, 0.01490406200442952543, 67.09580245323707302732
2022/06/25 11:34:05, 0.01474405443686983057, 67.82394925912254381953
2022/06/25 12:29:08, 0.01474133325209553433, 67.83646925951194743719
2022/06/25 13:55:48, 0.01473791620363063985, 67.85219743301655548667
2022/06/25 14:15:36, 0.01473876943532429608, 67.8482694493685233847
2022/06/25 14:25:18, 0.01474303596407086699, 67.82863464737005568415
2022/06/25 14:33:44, 0.01474303596407021883, 67.82863464737303767268
2022/06/25 14:48:20, 0.01474943598852909976, 67.79920267986639559334
2022/06/25 14:50:54, 0.01474943598852936984, 67.7992026798651541248
2022/06/25 15:01:42, 0.01474717965195569971, 67.80957604102862013862
2022/06/25 15:37:02, 0.0147396304592307565, 67.84430605407381368874
2022/06/25 15:55:53, 0.01474453538670450072, 67.82173691968102668838
2022/06/25 15:59:36, 0.01474453538670455264, 67.82173691968078782634
2022/06/25 16:14:35, 0.01473824910616308733, 67.85066481077663611829
2022/06/25 16:44:41, 0.01473824910616219345, 67.85066481078075125005
2022/06/25 16:49:58, 0.01478094666629808406, 67.65466533209891380237
2022/06/25 17:27:16, 0.01479375593433885124, 67.59608610811457654978
2022/06/25 17:42:30, 0.014789948215209351, 67.61348893511626461357
2022/06/25 17:56:11, 0.01478521413121685814, 67.63513812685630894177
2022/06/25 18:10:09, 0.01478094133868935197, 67.65468971739194289612
2022/06/25 18:16:37, 0.01478307494943317646, 67.64492525544171282363
2022/06/25 18:25:08, 0.01477396462301561767, 67.68663832064077176429
2022/06/25 18:31:26, 0.0147743904455687556, 67.68468747892928417519
2022/06/25 18:34:27, 0.0147743904455687793, 67.68468747892917559399
2022/06/25 18:42:17, 0.01477502918169971651, 67.68176141666071437099
2022/06/25 18:48:37, 0.01477502918169977797, 67.68176141666043280954
2022/06/25 19:27:21, 0.01477502918169995324, 67.68176141665962993852
2022/06/25 19:27:21, 0.01477534902526356627, 67.68029630231775568047
2022/06/25 19:28:28, 0.0147753490252779273, 67.68029630225197322159
2022/06/25 19:30:02, 0.01476947058124129529, 67.70723395259001420498
2022/06/25 19:33:35, 0.0147694705812586524, 67.70723395251044453827
2022/06/25 20:28:43, 0.01476606689561249634, 67.72284096160597866025
2022/06/25 20:55:47, 0.01478812735476787042, 67.62181417632895568862
2022/06/25 21:37:00, 0.01481020425599850148, 67.52101339824365361978
2022/06/25 22:15:10, 0.01482235355703978314, 67.46566907554679942479
2022/06/26 00:37:44, 0.01482566786524315737, 67.45058698801484937031
2022/06/26 00:58:49, 0.01494522969397626392, 66.91098233191117154564
2022/06/26 01:30:53, 0.01521264015477037377, 65.73480933133229933406
2022/06/26 01:34:19, 0.01521264015477067407, 65.734809331331001707
2022/06/26 02:19:22, 0.01515017927787234601, 66.00581957868669824014
2022/06/26 02:22:05, 0.01515017927788270885, 66.00581957864154977192
2022/06/26 02:25:22, 0.01485149774189216194, 67.33327623780755042369
2022/06/26 02:29:24, 0.01507321193985448631, 66.34286069818598956133
2022/06/26 02:38:41, 0.01507093651493178913, 66.35287720900640976594
2022/06/26 03:20:15, 0.0150599510379254936, 66.4012782964366049458
2022/06/26 05:24:17, 0.01505519972063388258, 66.42223408231851093865
2022/06/26 05:37:58, 0.01505608440797041761, 66.41833114794562147531
2022/06/26 05:54:20, 0.01505608440798164717, 66.41833114789608346234
2022/06/26 06:56:02, 0.01504860991120074456, 66.45132048081701774922
2022/06/26 08:16:04, 0.01504860991120076903, 66.45132048081690971752
2022/06/26 08:37:52, 0.01505856748817147993, 66.40737910730891345666
2022/06/26 08:42:44, 0.01530640051499806234, 65.33214644554377070407
2022/06/26 08:45:54, 0.01530640051499829077, 65.33214644554279571297
2022/06/26 08:50:26, 0.01530707894311248785, 65.32925084638411752009
2022/06/26 08:59:04, 0.01530080301852411612, 65.35604692050064283803
2022/06/26 10:24:54, 0.01537777704155966957, 65.02890484739245483397
2022/06/26 10:32:55, 0.01536384776565274638, 65.08786179433444377962
2022/06/26 10:51:45, 0.01536384776565301431, 65.08786179433330873485
2022/06/26 11:52:55, 0.01520372795856179946, 65.77334208593635320874
2022/06/26 11:58:36, 0.01520372795856203911, 65.77334208593531644731
2022/06/26 12:18:48, 0.01520372795856232021, 65.77334208593410038313
2022/06/26 13:04:25, 0.01520121640141132774, 65.7842092102022125329
2022/06/26 13:14:57, 0.01526485945552629276, 65.50993822861388368766
2022/06/26 14:33:27, 0.0152692423624714311, 65.49113415461847279019
2022/06/26 15:45:12, 0.01526721207098709256, 65.49984341282197124652
2022/06/26 15:58:45, 0.01526918735182682584, 65.49137010100008187382
2022/06/26 16:05:18, 0.01531088772511008417, 65.31299934751563026534
2022/06/26 16:21:46, 0.01531088772511888041, 65.31299934747810735291
2022/06/26 16:41:00, 0.01531088772511889813, 65.31299934747803176339
2022/06/26 16:55:06, 0.01531088772512086121, 65.31299934746965771573
2022/06/26 17:21:03, 0.01531088772512095011, 65.31299934746927848127
2022/06/26 17:23:56, 0.01530981272289639333, 65.31758540092805140477
2022/06/26 17:43:38, 0.01530981272291102306, 65.3175854008656353202
2022/06/26 17:47:53, 0.01533174223893568649, 65.22415942138999553656
2022/06/26 17:55:42, 0.01533503301645488668, 65.21016282957944466557
2022/06/26 18:00:04, 0.01533832414656888869, 65.19617074487862603836
2022/06/26 18:05:04, 0.01533832414656896307, 65.19617074487830989323
2022/06/26 18:13:51, 0.0153383241465692584, 65.19617074487705458272
2022/06/26 18:50:23, 0.01533769713660617635, 65.19883598518319364755
2022/06/26 18:54:29, 0.01533464376961765146, 65.21181809135261337298
2022/06/26 19:00:39, 0.01533126911079673768, 65.22617226096240972127
2022/06/26 19:14:43, 0.0153326182460263403, 65.22043293285305696767
2022/06/26 20:01:25, 0.01533481486594904243, 65.2110904984252581754
2022/06/26 20:45:05, 0.01536984845872933458, 65.06245020470895426726
2022/06/26 21:15:21, 0.01536905326090697859, 65.06581654861066551303
2022/06/26 21:19:51, 0.01537478629037031168, 65.04155447196881672523
2022/06/26 21:26:39, 0.01537443254887768695, 65.04305097575771436678
2022/06/26 21:29:50, 0.01537443254888896559, 65.04305097570999898736
2022/06/26 21:37:46, 0.01537829461955858162, 65.02671620871209369747
2022/06/26 21:40:12, 0.01536528842245837038, 65.08175912522213044902
2022/06/26 21:52:38, 0.01536528842245840423, 65.0817591252219870737
2022/06/26 22:41:13, 0.01575227928071058284, 63.48287648915339428379
2022/06/26 23:19:04, 0.01573501794383172203, 63.55251729420553934719
2022/06/26 23:39:42, 0.01573501794384866081, 63.55251729413712490536
2022/06/26 23:46:17, 0.01567172524429967888, 63.80918401844320486778
2022/06/27 00:33:34, 0.01567172524429983781, 63.8091840184425577462
2022/06/27 00:44:22, 0.01567372333289837121, 63.80104961410473454783
2022/06/27 00:47:55, 0.01571809005095963786, 63.62096137367191867306
2022/06/27 00:49:42, 0.01571809005096633863, 63.6209613736447964462
2022/06/27 00:54:10, 0.01571809005096640069, 63.62096137364454524236
2022/06/27 00:59:58, 0.01573145025150579527, 63.56693019477217094957
2022/06/27 01:03:44, 0.01573368076891845206, 63.55791849898712136486
2022/06/27 01:10:01, 0.01577876555644722873, 63.37631397225484523276
2022/06/27 01:18:49, 0.01577607954011350141, 63.38710434726963059837
2022/06/27 01:31:46, 0.01577786372288270262, 63.37993644536907505546
2022/06/27 01:51:47, 0.01580020014076083792, 63.29033753314509034264
2022/06/27 01:55:17, 0.01582253655863897323, 63.20099159157943772698
2022/06/27 02:19:04, 0.01582253655863905562, 63.2009915915791086223
2022/06/27 04:48:45, 0.0158225365586390611, 63.20099159157908672288
2022/06/27 04:56:36, 0.01582041957348154465, 63.20944873524194919238
2022/06/27 05:41:07, 0.01582041957348157811, 63.20944873524181552283
2022/06/27 05:57:48, 0.01585611875099614152, 63.06713614497723204743
2022/06/27 05:57:48, 0.01584615764893643451, 63.10678097204959932692
2022/06/27 06:02:35, 0.01584615764893678152, 63.106780972048217381
2022/06/27 06:04:49, 0.01584649253734566551, 63.10544731859653312351
2022/06/27 06:23:20, 0.01589337691458942453, 62.9192905556806973349
2022/06/27 06:58:04, 0.01658284397876462897, 60.30328701642267598197
2022/06/27 07:00:37, 0.01654443637517392294, 60.44327998387237457865
2022/06/27 07:00:37, 0.01643212723937251454, 60.85639341958908188478
2022/06/27 07:02:17, 0.01624956812958954068, 61.540097067506476942
2022/06/27 07:09:41, 0.01621559629438300665, 61.66902418176225187145
2022/06/27 07:12:08, 0.01620157570893386031, 61.72239157260369284568
2022/06/27 07:21:10, 0.01619542921968119304, 61.7458164544826429913
2022/06/27 07:47:38, 0.01619655580301853915, 61.74152160261324200993
2022/06/27 08:51:22, 0.0161965558030186748, 61.74152160261272489642
2022/06/27 09:21:59, 0.01618324788074306968, 61.79229332511985354638
2022/06/27 09:36:57, 0.01618324788075648615, 61.79229332506862558812
2022/06/27 09:50:06, 0.01618324788077590112, 61.792293324994493659
2022/06/27 09:56:34, 0.01618709272641096118, 61.77761608595679321241
2022/06/27 10:42:55, 0.01618709272641107223, 61.77761608595636939324
2022/06/27 11:52:21, 0.01619610007182974149, 61.74325890584756047644
2022/06/27 12:13:18, 0.01619610007182977363, 61.74325890584743795809
2022/06/27 12:55:11, 0.0161965503795960294, 61.74154227679077969206
2022/06/27 13:28:37, 0.01623713924272947963, 61.5872035739159543379
2022/06/27 13:29:48, 0.01623713924272962805, 61.5872035739153913674
2022/06/27 14:23:18, 0.01623257262096552669, 61.60452956843258420737
2022/06/27 14:30:49, 0.01622598840116225103, 61.62952759958653845722
2022/06/27 14:34:10, 0.01623161426909571748, 61.60816684166504584126
2022/06/27 14:37:01, 0.0162323470907511406, 61.60538549411499145057
2022/06/27 14:38:56, 0.01623234709075125936, 61.60538549411454075538
2022/06/27 14:40:23, 0.0162294580323225036, 61.61635206846742746805
2022/06/27 14:49:04, 0.01615346309484914361, 61.90622989808730858981
2022/06/27 15:21:09, 0.01616245546492168685, 61.87178688104402920918
2022/06/27 15:22:59, 0.01618493639010304494, 61.78584678352469455537
2022/06/27 15:32:46, 0.01618493639012500447, 61.7858467834408642453
2022/06/27 15:37:27, 0.01618422845956745761, 61.78854942008932608062
2022/06/27 15:44:28, 0.01618422845956753061, 61.78854942008904738641
2022/06/27 16:13:43, 0.01618422845957116813, 61.78854942007515995381
2022/06/27 16:16:11, 0.01618692776534621449, 61.77824566196249260291
2022/06/27 16:21:51, 0.01618692776534642768, 61.77824566196167895921
2022/06/27 16:46:32, 0.01611952008861200953, 62.03658635634394936573
2022/06/27 16:55:45, 0.01611565006056580437, 62.0514838831695877228
2022/06/27 16:59:42, 0.01611565006058631421, 62.05148388309061690693
2022/06/27 17:16:00, 0.01614288847249689346, 61.94678243015362194977
2022/06/27 17:24:45, 0.01614355031589124219, 61.94424277388531046512
2022/06/27 17:37:11, 0.01654109943599593116, 60.45547358380839756696
2022/06/27 17:39:45, 0.01637211706122693568, 61.07945577595689608373
2022/06/27 17:42:56, 0.01637211706120866539, 61.07945577602505707134
2022/06/27 17:48:19, 0.01637551119662273463, 61.06679589985800106324
2022/06/27 18:18:19, 0.0163710179092849589, 61.08355665733171588473
2022/06/27 18:59:02, 0.01637101790929416372, 61.0835566572973708577
2022/06/27 19:03:41, 0.0162353116160969415, 61.59413651220114481769
2022/06/27 19:44:37, 0.01625793156449757159, 61.50843949815233381983
2022/06/27 19:49:41, 0.01629186085529141202, 61.3803425454134858885
2022/06/27 19:54:58, 0.01628221530230610217, 61.41670414211798349597
2022/06/27 20:54:35, 0.01627793410455117992, 61.43285711670303506966
2022/06/27 21:08:35, 0.01628668856711085827, 61.39983556997509573659
2022/06/27 21:44:34, 0.01630475352732059546, 61.33180721342266880759
2022/06/27 21:46:57, 0.01631397050491798736, 61.29715630529927464554
2022/06/27 21:51:35, 0.0163139705049180984, 61.2971563052988574204
2022/06/27 21:52:45, 0.01631397050491854474, 61.2971563052971803638
2022/06/27 21:54:47, 0.01631281617199891604, 61.30149383504414620859
2022/06/27 22:00:27, 0.01628438636606011145, 61.40851595637635984935
2022/06/27 22:28:29, 0.01628438636606729995, 61.40851595634925197689
2022/06/27 22:48:15, 0.01627455951967926354, 61.44559542707106351847
2022/06/27 22:57:21, 0.01627455951968190255, 61.44559542706109980947
2022/06/27 23:02:12, 0.01626442844216718185, 61.48386975636958031913
2022/06/27 23:37:18, 0.01626740464087082939, 61.47262099127742817881
2022/06/27 23:57:30, 0.01632160110711251341, 61.26849893202125738596
2022/06/28 00:32:09, 0.0177329674154897013, 56.39214106526257863852
2022/06/28 00:34:16, 0.01773518043786123673, 56.38510436945937215237
2022/06/28 00:36:31, 0.01753541964399909342, 57.02743477497650355007
2022/06/28 00:37:51, 0.01742678871010599945, 57.3829187141110085777
2022/06/28 00:39:24, 0.01722668693182452564, 58.04946731530850770297
2022/06/28 00:45:30, 0.01727115941973015509, 57.89999244970341534909
2022/06/28 00:46:54, 0.01724812493530421136, 57.97731659243472667152
2022/06/28 01:03:13, 0.01724812493532013583, 57.9773165923811986723
2022/06/28 01:07:20, 0.01711168642575651625, 58.43959356891905513407
2022/06/28 01:26:48, 0.0171183409084697678, 58.41687610656372802688
2022/06/28 01:47:42, 0.01713076260953450401, 58.37451739850903832937
2022/06/28 01:56:08, 0.0171329807704389212, 58.36695980686503182543
2022/06/28 02:07:56, 0.01714405672824004671, 58.3292516964657033154
2022/06/28 02:24:16, 0.01715513625964346761, 58.29158013465891505462
2022/06/28 02:27:53, 0.01716400245732792903, 58.26146916991753802048
2022/06/28 02:29:09, 0.01716400245732814524, 58.26146916991680411544
2022/06/28 02:40:48, 0.01716400245732838401, 58.26146916991599363237
2022/06/28 03:14:24, 0.01717286803871153595, 58.23139138702827034397
2022/06/28 03:49:11, 0.01715605000449198522, 58.28847547880596230403
2022/06/28 03:59:45, 0.01715605000450863407, 58.2884754787493970689
2022/06/28 04:04:14, 0.01716938647095996581, 58.24319941142827103937
2022/06/28 04:31:04, 0.01716938647097495752, 58.24319941137741508797
2022/06/28 05:05:45, 0.01715905246792052702, 58.27827625502843984198
2022/06/28 05:14:14, 0.01714841944161326773, 58.31441220602213358177
2022/06/28 06:05:24, 0.01714975314285668453, 58.30987721339451745454
2022/06/28 06:09:40, 0.01714975314285676819, 58.30987721339423299953
2022/06/28 06:30:13, 0.01714260879731854804, 58.33417841025575388801
2022/06/28 06:42:22, 0.01714260879731879609, 58.33417841025490981991
2022/06/28 07:19:19, 0.0171426087973189181, 58.33417841025449461459
2022/06/28 07:29:42, 0.01715370596574664116, 58.29644054741575361157
2022/06/28 07:38:32, 0.01717591106384453063, 58.22107463661769190121
2022/06/28 07:43:45, 0.01716814148813825241, 58.24742303591313187618
2022/06/28 07:51:34, 0.01717080861656428732, 58.23837550872955482899
2022/06/28 08:31:26, 0.01717080861657353702, 58.2383755086981825285
2022/06/28 08:33:31, 0.01716699748623011374, 58.25130462109718598325
2022/06/28 08:43:25, 0.01715456289091728258, 58.29352845413879047835
2022/06/28 09:48:28, 0.01715456289093843038, 58.29352845406692737788
2022/06/28 09:51:07, 0.01715456289094111482, 58.29352845405780529549
2022/06/28 09:52:26, 0.01702434379374776333, 58.73941528173630553978
2022/06/28 10:34:07, 0.01702434379376792274, 58.73941528166674912991
2022/06/28 10:36:04, 0.01676447241095275835, 59.64995351399597125433
2022/06/28 11:05:21, 0.01686569526147880977, 59.29195236226024884418
2022/06/28 12:12:20, 0.01686569526148618915, 59.29195236223430636866
2022/06/28 12:34:30, 0.01686244878173683425, 59.30336767475120420664
2022/06/28 12:47:42, 0.01683995970767352549, 59.38256488489852947617
2022/06/28 12:50:45, 0.01683995970767383578, 59.38256488489743528674
2022/06/28 13:30:06, 0.0168393249204734681, 59.38480341240919470679
2022/06/28 14:35:18, 0.01683304255426336036, 59.40696679025068420558
2022/06/28 14:43:32, 0.01679942185748510002, 59.52585800174087533983
2022/06/28 14:49:50, 0.0168003100020777499, 59.52271118070599249348
2022/06/28 15:18:28, 0.01679932284835711749, 59.52620882560123946286
2022/06/28 15:19:41, 0.01679447516567984451, 59.54339091486100349324
2022/06/28 15:31:01, 0.01679669524359341577, 59.53552085678397533672
2022/06/28 15:33:27, 0.0167978069867366632, 59.53158056820080164936
2022/06/28 15:37:45, 0.01679780698673681634, 59.53158056820025892485
2022/06/28 15:47:00, 0.01679780698674224261, 59.53158056818102816635
2022/06/28 15:51:29, 0.0168067119767451323, 59.50003792435221772682
2022/06/28 15:55:49, 0.01676268523937157513, 59.65631315746697818671
2022/06/28 16:09:48, 0.01678044986582164634, 59.59315799016783389705
2022/06/28 16:50:47, 0.01722762284175548241, 58.04631371289648671954
2022/06/28 18:02:22, 0.01717578680018104397, 58.22149585540147418503
2022/06/28 18:11:14, 0.01717578680018113169, 58.22149585540117686405
2022/06/28 19:28:04, 0.01715933615254474475, 58.27731277656094604766
2022/06/28 19:47:19, 0.0171907852545133987, 58.1706993133110333822
2022/06/28 19:54:50, 0.01755191577461748208, 56.9738376619912599779
2022/06/28 19:57:09, 0.01733107123819326709, 57.69983783785128540436
2022/06/28 19:59:31, 0.01733107123818396508, 57.69983783788225433505
2022/06/28 20:44:05, 0.01733218855863960619, 57.69611821477260930241
2022/06/28 21:32:58, 0.01731721937576226314, 57.74599133389925998806
2022/06/28 21:42:10, 0.01731976094153610727, 57.73751747357022005448
2022/06/28 22:17:24, 0.01734208968676593053, 57.66317774051869310314
2022/06/28 22:35:08, 0.01731671490750632462, 57.74767358250653049522
2022/06/28 22:56:35, 0.01731983409543115964, 57.73727360724502469478
2022/06/28 23:22:16, 0.01756579120389549149, 56.92883334388229628524
2022/06/28 23:25:56, 0.01747571307126554425, 57.2222716132969035506
2022/06/28 23:31:31, 0.0174757130712656305, 57.22227161329662113972
2022/06/28 23:33:12, 0.01747607108271259077, 57.22109936879374228425
2022/06/28 23:34:52, 0.01747607108272851591, 57.22109936874159932936
2022/06/28 23:44:19, 0.01747830923889065574, 57.21377201491085240706
2022/06/28 23:56:31, 0.01746848383700336996, 57.24595273012228070746
2022/06/29 00:01:41, 0.01746848383698448973, 57.24595273018415308847
2022/06/29 00:51:37, 0.01746848383698468381, 57.24595273018351705017
2022/06/29 00:53:35, 0.01747632560354228102, 57.22026601503177175992
2022/06/29 01:06:37, 0.01747334778822441208, 57.23001751695900559947
2022/06/29 01:12:07, 0.01750467916382788848, 57.12758232475493060038
2022/06/29 01:15:36, 0.01750467916382800066, 57.12758232475456448119
2022/06/29 01:29:03, 0.01750557394943638121, 57.12466228690528211987
2022/06/29 02:16:32, 0.01772360227398988586, 56.42193864096922688948
2022/06/29 03:06:16, 0.01774614467951734783, 56.35026751214323916779
2022/06/29 04:12:09, 0.01779055935722794723, 56.20958733901304057287
2022/06/29 04:20:37, 0.01778733234168542101, 56.21978500151226124388
2022/06/29 04:30:47, 0.01780987382096468079, 56.1486291285714732883
2022/06/29 04:31:59, 0.01784262691029017729, 56.045559043959007006
2022/06/29 04:36:14, 0.01784262691029040946, 56.04555904395827774228
2022/06/29 05:06:23, 0.01784121480672353436, 56.0499949601607808112
2022/06/29 05:11:47, 0.01784938870839944161, 56.02432757427860439276
2022/06/29 05:34:37, 0.01783774444468110347, 56.0608995773668079675
2022/06/29 07:16:53, 0.01784451618313252752, 56.03962526847586021948
2022/06/29 07:18:21, 0.01852169002827493291, 53.99075346112666114087
2022/06/29 07:20:46, 0.01829783575249114344, 54.65127206991438001087
2022/06/29 07:22:02, 0.01828171900926398427, 54.69945137507392727448
2022/06/29 07:47:43, 0.01828171900926420145, 54.69945137507327747752
2022/06/29 08:00:52, 0.01873194294136717647, 53.38474514523658016366
2022/06/29 08:03:06, 0.01849463277236522259, 54.06974078956600053624
2022/06/29 08:04:07, 0.0184946327723479431, 54.06974078961651776926
2022/06/29 08:11:23, 0.01894197759158952387, 52.79279817351344395441
2022/06/29 08:12:25, 0.01889942904473614036, 52.91165133258454207861
2022/06/29 08:14:02, 0.0186970966924281986, 53.48423963625176310655
2022/06/29 08:16:36, 0.01869709669242304252, 53.48423963626651241896
2022/06/29 08:31:32, 0.01794441476159727494, 55.72764636159065389658
2022/06/29 08:33:12, 0.01813933192817200765, 55.12882194117140589471
2022/06/29 08:36:49, 0.01813308018253920937, 55.14782871599082712915
2022/06/29 09:17:37, 0.01811812056311527931, 55.19336271753217977399
2022/06/29 09:27:56, 0.01812617688135132035, 55.16883160446403164336
2022/06/29 09:52:47, 0.0181697245474920827, 55.03660759337307951112
2022/06/29 10:04:53, 0.01816645398355581786, 55.04651600720729182436
2022/06/29 10:08:05, 0.01816645398357338571, 55.04651600715405914885
2022/06/29 10:11:12, 0.01817120842763394881, 55.03211324565764153751
2022/06/29 10:18:21, 0.01817002896270038998, 55.03568552657838947287
2022/06/29 10:42:49, 0.01818527127770642169, 54.9895563683954487575
2022/06/29 11:10:42, 0.01818570612177819221, 54.98824149602063059075
2022/06/29 11:17:18, 0.01818107261707429572, 55.00225542583638467728
2022/06/29 11:35:51, 0.01831174392125738077, 54.60976323719443613251
2022/06/29 11:39:17, 0.01831174392125758328, 54.60976323719383222191
2022/06/29 11:40:07, 0.01826209727677001798, 54.75822326672372630537
2022/06/29 12:08:55, 0.01825793834210701729, 54.77069651910091814462
2022/06/29 12:11:19, 0.01826228010994832275, 54.75767505368910508561
2022/06/29 12:19:18, 0.01826228010995139197, 54.75767505367990234524
2022/06/29 12:31:29, 0.01822080286159660402, 54.88232366026348970925
2022/06/29 12:35:22, 0.01865909989047838636, 53.59315325335137410844
2022/06/29 12:37:47, 0.01865909989047839153, 53.59315325335135925491
2022/06/29 12:44:37, 0.01865780208176124762, 53.59688111267619474601
2022/06/29 12:58:09, 0.01865780208176138681, 53.59688111267579489879
2022/06/29 13:08:14, 0.01865780208176166345, 53.59688111267500023305
2022/06/29 13:26:54, 0.01865156657546263162, 53.61479937645377643929
2022/06/29 14:53:56, 0.01869514482675984237, 53.48982365563816069332
2022/06/29 15:21:15, 0.0187344086605019386, 53.37771894067392796121
2022/06/29 15:34:46, 0.01872977060501213013, 53.39093687204036961533
2022/06/29 15:39:01, 0.01872977060502092396, 53.39093687201530198364
2022/06/29 15:45:08, 0.01839869133317965004, 54.35169175302321033021
2022/06/29 16:09:46, 0.01850795359459807093, 54.03082490394133491309
2022/06/29 16:12:30, 0.01850795359459832988, 54.03082490394057896724
2022/06/29 16:25:39, 0.01847043751390514867, 54.14056917965085215656
2022/06/29 16:33:48, 0.01847043751391074164, 54.14056917963445802136
2022/06/29 16:38:53, 0.01836183231944664543, 54.46079577477244550305
2022/06/29 16:42:11, 0.01837054370253522318, 54.43497025414632673404
2022/06/29 17:07:13, 0.01837132899764566302, 54.43264339385314938352
2022/06/29 17:16:20, 0.01837132899764570857, 54.43264339385301444808
2022/06/29 18:00:43, 0.01836332876094659441, 54.45635772348127998052
2022/06/29 18:54:14, 0.01836296887331051507, 54.45742498934584721826
2022/06/29 19:07:15, 0.01837387315561184049, 54.42510631976225354145
2022/06/29 19:24:28, 0.01836667335095926405, 54.44644116501214337567
2022/06/29 19:57:06, 0.01836363901059022911, 54.45543769529037454862
2022/06/29 20:23:22, 0.01836103926969580824, 54.46314804470037174046
2022/06/29 20:29:51, 0.0183610392697107655, 54.46314804465600498529
2022/06/29 21:13:28, 0.01836539335155205629, 54.45023587885691373099
2022/06/29 23:12:15, 0.01836974794881366332, 54.43732830665109911923
2022/06/29 23:15:24, 0.01837845869037106943, 54.41152693201224840526
2022/06/29 23:18:16, 0.01837845869037113467, 54.411526932012055253
2022/06/29 23:29:42, 0.01840023941266338538, 54.34711894627748640057
2022/06/29 23:43:04, 0.01839752688000616465, 54.35513188931755590419
2022/06/30 00:18:40, 0.01838470396864232331, 54.39304335308523148291
2022/06/30 00:34:25, 0.01837735957597545481, 54.41478118038732666347
2022/06/30 00:44:36, 0.01836781323046297001, 54.44306229886433219579
2022/06/30 00:45:55, 0.0183765312160600802, 54.4172340384922513189
2022/06/30 00:51:53, 0.01876884056793003853, 53.27979618030753645538
2022/06/30 01:00:03, 0.01876588092329828285, 53.28819915714569325932
2022/06/30 01:01:16, 0.01876649022372962192, 53.2864690242148868344
2022/06/30 01:28:44, 0.01876108645934409627, 53.30181715046372962008
2022/06/30 01:42:48, 0.01876108645934416476, 53.30181715046353504621
2022/06/30 02:13:08, 0.01876108645934436515, 53.30181715046296571479
2022/06/30 02:41:05, 0.01876108645935125341, 53.30181715044339560447
2022/06/30 02:47:26, 0.01876108645935852452, 53.30181715042273777814
2022/06/30 02:54:11, 0.01732160038281399769, 57.73138612481625745743
2022/06/30 02:54:56, 0.01733685890316303175, 57.68057556363653094309
2022/06/30 02:55:46, 0.01746227629209499372, 57.26630270148059006123
2022/06/30 02:56:59, 0.01754991105240699137, 56.98034577006296562541
2022/06/30 02:58:09, 0.01768094012464471129, 56.55807852695244884567
2022/06/30 03:13:57, 0.01769635583086529502, 56.50880947227784177348
2022/06/30 03:49:20, 0.0176985586215307742, 56.50177629626138102084
2022/06/30 03:58:39, 0.01769855862153094496, 56.50177629626083585897
2022/06/30 03:59:42, 0.01772010910092643664, 56.43306112306714547202
2022/06/30 04:09:05, 0.01772010910093947316, 56.43306112302562820274
2022/06/30 04:32:03, 0.01771764185140839454, 56.44091964306801453522
2022/06/30 04:49:03, 0.01771678258945677094, 56.44365702128660793741
2022/06/30 05:18:50, 0.01771077806022454527, 56.46279325501985015521
2022/06/30 05:29:50, 0.01772621002169622868, 56.41363826650123199379
2022/06/30 05:32:06, 0.01854244217349426223, 53.93032862895822580613
2022/06/30 05:33:40, 0.01853854627006397837, 53.94166216877527045899
2022/06/30 05:36:06, 0.01839546586655080919, 54.36122179533049393394
2022/06/30 05:38:35, 0.01830513126093691843, 54.62949081026238011802
2022/06/30 05:44:27, 0.01790176556184087499, 55.86041201051054121217
2022/06/30 05:48:14, 0.01774414685474959245, 56.35661202456341601812
2022/06/30 05:52:18, 0.01758860170986254092, 56.85500283056982341965
2022/06/30 06:17:04, 0.01759520053419585342, 56.83368018776050904943
2022/06/30 07:10:25, 0.01758307503635974394, 56.87287337010829375717
2022/06/30 07:34:18, 0.01757103133746639323, 56.9118557012483402141
2022/06/30 08:08:49, 0.01759300905483700506, 56.84075969511656438319
2022/06/30 08:15:40, 0.01758669766953935698, 56.86115829079312850251
2022/06/30 08:17:15, 0.01758614920496312887, 56.86293163700566934541
2022/06/30 08:39:12, 0.01763002576855345588, 56.72141454175821257427
2022/06/30 09:34:05, 0.01738727710660227055, 57.51331815033197540032
2022/06/30 09:57:08, 0.01738727710660256879, 57.51331815033098888542
2022/06/30 10:09:59, 0.01843334559167000753, 54.24951184400828601525
2022/06/30 10:11:14, 0.01842847947412844792, 54.26383665586136264071
2022/06/30 10:13:18, 0.01828624851295174793, 54.68590232117440479883
2022/06/30 10:16:14, 0.01819773152156093039, 54.95190424230546636715
2022/06/30 10:17:55, 0.01805607181702123547, 55.38303182075917389729
2022/06/30 10:25:00, 0.01802864257414986894, 55.46729299707992400794
2022/06/30 10:43:27, 0.01801965795289134534, 55.49494905032561605383
2022/06/30 11:15:39, 0.01805830098869651223, 55.37619517062785389579
2022/06/30 11:20:04, 0.01805830098869680906, 55.37619517062694366135
2022/06/30 11:22:24, 0.01805830098869690643, 55.37619517062664507778
2022/06/30 11:37:08, 0.01805258838558334596, 55.3937185427986646083
2022/06/30 11:54:28, 0.01804104638812110666, 55.4291574051068927254
2022/06/30 12:12:11, 0.01804965224909314256, 55.4027294376401283626
2022/06/30 12:33:01, 0.0180487145111077786, 55.40560793870204850155
2022/06/30 12:36:35, 0.01804481443968809773, 55.41758289298789096583
2022/06/30 12:38:25, 0.01811357300455048346, 55.20721945630387007506
2022/06/30 12:51:26, 0.01811302894395599543, 55.20887771416512362518
2022/06/30 13:06:01, 0.01810521108306825382, 55.23271700130501902264
2022/06/30 14:11:29, 0.01810443439956321382, 55.23508649483829896294
2022/06/30 14:27:21, 0.01810288118251206739, 55.23982563427695410473
2022/06/30 14:31:05, 0.0180967834261299784, 55.25843883151622331914
2022/06/30 14:43:03, 0.01809755544933796044, 55.25608156302577937553
2022/06/30 14:46:15, 0.01811136127546332545, 55.21396126942523080916
2022/06/30 14:51:30, 0.01811136127546361244, 55.21396126942435589069
2022/06/30 15:05:47, 0.01811780412068156415, 55.19432671526098416711
2022/06/30 15:08:00, 0.01812638025528022651, 55.16821262252287470574
2022/06/30 15:16:17, 0.01811032577502448648, 55.21711825742394340539
2022/06/30 16:06:55, 0.01811461392653694558, 55.20404707798123188363
2022/06/30 16:10:12, 0.01812241966353670439, 55.18026944338202677867
2022/06/30 16:21:54, 0.01834830888392540354, 54.50093555358012016472
2022/06/30 16:26:09, 0.01834830888392578081, 54.50093555357899952724
2022/06/30 16:28:16, 0.01825509704235622596, 54.77922125967114425829
2022/06/30 17:34:01, 0.01823870979033437158, 54.82843970300746409703
2022/06/30 18:50:57, 0.01823870979034286194, 54.82843970298194074959
2022/06/30 19:24:06, 0.01823760955355790636, 54.83174738790883794478
2022/06/30 20:12:40, 0.01820675385858568653, 54.92467288606936242829
2022/06/30 20:44:10, 0.01819138503871082569, 54.97107547732205543752
2022/06/30 20:47:59, 0.01819138503871095373, 54.97107547732166851187
2022/06/30 21:24:57, 0.01820424426001329034, 54.93224468518914126059
2022/06/30 21:56:24, 0.0182014551458450085, 54.94066227052610046265
2022/06/30 22:01:17, 0.01824434871812075404, 54.81149343559599960623
2022/06/30 22:03:40, 0.01852373959835429724, 53.98477962240642275943
2022/06/30 22:10:20, 0.01837905677023324644, 54.40975630586232299713
2022/06/30 22:35:26, 0.01836992989642631709, 54.43678912430361659636
2022/06/30 23:08:28, 0.01837206695425363062, 54.43045698069769669606
2022/06/30 23:48:20, 0.01829239311655898092, 54.66753276228036933197
2022/06/30 23:57:16, 0.01828637080931101481, 54.68553659049843607083
2022/07/01 00:00:24, 0.0191385095123926814, 52.25067288298882720208
2022/07/01 00:03:40, 0.01899025660830836017, 52.65858279990242617727
2022/07/01 00:07:02, 0.01897238778767463978, 52.70817839015747321966
2022/07/01 00:08:45, 0.01896229055717026035, 52.73624496919584399859
2022/07/01 00:10:22, 0.01883399102349163754, 53.0954909531760937793
2022/07/01 00:22:50, 0.01883377426082836526, 53.09610204258745498424
2022/07/01 00:39:19, 0.0188354623970336505, 53.09134328220620055659
2022/07/01 00:56:22, 0.01883757267353559222, 53.08539573173743132044
2022/07/01 01:03:10, 0.01883862942637928279, 53.08241790667233396684
2022/07/01 01:06:08, 0.01883862942639612147, 53.08241790662488690686
2022/07/01 01:16:57, 0.01884707203430815064, 53.05863946291796436893
2022/07/01 01:25:05, 0.01884564271496548145, 53.06266361538795871623
2022/07/01 01:38:02, 0.01884405163475472069, 53.06714391270644978572
2022/07/01 01:58:08, 0.01888632941712956582, 52.94835104872298455946
2022/07/01 02:14:41, 0.01888792886549385049, 52.94386733036087411034
2022/07/01 02:25:52, 0.01888587639910049829, 52.94962112786189125423
2022/07/01 02:33:19, 0.01888366032709534644, 52.95583497470261660618
2022/07/01 02:43:35, 0.01888894275029806504, 52.94102550997567776537
2022/07/01 02:54:20, 0.01888035202585336611, 52.9651141372085389794
2022/07/01 02:57:58, 0.01878690223719794919, 53.22857315028798309593
2022/07/01 02:59:24, 0.01878690223718830921, 53.22857315031529588242
2022/07/01 03:24:50, 0.01878900283377982807, 53.22262223528696112533
2022/07/01 03:26:51, 0.01878738594843778632, 53.2272026957083012475
2022/07/01 03:39:55, 0.01879159338881141926, 53.21528511762092054033
2022/07/01 03:52:20, 0.01873242540057567638, 53.38337020518808283826
2022/07/01 03:57:44, 0.01873871767910365901, 53.36544459043440988748
2022/07/01 04:00:56, 0.01779339834343504432, 56.20061894297749888523
2022/07/01 04:15:01, 0.0178072997772704294, 56.15674540821841554267
2022/07/01 04:26:23, 0.01779209522562951928, 56.20473515449151018042
2022/07/01 04:33:37, 0.01778448830834747477, 56.22877547343499981988
2022/07/01 04:36:15, 0.01776936401562289114, 56.27663427463111617304
2022/07/01 04:41:02, 0.01778982014001858559, 56.21192300592620092085
2022/07/01 04:43:19, 0.01778704941316202325, 56.22067925779877312072
2022/07/01 04:44:34, 0.01577848068582056623, 63.37745819207146291796
2022/07/01 04:45:48, 0.01608770869054987867, 62.15925581667279378048
2022/07/01 04:46:36, 0.01634061673724707767, 61.19720057570306493055
2022/07/01 04:48:10, 0.01649756836526682462, 60.61499354688847368011
2022/07/01 04:49:45, 0.01649756836526707132, 60.61499354688756726124
2022/07/01 04:53:23, 0.01658906013599221589, 60.28069051545387871429
2022/07/01 04:53:56, 0.01660878560742347507, 60.20909798203664342442
2022/07/01 04:58:47, 0.01658259955942546146, 60.30417585713244304895
2022/07/01 05:03:03, 0.01651740481603785409, 60.54219843477063993314
2022/07/01 05:06:03, 0.01650877302190772035, 60.57385359123691114394
2022/07/01 05:09:30, 0.01651074025325742116, 60.56663630225234494167
2022/07/01 05:19:39, 0.01650035964654042454, 60.60473961909470680567
2022/07/01 05:28:21, 0.01649648125879570364, 60.61898803217888337891
2022/07/01 06:03:07, 0.01649547679073730587, 60.62267933725500654985
2022/07/01 06:15:32, 0.01650165855463269869, 60.59996919032472660977
2022/07/01 06:42:13, 0.01650165855463878437, 60.59996919030237780721
2022/07/01 06:43:51, 0.01650973674476488096, 60.57031771370266235688
2022/07/01 06:45:06, 0.01627735457238439503, 61.43504434661427821674
2022/07/01 06:49:01, 0.01627735457239690441, 61.43504434656706451148
2022/07/01 06:50:54, 0.01609013980636711611, 62.14986395607852954747
2022/07/01 07:34:58, 0.01606347436406983519, 62.25303301985289909484
2022/07/01 07:38:25, 0.01604686070938877188, 62.31748490313219644541
2022/07/01 07:50:03, 0.01604686070938891317, 62.31748490313164777274
2022/07/01 08:15:58, 0.01604686070938907458, 62.31748490313102092293
2022/07/01 08:33:40, 0.01605967839095022583, 62.26774756358191166226
2022/07/01 08:36:28, 0.01605967839096390729, 62.26774756352886493679
2022/07/01 08:42:16, 0.01594600326233244444, 62.7116389949696138739
2022/07/01 09:25:38, 0.01593501085264355848, 62.75489921201426442927
2022/07/01 09:28:57, 0.01603528103081243884, 62.36248669907684763509
2022/07/01 09:32:00, 0.01603528103081510346, 62.3624866990664847222
2022/07/01 09:34:45, 0.01420953835519473898, 70.37526308055031761934
2022/07/01 09:35:54, 0.01469417563887964679, 68.05417497216228410518
2022/07/01 09:37:01, 0.01481660168285001915, 67.49185956436178605977
2022/07/01 09:38:22, 0.01502177245077567474, 66.57004047138014669635
2022/07/01 09:40:37, 0.01503845287622247206, 66.49620198505361551446
2022/07/01 09:43:38, 0.01504875404678364903, 66.45068401617798529268
2022/07/01 09:59:26, 0.01506524324711640332, 66.37795245632075959594
2022/07/01 10:06:43, 0.01506524324711654564, 66.37795245632013251677
2022/07/01 10:10:02, 0.01506560313114988363, 66.37636683342493587694
2022/07/01 10:15:27, 0.01601057426121866558, 62.45872157266916833345
2022/07/01 10:18:01, 0.01565978409043704832, 63.857840837707937888
2022/07/01 10:19:18, 0.01570186734202312448, 63.68669268550538480621
2022/07/01 10:20:26, 0.01557517696858961605, 64.204727947341796263
2022/07/01 10:24:28, 0.01557517696858985073, 64.20472794734082885843
2022/07/01 10:40:33, 0.01557172303025144458, 64.21896909271269568031
2022/07/01 10:57:58, 0.0155642758217934463, 64.24969664183011242768
2022/07/01 11:32:24, 0.0155642758218032003, 64.24969664178984765883
2022/07/01 11:35:30, 0.01556846908659936123, 64.23239140839834244707
2022/07/01 11:36:17, 0.01556846908661665697, 64.23239140832698364791
2022/07/01 11:39:35, 0.01542645364190270658, 64.8237127737324529612
2022/07/01 11:52:21, 0.01529817295175189133, 65.36728295292828569784
2022/07/01 12:08:02, 0.01521528454250776025, 65.72338474553309327656
2022/07/01 12:14:54, 0.01490291184992939476, 67.10098067209178862406
2022/07/01 12:16:20, 0.01505840139740697203, 66.40811156569369248431
2022/07/01 12:24:41, 0.01505840139741644337, 66.40811156565192351679
2022/07/01 12:31:20, 0.01472033951851648778, 67.9332157211534041843
2022/07/01 12:33:59, 0.01470922722398883921, 67.98453683339189138289
2022/07/01 12:36:10, 0.01485917668378600345, 67.29847967224034135021
2022/07/01 12:41:46, 0.01485917668380629431, 67.29847967214844235149
2022/07/01 12:45:52, 0.01478706845138960221, 67.626656580873935727
2022/07/01 12:59:32, 0.01480175678605663154, 67.55954813026029941799
2022/07/01 13:07:25, 0.01479559793283095493, 67.58767063959153899663
2022/07/01 13:09:40, 0.01461105847313336973, 68.44131120539880143721
2022/07/01 13:30:33, 0.01461105847313342673, 68.44131120539853442225
2022/07/01 13:37:14, 0.01463178787596519986, 68.34434783206792800486
2022/07/01 13:41:09, 0.01473562727511368245, 67.86273711529427901183
2022/07/01 13:46:07, 0.01473562727511378578, 67.862737115293803165
2022/07/01 14:36:48, 0.01472955905298574069, 67.89069492187520642336
2022/07/01 15:06:58, 0.01473078345740650338, 67.88505193165466926496
2022/07/01 15:14:06, 0.01473078345740925262, 67.88505193164199975301
2022/07/01 15:19:31, 0.01470788366484484927, 67.9907471929646115991
2022/07/01 15:32:15, 0.01470850612830889725, 67.98786982692541281651
2022/07/01 15:33:52, 0.0147085061283091282, 67.98786982692434531461
2022/07/01 15:48:12, 0.01471016354209440602, 67.98020954277044288789
2022/07/01 15:51:09, 0.01471016354209445129, 67.98020954277023369585
2022/07/01 16:33:08, 0.01471068226578723351, 67.97781244488632753562
2022/07/01 17:15:16, 0.01472000676385012999, 67.93475139263063600479
2022/07/01 17:19:36, 0.0147206285017994479, 67.93188211208238273969
2022/07/01 17:32:21, 0.01473307813286152755, 67.87447884156271076068
2022/07/01 17:35:38, 0.01473307813286159108, 67.87447884156241808776
2022/07/01 17:38:38, 0.01473445594980482118, 67.86813190840931062679
2022/07/01 17:47:23, 0.01474274474814841922, 67.82997447782528264707
2022/07/01 18:07:14, 0.01474274474814855062, 67.82997447782467806945
2022/07/01 18:16:55, 0.0147427447481486549, 67.82997447782419832084
2022/07/01 18:27:28, 0.01475414259816452534, 67.77757455891771174915
2022/07/01 18:32:28, 0.01475414259816469757, 67.77757455891692054135
2022/07/01 18:36:34, 0.01475828655173773059, 67.75854341181997893294
2022/07/01 18:44:00, 0.01475828655173777618, 67.7585434118197696279
2022/07/01 18:52:21, 0.01475828655173795336, 67.75854341181895615371
2022/07/01 18:53:55, 0.01475828655173799081, 67.75854341181878424543
2022/07/01 18:56:07, 0.01475523526753379989, 67.77255542650121929733
2022/07/01 19:15:36, 0.01486899112411536675, 67.25405857416537910363
2022/07/01 19:21:44, 0.01493544078843811121, 66.95483676478596979169
2022/07/01 19:35:38, 0.01493181832852513137, 66.97108001171171125476
2022/07/01 19:46:56, 0.01497331082012509252, 66.78549667558731903155
2022/07/01 20:25:55, 0.01497331082012518758, 66.78549667558689503838
2022/07/01 20:26:47, 0.01498367854089772226, 66.73928550125493135044
2022/07/01 20:29:12, 0.01498990089243088618, 66.71158182940005668246
2022/07/01 20:42:36, 0.01713389412777612933, 58.36384843646711913395
2022/07/01 20:45:28, 0.01643660466439391207, 60.83981579031756055994
2022/07/01 20:47:29, 0.01630304757387481313, 61.33822498331370816638
2022/07/01 20:49:46, 0.01608778065793215614, 62.15897775228215105043
2022/07/01 20:55:50, 0.01603041237986471775, 62.38142702155732688475
2022/07/01 20:59:18, 0.01603148378347705467, 62.37725799471263063523
2022/07/01 21:09:42, 0.01602798938381219149, 62.39085739662213978995
2022/07/01 21:31:15, 0.01602906070622220578, 62.38668742528482612932
2022/07/01 22:06:49, 0.0159995863105101764, 62.50161601635268470501
2022/07/01 22:18:52, 0.01599864048052109234, 62.5053110742462887703
2022/07/01 22:20:30, 0.01599439417006881416, 62.52190544805721813242
2022/07/01 22:38:29, 0.01599439417006914089, 62.52190544805594095878
2022/07/01 22:49:18, 0.01599863023937068492, 62.50535108556490773166
2022/07/01 23:10:04, 0.01592663851351554136, 62.78788830118720271603
2022/07/01 23:21:28, 0.01592663851351568529, 62.78788830118663532553
2022/07/02 00:49:45, 0.01591216494064868185, 62.84499964209355343563
2022/07/02 00:51:33, 0.01591467669131117872, 62.83508106362995040687
2022/07/02 00:58:18, 0.01591530990576390903, 62.83258107577526458541
2022/07/02 01:14:09, 0.0159153099057641532, 62.83258107577430062582
2022/07/02 01:48:04, 0.01591219813391980451, 62.84486854574254855413
2022/07/02 02:08:23, 0.01603711219384231303, 62.35536597318093370794
2022/07/02 02:15:33, 0.01602090438385573554, 62.41844879916391890777
2022/07/02 02:20:34, 0.01612678839804842256, 62.00862659802832391946
2022/07/02 02:29:05, 0.01613525911918383752, 61.97607318317318388402
2022/07/02 02:36:20, 0.01613386536761399826, 61.98142709231543519277
2022/07/02 02:39:31, 0.01613386536761405023, 61.98142709231523555208
2022/07/02 03:09:16, 0.01623974192851999056, 61.57733321142345483392
2022/07/02 03:44:28, 0.01623829717159741712, 61.58281188184626392593
2022/07/02 04:18:28, 0.01622769579470394109, 61.6230432620236366288
2022/07/02 04:44:53, 0.01625518382771522178, 61.51883673533065780083
2022/07/02 04:48:24, 0.0159449842212495883, 62.71564688457441832749
2022/07/02 05:09:51, 0.01594079442690543188, 62.73213073447361757702
2022/07/02 05:12:57, 0.01593641172015846723, 62.74938283221364208237
2022/07/02 05:30:40, 0.0159385062697371822, 62.74113665837830657564
2022/07/02 05:59:42, 0.01592880491992926459, 62.77934879777790152236
2022/07/02 06:08:57, 0.01596026670015503017, 62.65559459543909078879
2022/07/02 06:19:38, 0.01593472240756036751, 62.75603518047740264962
2022/07/02 06:22:41, 0.01587887329459925015, 62.97676046953039982968
2022/07/02 07:05:10, 0.01588334326756943386, 62.95903722245915447653
2022/07/02 07:07:23, 0.01596556447185373943, 62.63480390956019822801
2022/07/02 07:09:54, 0.01596556447185395446, 62.63480390955935466166
2022/07/02 07:24:20, 0.0159358264450921495, 62.75168742867276272893
2022/07/02 07:28:11, 0.01595672654843550334, 62.66949533568626680336
2022/07/02 07:49:43, 0.01602775918549124136, 62.39175348386984080503
2022/07/02 07:56:36, 0.01602901133513720361, 62.3868795830157976923
2022/07/02 08:17:42, 0.01602277249634958808, 62.41117136424588715361
2022/07/02 08:50:38, 0.01602277249634944286, 62.41117136424645278874
2022/07/02 09:04:50, 0.01604366797900616787, 62.32988623976407195098
2022/07/02 09:14:52, 0.01607501120299125537, 62.20835477949271506301
2022/07/02 09:31:26, 0.01607501120299140553, 62.2083547794921339315
2022/07/02 09:40:38, 0.0160744909769331618, 62.21036805675504711349
2022/07/02 09:43:38, 0.01607552125597111756, 62.20638099859800106249
2022/07/02 09:59:07, 0.01607063192874129572, 62.22530666087648115645
2022/07/02 10:27:31, 0.01607130428615592498, 62.22270340941872239972
2022/07/02 10:32:47, 0.01604859188361405154, 62.31076266703628658232
2022/07/02 12:02:37, 0.0161112090611037708, 62.06858816165659664848
2022/07/02 12:03:25, 0.01613205688488108558, 61.98837551442041741268
2022/07/02 12:06:29, 0.01613205688488118632, 61.98837551442003030887
2022/07/02 12:08:43, 0.01634078080984700871, 61.19658611401217031281
2022/07/02 12:31:16, 0.01634078080985924735, 61.19658611396633631238
2022/07/02 12:42:05, 0.01636117519876078825, 61.1203038810892385565
2022/07/02 13:05:37, 0.01635320434254707091, 61.15009505496378892812
2022/07/02 13:15:34, 0.01633972341838530896, 61.20054632471985709383
2022/07/02 13:30:55, 0.01635147256571665721, 61.15657143300057893505
2022/07/02 13:39:04, 0.01634560575991098575, 61.17852190296835839088
2022/07/02 13:44:59, 0.01634560575991127208, 61.17852190296728674114
2022/07/02 13:53:42, 0.01632859921102533076, 61.24224050552873158396
2022/07/02 13:54:42, 0.01632831470725950349, 61.24330758736564494162
2022/07/02 14:02:29, 0.01632831470725959426, 61.24330758736530451094
2022/07/02 14:05:30, 0.01632151978776309373, 61.26880419247113337765
2022/07/02 14:13:41, 0.01632222731251082016, 61.26614835424514864787
2022/07/02 14:18:25, 0.01632222731251086525, 61.26614835424497940884
2022/07/02 14:28:14, 0.0163216719142434939, 61.26823313531540204093
2022/07/02 15:17:31, 0.01631566092359039369, 61.29080548334549959178
2022/07/02 15:20:25, 0.01632190306053928888, 61.26736547147212326187
2022/07/02 15:22:49, 0.01632190306053934833, 61.26736547147190008066
2022/07/02 16:15:37, 0.0163323072831061336, 61.22833612335859799486
2022/07/02 16:47:10, 0.01633334788718856938, 61.22443524174077038244
2022/07/02 16:52:29, 0.0163282427777479844, 61.24357737764611384328
2022/07/02 17:05:46, 0.01632845083748153921, 61.24279700218257711722
2022/07/02 17:34:56, 0.01636491610439689977, 61.10633220608577284809
2022/07/02 18:05:43, 0.01637533475208700279, 61.0674538957166694596
2022/07/02 18:29:27, 0.01638157715871686151, 61.04418337204402247914
2022/07/02 18:38:42, 0.01638241080914512041, 61.04107702156827862114
2022/07/02 18:50:09, 0.01638241080914518079, 61.04107702156805366085
2022/07/02 18:56:21, 0.016380611045434023, 61.04778370149645768822
2022/07/02 18:58:36, 0.01638123491434543098, 61.04545873548743173232
2022/07/02 19:04:54, 0.01637994692021272194, 61.05025888490567042228
2022/07/02 19:14:00, 0.01637994692021281794, 61.05025888490531261219
2022/07/02 19:26:49, 0.01637994692021305765, 61.05025888490441918189
2022/07/02 19:37:50, 0.01638036208541573309, 61.04871154773499809586
2022/07/02 19:41:48, 0.01637795956658938468, 61.05766691718877004725
2022/07/02 19:48:21, 0.01637789082281360173, 61.05792319772023744507
2022/07/02 20:28:08, 0.01642915713181421744, 60.86739520334560888263
2022/07/02 20:30:05, 0.0164284209645459181, 60.87012270735540049585
2022/07/02 20:31:40, 0.0164290030552340256, 60.86796603774539487487
2022/07/02 21:01:08, 0.01643108509196401163, 60.86025325795873866908
2022/07/02 21:08:10, 0.01643629018378897671, 60.84097985726088857573
2022/07/02 21:29:36, 0.01643335251437656412, 60.85185595119190630107
2022/07/02 22:01:23, 0.01643543436475680953, 60.84414794319898807467
2022/07/02 22:18:09, 0.01638430677460796679, 61.03401344692701287812
2022/07/02 22:26:09, 0.01638430677460797287, 61.03401344692699024216
2022/07/02 22:40:30, 0.01668663047507494298, 59.92821627432298017124
2022/07/02 22:50:24, 0.01667146044390101797, 59.98274736427387787689
2022/07/02 22:56:30, 0.01669851719096277668, 59.88555681705673545108
2022/07/02 23:10:07, 0.01701015026609836098, 58.78842834169572716296
2022/07/02 23:13:20, 0.01701326206465630341, 58.77767568615899566284
2022/07/02 23:15:32, 0.01701326206465656261, 58.77767568615810018609
2022/07/02 23:34:18, 0.01705477610841322628, 58.63460145376483893944
2022/07/02 23:45:04, 0.01705477610841351274, 58.63460145376385409318
2022/07/03 00:05:20, 0.01717946944768500929, 58.20901530429703285804
2022/07/03 00:08:38, 0.01717946944768523363, 58.20901530429627272664
2022/07/03 00:18:30, 0.01711325350720255209, 58.43424218423015395824
2022/07/03 00:24:56, 0.01707118586135117341, 58.57823868369801939874
2022/07/03 01:19:48, 0.01707010487135488777, 58.58194823853053660619
2022/07/03 02:53:21, 0.01699874152850329051, 58.82788430680069599988
2022/07/03 03:01:13, 0.0169987415285216869, 58.82788430673703126658
2022/07/03 03:04:20, 0.01698940375112620535, 58.86021750078847282938
2022/07/03 03:14:39, 0.01698838418637871954, 58.86375002054637120001
2022/07/03 03:17:33, 0.01698838418639057834, 58.86375002050528116472
2022/07/03 03:20:14, 0.01706074452137316563, 58.61408913000434211504
2022/07/03 03:26:13, 0.01706074452137340976, 58.6140891300035033779
2022/07/03 03:44:37, 0.01709984653137790735, 58.48005700899234326776
2022/07/03 03:53:02, 0.01712558603697177859, 58.39216233775229079819
2022/07/03 04:03:01, 0.01712558603697190109, 58.39216233775187312368
2022/07/03 04:17:49, 0.01712764929201901406, 58.38512821873173730794
2022/07/03 04:38:40, 0.01714003143107523314, 58.34295018776798863289
2022/07/03 04:43:20, 0.01714126989038519437, 58.33873490090227193411
2022/07/03 04:45:19, 0.01714126989038533314, 58.33873490090179962812
2022/07/03 04:50:58, 0.01714126989038568293, 58.33873490090060915404
2022/07/03 05:23:31, 0.01772402533709187182, 56.42059187916272259605
2022/07/03 05:24:29, 0.01771212865602309269, 56.45848782043175228074
2022/07/03 05:26:58, 0.01736468270197657537, 57.58815275594829473414
2022/07/03 05:36:41, 0.01735495606829480793, 57.62042819727252109134
2022/07/03 05:41:56, 0.01736577068661222371, 57.58454479483188175028
2022/07/03 05:47:20, 0.01734780952700781547, 57.64416530185883239716
2022/07/03 05:54:42, 0.01734855672905516076, 57.64168256862610633018
2022/07/03 06:03:10, 0.01734855672905541597, 57.64168256862525836152
2022/07/03 06:11:54, 0.01734696084298328069, 57.64698548936269237679
2022/07/03 06:16:38, 0.01734924726022176839, 57.63938832624703773879
2022/07/03 06:36:45, 0.01734761874095587439, 57.644799262224206133
2022/07/03 06:38:56, 0.0173464023162734633, 57.64884163108875269327
2022/07/03 06:42:10, 0.01735357276329425565, 57.62502129331945405948
2022/07/03 06:53:02, 0.01735564809819330299, 57.61813067090813534707
2022/07/03 06:57:35, 0.01735564809819332637, 57.61813067090805771935
2022/07/03 07:13:24, 0.01734603329321950246, 57.65006806431624599196
2022/07/03 07:21:24, 0.01735289007874495151, 57.62728833422801474257
2022/07/03 07:28:26, 0.0173532017508142901, 57.62625331968352828768
2022/07/03 07:34:50, 0.01729904433643603762, 57.80666148671313060058
2022/07/03 07:45:22, 0.01729945862936354352, 57.80527711443132850306
2022/07/03 07:48:56, 0.01734091297370848109, 57.66709062643676278617
2022/07/03 07:51:33, 0.01733292418730537933, 57.69366952706106276546
2022/07/03 07:56:17, 0.01733292418730561682, 57.6936695270602722766
2022/07/03 08:17:21, 0.01733603535352846021, 57.68331568362121018371
2022/07/03 08:32:21, 0.01736089625591311959, 57.60071284680363760895
2022/07/03 08:32:21, 0.01735098738268182544, 57.63360769878196549236
2022/07/03 08:37:17, 0.01735098738268199953, 57.63360769878138722222
2022/07/03 09:29:07, 0.01743393221487331904, 57.35940622430981184762
2022/07/03 09:58:10, 0.01751707453192834725, 57.087157914256824018
2022/07/03 10:00:03, 0.01751707453192851092, 57.08715791425629063625
2022/07/03 10:41:13, 0.01751707453192884268, 57.08715791425520945172
2022/07/03 10:45:13, 0.01750302690271151623, 57.13297508815935207086
2022/07/03 10:46:54, 0.01750302690269324294, 57.13297508821899931066
2022/07/03 11:30:41, 0.01750925907748633651, 57.11263940835821801412
2022/07/03 11:48:47, 0.01757158082541727215, 56.91007598778483894975
2022/07/03 12:20:35, 0.01759648094656600673, 56.82954467070032397521
2022/07/03 12:21:56, 0.01760528959935771896, 56.80111050467935934651
2022/07/03 12:25:09, 0.01760528959935801433, 56.80111050467840637625
2022/07/03 13:08:17, 0.01760405786825071196, 56.80508479829079632374
2022/07/03 14:40:21, 0.01760405786826613911, 56.80508479824101570136
2022/07/03 14:43:50, 0.01757646850233044827, 56.8942503932124301512
2022/07/03 15:20:49, 0.01758061682477608572, 56.88082562556711823742
2022/07/03 15:37:35, 0.01758061682477641696, 56.88082562556604652431
2022/07/03 15:56:51, 0.01758996318012181724, 56.85060223037229897251
2022/07/03 16:34:40, 0.01758996318012181764, 56.85060223037229768077
2022/07/03 16:56:42, 0.01758996318012190623, 56.85060223037201135319
2022/07/03 17:40:15, 0.01759435435810710103, 56.83641352484306725731
2022/07/03 18:01:20, 0.0177397505026682422, 56.37057859689681900588
2022/07/03 18:24:26, 0.01774804736114512744, 56.3442264746964637561
2022/07/03 18:25:58, 0.01774653632746586977, 56.34902391923797815331
2022/07/03 18:31:14, 0.0177465363274847296, 56.34902391917809418519
2022/07/03 18:34:58, 0.01771093134340076918, 56.46230458527567950982
2022/07/03 18:37:41, 0.01766668811270864825, 56.60370487214541502344
2022/07/03 18:54:58, 0.01766668811270889787, 56.60370487214461524049
2022/07/03 19:14:14, 0.01766670887522083306, 56.60363834956215326909
2022/07/03 19:27:37, 0.01766878512641435143, 56.59698688083694552873
2022/07/03 19:34:17, 0.01767334632174042882, 56.58238014438017274375
2022/07/03 19:39:24, 0.01767334632174045892, 56.58238014438007638715
2022/07/03 19:50:00, 0.01767334632174058856, 56.58238014437966134862
2022/07/03 19:52:59, 0.01767541923947065676, 56.57574434030499338954
2022/07/03 19:59:22, 0.01767541923947085812, 56.57574434030434888038
2022/07/03 20:02:14, 0.01769617652764855886, 56.50938203727777152146
2022/07/03 20:09:10, 0.01769617652766737921, 56.50938203721767230245
2022/07/03 20:27:09, 0.01769250685675762294, 56.52110286553607855463
2022/07/03 20:40:04, 0.01768370430376136396, 56.54923780801388626823
2022/07/03 20:44:39, 0.01767783958639055984, 56.56799831863271280802
2022/07/03 20:49:15, 0.0176575061256158781, 56.63313906765646895098
2022/07/03 20:57:31, 0.01708586230354481803, 58.52792105157778137598
2022/07/03 20:59:21, 0.01728518870171270751, 57.85299872953742960776
2022/07/03 21:05:20, 0.01728518870172259974, 57.85299872950432061262
2022/07/03 21:19:17, 0.01728518870173200566, 57.85299872947283928174
2022/07/03 21:35:33, 0.01728560758955281294, 57.8515967587038394319
2022/07/03 21:40:18, 0.01728437875309797178, 57.8557097298486729912
2022/07/03 21:50:48, 0.01728674094159522116, 57.84780389655795692466
2022/07/03 22:27:30, 0.01728674094159554405, 57.84780389655687641773
2022/07/03 22:51:06, 0.01728715112634532851, 57.84643129983498346527
2022/07/03 22:58:38, 0.01728715112634566166, 57.84643129983386867501
2022/07/03 23:13:33, 0.01729995118315897136, 57.80363131738039877394
2022/07/03 23:15:07, 0.01660706744150304632, 60.21532721068383725461
2022/07/03 23:16:09, 0.01661711943250902564, 60.17890188859343065556
2022/07/03 23:16:57, 0.01701858800563483848, 58.75928130282611817069
2022/07/03 23:25:23, 0.01689505178005929497, 59.18892780075814566486
2022/07/03 23:29:20, 0.01685504215256369471, 59.32942741694048276361
2022/07/03 23:32:38, 0.01684811221137945788, 59.35383071134732728712
2022/07/03 23:41:50, 0.01682613746167950711, 59.43134615876272722051
2022/07/03 23:54:40, 0.01683829522386210033, 59.38843491607554235153
2022/07/04 00:51:25, 0.01683910697014475888, 59.38557203615195107603
2022/07/04 00:55:15, 0.01673781077702760908, 59.74496983634710477096
2022/07/04 01:06:49, 0.01671525414192583564, 59.82559352727769772566
2022/07/04 01:10:50, 0.01671525414194485153, 59.82559352720963793162
2022/07/04 01:12:34, 0.01672133032488926965, 59.80385415336994734239
2022/07/04 01:13:51, 0.01671377775173157773, 59.83087814461324783979
2022/07/04 01:54:33, 0.01671377775173176994, 59.83087814461255975334
2022/07/04 02:16:43, 0.01671377775173196242, 59.83087814461187072938
2022/07/04 02:31:25, 0.01672995557697858753, 59.77302183492103173326
2022/07/04 02:33:54, 0.01672995557697874439, 59.77302183492047127649
2022/07/04 02:55:00, 0.01709378992239166064, 58.50077744842707142104
2022/07/04 03:24:26, 0.01709024980778805485, 58.51289543727432004656
2022/07/04 03:31:23, 0.01709720766791000863, 58.48908309611950095192
2022/07/04 06:05:15, 0.01709966079246285538, 58.48069222757783798049
2022/07/04 06:25:06, 0.01935089442953796001, 51.67719784949893563641
2022/07/04 06:27:16, 0.01884336046419526989, 53.06909040455519911671
2022/07/04 06:28:27, 0.01850857650482930242, 54.02900648459256648747
2022/07/04 06:30:07, 0.01820688804934797105, 54.92426807313796895973
2022/07/04 06:47:36, 0.01919942218955970632, 52.08490079163849318435
2022/07/04 06:50:36, 0.01889460308858232737, 52.92516573710311046881
2022/07/04 06:55:38, 0.0188946030885893891, 52.92516573708333005383
2022/07/04 07:03:14, 0.01848439148746847365, 54.09969815224654772405
2022/07/04 07:27:41, 0.01849168581174643226, 54.07835771061891146313
2022/07/04 07:34:28, 0.01849168581174666817, 54.07835771061822157132
2022/07/04 07:51:49, 0.01848481718400378896, 54.09845226196612098853
2022/07/04 08:24:29, 0.01848415640136966413, 54.10038620566425425599
2022/07/04 09:06:18, 0.01847147415587712572, 54.13753074395672560104
2022/07/04 09:07:51, 0.01846929597847560207, 54.14391545651849328982
2022/07/04 09:26:34, 0.01846283169464430826, 54.16287255058928199639
2022/07/04 09:52:34, 0.01846283169465732978, 54.16287255055108182913
2022/07/04 10:08:01, 0.01843733449807552179, 54.23777499423137417855
2022/07/04 10:10:34, 0.01843733449808829017, 54.23777499419381297457
2022/07/04 10:25:57, 0.01840605599249070305, 54.32994447088391376337
2022/07/04 10:27:04, 0.01754038601728744426, 57.01128806483623197661
2022/07/04 10:27:57, 0.0177454143128270734, 56.3525867794003115126
2022/07/04 11:19:04, 0.0177459083700501511, 56.35101788802789441287
2022/07/04 11:50:56, 0.01774590837005542555, 56.35101788801114572898
2022/07/04 11:53:06, 0.01767583307755826003, 56.5744197522225086555
2022/07/04 12:31:38, 0.01768283135122266625, 56.55202948767906121483
2022/07/04 12:44:07, 0.01768283135122280212, 56.55202948767862667079
2022/07/04 12:56:43, 0.01759940016026227012, 56.82011835027778473278
2022/07/04 13:37:40, 0.017683082134564619, 56.55122746081286185133
2022/07/04 13:52:38, 0.01768186242055827836, 56.55512842568687375419
2022/07/04 14:50:34, 0.01768186242056852489, 56.55512842565410040279
2022/07/04 14:52:55, 0.01758149025284431875, 56.87799985204444423095
2022/07/04 15:00:48, 0.01757956636923715503, 56.88422450225624334851
2022/07/04 15:27:15, 0.01751862208705542192, 57.08211496490376911834
2022/07/04 15:32:04, 0.01751862208706915527, 57.08211496485902082499
2022/07/04 15:45:34, 0.01751862208708089367, 57.08211496482077277801
2022/07/04 16:02:55, 0.0175306164097138638, 57.04305978915216502249
2022/07/04 16:09:40, 0.01753061640971417776, 57.04305978915114342745
2022/07/04 16:35:25, 0.01752075987410838176, 57.0751501182187878496
2022/07/04 16:52:30, 0.01755606873989598796, 56.9603602501003059703
2022/07/04 17:33:41, 0.01755606873989628648, 56.96036025009933740227
2022/07/04 17:35:53, 0.01752106133360675137, 57.07416810886465095038
2022/07/04 18:22:33, 0.0175220588610655302, 57.07091888739319143953
2022/07/04 18:31:38, 0.01751935244762735093, 57.07973528070840202424
2022/07/04 19:26:26, 0.01753930741581015338, 57.01479404475158244821
2022/07/04 19:32:26, 0.01752934207663641678, 57.04720665659364136108
2022/07/04 20:04:00, 0.01752934207663657346, 57.04720665659313147083
2022/07/04 20:19:46, 0.01752934207663676272, 57.04720665659251554163
2022/07/04 20:59:09, 0.01752718759620690764, 57.05421902464328746245
2022/07/04 21:02:01, 0.01752778595810609409, 57.05227131311065106182
2022/07/04 21:03:03, 0.01722279474061255646, 58.06258595429520795031
2022/07/04 21:04:21, 0.01702904443744296563, 58.72320103888091348497
2022/07/04 21:14:43, 0.01704280874511592484, 58.67577433717179346067
2022/07/04 21:24:56, 0.0170435954444553697, 58.67306597712752325066
2022/07/04 21:26:13, 0.01704057217951623192, 58.68347549984610857444
2022/07/04 21:31:34, 0.01704057217952339253, 58.6834754998214492343
2022/07/04 21:44:48, 0.01704057217952350703, 58.68347549982105492582
2022/07/04 21:58:05, 0.01704057217952356068, 58.68347549982087015346
2022/07/04 22:08:13, 0.01682193163317583727, 59.44620521627982183924
2022/07/04 22:26:03, 0.01680709182572763059, 59.49869319266998950498
2022/07/04 22:28:15, 0.01680791187044802325, 59.49579029850925217159
2022/07/04 22:30:55, 0.01679657352145273647, 59.53595230138997721786
2022/07/04 22:33:15, 0.01679657352145768121, 59.53595230137245047325
2022/07/04 22:36:04, 0.0168004998015393604, 59.52203873770315635378
2022/07/04 22:44:49, 0.01660959073949140935, 60.20617941069271042982
2022/07/04 22:48:13, 0.01660959073949313568, 60.20617941068645283291
2022/07/04 22:54:05, 0.01654112285499435423, 60.45538799066862486673
2022/07/04 23:04:05, 0.01654697935251015566, 60.43399092344315252504
2022/07/04 23:34:39, 0.01655480043647111647, 60.40543972955096289949
2022/07/04 23:41:19, 0.01655870534288088555, 60.3911948001376706468
2022/07/05 00:07:43, 0.01670536793532168484, 59.86099820558927573271
2022/07/05 00:34:37, 0.01680118749571634037, 59.51960242423112759391
2022/07/05 00:48:25, 0.016900916016983527, 59.16839057688423759856
2022/07/05 00:49:15, 0.01688552816314781891, 59.2223109835836422838
2022/07/05 01:11:04, 0.01715081816637859303, 58.30625631378556460921
2022/07/05 01:43:25, 0.01732264363197071147, 57.72790927560258001588
2022/07/05 01:46:29, 0.01732264363197934231, 57.72790927557381764297
2022/07/05 01:47:54, 0.01735715580337427164, 57.61312575218099175632
2022/07/05 01:51:31, 0.01735715580337436814, 57.6131257521806714572
2022/07/05 01:54:00, 0.01757565517391201784, 56.89688322312586528716
2022/07/05 01:54:00, 0.01755967818776783744, 56.94865186633119321403
2022/07/05 02:10:29, 0.01725744888855461133, 57.9459922760202641326
2022/07/05 02:23:06, 0.0171561480857430036, 58.28814224511234161487
2022/07/05 03:13:04, 0.01715810767140551597, 58.28148529843585261173
2022/07/05 03:32:08, 0.01720880700994028789, 58.10978061537746638836
2022/07/05 03:46:28, 0.01720664652733820589, 58.11707693368277108833
2022/07/05 04:09:17, 0.01720664652733744551, 58.11707693368533934458
2022/07/05 04:11:22, 0.01721355468000031328, 58.09375335832620717987
2022/07/05 04:16:02, 0.01721945191045153139, 58.07385770467172960186
2022/07/05 04:23:37, 0.01720915110348581376, 58.10861872189873312195
2022/07/05 04:46:19, 0.01720514049631824717, 58.12216414123392031232
2022/07/05 04:48:59, 0.01720514049631858078, 58.12216414123279330549
2022/07/05 05:45:58, 0.01720514049631865979, 58.12216414123252641046
2022/07/05 06:03:25, 0.01720514049631879962, 58.12216414123205402115
2022/07/05 07:16:38, 0.01720170165544873769, 58.13378350758945193748
2022/07/05 07:46:56, 0.01721078539920888261, 58.10310086406436592223
2022/07/05 07:52:32, 0.01721078539920904209, 58.10310086406382749791
2022/07/05 08:11:14, 0.01721078539920906481, 58.10310086406375081176
2022/07/05 08:16:10, 0.01720625042960389938, 58.11841482206188837718
2022/07/05 08:22:23, 0.01723689283069861697, 58.01509644586388421232
2022/07/05 08:23:25, 0.01723689283069890778, 58.01509644586290542445
2022/07/05 08:58:48, 0.01724123768625970905, 58.00047642733580672646
2022/07/05 09:01:58, 0.01723972899334106269, 58.00555219784808309461
2022/07/05 09:34:43, 0.01733508880727345896, 57.68646536038626245145
2022/07/05 10:16:20, 0.01772873437691942147, 56.40560565349064120762
2022/07/05 10:27:16, 0.01772873437691958351, 56.40560565349012566933
2022/07/05 10:44:12, 0.01772420743457324408, 56.42001221726716798418
2022/07/05 10:45:59, 0.01772427814864078312, 56.41978711988824927464
2022/07/05 11:45:20, 0.01772427814864102362, 56.41978711988748372732
2022/07/05 11:47:11, 0.01773210627517538176, 56.39487968781133231065
2022/07/05 12:54:12, 0.01773602098526030615, 56.38243216057647813478
2022/07/05 13:04:44, 0.01772081027539932517, 56.43082818781917973836
2022/07/05 13:08:46, 0.01772863762723035689, 56.40591347324099203004
2022/07/05 13:18:20, 0.01776780029791766865, 56.28158709759907158125
2022/07/05 13:25:11, 0.01770679391204645353, 56.47549776471225210607
2022/07/05 13:44:29, 0.01768512917699347529, 56.5446816922828370613
2022/07/05 13:50:25, 0.0176839953910504835, 56.54830697965913328076
2022/07/05 14:13:51, 0.01755864312997254257, 56.95200891081404169355
2022/07/05 14:25:12, 0.01755864312997329909, 56.95200891081158788457
2022/07/05 14:29:20, 0.0172666970012454436, 57.9149561683899467571
2022/07/05 14:31:59, 0.01726669700126255015, 57.9149561683325689474
2022/07/05 14:35:42, 0.01717197281044440942, 58.23442717028854134502
2022/07/05 15:21:01, 0.01722064668144436333, 58.06982853190540398831
2022/07/05 15:22:27, 0.0172693893341438432, 57.90592710900721339143
2022/07/05 15:25:47, 0.01722050032503798886, 58.07032206526751856423
2022/07/05 15:30:03, 0.017220500325038257, 58.07032206526661436298
2022/07/05 15:40:24, 0.01722147312734471831, 58.06704180330387060964
2022/07/05 17:38:58, 0.01717545838483862764, 58.22260912015801899724
2022/07/05 17:44:02, 0.01717545838483876237, 58.22260912015756227825
2022/07/05 18:11:20, 0.01717545838483879195, 58.22260912015746201502
2022/07/05 18:16:13, 0.0171758465917295233, 58.22129317814924178851
2022/07/05 18:22:47, 0.01717627362436923621, 58.21984569349354264891
2022/07/05 19:29:41, 0.01717627362436940778, 58.21984569349296108882
2022/07/05 19:38:17, 0.01717627362438819731, 58.21984569342927304891
2022/07/05 20:01:03, 0.01721513090089468683, 58.08843428242703879726
2022/07/05 20:13:56, 0.01721580224434943107, 58.08616907923764647016
2022/07/05 20:21:11, 0.01717705907906726789, 58.21718347692270010001
2022/07/05 21:18:30, 0.01717581265525581946, 58.22140821348553716512
2022/07/05 21:21:20, 0.01717581265524603158, 58.22140821351871544791
2022/07/05 21:30:16, 0.01716985835539901293, 58.24159869586535380747
2022/07/05 22:40:13, 0.01716664857184072473, 58.25248858652281500068
2022/07/05 22:42:58, 0.01715277348839927009, 58.29960972062728084397
2022/07/05 22:57:34, 0.01731218787561483153, 57.76277424810962115576
2022/07/05 23:19:49, 0.0173160503859134532, 57.74988971004014427156
2022/07/05 23:33:41, 0.01725600855306806232, 57.95082894892302573271
2022/07/06 00:19:23, 0.01725600855306837752, 57.95082894892196717852
2022/07/06 00:37:04, 0.0172364971026700022, 58.01642839861563335548
2022/07/06 01:31:10, 0.01718882372593376538, 58.17733755051793203609
2022/07/06 01:42:17, 0.0171871942630566823, 58.18285315768307970166
2022/07/06 02:26:54, 0.01718719426306841999, 58.18285315764334475271
2022/07/06 02:44:55, 0.0171745814655334018, 58.22558191632429220169
2022/07/06 02:48:56, 0.01712476745024396054, 58.39495356100464508468
2022/07/06 03:03:20, 0.01712476745024914321, 58.39495356098697233267
2022/07/06 03:08:58, 0.01708833751675287202, 58.51944339346242745124
2022/07/06 03:19:28, 0.01708833751675311524, 58.51944339346159455606
2022/07/06 03:34:07, 0.01708788029363880856, 58.52100920745935603064
2022/07/06 03:39:43, 0.01709134424934976097, 58.50914857314660500515
2022/07/06 03:41:18, 0.01709134424935002239, 58.50914857314571008962
2022/07/06 04:31:41, 0.01709036646824871022, 58.51249602270654740646
2022/07/06 04:35:08, 0.01709395098200180033, 58.50022625271938317141
2022/07/06 04:43:06, 0.01711376355445531746, 58.43250064885141292193
2022/07/06 05:59:12, 0.01708769540680007979, 58.52164239784190924333
2022/07/06 06:14:00, 0.01710693993405658168, 58.45580821904886638935
2022/07/06 06:22:51, 0.01710693993405673438, 58.45580821904834462021
2022/07/06 06:38:36, 0.01712618445522127535, 58.39012201548075088431
2022/07/06 06:41:15, 0.01712618445522141058, 58.39012201548028983908
2022/07/06 06:59:51, 0.01712472586619929454, 58.39509536171877755637
2022/07/06 07:18:13, 0.01711482485879019617, 58.42887720153319051808
2022/07/06 09:20:55, 0.01711866475520770806, 58.41577099030388560763
2022/07/06 09:25:02, 0.01711866475520782932, 58.41577099030347184276
2022/07/06 10:32:21, 0.01713786854320672214, 58.35031337058480891888
2022/07/06 10:37:03, 0.01713786854320699067, 58.35031337058389462946
2022/07/06 10:50:27, 0.01713882847691373624, 58.34704521064641469746
2022/07/06 11:11:29, 0.0171267956394723353, 58.38803831437608643496
2022/07/06 11:35:35, 0.01751279012601739004, 57.10112396735559492565
2022/07/06 11:42:08, 0.01739488939617583364, 57.48814937678443916073
2022/07/06 11:45:55, 0.01739148889467978017, 57.49938984843956599374
2022/07/06 12:27:03, 0.01739148889468164398, 57.49938984843340388488
2022/07/06 12:45:12, 0.0173921659665854966, 57.4971514141044169673
2022/07/06 12:50:04, 0.01739112142692206299, 57.50060478860006669095
2022/07/06 12:54:30, 0.01736821629799738936, 57.5764363387910584609
2022/07/06 12:56:35, 0.01736821629798224893, 57.57643633884124968098
2022/07/06 13:29:56, 0.01736217965760047396, 57.59645503738579524895
2022/07/06 13:36:48, 0.0173670189202214589, 57.58040597489303054885
2022/07/06 14:01:47, 0.01740573302118933846, 57.45233474411120943383
2022/07/06 14:30:37, 0.01740621694745143696, 57.45073745886045769108
2022/07/06 14:31:49, 0.01740684932633737647, 57.44865031300944673355
2022/07/06 14:45:25, 0.01740684126867467406, 57.44867690610809031201
2022/07/06 14:56:48, 0.01739247924138137296, 57.49611577058731163277
2022/07/06 15:01:19, 0.01739247924138137484, 57.49611577058730542187
2022/07/06 15:32:24, 0.01739917019430202893, 57.47400530213131768893
2022/07/06 15:38:50, 0.01739917019430229648, 57.47400530213043391869
2022/07/06 16:43:11, 0.01743753523697605413, 57.34755436533907187797
2022/07/06 16:48:16, 0.01743753523697606253, 57.34755436533904424571
2022/07/06 17:12:01, 0.01743753523698402331, 57.34755436531286328058
2022/07/06 17:42:36, 0.01743753523699168607, 57.34755436528766244347
2022/07/06 17:44:17, 0.01743446192780714122, 57.357663467952937055
2022/07/06 17:54:09, 0.0174313337931113956, 57.36795656997774649932
2022/07/06 17:56:55, 0.01743239074504950345, 57.3644782649208716079
2022/07/06 17:59:55, 0.01743430964605340807, 57.35816446430784076029
2022/07/06 18:01:08, 0.01743110537463699943, 57.36870832385894365958
2022/07/06 19:01:30, 0.01749836345790885934, 57.14820145354924109641
2022/07/06 19:18:13, 0.01750028228754206076, 57.14193540248609358497
2022/07/06 19:21:49, 0.01752050900102463596, 57.07596736724474792814
2022/07/06 19:25:44, 0.01751695353463191258, 57.0875522403452678659
2022/07/06 19:27:23, 0.01751695353463146991, 57.08755224034671053095
2022/07/06 19:36:26, 0.01751695353463178425, 57.08755224034568610874
2022/07/06 20:02:57, 0.01753614460967286102, 57.02507719104941422695
2022/07/06 20:37:22, 0.01759378082835229144, 56.8382663030850599563
2022/07/06 20:45:57, 0.01759378082835023693, 56.8382663030916972446
2022/07/06 21:31:01, 0.01756218026929860136, 56.9405383993326937872
2022/07/06 21:32:57, 0.01763898020168012131, 56.6926199001430661742
2022/07/06 21:37:13, 0.0175624099184512227, 56.93979383486495114875
2022/07/06 21:46:22, 0.01762651942935190041, 56.73269779709245969917
2022/07/06 21:54:13, 0.01761976018010201258, 56.75446145568425841827
2022/07/06 22:12:32, 0.01756649167707141351, 56.92656327644783103954
2022/07/06 22:35:14, 0.01756840635964746, 56.92035916797103864702
2022/07/06 22:55:22, 0.01757989664531971074, 56.88315581003313935984
2022/07/06 23:00:35, 0.01757913342996044434, 56.88562544816238694904
2022/07/06 23:12:08, 0.01758296427475220779, 56.87323163341254889906
2022/07/06 23:18:52, 0.01759599226678664719, 56.83112295335297100443
2022/07/06 23:39:11, 0.01765352626625067442, 56.64590659780879837293
2022/07/06 23:44:56, 0.01768040753707736178, 56.55978222803476063574
2022/07/06 23:46:54, 0.01768040753709415936, 56.55978222798102501723
2022/07/06 23:57:08, 0.01768040753710740847, 56.55978222793864100126
2022/07/07 00:03:29, 0.01765922064898234082, 56.62764058942927574883
2022/07/07 00:16:52, 0.01765960543095942231, 56.62640673991952049198
2022/07/07 00:42:22, 0.01765794719227897678, 56.63172446439611391647
2022/07/07 00:52:26, 0.01765370129313294791, 56.64534498433971659025
2022/07/07 00:53:22, 0.01764743035264041249, 56.66547367052675607631
2022/07/07 00:56:37, 0.01764743035264907271, 56.66547367049894830022
2022/07/07 01:05:24, 0.01756667573385965474, 56.92596682208384012663
2022/07/07 01:26:42, 0.01756667573386619169, 56.92596682206265669794
2022/07/07 01:29:33, 0.0175834740757880671, 56.8715826969012309374
2022/07/07 01:33:43, 0.01758443255424399515, 56.86848278528330644073
2022/07/07 02:14:22, 0.01759134406014635311, 56.84613958893146624157
2022/07/07 02:37:41, 0.0175893581390054912, 56.85255778506425755925
2022/07/07 02:45:44, 0.01759274043123190755, 56.84162759684258979348
2022/07/07 02:48:37, 0.01759850024675228541, 56.82302389287660825803
2022/07/07 03:21:18, 0.01759850024675256157, 56.82302389287571658561
2022/07/07 03:30:34, 0.01761767256895143663, 56.76118659182900803696
2022/07/07 03:36:43, 0.01761767256896219943, 56.76118659179433209721
2022/07/07 04:05:31, 0.01761765170216851306, 56.76125382118392543204
2022/07/07 04:14:18, 0.01760009416768367765, 56.81787781773036502634
2022/07/07 04:24:44, 0.01760067012894078652, 56.81601851941419759795
2022/07/07 04:27:14, 0.01760182034236208841, 56.81230580415095356428
2022/07/07 04:36:08, 0.01760258717215110043, 56.80983086293651620098
2022/07/07 04:49:17, 0.01760258717215121352, 56.80983086293615122082
2022/07/07 05:17:32, 0.0175961158007055218, 56.83072396920146919728
2022/07/07 05:31:41, 0.01760955271464222138, 56.78735946362265698132
2022/07/07 06:00:16, 0.01761147227377603561, 56.78116993597561848933
2022/07/07 06:26:01, 0.01761087443154579858, 56.78309750529660488543
2022/07/07 06:28:26, 0.0176142719934574207, 56.77214479096475057852
2022/07/07 07:05:05, 0.01761213394927714454, 56.77903670730616017182
2022/07/07 09:50:21, 0.01767159650649102071, 56.58798284765534519586
2022/07/07 10:47:54, 0.01745469338993141487, 57.29118109727674357324
2022/07/07 10:51:20, 0.01744911863948512411, 57.30948483192313670872
2022/07/07 10:59:06, 0.01745446799281326576, 57.29192092315513767148
2022/07/07 11:13:56, 0.01745322539264725634, 57.29599987984357318862
2022/07/07 11:36:42, 0.01745256511555380188, 57.29816754035747179765
2022/07/07 12:15:53, 0.01745242548803849539, 57.29862595232839004134
2022/07/07 13:01:58, 0.0174513574986170132, 57.30213251772809610858
2022/07/07 13:22:20, 0.01742853985706360426, 57.37715311789073922514
2022/07/07 14:50:11, 0.01739080179362535005, 57.50166161784173542597
2022/07/07 14:55:04, 0.01735644149608261596, 57.61549683013663992619
2022/07/07 15:00:25, 0.01737550392173591758, 57.55228766338386416265
2022/07/07 15:04:56, 0.01736425204594289424, 57.58958101703246245265
2022/07/07 15:06:58, 0.0173423937714389836, 57.66216666391753183024
2022/07/07 15:29:36, 0.01734239377145541415, 57.66216666386290147384
2022/07/07 15:40:44, 0.01734902447340511822, 57.64012850018929900979
2022/07/07 15:50:54, 0.01734908166995639638, 57.63993847188531390381
2022/07/07 16:05:30, 0.01735288926260865125, 57.62729104453874071514
2022/07/07 16:56:08, 0.01741958975089650361, 57.4066332387956924263
2022/07/07 17:50:07, 0.01741666369324129021, 57.41627774486223549144
2022/07/07 17:56:29, 0.01741666369324141752, 57.41627774486181581353
2022/07/07 17:58:27, 0.0174195290188910129, 57.40683338312573030822
2022/07/07 18:38:51, 0.01720449212601672747, 58.12435453923074592531
2022/07/07 19:17:13, 0.01719759551483602516, 58.14766367410605736451
2022/07/07 20:00:54, 0.0172021441619353954, 58.13228807910949615439
2022/07/07 20:43:34, 0.01719525580063022581, 58.15557567706255670911
2022/07/07 21:14:24, 0.01719582515900375016, 58.15365013038638994014
2022/07/07 21:26:35, 0.01719962088149391249, 58.14081641043373440346
2022/07/07 21:43:28, 0.01719962088149412838, 58.14081641043300463819
2022/07/07 22:05:26, 0.01719706730011492768, 58.14944970258487148266
2022/07/07 22:43:35, 0.01723498505847669696, 58.02151824368244360471
2022/07/07 22:43:35, 0.01724257360837011939, 57.99598265972120896207
2022/07/07 22:45:14, 0.01725395956115983314, 57.95771089269776439952
2022/07/07 22:49:33, 0.01728434045956667181, 57.85583790942466574831
2022/07/07 22:52:35, 0.01729193984974936575, 57.83041166514896717474
2022/07/07 22:54:53, 0.01753257088906136691, 57.03670079690957031571
2022/07/07 23:10:21, 0.01755170821465863052, 56.97451141335814187431
2022/07/07 23:18:38, 0.01753603808539762454, 57.02542359512247218054
2022/07/07 23:33:18, 0.01757432690160341103, 56.90118350471584857908
2022/07/08 00:05:37, 0.01761265741003108452, 56.77734919379409558248
2022/07/08 01:11:16, 0.01760482886442338961, 56.80259704318079821521
2022/07/08 01:15:41, 0.0176109729263022347, 56.78277992844370315417
2022/07/08 01:32:59, 0.01761097292632107538, 56.78277992838295545016
2022/07/08 01:49:04, 0.01760928109860522788, 56.78823538566867715689
2022/07/08 03:50:20, 0.01760877386297528216, 56.78987121883761355405
2022/07/08 03:57:15, 0.01761158325086873406, 56.78081213684593486899
2022/07/08 04:07:55, 0.01761158325084974183, 56.78081213690716698382
2022/07/08 04:32:44, 0.01761735583955690869, 56.76220705916960353818
2022/07/08 04:40:57, 0.01762414785119939677, 56.74033198331037771235
2022/07/08 05:04:19, 0.0176356952505599687, 56.70317987425236292891
2022/07/08 05:37:54, 0.01763569525056016845, 56.70317987425172066396
2022/07/08 05:39:13, 0.0176356952505614882, 56.70317987424747736309
2022/07/08 05:43:34, 0.01763404587418954108, 56.70848352865362476233
2022/07/08 05:44:55, 0.01762276928146533176, 56.7447705878862919342
2022/07/08 05:48:57, 0.01761175122467155166, 56.78027058428707651815
2022/07/08 05:51:02, 0.017485533718190317, 57.19013306180602027298
2022/07/08 07:40:29, 0.01751044241928828077, 57.10877978151310564788
2022/07/08 07:52:49, 0.01750114438182238215, 57.13912063022879230028
2022/07/08 09:13:26, 0.01750073300444109731, 57.1404637592170362224
2022/07/08 10:09:20, 0.01750188061238799254, 57.13671702755135787518
2022/07/08 11:13:34, 0.01748827217838513782, 57.18117775156560500679
2022/07/08 11:21:38, 0.0174890369732684836, 57.17867722096263779237
2022/07/08 11:24:23, 0.01748903697326871442, 57.17867722096188313216
2022/07/08 11:49:09, 0.01753212084094146069, 57.03816492439261615095
2022/07/08 12:33:37, 0.01753338276140958922, 57.03405974806914009935
2022/07/08 13:46:25, 0.01753338276141822538, 57.03405974804104766225
2022/07/08 13:48:29, 0.01753207922439648916, 57.03830031799455507406
2022/07/08 13:50:11, 0.01753973880403352095, 57.01339177126373682145
2022/07/08 14:24:44, 0.0175405036213971919, 57.0109058202939343011
2022/07/08 14:27:15, 0.01754054185480395498, 57.01078155268748279172
2022/07/08 14:29:48, 0.01754054185480410279, 57.01078155268700238486
2022/07/08 14:42:15, 0.01754054185480201531, 57.0107815526937871698
2022/07/08 15:13:27, 0.01753940067775855543, 57.01449088098458454166
2022/07/08 15:15:03, 0.0175322912576374298, 57.03761050423909961356
2022/07/08 15:31:57, 0.01753611870132627709, 57.02516144147500750267
2022/07/08 15:33:40, 0.0175354927880954165, 57.02719690198184946726
2022/07/08 16:44:55, 0.01753931463053039551, 57.01477059196580599136
2022/07/08 16:50:38, 0.01753931463053746815, 57.0147705919428150801
2022/07/08 16:54:03, 0.01753931463053771014, 57.01477059194202845287
2022/07/08 17:14:03, 0.01754122608286922286, 57.00855774138849379835
2022/07/08 17:28:57, 0.01753110044519018992, 57.0414848244371738125
2022/07/08 17:31:32, 0.0175342502087065181, 57.03123818225523509302
2022/07/08 17:44:14, 0.01755336493163083985, 56.96913406033155752705
2022/07/08 17:57:22, 0.01757669897598823951, 56.89350436996805830479
2022/07/08 18:14:21, 0.01757669897598857519, 56.89350436996697174956
2022/07/08 18:16:26, 0.01759583469468353127, 56.83163188059180813104
2022/07/08 19:22:56, 0.01759644662318648603, 56.82965552160513965411
2022/07/08 20:00:15, 0.01758635609573082396, 56.86226268571662831551
2022/07/08 20:03:39, 0.0176201263803289868, 56.75328192403855616105
2022/07/08 20:21:26, 0.01762204000811654995, 56.74711892263376856498
2022/07/08 20:23:42, 0.01763352395598750583, 56.71016199007955949017
2022/07/08 20:34:54, 0.01766803185659748912, 56.5993998718417566805
2022/07/08 20:37:41, 0.01766803185659770361, 56.59939987184106955763
2022/07/08 21:00:22, 0.01763426203781309445, 56.70778838693125016801
2022/07/08 21:08:04, 0.01757293906064030203, 56.90567733429351455874
2022/07/08 21:15:31, 0.01754327417933714325, 57.00190225481524655437
2022/07/08 21:59:02, 0.01754422926985602449, 56.99879912753821595632
2022/07/08 23:04:08, 0.01753817358157748261, 57.01848002293830297008
2022/07/08 23:05:24, 0.01753817358158544869, 57.01848002291240441634
2022/07/08 23:14:09, 0.0181057853795874098, 55.23096507746121063941
2022/07/08 23:16:01, 0.0178780165442001103, 55.93461654583906326129
2022/07/08 23:29:44, 0.01787446251114548185, 55.94573819360765620671
2022/07/08 23:36:17, 0.01785456562890276924, 56.00808335438927124886
2022/07/08 23:37:54, 0.0175111888110561889, 57.10634559365960670602
2022/07/08 23:40:57, 0.01751118881107139374, 57.10634559361002165334
2022/07/08 23:43:06, 0.01752277406951752966, 57.06858948433236871281
2022/07/08 23:51:19, 0.0155122609986594428, 64.4651350364991409457
2022/07/08 23:52:20, 0.01604209912919327325, 62.33598184044434989702
2022/07/08 23:56:49, 0.01749827033299219687, 57.14850559340972419158
2022/07/08 23:58:44, 0.01708637596188311616, 58.52616155882528290202
2022/07/09 00:40:24, 0.01709867159613199328, 58.48407546620269594993
2022/07/09 00:41:09, 0.01709810355623127779, 58.48601844709013780737
2022/07/09 00:55:44, 0.01709242840258747825, 58.50543740458894964687
2022/07/09 01:13:50, 0.01709271164989490285, 58.50446789735370354845
2022/07/09 02:06:25, 0.01709271164989940867, 58.50446789733828113527
2022/07/09 02:19:09, 0.01704518778158365319, 58.66758482299869930101
2022/07/09 02:20:27, 0.01703856425010930483, 58.69039112222057421861
2022/07/09 02:23:33, 0.01703856425009672652, 58.69039112226390098872
2022/07/09 02:36:31, 0.01704611554362583937, 58.66439174606769906827
2022/07/09 03:19:24, 0.01704611554363063898, 58.66439174605118116375
2022/07/09 03:58:07, 0.01701899056267158426, 58.75789144588510436605
2022/07/09 04:02:57, 0.01701899056267173643, 58.75789144588457900175
2022/07/09 04:32:59, 0.01702095032513586661, 58.75112616498501436797
2022/07/09 04:38:38, 0.01702095032513587097, 58.75112616498499930008
2022/07/09 05:04:52, 0.01702471919922498551, 58.73812004168167978451
2022/07/09 05:17:27, 0.01702848847592550015, 58.72511828714438461474
2022/07/09 05:21:19, 0.01702848847592580892, 58.72511828714331979036
2022/07/09 05:22:55, 0.01702789725706234026, 58.72715725867143303064
2022/07/09 05:25:58, 0.01703118121523179326, 58.71583346818320290925
2022/07/09 05:28:28, 0.01703118121523182185, 58.71583346818310434126
2022/07/09 06:06:04, 0.01702350752577861041, 58.74230081466496331401
2022/07/09 06:23:47, 0.01702150883117784311, 58.74919843582413260947
2022/07/09 06:31:45, 0.01702481050943270271, 58.73780500792908959472
2022/07/09 06:35:18, 0.01702481050943290218, 58.73780500792840139804
2022/07/09 06:36:34, 0.0170248105094466378, 58.73780500788101171423
2022/07/09 06:42:01, 0.01700789347986774837, 58.79622900882466586199
2022/07/09 07:38:43, 0.01701165845108629812, 58.78321639687892407656
2022/07/09 07:40:55, 0.01701165845108632802, 58.78321639687882075961
2022/07/09 08:04:05, 0.01700934061054872817, 58.79122670868424675207
2022/07/09 09:56:11, 0.01700690536886801879, 58.79964510360300156061
2022/07/09 10:22:40, 0.01699806604346314787, 58.83022206426621469926
2022/07/09 10:44:12, 0.01698923446494223396, 58.86080400288360818944
2022/07/09 11:10:35, 0.01700616892960846541, 58.80219137768044574771
2022/07/09 11:14:35, 0.01700616892960862855, 58.80219137767988166598
2022/07/09 11:43:46, 0.01700626298068129918, 58.80186617929968861061
2022/07/09 12:50:42, 0.01700626298068145568, 58.80186617929914747872
2022/07/09 13:19:34, 0.01700626298069609901, 58.80186617924851582817
2022/07/09 13:31:41, 0.01700466339418397715, 58.80739752496513208597
2022/07/09 13:36:00, 0.01699903518372363579, 58.82686806587044009698
2022/07/09 13:49:41, 0.01699903518372386601, 58.82686806586964339785
2022/07/09 14:09:05, 0.01699808447143045802, 58.83015828523211992822
2022/07/09 14:21:08, 0.01717512987707928922, 58.22372274078282861842
2022/07/09 14:38:15, 0.01717512987707955299, 58.22372274078193446628
2022/07/09 14:50:05, 0.01717243958681792863, 58.23284425863576825947
2022/07/09 14:52:39, 0.01721006847848396019, 58.10552126798337314524
2022/07/09 14:58:33, 0.01721157671767282376, 58.10042951923174759155
2022/07/09 15:00:08, 0.0172115767176730504, 58.10042951923098253343
2022/07/09 15:04:58, 0.01720931139756084891, 58.10807747611182052441
2022/07/09 16:31:49, 0.01721025295553979082, 58.10489843370437021542
2022/07/09 16:34:53, 0.01721025295555538971, 58.1048984336517055821
2022/07/09 16:41:10, 0.01706181775533652097, 58.61040214705284610935
2022/07/09 17:25:47, 0.01687258793022799607, 59.26773083863769738595
2022/07/09 17:27:51, 0.0170079765618336217, 58.79594179615864223998
2022/07/09 17:46:28, 0.01700818260630352244, 58.79522951672584648548
2022/07/09 17:48:01, 0.0175359038820355068, 57.0258600142328947341
2022/07/09 17:52:39, 0.01745220685205381548, 57.29934377223575715156
2022/07/09 17:54:17, 0.01745177616944814841, 57.30075783063527075063
2022/07/09 18:07:05, 0.01745177616944826818, 57.30075783063487752875
2022/07/09 18:29:24, 0.01752649008883227913, 57.05648962978565513387
2022/07/09 18:35:08, 0.01752649008883252826, 57.05648962978484410159
2022/07/09 18:48:20, 0.01752649008883264488, 57.05648962978446447388
2022/07/09 19:21:05, 0.0175268631207212313, 57.0552752715769454648
2022/07/09 19:28:08, 0.01689089928366183327, 59.20347893893821922655
2022/07/09 19:32:41, 0.01689089928366089629, 59.20347893894150338503
2022/07/09 19:59:56, 0.01689273298122461347, 59.19705243144774386535
2022/07/09 20:51:06, 0.0168862751047574523, 59.21969136451325154441
2022/07/09 21:13:24, 0.0168862751047575317, 59.21969136451297307643
2022/07/09 22:01:13, 0.01688476508003989998, 59.22498745227653024829
2022/07/09 22:34:30, 0.01687445463112083856, 59.26117447112883616855
2022/07/09 23:02:22, 0.01687445463113797121, 59.2611744710686682281
2022/07/09 23:07:51, 0.01653490393247195535, 60.47812579280590796574
2022/07/09 23:08:59, 0.01676191567016338674, 59.65905208436432265143
2022/07/09 23:21:13, 0.0167656181060360268, 59.64587727546865009354
2022/07/09 23:51:17, 0.01676284502380056314, 59.65574450996592084454
2022/07/10 00:03:12, 0.01676284502380084449, 59.65574450996491955607
2022/07/10 00:07:31, 0.01670059956385250046, 59.87808977615649336112
2022/07/10 01:11:14, 0.01669711955269680003, 59.8905695586570265818
2022/07/10 01:18:48, 0.01669711955269702176, 59.89056955865623127666
2022/07/10 02:10:37, 0.01682040215376804102, 59.4516106605681774494
2022/07/10 02:28:03, 0.01684613388997624148, 59.36080091320052572728
2022/07/10 02:31:14, 0.01684613388999290199, 59.36080091314181902367
2022/07/10 02:36:39, 0.01683401916549201847, 59.40352034586580387277
2022/07/10 02:51:45, 0.01680015691727211322, 59.52325355794192762843
2022/07/10 02:54:25, 0.01682958546429543, 59.41917001589468231592
2022/07/10 03:11:30, 0.01684097384686405529, 59.37898895236448728432
2022/07/10 03:22:43, 0.01683744936889051127, 59.3914183847606194217
2022/07/10 03:31:53, 0.01757333442211426952, 56.90439708138717407431
2022/07/10 03:34:47, 0.01734424294409165716, 57.65601895818990052906
2022/07/10 04:30:01, 0.01734253799135732531, 57.66168714742624199293
2022/07/10 04:51:51, 0.01736079111647219501, 57.60106168498186002047
2022/07/10 04:56:51, 0.01736466200936262531, 57.58822138091850339328
2022/07/10 05:00:25, 0.01736466200936267737, 57.58822138091833074331
2022/07/10 05:02:13, 0.01736466200936288157, 57.58822138091765351762
2022/07/10 05:15:55, 0.01736466200936305781, 57.58822138091706904607
2022/07/10 05:40:52, 0.01736830632286778857, 57.57613790374948949508
2022/07/10 05:46:34, 0.01736830632286785216, 57.5761379037492786912
2022/07/10 05:51:35, 0.01736364345003737418, 57.59159953251905555376
2022/07/10 05:57:46, 0.01736601558955998158, 57.5837327130568297985
2022/07/10 06:04:30, 0.01736601558956025935, 57.58373271305590876213
2022/07/10 06:13:11, 0.01734078540999033612, 57.66751484185267313482
2022/07/10 07:06:22, 0.01738627141280645653, 57.51664495835579713896
2022/07/10 07:08:00, 0.01738481642711363809, 57.52145869313776512222
2022/07/10 07:16:14, 0.01736603082504355985, 57.58368219397028872666
2022/07/10 07:24:41, 0.01743524317398083159, 57.35509336011624051106
2022/07/10 07:27:16, 0.01742029315483120856, 57.40431524957820706758
2022/07/10 07:29:52, 0.01742087517138754099, 57.40239742044783966892
2022/07/10 07:37:03, 0.01742087517138775954, 57.40239742044711956964
2022/07/10 08:10:56, 0.01771309628815245171, 56.45540360263598411271
2022/07/10 08:13:21, 0.01771309628815274382, 56.45540360263505309287
2022/07/10 08:18:03, 0.0177119436246120368, 56.45907762547454722494
2022/07/10 08:37:09, 0.01770902073293194356, 56.4683962530116621105
2022/07/10 09:44:40, 0.01771116987748664016, 56.46154415079825193682
2022/07/10 10:27:11, 0.0170841431933130799, 58.53381048640536530245
2022/07/10 10:50:01, 0.01708557206121826661, 58.52891529864854736309
2022/07/10 10:54:42, 0.01708557206121793886, 58.52891529864967011845
2022/07/10 11:08:49, 0.01720093937120111923, 58.13635978941139076424
2022/07/10 11:10:55, 0.01719957870521763485, 58.14095898155003680279
2022/07/10 11:31:37, 0.01719473890924079106, 58.15732389298335441645
2022/07/10 11:34:36, 0.01717934066391829704, 58.20945166424786864369
2022/07/10 11:44:19, 0.01718221045848922649, 58.19972944784466397102
2022/07/10 12:43:53, 0.01717369220540001949, 58.22859685848826625955
2022/07/10 12:59:24, 0.01717369220541046053, 58.22859685845286518245
2022/07/10 13:19:27, 0.0171614074929154477, 58.27027884588247425175
2022/07/10 13:36:09, 0.01706949691392576461, 58.58403472829785173453
2022/07/10 15:00:12, 0.01706827782315210189, 58.58821905532610811702
2022/07/10 15:13:29, 0.01706827782315566479, 58.58821905531387819064
2022/07/10 15:16:54, 0.01705170588191235996, 58.64515884365285253002
2022/07/10 15:24:28, 0.01704927053600513135, 58.65353581481223721274
2022/07/10 15:29:34, 0.01704927053600542263, 58.65353581481123512307
2022/07/10 15:33:41, 0.01706178544039593349, 58.61051315487613674494
2022/07/10 15:39:50, 0.01706178544039595401, 58.61051315487606625362
2022/07/10 15:56:19, 0.01706178544041272796, 58.6105131548184445268
2022/07/10 16:11:05, 0.01705876472957832584, 58.62089171474955417594
2022/07/10 16:19:55, 0.01705876472957848478, 58.62089171474900799058
2022/07/10 16:40:06, 0.01705876472958588543, 58.62089171472357631621
2022/07/10 16:57:59, 0.01705693541724549652, 58.6271786541998156597
2022/07/10 17:23:33, 0.01706050270937054579, 58.61491991386316000906
2022/07/10 17:37:36, 0.01706050270937059945, 58.61491991386297567682
2022/07/10 17:45:13, 0.01706068133258687683, 58.61430622292574111067
2022/07/10 18:02:21, 0.0170785215221131551, 58.5530778355261436452
2022/07/10 18:42:25, 0.017075474295646001, 58.563527002877193174
2022/07/10 19:04:35, 0.01713675832593136542, 58.35409363781472452273
2022/07/10 19:21:06, 0.0171439091459565178, 58.32975382022806165734
2022/07/10 19:47:35, 0.01713471741198525475, 58.36104418626291541265
2022/07/10 19:58:32, 0.0171341048928261805, 58.36313050812981561387
2022/07/10 20:18:04, 0.01713410489282630517, 58.36313050812939095995
2022/07/10 20:25:16, 0.01713410489282642841, 58.36313050812897118037
2022/07/10 20:43:22, 0.01712986852585267945, 58.37756422302853902623
2022/07/10 20:51:02, 0.01713199821255645167, 58.37030728073950284912
2022/07/10 20:54:46, 0.01713803869746805914, 58.34973404207204150841
2022/07/10 20:56:03, 0.01731703546675099634, 57.74660460331198535413
2022/07/10 21:01:54, 0.0173136771805224312, 57.75780555299839083977
2022/07/10 21:30:38, 0.017313677180522643, 57.75780555299768428597
2022/07/10 22:11:19, 0.01731367718052266158, 57.75780555299762231206
2022/07/10 22:16:58, 0.0173130745462120618, 57.75981598940152505817
2022/07/10 22:30:49, 0.01731324622389899255, 57.75924324460956813509
2022/07/10 22:32:55, 0.01731324622391318364, 57.75924324456222481487
2022/07/10 22:36:41, 0.0173056289732759452, 57.78466656971789906508
2022/07/10 22:45:16, 0.01575039540498400995, 63.49046955885074910535
2022/07/10 22:46:25, 0.01625461897878490115, 61.5209745183921908916
2022/07/10 22:48:29, 0.01667110052537989237, 59.98404235386928781166
2022/07/10 22:50:08, 0.01631519138269868078, 61.2925693939724365714
2022/07/10 22:55:23, 0.01686321530633107364, 59.30067201505534230993
2022/07/10 22:57:53, 0.01786804150209347265, 55.96584269646099933247
2022/07/10 22:59:23, 0.01825058155468205385, 54.79277452084573596679
2022/07/10 23:03:19, 0.01773818419487281463, 56.37555620202928813701
2022/07/10 23:07:19, 0.01773818419488931652, 56.37555620197684178973
2022/07/10 23:22:08, 0.01838891131403932451, 54.38059833572274249035
2022/07/10 23:25:48, 0.01866157648541474266, 53.5860408568143316261
2022/07/10 23:27:01, 0.01510874852204960607, 66.18681875210291041146
2022/07/10 23:28:09, 0.01588100292572863965, 62.96831533101167718078
2022/07/10 23:30:28, 0.01606521305070182902, 62.2462955731740976259
2022/07/10 23:30:34, 0.01662421182047669171, 60.15322776194784164399
2022/07/10 23:32:04, 0.01687586503006493904, 59.25622172365477597884
2022/07/10 23:35:27, 0.01744921971693878395, 57.30915285737691992112
2022/07/10 23:39:28, 0.01738222753568106371, 57.53002588116324454126
2022/07/10 23:43:03, 0.01789729575074255325, 55.87436302819716830042
2022/07/10 23:43:03, 0.01809279044303421109, 55.27063407651435934428
2022/07/10 23:45:39, 0.01764012922598254381, 56.68892711551554100108
2022/07/10 23:47:06, 0.01763744482128456586, 56.69755512392686009385
2022/07/10 23:48:36, 0.01763639415682007756, 56.70093280452655571656
2022/07/10 23:51:52, 0.01764218942873721357, 56.6823071501039680291
2022/07/11 00:21:08, 0.01821441138665085389, 54.90158198210507311623
2022/07/11 00:26:50, 0.01821441138666441413, 54.90158198206420005395
2022/07/11 00:29:56, 0.01801437980518342799, 55.51120886838755593111
2022/07/11 00:35:41, 0.01801831297602975113, 55.49909147045714182292
2022/07/11 00:40:35, 0.01816182144940118253, 55.06055671706712121051
2022/07/11 00:47:03, 0.01813767148890800298, 55.13386878858979821986
2022/07/11 00:55:16, 0.01814067548761183847, 55.12473891520159598392
2022/07/11 01:00:08, 0.0181406754876118618, 55.12473891520152510311
2022/07/11 03:02:25, 0.01814140426379283634, 55.12252444513516872771
2022/07/11 03:02:25, 0.01814206019988009465, 55.12053146018164169009
2022/07/11 03:11:29, 0.01814206019988045215, 55.12053146018055551502
2022/07/11 03:24:41, 0.01814206019989082101, 55.12053146014905209838
2022/07/11 03:35:46, 0.01824297876486027455, 54.81560949499132607894
2022/07/11 03:41:19, 0.01824318029979102494, 54.81500393938741967265
2022/07/11 03:42:54, 0.01827013038539529702, 54.73414687830448971662
2022/07/11 03:46:14, 0.01827013038539539589, 54.73414687830419351091
2022/07/11 03:48:51, 0.01827013038539548464, 54.73414687830392764683
2022/07/11 04:33:15, 0.01825704788296686916, 54.77336787471330134426
2022/07/11 05:24:53, 0.01825464733498680575, 54.78057075818730346854
2022/07/11 05:34:08, 0.01825464733499051063, 54.78057075817618545317
2022/07/11 05:48:35, 0.01823934293632752684, 54.82653643231234640434
2022/07/11 05:51:14, 0.0182359062564285163, 54.83686886400177094217
2022/07/11 05:54:24, 0.01823805261872457471, 54.830415335753763068
2022/07/11 05:58:00, 0.01823244901784736404, 54.84726703588315856291
2022/07/11 06:13:29, 0.01823953497270604573, 54.82595918681135361457
2022/07/11 06:17:21, 0.01832048545984209496, 54.58370643026721642751
2022/07/11 06:21:56, 0.01837644561535989524, 54.41748752349328600396
2022/07/11 06:22:47, 0.01837725725758296261, 54.41508414360213906605
2022/07/11 06:24:18, 0.01837725725758318718, 54.41508414360147413392
2022/07/11 07:17:05, 0.01838102588644378236, 54.40392751622810573376
2022/07/11 07:26:04, 0.01838102588645355909, 54.40392751619916869479
2022/07/11 07:31:57, 0.01838102588645379078, 54.40392751619848295618
2022/07/11 07:37:15, 0.01837305085786603008, 54.4275421505117815642
2022/07/11 07:51:13, 0.01837164737133493376, 54.43170009676368427172
2022/07/11 07:58:41, 0.01837347820322602876, 54.42627623029042304076
2022/07/11 08:04:31, 0.01837073335219474644, 54.4344082965272737
2022/07/11 08:10:28, 0.01826546670907940225, 54.74812201228451380121
2022/07/11 08:39:46, 0.0182308234627717993, 54.8521575035843624027
2022/07/11 08:39:46, 0.0182308234627687136, 54.85215750359364653148
2022/07/11 08:41:19, 0.01823082346276636626, 54.85215750360070912793
2022/07/11 08:50:02, 0.01822025086714887405, 54.8839863562471990179
2022/07/11 09:34:35, 0.01821696430423054086, 54.89388809790713393644
2022/07/11 09:35:37, 0.01821696430423649418, 54.89388809788919456253
2022/07/11 09:38:10, 0.01810601794387655742, 55.23025565862753932269
2022/07/11 10:21:33, 0.01810929189173276139, 55.22027067532768378708
2022/07/11 10:24:53, 0.01810929189173294998, 55.22027067532710870928
2022/07/11 10:50:06, 0.01810295606085924758, 55.23959714856290216267
2022/07/11 10:52:19, 0.01810295606086123033, 55.23959714855685196417
2022/07/11 10:55:48, 0.01806364337928149506, 55.35981745227392230187
2022/07/11 11:03:17, 0.01804147893037046876, 55.42782849784176320653
2022/07/11 11:10:13, 0.01803162892489906158, 55.45810665053921930666
2022/07/11 13:11:01, 0.01802885633998403391, 55.46663532851055960724
2022/07/11 13:32:29, 0.01802715136192447301, 55.47188127083245735428
2022/07/11 13:58:01, 0.01803017890681633633, 55.46256668711969860489
2022/07/11 14:05:27, 0.01803825360163182938, 55.43773926703941384497
2022/07/11 14:18:30, 0.01803506167499295398, 55.44755088842193741867
2022/07/11 14:18:30, 0.01803102603705648075, 55.45996095534713467601
2022/07/11 14:22:02, 0.01803102603705677635, 55.45996095534622547237
2022/07/11 14:24:07, 0.01803102603705696343, 55.45996095534565004978
2022/07/11 15:08:33, 0.01803163148588669675, 55.45809877396268694926
2022/07/11 15:10:13, 0.01803970510804565689, 55.43327864899536853644
2022/07/11 15:16:09, 0.01803970510804572345, 55.43327864899516401648
2022/07/11 15:56:08, 0.01803718118476938525, 55.44103536778801395871
2022/07/11 16:03:45, 0.01794771812211220704, 55.71738943057978770747
2022/07/11 16:07:56, 0.01796586626873250906, 55.66110673663329838204
2022/07/11 16:13:12, 0.01796586626873515992, 55.6611067366250855698
2022/07/11 16:15:54, 0.01796586626875478326, 55.66110673656428936196
2022/07/11 16:19:00, 0.01796334817423517101, 55.66890928687225066368
2022/07/11 16:20:32, 0.01796066477871255024, 55.67722644571743027473
2022/07/11 16:24:04, 0.01796791384166264812, 55.65476375344560934497
2022/07/11 17:31:31, 0.01795852955335075277, 55.683846332141219081
2022/07/11 17:32:11, 0.01795852955333150908, 55.68384633220088781748
2022/07/11 17:35:57, 0.01799880738648464513, 55.55923670536653446262
2022/07/11 18:25:50, 0.0179988073864991745, 55.5592367053216847944
2022/07/11 18:34:39, 0.01757664510326336943, 56.8936787495547092904
2022/07/11 18:34:39, 0.01760486523202533128, 56.8024797020815456227
2022/07/11 18:36:45, 0.01779505822261093996, 56.19537668774636048236
2022/07/11 18:38:27, 0.01779505822261118972, 56.19537668774557177084
2022/07/11 18:50:10, 0.01779487328175439833, 56.19596072231259520364
2022/07/11 19:12:57, 0.01779730425415791784, 56.18828479410715970147
2022/07/11 19:17:51, 0.01779730425415822289, 56.18828479410619660364
2022/07/11 19:41:45, 0.01779811576789057065, 56.18572286197236106768
2022/07/11 20:12:54, 0.01817749715741447801, 55.01307420598917662473
2022/07/11 20:15:10, 0.01817196217441405516, 55.02983059297747220049
2022/07/11 20:15:10, 0.01818518737964149521, 54.98981006483938193835
2022/07/11 20:23:29, 0.01818296368063491285, 54.99653508437750963737
2022/07/11 20:25:14, 0.01818583447456239798, 54.98785339758585897743
2022/07/11 20:57:36, 0.01818546536597457964, 54.98896948059535510871
2022/07/11 21:07:55, 0.01818956049585730943, 54.97658946887424788027
2022/07/11 22:39:00, 0.01818211348292890663, 54.99910672864817868802
2022/07/11 22:57:00, 0.01817381411830233838, 55.0242229556495822483
2022/07/11 23:10:38, 0.01817422347900931318, 55.02298357643561586901
2022/07/11 23:20:19, 0.01816492808336181443, 55.05114005466121739695
2022/07/11 23:29:35, 0.0183239587910018911, 54.57336001492521563001
2022/07/12 00:06:14, 0.01836490745732475744, 54.45167650987289225689
2022/07/12 00:12:36, 0.0183504382267571903, 54.49461138981832665937
2022/07/12 00:24:56, 0.01836108808522303451, 54.46300324678459112308
2022/07/12 01:33:04, 0.01847831708968362111, 54.11748240635487596171
2022/07/12 01:38:40, 0.01841786654610768539, 54.29510510875830136365
2022/07/12 02:05:16, 0.01841954606107817211, 54.29015441987856836209
2022/07/12 02:27:34, 0.01842036536440439929, 54.28773969556568652496
2022/07/12 02:45:47, 0.01843265710039704444, 54.2515381560729911489
2022/07/12 02:49:01, 0.01843265710039730278, 54.25153815607223080305
2022/07/12 04:35:55, 0.01843368125513447636, 54.24852400121989936133
2022/07/12 04:39:23, 0.01843368125513448743, 54.24852400121986678028
2022/07/12 05:15:52, 0.01838976330912200209, 54.3780788904424371099
2022/07/12 05:35:11, 0.01845118965874753539, 54.19704737173461388228
2022/07/12 05:37:45, 0.01845118965874780768, 54.19704737173381406207
2022/07/12 05:51:12, 0.01844740027482566015, 54.20818029110883193205
2022/07/12 05:54:58, 0.01844920236554558684, 54.20288531646921524391
2022/07/12 06:06:53, 0.01854053066726046871, 53.93588878045630691895
2022/07/12 06:28:31, 0.01837543297960552806, 54.42048636948457663066
2022/07/12 07:14:56, 0.01837543297960556331, 54.4204863694844722203
2022/07/12 07:18:52, 0.01845710283116232064, 54.17968405700353541364
2022/07/12 07:19:42, 0.01928761439259562242, 51.84674370013809830219
2022/07/12 07:21:12, 0.0192473776204924978, 51.95512966583611991484
2022/07/12 07:21:12, 0.01894563259583382728, 52.78261335121116431238
2022/07/12 07:22:12, 0.01842207721426517878, 54.28269507119683821507
2022/07/12 07:23:50, 0.01862677774951836211, 53.68615084409096385351
2022/07/12 07:23:50, 0.0188313383806567849, 53.10297015464297398192
2022/07/12 07:25:40, 0.01882709378201991207, 53.11494230485064738184
2022/07/12 07:29:27, 0.01903402266116848487, 52.53750180933170770522
2022/07/12 07:50:19, 0.0190340226611708638, 52.53750180932514142573
2022/07/12 08:01:04, 0.01902716185862374709, 52.55644575004056655748
2022/07/12 08:02:21, 0.01902716185864314798, 52.55644574998697779122
2022/07/12 08:09:36, 0.01902716185864325439, 52.55644574998668387946
2022/07/12 08:19:41, 0.01894838054855683303, 52.77495865345405874603
2022/07/12 08:21:42, 0.01869628997232879199, 53.48654741021012079209
2022/07/12 08:41:52, 0.01854210219645495444, 53.93131746362550939461
2022/07/12 09:39:36, 0.01857289843392841531, 53.84189245191961592768
2022/07/12 10:33:36, 0.01856114666693723479, 53.87598179918964471978
2022/07/12 10:38:02, 0.01855764650429936542, 53.88614336243142569165
2022/07/12 10:53:16, 0.01854720888718453657, 53.91646829895599696735
2022/07/12 11:38:34, 0.01854720888718454494, 53.91646829895597263531
2022/07/12 11:48:31, 0.01854604132517252043, 53.91986259853207364795
2022/07/12 12:49:14, 0.01854604132519192121, 53.91986259847566876059
2022/07/12 12:53:00, 0.0184926105023968685, 54.07565361690756258379
2022/07/12 13:25:08, 0.01850027197127259838, 54.05325940898651067895
2022/07/12 13:30:45, 0.01850027197127286647, 54.05325940898572737235
2022/07/12 13:37:27, 0.01848533151381110952, 54.09694704435574442914
2022/07/12 14:10:35, 0.01848533151382958623, 54.09694704430167271234
2022/07/12 14:13:19, 0.0185058123769484518, 54.03707654821132169095
2022/07/12 14:19:39, 0.01850503693009338772, 54.03934095228813948805
2022/07/12 14:33:18, 0.01852863411375968456, 53.97051902802606926682
2022/07/12 14:54:37, 0.01852863411375999931, 53.97051902802515246164
2022/07/12 14:57:44, 0.01854913056084254081, 53.91088260012645473316
2022/07/12 15:01:41, 0.01854913056084273218, 53.91088260012589852735
2022/07/12 15:06:37, 0.01924109751405120244, 51.97208731309270067157
2022/07/12 15:08:33, 0.01916104004924379843, 52.189233853173099576
2022/07/12 15:10:33, 0.01948882758859771289, 51.31144987834300939098
2022/07/12 15:13:18, 0.01948584714828211271, 51.31929817524822214533
2022/07/12 16:10:53, 0.01958257096113267467, 51.06581776135481660027
2022/07/12 16:11:53, 0.01954140904065051962, 51.1733825293649710489
2022/07/12 16:23:32, 0.01954140904065433249, 51.17338252935498621258
2022/07/12 16:25:58, 0.01951846741098350079, 51.23353073496315980935
2022/07/12 16:38:05, 0.01952141608319850858, 51.22579200904742279135
2022/07/12 16:55:50, 0.01952772569839832136, 51.20924041256994646093
2022/07/12 17:14:28, 0.01952772569840896291, 51.20924041254204019307
2022/07/12 17:27:30, 0.01952324349741217354, 51.22099717357677025632
2022/07/12 17:43:42, 0.01952324349741247613, 51.22099717357597639682
2022/07/12 17:57:35, 0.01952534996554977508, 51.21547125989467559319
2022/07/12 18:44:56, 0.01951713898953172254, 51.23701791212140876466
2022/07/12 18:52:01, 0.01948221651535946759, 51.32886184750159253558
2022/07/12 19:04:42, 0.01948171809724280358, 51.33017503941438177873
2022/07/12 19:06:35, 0.01947722772454774753, 51.34200894204616845101
2022/07/12 19:54:43, 0.01947722772455312652, 51.3420089420319894281
2022/07/12 20:26:37, 0.01954030839634618427, 51.17626496555134422011
2022/07/12 20:37:19, 0.01955293673818060669, 51.14321257160931309354
2022/07/12 20:39:36, 0.01952005015691386446, 51.22937656211948995794
2022/07/12 20:54:13, 0.01952089148153158927, 51.22716864371098988907
2022/07/12 21:10:13, 0.01951765083175471492, 51.23567424277443116952
2022/07/12 21:26:35, 0.01952185702827949883, 51.22463495923533275495
2022/07/12 21:30:00, 0.01952185702827952295, 51.22463495923526947508
2022/07/12 21:44:32, 0.01952206764269782464, 51.22408232070885338849
2022/07/12 21:51:20, 0.0195171420212176088, 51.23700995324382877285
2022/07/12 21:58:38, 0.01951405922768394236, 51.24510427750129440033
2022/07/12 22:16:45, 0.01946328215299801797, 51.37879583408112114213
2022/07/12 22:20:15, 0.01945783907850744818, 51.39316837626488209111
2022/07/12 22:22:32, 0.01945462123799501839, 51.40166892825405636769
2022/07/12 23:07:03, 0.01945525104616828424, 51.40000494606571570735
2022/07/12 23:09:43, 0.01944197098755883996, 51.43511430193535874431
2022/07/12 23:27:08, 0.01948400723808400999, 51.32414434980145016686
2022/07/12 23:45:02, 0.01947000909791784307, 51.36104431029473706169
2022/07/12 23:48:37, 0.01947000909792805562, 51.36104431026779680698
2022/07/12 23:53:41, 0.01943243471925813815, 51.46035555745206562042
2022/07/13 00:29:37, 0.01943663071342310383, 51.44924625796339412585
2022/07/13 00:50:23, 0.01942309326023525037, 51.48510520964713268797
2022/07/13 01:11:05, 0.01943253260825677122, 51.46009633222515513381
2022/07/13 01:25:28, 0.0194333504325775941, 51.45793070883054835297
2022/07/13 01:27:20, 0.01943335043257789642, 51.45793070882974781246
2022/07/13 02:03:59, 0.01943686090711644892, 51.44863693673233022991
2022/07/13 02:07:28, 0.0194254988699271271, 51.47872941106873123887
2022/07/13 03:33:32, 0.0194737704439794652, 51.35112395808081576155
2022/07/13 03:36:42, 0.01947377044397951733, 51.35112395808067830068
2022/07/13 03:39:28, 0.01951574156878390254, 51.24068672847842332035
2022/07/13 03:46:57, 0.01951574156878430599, 51.24068672847736403818
2022/07/13 03:54:33, 0.01951738391257446525, 51.23637494037968805579
2022/07/13 04:04:39, 0.01950179343629547515, 51.27733524952965364503
2022/07/13 04:07:55, 0.01953535467373171906, 51.1892421049643594543
2022/07/13 05:17:05, 0.01953412536165184394, 51.19246352146058098899
2022/07/13 05:36:50, 0.01953046128210892962, 51.2020676601253548587
2022/07/13 05:39:24, 0.01953214173958920023, 51.19766246489628371569
2022/07/13 06:19:47, 0.01952372771989658609, 51.21972680355003599796
2022/07/13 10:03:11, 0.01952567239342499217, 51.2146255376453291295
2022/07/13 10:07:18, 0.01952179500235348013, 51.22479771350142015797
2022/07/13 10:10:27, 0.01953046806124748071, 51.20204988759119531837
2022/07/13 10:11:05, 0.01953214558865827995, 51.19765237571592957179
2022/07/13 10:51:35, 0.0195321455886586449, 51.19765237571497294967
2022/07/13 11:20:37, 0.01953843878592493949, 51.181161962662950919
2022/07/13 11:38:12, 0.01955519906524994551, 51.13729584972744241942
2022/07/13 11:45:55, 0.01954682971561333228, 51.1591912626749159169
2022/07/13 12:00:13, 0.01954170482624000496, 51.17260796290559629826
2022/07/13 12:11:25, 0.01953994075015871348, 51.17722785274451172161
2022/07/13 12:14:22, 0.01953994075016025182, 51.17722785274048265359
2022/07/13 12:18:48, 0.01949589484385888314, 51.29284949518464307962
2022/07/13 12:20:53, 0.01945493442862439265, 51.40084145072635824375
2022/07/13 12:27:47, 0.0194679868895787956, 51.36637936279377394148
2022/07/13 12:30:08, 0.01945610883973947835, 51.39773878924241378497
2022/07/13 12:34:41, 0.01944466587789072614, 51.42798576637078764927
2022/07/13 12:39:22, 0.01945097779514567667, 51.41129718679577432213
2022/07/13 12:41:09, 0.01938092565840746419, 51.59712273939810703359
2022/07/13 13:19:47, 0.0193812616863459886, 51.59622816013549248497
2022/07/13 13:20:23, 0.01937557292210091515, 51.61137706846032587089
2022/07/13 13:24:59, 0.0192945775957174615, 51.82803277444931190183
2022/07/13 13:27:27, 0.01929457759570658163, 51.82803277447853681506
2022/07/13 13:46:50, 0.01931131580888173179, 51.7831104776442163126
2022/07/13 13:51:26, 0.01931131580888196182, 51.78311047764359950296
2022/07/13 14:20:03, 0.01931131580888173797, 51.78311047764419975343
2022/07/13 14:31:53, 0.01941185166368304874, 51.51492074663154705843
2022/07/13 15:05:57, 0.01937247766451721407, 51.6196233294209983372
2022/07/13 15:16:12, 0.01937331570420053888, 51.61739039761681809804
2022/07/13 15:20:30, 0.0194362203377058395, 51.45033255565754306875
2022/07/13 15:22:32, 0.01943622033770622148, 51.45033255565653192687
2022/07/13 15:27:51, 0.01943622033770661362, 51.45033255565549387421
2022/07/13 15:33:45, 0.01943831547071556691, 51.44478704991342610315
2022/07/13 15:45:11, 0.01942081552156606325, 51.49114355622907498589
2022/07/13 16:00:41, 0.01941802300844449193, 51.49854851676305679701
2022/07/13 16:14:25, 0.01942116427608845984, 51.49021890676299139507
2022/07/13 16:23:31, 0.01942368116685958465, 51.48354688328524086453
2022/07/13 16:39:36, 0.0194241216227445315, 51.48237945694581107787
2022/07/13 16:47:58, 0.01942081830605036597, 51.49113617362146795555
2022/07/13 17:06:22, 0.01942731972015095647, 51.47390450174923467422
2022/07/13 17:31:27, 0.01942941695050598566, 51.46834835792423270865
2022/07/13 17:36:27, 0.01943130445782551193, 51.46334885393002781073
2022/07/13 17:52:44, 0.01932190345085148599, 51.75473537292370478642
2022/07/13 17:58:52, 0.01931976323595615118, 51.76046868622555181588
2022/07/13 18:10:50, 0.01931787687124911174, 51.76552302641004862118
2022/07/13 18:18:17, 0.0193015237623690927, 51.80938107848428093988
2022/07/13 18:56:01, 0.019038542256871542, 52.52502983200155733955
2022/07/13 19:35:53, 0.01905305368594487858, 52.48502505074466881733
2022/07/13 19:44:47, 0.01897428574829213919, 52.7029060943708633577
2022/07/13 19:51:15, 0.0189703602777040221, 52.71381172319146628564
2022/07/13 19:58:06, 0.01897284309146437694, 52.70691351734660928587
2022/07/13 21:06:16, 0.01898112030986037569, 52.68392927684656549394
2022/07/13 21:38:35, 0.01898112030987901534, 52.68392927679482936006
2022/07/13 21:41:22, 0.01890666145849177098, 52.89141090273546162931
2022/07/13 21:43:07, 0.01889571576351270872, 52.9220492367366271298
2022/07/13 22:10:30, 0.01890398833752956821, 52.89889001966465979648
2022/07/13 22:15:05, 0.01890398833752976592, 52.89889001966410654151
2022/07/13 23:28:18, 0.01889109204135263372, 52.93500226514159374939
2022/07/14 00:38:40, 0.01888406466659382053, 52.95470110145376957285
2022/07/14 01:14:47, 0.01896682817209230532, 52.72362837511202442167
2022/07/14 01:28:52, 0.01917385611536947216, 52.15434985967247202907
2022/07/14 02:26:18, 0.01917448090044631906, 52.15265045202466357679
2022/07/14 02:27:58, 0.01916809314926194414, 52.17003027964231261125
2022/07/14 02:29:19, 0.01916809314926197011, 52.17003027964224190192
2022/07/14 02:53:32, 0.01916809314926199352, 52.17003027964217820456
2022/07/14 03:23:05, 0.01915952964338371319, 52.19334809429030846539
2022/07/14 03:24:56, 0.01915952964338402136, 52.19334809428946896021
2022/07/14 04:19:17, 0.01910517906999252752, 52.34182816797807293097
2022/07/14 06:01:13, 0.01909510073802610241, 52.36945401437939410224
2022/07/14 06:09:49, 0.01909842988637168759, 52.36032521781190348516
2022/07/14 06:21:38, 0.01908275152297441577, 52.40334439171750354407
2022/07/14 07:27:34, 0.0190037378261842403, 52.6212268947508395038
2022/07/14 07:30:26, 0.0190032763258573599, 52.62250481719938756372
2022/07/14 07:42:53, 0.0190613908890429288, 52.46206878716445727963
2022/07/14 07:52:12, 0.01905903606731187561, 52.46855068998471080595
2022/07/14 08:00:59, 0.01905903606731221736, 52.46855068998376997666
2022/07/14 08:02:57, 0.01905587957804212913, 52.47724178275604231647
2022/07/14 08:55:37, 0.01905983718576883608, 52.46634534457918459865
2022/07/14 10:36:22, 0.01905983718576923001, 52.46634534457810022535
2022/07/14 11:56:23, 0.01904540261304173434, 52.50610975875244900653
2022/07/14 11:59:08, 0.01960854072203981542, 50.99818564652337446732
2022/07/14 11:59:33, 0.01952644768617973358, 51.21259207366077479794
2022/07/14 11:59:33, 0.02037363753801254887, 49.08303674953619189095
2022/07/14 11:59:57, 0.02033009981161044726, 49.18815004680417643793
2022/07/14 11:59:57, 0.02012323094827271707, 49.69380923821456555851
2022/07/14 12:03:47, 0.01966070765993289497, 50.86286909386928723561
2022/07/14 12:05:07, 0.01991454876431620914, 50.21454474488748208913
2022/07/14 12:07:28, 0.01991412800136489156, 50.21560572129802237697
2022/07/14 12:09:59, 0.01991047219283987395, 50.22482592650997420969
2022/07/14 12:22:26, 0.01982199676020527796, 50.44900431058510229684
2022/07/14 12:35:50, 0.01759051559369467639, 56.84881689075959703696
2022/07/14 12:36:23, 0.0175987597496062931, 56.82218600787315634031
2022/07/14 12:36:23, 0.01768882142798305247, 56.53287891854894769696
2022/07/14 12:37:09, 0.01899079585516984629, 52.6570875505341684318
2022/07/14 12:39:56, 0.01895770331074570478, 52.7490057001353511669
2022/07/14 12:41:33, 0.0185201612202804654, 53.99521030653620908035
2022/07/14 12:42:09, 0.01868175694182999562, 53.52815600340658907071
2022/07/14 12:46:36, 0.01868175694183049806, 53.5281560034051494413
2022/07/14 12:48:20, 0.01868175694184081755, 53.52815600337558138953
2022/07/14 12:56:21, 0.01869406769286286344, 53.49290568696218923911
2022/07/14 12:57:50, 0.01864999739967658284, 53.61931042506962520545
2022/07/14 13:00:37, 0.01867050007919150149, 53.56042932746681562084
2022/07/14 13:07:03, 0.01875262336439529892, 53.32587236293839002038
2022/07/14 13:13:05, 0.01866975298374727929, 53.56257262056640672011
2022/07/14 13:29:01, 0.01867667115618305563, 53.54273208740104143462
2022/07/14 13:41:36, 0.01871360334305364127, 53.4370629572627448509
2022/07/14 14:15:56, 0.01871360334305374773, 53.43706295726244084717
2022/07/14 14:32:39, 0.0187135587729001433, 53.43719022851710052278
2022/07/14 14:54:32, 0.01884928528969032232, 53.05240939543491555314
2022/07/14 14:55:39, 0.01884928528969069304, 53.0524093954338721566
2022/07/14 15:35:48, 0.01887392603797702211, 52.98314711988686670615
2022/07/14 15:39:53, 0.01887548153054540454, 52.97878087940388200929
2022/07/14 16:19:24, 0.01887548153054541418, 52.97878087940385496991
2022/07/14 16:52:24, 0.0188754815305456265, 52.97878087940325901904
2022/07/14 17:14:49, 0.01895767746347557976, 52.74907761916666627891
2022/07/14 17:17:41, 0.01895767746347562786, 52.74907761916653246099
2022/07/14 17:22:58, 0.01895767746347576063, 52.74907761916616302836
2022/07/14 17:24:00, 0.01895870341855703639, 52.74622308934831579461
2022/07/14 17:57:29, 0.01895436036284665122, 52.75830895144042177306
2022/07/14 18:09:46, 0.01896874385519769925, 52.71830373343283414884
2022/07/14 18:12:23, 0.01896329647822793459, 52.7334475389400819216
2022/07/14 19:07:09, 0.0189607922001892368, 52.74041239637759297699
2022/07/14 19:11:06, 0.01896181784991828683, 52.7375596535597642286
2022/07/14 19:14:13, 0.01898544355028982967, 52.67193243872009043357
2022/07/14 19:23:24, 0.01898544355029013171, 52.671932438719252474
2022/07/14 19:27:21, 0.01898033509860307902, 52.68610879655113836692
2022/07/14 19:31:58, 0.01898399137426016147, 52.67596156601033569852
2022/07/14 19:36:32, 0.01898399137426041002, 52.6759615660096460293
2022/07/14 20:09:17, 0.01898227918492501064, 52.68071290375716244014
2022/07/14 21:14:57, 0.01899254894735625652, 52.6522270797779874691
2022/07/14 21:48:13, 0.01897697801683885759, 52.69542912009853060819
2022/07/14 21:51:04, 0.01897697801684054977, 52.69542912009383176728
2022/07/14 21:55:16, 0.01897697801684086713, 52.69542912009295050981
2022/07/14 21:57:37, 0.01895462238830078787, 52.75757962961172550433
2022/07/14 22:19:12, 0.01894977176609286133, 52.77108412404820976158
2022/07/14 22:49:43, 0.01894930590974954863, 52.7723814667793768937
2022/07/14 23:00:51, 0.01894658875677707844, 52.77994961717349470062
2022/07/14 23:06:22, 0.0189233228308023465, 52.84484173002929879047
2022/07/14 23:07:12, 0.01892332283079493974, 52.84484173004998273587
2022/07/14 23:11:11, 0.01892332283081330771, 52.84484172999868875723
2022/07/14 23:19:05, 0.01891047311507153378, 52.88074993761028596632
2022/07/14 23:21:39, 0.01858480809985333643, 53.80738905815721518491
2022/07/14 23:33:23, 0.01858473941484484221, 53.80758791814077564158
2022/07/15 01:00:14, 0.01862366777119603279, 53.69511592913144415289
2022/07/15 01:13:39, 0.01862458975858329783, 53.69245781852143310632
2022/07/15 01:22:40, 0.01862306594494086316, 53.69685114988596805222
2022/07/15 01:27:18, 0.018623065944954107, 53.69685114984778138306
2022/07/15 01:44:58, 0.01862306594496053576, 53.69685114982924501166
2022/07/15 01:45:59, 0.01862409176348642876, 53.69389351702807897476
2022/07/15 01:47:59, 0.01862368606166667393, 53.69506319472976757504
2022/07/15 02:01:31, 0.01862368606166686877, 53.6950631947292058198
2022/07/15 02:11:46, 0.01866467874662971515, 53.5771343067220058175
2022/07/15 02:55:39, 0.01884952418899526572, 53.05173700797287333425
2022/07/15 03:42:19, 0.01885157802724377184, 53.04595713710693326835
2022/07/15 04:55:59, 0.01880495080426887755, 53.17748556794904380943
2022/07/15 05:28:08, 0.018800602817939964, 53.18978384277004099377
2022/07/15 05:33:55, 0.01880279744719748534, 53.18357562528802065514
2022/07/15 05:50:26, 0.01880895061334006853, 53.16617713328246784825
2022/07/15 06:11:05, 0.01879577447256055223, 53.20344748017024880306
2022/07/15 07:29:00, 0.01878423583526346581, 53.23612888860294168667
2022/07/15 07:33:55, 0.01878423583527082978, 53.23612888858207154836
2022/07/15 07:49:59, 0.01877193776509405072, 53.27100550372988217079
2022/07/15 08:16:14, 0.01877193776509431865, 53.27100550372912185461
2022/07/15 08:28:20, 0.01877193776509433397, 53.27100550372907837903
2022/07/15 08:30:12, 0.01878011829483300214, 53.24780090842831770382
2022/07/15 08:31:36, 0.01880057740911079459, 53.18985572833513878953
2022/07/15 08:33:23, 0.01880057740911116379, 53.18985572833409426852
2022/07/15 08:34:55, 0.01880057740911142506, 53.18985572833335509123
2022/07/15 08:37:27, 0.01890296087913110927, 52.90176530513805164537
2022/07/15 08:39:39, 0.01890296087913141802, 52.90176530513718758757
2022/07/15 08:44:41, 0.01889122884700957071, 52.93461892280751417599
2022/07/15 08:48:52, 0.01888838442720655193, 52.94259039749395745798
2022/07/15 09:10:16, 0.01887059988440348395, 52.99248599015117471175
2022/07/15 10:10:17, 0.01885838185232529515, 53.02681894081474414613
2022/07/15 10:18:52, 0.01883857379352137874, 53.08257466623624643876
2022/07/15 10:19:37, 0.01883851856224644435, 53.08273029515504538984
2022/07/15 10:27:37, 0.01883621258257695918, 53.08922882538370802411
2022/07/15 10:36:37, 0.01883020287332355827, 53.10617239374960284514
2022/07/15 11:15:10, 0.01883020287332377109, 53.10617239374900264791
2022/07/15 11:57:53, 0.01883020287333644743, 53.10617239371325199331
2022/07/15 12:11:00, 0.01883020287335198294, 53.10617239366943774059
2022/07/15 12:33:55, 0.01887106643627651745, 52.99117584990664252155
2022/07/15 12:40:37, 0.01887850447744072711, 52.97029757812497266383
2022/07/15 12:41:12, 0.01887901537228585747, 52.96886412137714820294
2022/07/15 12:48:52, 0.01884055135173032321, 53.077002967227900676
2022/07/15 13:11:58, 0.01884438379808836326, 53.06620851680187673526
2022/07/15 13:12:45, 0.01886783542875780906, 53.00025028180121405337
2022/07/15 13:22:32, 0.01882436797958506675, 53.12263344429385442445
2022/07/15 13:25:31, 0.01882436797958540787, 53.12263344429289179183
2022/07/15 13:28:25, 0.01882187318018631814, 53.12967473676820183113
2022/07/15 13:29:33, 0.01883316494776728995, 53.09781987113918608904
2022/07/15 14:02:04, 0.01888419156592345763, 52.95434525269808157736
2022/07/15 14:14:25, 0.01888712640444756056, 52.94611676684278129487
2022/07/15 14:25:58, 0.01888712640444769263, 52.94611676684241105647
2022/07/15 14:36:44, 0.01889935688561122592, 52.91185335313376212919
2022/07/15 14:54:53, 0.01891792103034485679, 52.85993098268953361951
2022/07/15 14:59:43, 0.01891792103034518631, 52.85993098268861286617
2022/07/15 15:00:32, 0.01893832372325495112, 52.8029837599654711586
2022/07/15 15:02:14, 0.01894036459567852584, 52.79729410426249883707
2022/07/15 15:24:46, 0.01895671654151047334, 52.75175148661688463025
2022/07/15 15:38:21, 0.01892869455327741577, 52.82984503687575395786
2022/07/15 15:48:16, 0.01893602255757772329, 52.80940054646401842774
2022/07/15 15:56:42, 0.01893602255757915682, 52.80940054646002053793
2022/07/15 15:57:32, 0.01893705044188060442, 52.80653410461591391161
2022/07/15 15:59:17, 0.01869673859133851456, 53.48526402691760559086
2022/07/15 16:03:14, 0.018694825656148991, 53.49073686980792680254
2022/07/15 16:04:52, 0.01869066193415409736, 53.50265301052100140213
2022/07/15 16:08:23, 0.0187289505526122878, 53.39327460931981584198
2022/07/15 16:11:02, 0.01874120066783229607, 53.35837429649939059048
2022/07/15 16:12:55, 0.01878206328961388521, 53.24228678075962518626
2022/07/15 16:25:35, 0.01878206328961634831, 53.2422867807526429347
2022/07/15 16:26:16, 0.0188025444771923388, 53.18429115873169686604
2022/07/15 17:11:03, 0.01882957099671124071, 53.10795451339062790643
2022/07/15 19:03:00, 0.01882957099671142947, 53.10795451339009551137
2022/07/15 19:08:22, 0.01882957099672389197, 53.10795451335494559672
2022/07/15 19:24:05, 0.01895054942477669103, 52.76891859887507049854
2022/07/15 19:51:03, 0.01891180945167135917, 52.87701330512419682971
2022/07/15 20:13:14, 0.0189105355553311994, 52.88057533188599244412
2022/07/15 20:40:15, 0.01891770464961494445, 52.86053559464753790111
2022/07/15 21:01:52, 0.0189189336372064436, 52.85710173608174329642
2022/07/15 21:24:35, 0.01891251066421736975, 52.87505280258789033897
2022/07/15 21:25:29, 0.01891251066420242485, 52.87505280262967287661
2022/07/15 21:34:45, 0.01891531463374654721, 52.86721470738393338929
2022/07/15 21:39:53, 0.018916090099361034, 52.86504741451717699929
2022/07/15 21:43:58, 0.01891813683434931727, 52.85932799599578813209
2022/07/15 21:50:44, 0.01892222438489064254, 52.84790940321466403264
2022/07/15 22:06:10, 0.01892263316416322253, 52.84676774762287607873
2022/07/15 22:08:08, 0.01892324634134101064, 52.84505533362592259595
2022/07/15 22:12:14, 0.01965026321165010664, 50.88990357173064207595
2022/07/15 22:13:27, 0.01969194058644000738, 50.78219668652698516505
2022/07/15 22:14:48, 0.0197127957973526924, 50.72847151058572160388
2022/07/15 22:15:57, 0.01969200310258679193, 50.78203546843019950066
2022/07/15 22:18:13, 0.01984453017273380077, 50.3917195970701622489
2022/07/15 22:33:04, 0.01983034080426317969, 50.42777680275758681404
2022/07/15 22:42:05, 0.01981165970857506513, 50.47532688880027475025
2022/07/15 22:56:40, 0.01981165970859306236, 50.47532688875442214442
2022/07/15 22:57:50, 0.0197930514588347862, 50.52278078899461627406
2022/07/15 23:08:03, 0.0197930514588486339, 50.52278078895926930292
2022/07/15 23:21:52, 0.0197930514588573452, 50.52278078893703325699
2022/07/15 23:27:43, 0.01978455386256045795, 50.54448065631453074215
2022/07/15 23:43:49, 0.01957597241806679827, 51.08303069926136539411
2022/07/15 23:55:09, 0.0195884496498203346, 51.05049240122849676598
2022/07/15 23:55:28, 0.01959011604452193706, 51.0461498914721345956
2022/07/15 23:59:00, 0.01959094800090915149, 51.04398214693813120245
2022/07/16 00:09:01, 0.01973676062874749077, 50.66687582679877338922
2022/07/16 00:30:10, 0.01974092067390221584, 50.65619869097668477159
2022/07/16 00:36:58, 0.01994821005709943313, 50.12981100247171095014
2022/07/16 00:39:04, 0.01993938486373504797, 50.1519985111857598115
2022/07/16 00:43:20, 0.01993851706679709297, 50.1541813089632738618
2022/07/16 00:56:32, 0.01993851706681130567, 50.1541813089275226351
2022/07/16 01:09:20, 0.01993851706681613512, 50.15418130891537443679
2022/07/16 01:12:57, 0.01992608890715001551, 50.18546312122361153272
2022/07/16 01:13:23, 0.01973497116127188982, 50.67147004310856430277
2022/07/16 02:02:56, 0.01973137126079538239, 50.68071482628873568193
2022/07/16 02:16:33, 0.01973283638152751632, 50.67695189203155643873
2022/07/16 02:24:24, 0.01994213934326093409, 50.14507133799217689141
2022/07/16 02:28:07, 0.01992576262079739871, 50.18628491319352679276
2022/07/16 02:53:31, 0.01992273108121777919, 50.1939215021957163741
2022/07/16 03:04:24, 0.01996453040924872029, 50.08883151775723249116
2022/07/16 03:48:09, 0.01996416588824902582, 50.08974607792671734151
2022/07/16 04:05:40, 0.01996835421075485913, 50.07923985349803289253
2022/07/16 04:15:49, 0.01993499269960382258, 50.16304821721221232003
2022/07/16 04:16:38, 0.01993917145837506042, 50.15253527899071688587
2022/07/16 04:41:12, 0.01994126102416468388, 50.14727999338691929678
2022/07/16 04:45:20, 0.02002511348575617934, 49.93729502263734357166
2022/07/16 04:59:01, 0.02002511348575647572, 49.93729502263660447656
2022/07/16 05:00:48, 0.02002511348577326006, 49.93729502259474882939
2022/07/16 05:21:41, 0.01998740847921677469, 50.03149863274250428856
2022/07/16 05:23:17, 0.01996257971652207564, 50.09372607150305672191
2022/07/16 05:51:41, 0.01996014511660566678, 50.09983615640443492037
2022/07/16 06:07:35, 0.0199563721762168499, 50.1093080029724637738
2022/07/16 06:10:42, 0.01995840393057072412, 50.10420690345274121532
2022/07/16 07:49:13, 0.01994340409724471938, 50.14189128014284086322
2022/07/16 08:25:26, 0.01994340409724513017, 50.141891280141808053
2022/07/16 08:35:00, 0.01993507643995763337, 50.16283749961508702313
2022/07/16 08:43:24, 0.01965218863999914476, 50.88491762004801917573
2022/07/16 08:43:49, 0.01951020586633359894, 51.25522543693805795252
2022/07/16 08:45:05, 0.01919840631190133499, 52.08765684785446732053
2022/07/16 08:45:47, 0.0190639811033354785, 52.45494079014994789976
2022/07/16 08:46:30, 0.01873523303961938862, 53.3753702388062354792
2022/07/16 08:46:54, 0.01811992285723579678, 55.18787292191322804896
2022/07/16 08:48:46, 0.0181494963725492173, 55.09794759442921990872
2022/07/16 08:53:17, 0.01815867420981408236, 55.07009974657387185941
2022/07/16 09:00:55, 0.01816664384102903442, 55.04594072249703071666
2022/07/16 09:09:01, 0.01818657556220106311, 54.98561268886693015548
2022/07/16 09:25:46, 0.01817813262025152341, 55.01115108412953188709
2022/07/16 09:32:59, 0.01817853127310770485, 55.00994469665124534716
2022/07/16 09:38:09, 0.01817853127310773358, 55.00994469665115842608
2022/07/16 09:44:19, 0.01818252363821793887, 54.99786607718715768779
2022/07/16 10:11:27, 0.01818160538935134275, 55.00064370474584182436
2022/07/16 10:15:04, 0.01818559188359671226, 54.98858692094556536417
2022/07/16 10:20:37, 0.01818957881417646901, 54.97653410317708223994
2022/07/16 10:26:35, 0.01819157244300977312, 54.97050918125861796115
2022/07/16 10:41:05, 0.01816577984792411345, 55.04855879414802898961
2022/07/16 10:43:20, 0.01815072864741643407, 55.09420692828987425244
2022/07/16 10:45:41, 0.01815630510923634185, 55.07728549303169414686
2022/07/16 10:48:25, 0.01815630510923655603, 55.07728549303104442914
2022/07/16 11:29:36, 0.01835599523277084845, 54.47811395236723442748
2022/07/16 11:33:41, 0.01835599523277099538, 54.47811395236679837589
2022/07/16 11:44:58, 0.01835997779612070422, 54.46629680626797246986
2022/07/16 11:53:40, 0.01835997779612104498, 54.46629680626696156223
2022/07/16 12:05:38, 0.01836144381291975853, 54.46194810107279153534
2022/07/16 12:09:51, 0.01835975541976111288, 54.46695651096050681316
2022/07/16 13:02:01, 0.01831690763704330826, 54.5943682097104638539
2022/07/16 13:31:02, 0.01831690763704624074, 54.59436820970172345772
2022/07/16 13:37:18, 0.01831690763704642541, 54.59436820970117305372
2022/07/16 13:37:59, 0.01833683031184774675, 54.53505229602754797184
2022/07/16 13:39:05, 0.01838081339914906562, 54.40455644070107949105
2022/07/16 13:42:24, 0.01838181072505311112, 54.40160466003877153856
2022/07/16 13:42:50, 0.01838181072505335973, 54.40160466003803579274
2022/07/16 14:20:15, 0.01848125122607650897, 54.10889055980306300819
2022/07/16 14:23:27, 0.01848125122607681257, 54.1088905598021741489
2022/07/16 14:37:23, 0.01845779225137745254, 54.17766038218210220798
2022/07/16 15:04:30, 0.01845779225138246324, 54.17766038216739469482
2022/07/16 15:18:29, 0.01845669226963894319, 54.18088926177682751436
2022/07/16 15:39:34, 0.01845669226963924336, 54.18088926177594634397
2022/07/16 15:46:11, 0.01845433857045749494, 54.18779958881015347702
2022/07/16 16:43:52, 0.01845433857045785026, 54.18779958880911015374
2022/07/16 16:48:20, 0.01845040699466461724, 54.19934640407521949079
2022/07/16 17:06:32, 0.01846930040242843723, 54.14390248742258430459
2022/07/16 17:26:27, 0.01847128918219304986, 54.13807288362059559616
2022/07/16 17:31:12, 0.01847228209383319021, 54.13516288460326471642
2022/07/16 17:39:15, 0.01831379688489584721, 54.60364152147727182896
2022/07/16 17:51:55, 0.01831379688490225986, 54.60364152145815214951
2022/07/16 19:02:04, 0.0190268361049408198, 52.55734555575026088006
2022/07/16 19:03:23, 0.01871316543892831319, 53.43831343037969398317
2022/07/16 19:07:31, 0.01879563067181879277, 53.2038545266453256117
2022/07/16 19:13:42, 0.01879136021307897607, 53.21594544837631938488
2022/07/16 19:54:55, 0.01878616867894432423, 53.23065160810609250311
2022/07/16 20:00:53, 0.01878878620721861448, 53.2232358690526788262
2022/07/16 20:28:50, 0.0190781472136397532, 52.41599138542440923701
2022/07/16 20:35:18, 0.01907854090208384184, 52.41490977387980535308
2022/07/16 21:09:45, 0.01906232613539414195, 52.45949486423071905893
2022/07/16 21:10:53, 0.01894176222735758502, 52.79339841758229411779
2022/07/16 21:15:04, 0.01885137541670367036, 53.0465272636779751753
2022/07/16 21:26:29, 0.01883830593670847264, 53.08332943310959048833
2022/07/16 21:34:15, 0.01872129190446143803, 53.41511713524918465438
2022/07/16 21:38:07, 0.01872129190446282235, 53.41511713524523494473
2022/07/16 21:41:15, 0.01866769884540832114, 53.56846648755367055262
2022/07/16 22:32:09, 0.01867518723207419302, 53.54698657492031014147
2022/07/16 22:52:09, 0.01859110803353893148, 53.78915544979724719706
2022/07/16 23:02:27, 0.0186299839505800663, 53.6769115127908541535
2022/07/16 23:38:24, 0.01863076188186584511, 53.67467022233507173687
2022/07/16 23:44:39, 0.01863076188186594446, 53.67467022233478549595
2022/07/16 23:50:11, 0.01863185219576173806, 53.67152924428382915245
2022/07/17 00:02:16, 0.01863003783289219881, 53.67675626693862431655
2022/07/17 01:26:09, 0.01862279408635148592, 53.69763502528833349795
2022/07/17 01:27:51, 0.01860294950736154296, 53.754916638583622024
2022/07/17 02:13:55, 0.01860294950737561377, 53.75491663854296312113
2022/07/17 02:19:22, 0.01859596488772392969, 53.77510691365883323888
2022/07/17 02:40:56, 0.01860373870960284629, 53.7526362635818840285
2022/07/17 03:15:01, 0.01860373870960307959, 53.7526362635812099275
2022/07/17 04:20:49, 0.01859976227571512053, 53.76412801284322696191
2022/07/17 04:22:35, 0.01859614844261746821, 53.77457612180938024246
2022/07/17 04:32:11, 0.01859809440151622096, 53.76894957143966274697
2022/07/17 04:48:32, 0.01859809440152752665, 53.76894957140697685698
2022/07/17 04:50:12, 0.01859809440152780941, 53.76894957140615939278
2022/07/17 04:50:59, 0.01859906722837530724, 53.76613717887794602108
2022/07/17 04:58:58, 0.01848228536924480946, 54.10586299376353778665
2022/07/17 05:35:58, 0.01848000093452022745, 54.11255137612154655432
2022/07/17 06:01:42, 0.01848368580701313496, 54.10176360066545983547
2022/07/17 07:06:37, 0.01840402535832194778, 54.33593904215194708352
2022/07/17 07:13:53, 0.0184000183426391437, 54.34777190861041392218
2022/07/17 07:21:44, 0.01840183724789554927, 54.3423999750003714185
2022/07/17 07:24:41, 0.01840183724789841057, 54.34239997499192171868
2022/07/17 07:38:40, 0.01840169489978546533, 54.34282034594859079382
2022/07/17 08:55:43, 0.0184016948997857993, 54.34282034594760454036
2022/07/17 09:37:45, 0.01840324085807278786, 54.33825529492751229852
2022/07/17 09:45:51, 0.01879176778613836945, 53.21479125224417557555
2022/07/17 09:48:08, 0.01879176778613841181, 53.21479125224405560806
2022/07/17 10:56:48, 0.01879176778613855989, 53.21479125224363626813
2022/07/17 11:13:03, 0.01879064896587873492, 53.21795973177212298623
2022/07/17 11:21:37, 0.01877653760122899591, 53.25795528641799170488
2022/07/17 11:38:30, 0.01891199048973381396, 52.8765071314328367247
2022/07/17 11:41:07, 0.01891199048973395926, 52.87650713143243046753
2022/07/17 12:36:07, 0.01876542900187776199, 53.28948247865450001207
2022/07/17 12:56:30, 0.01876542900187782177, 53.28948247865433024131
2022/07/17 13:22:53, 0.01876542900188415109, 53.28948247863635642662
2022/07/17 13:25:16, 0.01875469150569471168, 53.31999194422142423702
2022/07/17 13:52:38, 0.01875064805270164195, 53.33149004713559270712
2022/07/17 14:39:03, 0.01868460734254950874, 53.51999010023350681878
2022/07/17 14:45:35, 0.0187172657473400016, 53.42660693601119004392
2022/07/17 15:37:59, 0.01871532335299155143, 53.43215188639286693766
2022/07/17 15:41:54, 0.01871532335299159002, 53.43215188639275673848
2022/07/17 15:46:43, 0.01871316559241042979, 53.43831299208797833769
2022/07/17 16:30:55, 0.01871470519655645605, 53.43391677812814496834
2022/07/17 17:14:21, 0.01871463534035738257, 53.43411623113697167339
2022/07/17 17:25:00, 0.01871166543732241058, 53.44259725836020148136
2022/07/17 17:28:34, 0.01866093401664526336, 53.58788574612693708926
2022/07/17 17:36:52, 0.01866093401665832463, 53.58788574608942955273
2022/07/17 17:47:49, 0.01865636417888258041, 53.60101198774384242168
2022/07/17 19:37:02, 0.01865257171448071774, 53.61191021309201352229
2022/07/17 19:57:39, 0.01866024689487552658, 53.58985899991600903661
2022/07/17 20:16:19, 0.0186557158034710963, 53.6028748794478987084
2022/07/17 20:20:17, 0.01865763744443574925, 53.5973540582561334653
2022/07/17 21:02:52, 0.01870563723911026211, 53.45982001132644798709
2022/07/17 21:06:14, 0.01870563723911031592, 53.45982001132629420073
2022/07/17 21:07:13, 0.01870429662309183502, 53.46365170264815922375
2022/07/17 21:52:19, 0.01869353494715475907, 53.49443017743439383458
2022/07/17 22:19:11, 0.01868543287835418809, 53.51762554874671683135
2022/07/17 22:22:44, 0.01868543287835435283, 53.51762554874624499959
2022/07/17 22:29:41, 0.01868235913018537007, 53.52643063071648606753
2022/07/17 22:37:46, 0.01866805479018093918, 53.5674450948141635805
2022/07/17 22:55:54, 0.01866805479018123443, 53.56744509481331635996
2022/07/17 23:50:58, 0.01866805479018150355, 53.56744509481254412241
2022/07/18 01:37:55, 0.01871307266314414077, 53.43857836717134763688
2022/07/18 01:40:11, 0.01871307266315902209, 53.43857836712885133771
2022/07/18 01:40:37, 0.0187130726631590253, 53.43857836712884215572
2022/07/18 03:13:07, 0.01871322609966320341, 53.43814020491088830194
2022/07/18 04:58:25, 0.01872936116813564715, 53.39210403509676787785
2022/07/18 05:43:48, 0.01868560551684080395, 53.5171310931684010609
2022/07/18 06:13:06, 0.01868560551683834561, 53.51713109317544195883
2022/07/18 06:23:54, 0.01868205480922841183, 53.52730254843423370015
2022/07/18 06:26:01, 0.01867724248267220047, 53.54109424492129112096
2022/07/18 06:31:33, 0.01867896748056492557, 53.53614973849486353706
2022/07/18 06:42:25, 0.01867907289710281432, 53.53584760382316891029
2022/07/18 07:00:38, 0.01851401438560211596, 54.01313724686715631404
2022/07/18 07:19:41, 0.01851373795188664824, 54.01394373188125891018
2022/07/18 07:32:08, 0.01849611367513959509, 54.06541166234764363835
2022/07/18 07:42:47, 0.01849199998349530531, 54.07743894075987559267
2022/07/18 08:13:17, 0.01848833414699022374, 54.08816132646505979853
2022/07/18 08:35:11, 0.0184870732921371931, 54.09185024572352257366
2022/07/18 08:57:06, 0.01848707329213726344, 54.09185024572331676608
2022/07/18 09:03:40, 0.01847981716441885659, 54.11308949124267297516
2022/07/18 09:07:22, 0.0184786439729161823, 54.11652507974514253389
2022/07/18 09:29:50, 0.01848569486123197779, 54.09588373641233375498
2022/07/18 09:45:08, 0.01848569486123216958, 54.09588373641177249983
2022/07/18 09:51:42, 0.01848569486124490069, 54.09588373637451661265
2022/07/18 09:56:21, 0.01848153416132857548, 54.10806220256518766938
2022/07/18 10:02:59, 0.01846748228490692729, 54.14923293671050709265
2022/07/18 10:14:27, 0.01852456111724141781, 53.98238552973150531909
2022/07/18 10:29:21, 0.01852456111724146211, 53.98238552973137620176
2022/07/18 10:34:45, 0.01852052741270505949, 53.99414269995363118388
2022/07/18 12:05:09, 0.0185099989311504093, 54.0248545512935534587
2022/07/18 12:15:37, 0.01860896793790090414, 53.73753145994190097814
2022/07/18 12:48:11, 0.0187613100747041617, 53.3011818480788330968
2022/07/18 12:53:13, 0.01876131007470441439, 53.30118184807811521994
2022/07/18 13:01:34, 0.01876131007470942967, 53.30118184806386672399
2022/07/18 13:05:49, 0.01874051600740081385, 53.36032367545750488239
2022/07/18 13:37:17, 0.01881034508812201652, 53.1622357439609206204
2022/07/18 13:43:49, 0.01881034508813857964, 53.16223574391410956431
2022/07/18 14:09:36, 0.01880768230054116674, 53.16976244176701628006
2022/07/18 14:10:20, 0.01880768230054365989, 53.16976244175996808774
2022/07/18 14:14:07, 0.01876907353384752472, 53.27913485962070348671
2022/07/18 14:14:26, 0.01877021750140902029, 53.27588771546910382951
2022/07/18 14:30:49, 0.01877402519986216696, 53.26508243993097912944
2022/07/18 14:34:51, 0.01877402519986243577, 53.26508243993021645719
2022/07/18 14:35:48, 0.01877916568393586586, 53.25050201007722122944
2022/07/18 14:45:16, 0.01885639404917240674, 53.03240892146551551419
2022/07/18 15:21:25, 0.01885721400465516508, 53.0301029490960921719
2022/07/18 15:24:44, 0.01885923231233746827, 53.02442768817333067146
2022/07/18 15:27:25, 0.0187189252097652943, 53.42187058252253242163
2022/07/18 15:27:47, 0.01864492970765736728, 53.63388415400169892937
2022/07/18 16:18:28, 0.01856891420298331708, 53.8534450139975388444
2022/07/18 16:22:03, 0.01856721563332628584, 53.85837164540172149988
2022/07/18 17:07:19, 0.01854901628042107788, 53.91121474487698169207
2022/07/18 17:17:24, 0.01863412039752085514, 53.66499618265015070436
2022/07/18 17:24:07, 0.01863354419362110731, 53.6666556619075096523
2022/07/18 17:25:56, 0.0186429870724428953, 53.63947290818801086409
2022/07/18 17:30:22, 0.01868933253984088143, 53.5064587174665292354
2022/07/18 17:36:08, 0.01868933253984115523, 53.50645871746574536328
2022/07/18 17:55:26, 0.01868933253984137975, 53.50645871746510257244
2022/07/18 18:07:49, 0.01868871981142882999, 53.50821298034891243253
2022/07/18 18:14:42, 0.01871384105984343942, 53.43638416090972354111
2022/07/18 18:20:13, 0.01871198980652861779, 53.4416708398964474047
2022/07/18 18:37:06, 0.01871198980654138548, 53.44167083985998274747
2022/07/18 18:37:52, 0.01870846222286643421, 53.4517475614724298993
2022/07/18 18:41:15, 0.01803475237049759132, 55.44850184002883021465
2022/07/18 18:46:11, 0.01803664159932461827, 55.44269394572019340682
2022/07/18 18:51:08, 0.01803510826663281977, 55.44740764601472585018
2022/07/18 19:07:33, 0.01803510826664926849, 55.44740764596415564954
2022/07/18 19:08:02, 0.01803510826664945138, 55.44740764596359338812
2022/07/18 19:10:50, 0.01803699749268210343, 55.44159998945034474192
2022/07/18 19:11:26, 0.01803486438289208143, 55.44815745598855527909
2022/07/18 19:17:23, 0.01822427545649253539, 54.87186595633586455179
2022/07/18 19:19:58, 0.0184146744912881438, 54.30451678486595791197
2022/07/18 19:23:13, 0.01856040624212059664, 53.87813105785480998894
2022/07/18 19:26:44, 0.01856040624212072818, 53.87813105785442815806
2022/07/18 19:27:28, 0.01854399473496005854, 53.92581341250870861246
2022/07/18 19:29:53, 0.01853736210456871111, 53.94510795867446458889
2022/07/18 19:33:33, 0.01853555062980463002, 53.95038000069061259616
2022/07/18 19:47:07, 0.01853555062980484327, 53.95038000068999190043
2022/07/18 21:00:38, 0.01852737327607754123, 53.97419186729483016836
2022/07/18 21:43:19, 0.01852737327607820391, 53.97419186729289963868
2022/07/18 22:47:16, 0.01853686960571228395, 53.94654120520122979337
2022/07/18 22:53:56, 0.01886632526592256055, 53.00449270882959867307
2022/07/18 23:04:28, 0.01877885058951147945, 53.25139551184929050429
2022/07/18 23:11:38, 0.01948613904749691554, 51.3185294204525659317
2022/07/18 23:13:21, 0.01920211602433807055, 52.07759388249356717811
2022/07/18 23:18:30, 0.01920005436232202569, 52.08318586651446878235
2022/07/18 23:23:21, 0.01911389977904815516, 52.31794723001307731948
2022/07/18 23:23:59, 0.01909474478369117255, 52.37043025859661190972
2022/07/18 23:29:21, 0.01906409726294494032, 52.45462117651430146968
2022/07/18 23:53:46, 0.01906409726294507063, 52.45462117651394292025
2022/07/18 23:54:58, 0.01906409726294517125, 52.45462117651366607719
2022/07/18 23:57:55, 0.01906598510643215049, 52.44942731349545586507
2022/07/19 00:16:55, 0.01906467235251654466, 52.45303887260352444997
2022/07/19 01:03:45, 0.01907221288489676569, 52.43230064781299300405
2022/07/19 01:08:35, 0.0190722128849079509, 52.43230064778224322502
2022/07/19 02:11:36, 0.01909959242978926386, 52.35713817852570486444
2022/07/19 02:17:08, 0.01909758575000267708, 52.36263960746241557125
2022/07/19 02:19:32, 0.01910612016598887068, 52.339250005352578104
2022/07/19 02:45:50, 0.01910612016599328487, 52.33925000534048586376
2022/07/19 02:47:41, 0.01910450033452316082, 52.34368774319265760161
2022/07/19 02:48:26, 0.01910240057283172838, 52.34944143210167229422
2022/07/19 02:49:57, 0.0190367657073949476, 52.5299315740143772794
2022/07/19 03:35:32, 0.01903676570740902173, 52.52993157397554121685
2022/07/19 03:42:53, 0.01869090806126007691, 53.50194847261922863913
2022/07/19 04:26:09, 0.01869090806126307795, 53.50194847261063830182
2022/07/19 04:43:42, 0.01869020419945478917, 53.50396332369503702282
2022/07/19 05:36:53, 0.01868485660197457092, 53.51927613371795390393
2022/07/19 05:40:14, 0.01868730771954497646, 53.51225628687562149064
2022/07/19 05:47:23, 0.01868730771954915238, 53.51225628686366348111
2022/07/19 06:03:22, 0.01868860878266997159, 53.50853087188086255141
2022/07/19 08:40:10, 0.01868860878267002724, 53.50853087188070319307
2022/07/19 08:54:20, 0.01868674304758746168, 53.51387330865579971639
2022/07/19 09:54:53, 0.0185971931514436841, 53.77155530174029839671
2022/07/19 10:08:54, 0.01859719315144346383, 53.77155530174093529993
2022/07/19 10:17:59, 0.01860470173328521854, 53.74985389907779959205
2022/07/19 10:20:34, 0.01860470173328524889, 53.74985389907771190645
2022/07/19 10:36:27, 0.01860096833252298654, 53.76064203343346179179
2022/07/19 10:42:01, 0.01857899471465535572, 53.82422544160512783762
2022/07/19 10:52:42, 0.01857899471465540591, 53.82422544160498243711
2022/07/19 11:03:15, 0.01857777151796676123, 53.82776933352255520006
2022/07/19 12:00:42, 0.01860154998900864193, 53.75896097856812950988
2022/07/19 12:35:54, 0.01858003206636031594, 53.82122035249491566721
2022/07/19 12:37:19, 0.0185562696396474963, 53.89014168361677645494
2022/07/19 13:39:41, 0.01857032078476095277, 53.84936596359784108922
2022/07/19 13:44:25, 0.01858908732933756992, 53.79500253472828394417
2022/07/19 14:24:02, 0.0185947092727645455, 53.77873809862079288597
2022/07/19 14:40:10, 0.01859470927276484843, 53.77873809861991674988
2022/07/19 14:42:29, 0.01859470927276821106, 53.7787380986101915332
2022/07/19 14:47:46, 0.01827211013660358372, 54.72821652912167733071
2022/07/19 14:48:22, 0.01807844166093193876, 55.31450214323673467573
2022/07/19 14:50:32, 0.01676190505954116494, 59.65908984974132064841
2022/07/19 14:50:48, 0.01677397784992723031, 59.61615121629233873487
2022/07/19 14:51:38, 0.01681263996439875931, 59.47905873899210868924
2022/07/19 14:52:09, 0.01701472432249257869, 58.77262428977777345237
2022/07/19 14:54:02, 0.01701472432249277958, 58.77262428977707951063
2022/07/19 14:55:07, 0.01699760163920260943, 58.83182940901725628722
2022/07/19 15:04:49, 0.01703788938668241439, 58.69271582321958654331
2022/07/19 15:08:37, 0.01703788938668515937, 58.69271582321013057022
2022/07/19 15:09:20, 0.01704595501723482473, 58.66494420458812478182
2022/07/19 15:12:40, 0.01704595501723510773, 58.66494420458715082116
2022/07/19 15:13:32, 0.01704595501724215089, 58.66494420456291125286
2022/07/19 15:16:14, 0.01703280879330855399, 58.71022284902630308611
2022/07/19 15:18:38, 0.01696432699096706467, 58.9472249935094077828
2022/07/19 15:29:48, 0.01695361909895699221, 58.98445601278851706484
2022/07/19 15:38:38, 0.0171812758925199333, 58.20289518983636936441
2022/07/19 15:44:52, 0.01725081916557135808, 57.96826170410321876482
2022/07/19 15:48:37, 0.01723024807237686333, 58.03746967538888526036
2022/07/19 15:52:27, 0.01709600226992320059, 58.49320702064297535556
2022/07/19 15:54:35, 0.01709531516255755809, 58.49555802224790409144
2022/07/19 15:56:33, 0.01702738202722116997, 58.72893427781967292376
2022/07/19 16:01:04, 0.01716704434749664575, 58.2511456112026210926
2022/07/19 16:23:40, 0.01716598140717407601, 58.25475259935187723916
2022/07/19 16:38:53, 0.01742695612955296557, 57.38236744075925402094
2022/07/19 16:45:03, 0.01742776065503003074, 57.37971847297422301438
2022/07/19 16:45:53, 0.01727107354185689915, 57.90028034890094149504
2022/07/19 16:54:15, 0.01729109592390983088, 57.83323419177943205343
2022/07/19 17:13:35, 0.01738509410826818592, 57.52053993912000059049
2022/07/19 17:42:11, 0.01738331981992009662, 57.5264109709394137204
2022/07/19 18:01:48, 0.01742347106714697341, 57.39384512685084432032
2022/07/19 18:22:39, 0.0171126820901058044, 58.43619338772027603032
2022/07/19 18:33:10, 0.01710947290508487907, 58.44715413195477748322
2022/07/19 18:38:42, 0.01701808727962646781, 58.761010186918557685
2022/07/19 19:28:09, 0.01701514683725524642, 58.77116486649799405219
2022/07/19 20:07:04, 0.0170151468372591518, 58.77116486648450465798
2022/07/19 20:18:52, 0.0170143645738670185, 58.7738669674409338761
2022/07/19 20:31:28, 0.01700925789815847489, 58.79151259786977813386
2022/07/19 20:40:24, 0.01701153878497593348, 58.78362990202680348929
2022/07/19 20:41:26, 0.01697303293076789205, 58.91698932529898252986
2022/07/19 20:45:02, 0.01697497938913140989, 58.91023353113884672573
2022/07/19 20:45:54, 0.0168955085234950385, 59.18732772141137135147
2022/07/19 20:51:26, 0.01686226746140783535, 59.30400536515447518768
2022/07/19 21:03:15, 0.01685893175449539714, 59.31573925099686077062
2022/07/19 21:07:03, 0.01685893175450813849, 59.31573925095203216337
2022/07/19 21:25:05, 0.01686988117153637687, 59.2772402977707411614
2022/07/19 21:30:31, 0.01686606448156118383, 59.29065438432596274671
2022/07/19 21:38:38, 0.01687003989914195631, 59.27668256735195887196
2022/07/19 21:39:48, 0.01686405608237788179, 59.29771551489035620445
2022/07/19 22:17:05, 0.01819970325691725725, 54.94595081488071643638
2022/07/19 22:19:14, 0.01807315360053370597, 55.33068672478220304216
2022/07/19 22:20:21, 0.01766582216295087871, 56.60647949333602625096
2022/07/19 22:21:59, 0.0175463935608676069, 56.9917685096397409312
2022/07/19 22:23:54, 0.01750638790775236413, 57.12200627961462040106
2022/07/19 22:34:35, 0.01750638790775938559, 57.12200627959170992386
2022/07/19 22:42:12, 0.01749144685224640846, 57.17079944541986431857
2022/07/19 22:45:45, 0.01749340683042047037, 57.16439397390748650442
2022/07/19 22:47:50, 0.01745643777441953045, 57.28545611209343440963
2022/07/19 22:59:17, 0.01746818749656271818, 57.24692388358974339866
2022/07/19 23:12:03, 0.01746371166849522462, 57.2615958727727803776
2022/07/19 23:18:05, 0.01746371166851207917, 57.26159587271751614691
2022/07/19 23:19:35, 0.01744641024197331307, 57.31838161148805409295
2022/07/19 23:30:48, 0.01744487906674848057, 57.32341257131960101532
2022/07/19 23:32:25, 0.01744487906674394368, 57.3234125713345091039
2022/07/19 23:33:26, 0.01715223226220312303, 58.3014493223492960352
2022/07/20 00:01:08, 0.01715223226220340769, 58.30144932234832845883
2022/07/20 00:16:03, 0.01715223226220356823, 58.30144932234778277862
2022/07/20 00:34:28, 0.01714556585038978793, 58.32411765968435288921
2022/07/20 01:10:37, 0.01714656482170220461, 58.32071965425469997625
2022/07/20 01:35:49, 0.01714656482170228835, 58.32071965425441515749
2022/07/20 02:07:26, 0.0173412044308459769, 57.66612140395693342195
2022/07/20 02:28:56, 0.01734159312832329089, 57.66482886550614994106
2022/07/20 02:31:39, 0.01734159312832348838, 57.66482886550549323259
2022/07/20 02:48:31, 0.01734936790553396439, 57.63898750922377384518
2022/07/20 02:50:53, 0.01734927757601871469, 57.63928760827852574003
2022/07/20 02:51:14, 0.01734927757601230665, 57.63928760829981509986
2022/07/20 03:06:52, 0.01738314622911342747, 57.52698543864241800538
2022/07/20 03:11:21, 0.01741711410505063493, 57.4147929426505187323
2022/07/20 03:15:10, 0.01748534902855567872, 57.19073713466512360461
2022/07/20 03:19:46, 0.01749219456447474476, 57.16835565223590791652
2022/07/20 03:23:40, 0.01751076112022798843, 57.10774038512953547138
2022/07/20 03:33:53, 0.01747663982026263691, 57.21923723807521463853
2022/07/20 03:40:46, 0.01741022586582883452, 57.43750872082059632451
2022/07/20 03:41:26, 0.01741022586584555365, 57.43750872076543878864
2022/07/20 03:49:19, 0.01741111566611046632, 57.43457335973196182817
2022/07/20 04:13:52, 0.01740791449569073419, 57.44513509918413010429
2022/07/20 04:27:22, 0.0174000498477622538, 57.47109972380945421575
2022/07/20 04:46:00, 0.01739847807244155046, 57.47629165242662709905
2022/07/20 05:31:21, 0.0173992675414697774, 57.47368374079995774871
2022/07/20 05:33:17, 0.01739602347279565725, 57.48440162568332727166
2022/07/20 05:37:43, 0.01739778253583414711, 57.47858946623247931018
2022/07/20 05:43:55, 0.0173969452258300771, 57.48135589432403026773
2022/07/20 05:49:07, 0.01747088338574354744, 57.23809025112102335226
2022/07/20 05:53:56, 0.01747088338575962918, 57.23809025106833637989
2022/07/20 06:04:30, 0.01732343672332975733, 57.72526641052023718395
2022/07/20 06:08:06, 0.01731653368365997309, 57.74827793299119760611
2022/07/20 06:25:04, 0.01732442449794892188, 57.72197512929750021272
2022/07/20 07:37:01, 0.01808071693750285891, 55.30754136888283890865
2022/07/20 07:38:11, 0.01773845372067975904, 56.37469960722589908552
2022/07/20 07:38:30, 0.01773845372066239421, 56.37469960728108636174
2022/07/20 07:41:09, 0.01773845372066260014, 56.37469960728043188335
2022/07/20 07:53:48, 0.01773845372067187833, 56.3746996072509447985
2022/07/20 07:57:29, 0.01772641366055304129, 56.41299019357315884613
2022/07/20 08:17:17, 0.01811868801670275053, 55.1916341336717042565
2022/07/20 08:20:13, 0.01797594956952728858, 55.62988459286698374555
2022/07/20 08:30:22, 0.01796368086157174675, 55.66787829877446360937
2022/07/20 08:37:45, 0.0179734153115012222, 55.63772842661116958427
2022/07/20 09:17:38, 0.01797341531150130803, 55.63772842661090388741
2022/07/20 10:30:36, 0.0179734153115014865, 55.63772842661035144891
2022/07/20 11:14:29, 0.01797317353033237404, 55.63847688402679183131
2022/07/20 11:59:03, 0.0179408168207416208, 55.73882226164231745526
2022/07/20 12:17:56, 0.01787063259886983596, 55.95772810321451138209
2022/07/20 12:20:32, 0.01903537461983239174, 52.53377041280446804768
2022/07/20 12:21:38, 0.01902702156286252808, 52.55683327504226516507
2022/07/20 12:22:33, 0.01847761778647211845, 54.11953053451092588779
2022/07/20 12:23:25, 0.01848148150907727518, 54.10821635207355161227
2022/07/20 12:40:53, 0.01848148150908097868, 54.10821635206270887472
2022/07/20 12:41:39, 0.01848723511401537447, 54.09137677066102216659
2022/07/20 12:44:13, 0.01828945186730409318, 54.67632421437910897863
2022/07/20 12:47:22, 0.01826942008801889837, 54.73627488897695620829
2022/07/20 12:59:04, 0.01826942008801906375, 54.73627488897646072817
2022/07/20 14:17:06, 0.01819918699941594054, 54.94750947018087196686
2022/07/20 14:28:13, 0.01819918699943301968, 54.94750947012930612922
2022/07/20 14:29:02, 0.01821384189946436134, 54.90329857477286707119
2022/07/20 14:32:37, 0.01820721621339580127, 54.92327812662864304716
2022/07/20 14:41:23, 0.01820524557563290882, 54.92922332992120651711
2022/07/20 14:50:54, 0.01820524557563297635, 54.92922332992100277753
2022/07/20 14:59:51, 0.0182047552586863855, 54.9307027636557069225
2022/07/20 15:28:51, 0.01820668192796977185, 54.92488988143212195454
2022/07/20 15:43:17, 0.01821052968980103603, 54.91328462345928417643
2022/07/20 15:46:24, 0.01820860859725315821, 54.91907822934114907569
2022/07/20 16:07:18, 0.01820860859725327876, 54.91907822934078547478
2022/07/20 18:10:08, 0.01820191889300973453, 54.93926249633163839802
2022/07/20 18:28:42, 0.01820061850518290285, 54.9431877666813792927
2022/07/20 18:46:33, 0.01820831052101108877, 54.91997727334842419848
2022/07/20 19:18:48, 0.01820831052102970518, 54.91997727329227330309
2022/07/20 20:06:14, 0.01820796748460950183, 54.92101196057504683487
2022/07/20 20:16:21, 0.01820607311904784789, 54.92672656322378861781
2022/07/20 21:05:29, 0.01820047700523597224, 54.94361492351638681779
2022/07/20 22:11:44, 0.01820286537478750837, 54.93640585756809875104
2022/07/21 01:15:02, 0.01820085522224988176, 54.942473185410346447
2022/07/21 01:33:43, 0.01820508630784419626, 54.92970388001514841246
2022/07/21 01:43:50, 0.01820222176547435436, 54.93834834474887824651
2022/07/21 01:55:16, 0.01820126313648487408, 54.94124185235670317179
2022/07/21 01:57:52, 0.01820380548144120056, 54.93356875404437193429
2022/07/21 04:11:18, 0.01820380548144148555, 54.93356875404351192562
2022/07/21 04:13:36, 0.01820081599067511581, 54.94259161305368418937
2022/07/21 04:42:39, 0.01819897546810272468, 54.94814813903651936897
2022/07/21 05:36:17, 0.01819820663523892532, 54.95046957339216637484
2022/07/21 05:50:43, 0.01819518512727314205, 54.95959469525150182199
2022/07/21 05:58:17, 0.01819705292085942546, 54.95395349725515736578
2022/07/21 07:07:04, 0.01819457435948433389, 54.96143961613080307462
2022/07/21 07:13:01, 0.01819506278357449698, 54.95996424385768311119
2022/07/21 07:18:14, 0.01819594716314172853, 54.95729301883393161344
2022/07/21 07:22:20, 0.01819594716315073681, 54.95729301880672387632
2022/07/21 07:27:37, 0.01819594716315095874, 54.95729301880605358741
2022/07/21 07:29:27, 0.01819594716315121399, 54.95729301880528265505
2022/07/21 07:33:33, 0.01818180439305123366, 55.00004171105165109711
2022/07/21 07:38:26, 0.01817485900406495256, 55.02105957335580997088
2022/07/21 07:47:09, 0.01817485900406507122, 55.02105957335545074815
2022/07/21 08:05:08, 0.01817485900407391992, 55.02105957332866291602
2022/07/21 08:24:35, 0.01820005251838492431, 54.94489639465832522402
2022/07/21 08:28:57, 0.01817866638242098068, 55.00953584620562119879
2022/07/21 08:53:01, 0.01784131523544965693, 56.04967945485644985216
2022/07/21 09:47:14, 0.01782968469644231013, 56.08624140165178876307
2022/07/21 09:58:36, 0.01783512423557240836, 56.0691356444540941413
2022/07/21 10:15:27, 0.01783338894744689033, 56.07459148381130227965
2022/07/21 11:23:22, 0.01784290728872196831, 56.04467835979138099544
2022/07/21 11:25:56, 0.01784290728872210069, 56.04467835979096518482
2022/07/21 11:33:33, 0.01785241216366445144, 56.01483938598112342251
2022/07/21 11:36:38, 0.01785241216366460385, 56.01483938598064519733
2022/07/21 13:00:14, 0.0178524121636681419, 56.01483938596954399863
2022/07/21 13:09:08, 0.01785545441822722052, 56.00529544513743259597
2022/07/21 13:09:45, 0.01795865558441066777, 55.68345555154295003997
2022/07/21 13:21:48, 0.01795511772722530839, 55.69442736004465399281
2022/07/21 13:24:08, 0.0179551177272391266, 55.69442736000179169059
2022/07/21 13:27:35, 0.01802386664269129783, 55.48199061967102076424
2022/07/21 13:29:34, 0.01802386664269147911, 55.48199061967046274422
2022/07/21 13:32:11, 0.01803914427866995478, 55.43500204621297365285
2022/07/21 13:51:05, 0.01803914427867003604, 55.43500204621272393602
2022/07/21 14:11:10, 0.01810402911360297366, 55.2363230154453161599
2022/07/21 14:15:02, 0.01810402911360319148, 55.23632301544465156687
2022/07/21 14:39:52, 0.01810402911361823937, 55.23632301539873967579
2022/07/21 14:46:15, 0.01804681785948063853, 55.4114308564744700196
2022/07/21 14:55:42, 0.0180814334370961343, 55.30534973783579120076
2022/07/21 15:06:02, 0.01808143343711145631, 55.30534973778892604666
2022/07/21 15:09:49, 0.01808181696776866845, 55.30417666446503990327
2022/07/21 15:15:41, 0.01808074060873561111, 55.30746896047252953328
2022/07/21 15:26:36, 0.01808074060873568491, 55.30746896047230378259
2022/07/21 15:33:41, 0.01808102854415795694, 55.3065882041928123563
2022/07/21 15:34:54, 0.01810598294742153296, 55.23036241136025531559
2022/07/21 15:39:24, 0.01810598294742153591, 55.23036241136024632421
2022/07/21 16:45:05, 0.01810334982436418962, 55.23839563958275028336
2022/07/21 17:10:36, 0.01807908765645041094, 55.3125256651549825008
2022/07/21 18:25:09, 0.01808100574961784133, 55.30665792864624904155
2022/07/21 18:55:07, 0.01802236131186805506, 55.4866247932495772384
2022/07/21 19:01:41, 0.01802236131186771486, 55.48662479325062462812
2022/07/21 20:04:03, 0.01802236131186781386, 55.48662479325031983605
2022/07/21 20:38:28, 0.01801823361032728893, 55.49933592973521679085
2022/07/21 20:41:33, 0.018020049609641441, 55.49374289541136178576
2022/07/21 20:43:19, 0.01802004960964213851, 55.49374289540921378529
2022/07/21 21:04:06, 0.01800949860617828428, 55.52625433208579253275
2022/07/21 21:07:28, 0.01800923096173116598, 55.52707953631982344873
2022/07/21 21:25:39, 0.01801591037040913843, 55.50649284104371133108
2022/07/21 21:28:46, 0.01801591037040922503, 55.50649284104344451891
2022/07/21 22:34:52, 0.01800795104590799312, 55.53102612566427100798
2022/07/21 23:29:48, 0.01801177304754585608, 55.519242739750832691
2022/07/22 02:01:52, 0.01801234549238930369, 55.5174782996765561253
2022/07/22 02:06:49, 0.01801234549238945123, 55.51747829967610138036
2022/07/22 02:20:02, 0.01801120808405362093, 55.52098423011161926105
2022/07/22 02:23:04, 0.01801426557752260812, 55.5115608625063853407
2022/07/22 02:41:28, 0.01801808191366008454, 55.49980318614646747811
2022/07/22 02:46:26, 0.01803719326885705058, 55.44099822485110271464
2022/07/22 02:51:17, 0.01803522686200798057, 55.44704303701025996794
2022/07/22 04:13:35, 0.0180352268620080676, 55.44704303700999241835
2022/07/22 04:46:25, 0.01805430849946022044, 55.38844093806736205243
2022/07/22 05:43:21, 0.01805430849946042862, 55.38844093806672337112
2022/07/22 05:44:31, 0.01805239419100505131, 55.39431442829167868423
2022/07/22 06:28:26, 0.01805357748965507659, 55.39068367878955737396
2022/07/22 08:41:14, 0.01805395920715055344, 55.38951254547724527577
2022/07/22 09:12:45, 0.01805206650251549704, 55.39531996852843616098
2022/07/22 09:32:47, 0.01805397505029714036, 55.38946393877627270745
2022/07/22 09:48:30, 0.01805452937522563305, 55.3877633261488816981
2022/07/22 09:50:33, 0.01805066260158762476, 55.39962837220425238785
2022/07/22 09:53:20, 0.01804603042612412571, 55.41384871835091499218
2022/07/22 12:07:33, 0.01804603042612436991, 55.41384871835016513576
2022/07/22 12:26:06, 0.01804603042612455487, 55.41384871834959718172
2022/07/22 12:44:22, 0.01804345931935245136, 55.42174492711901299736
2022/07/22 12:47:35, 0.0180368181450472982, 55.4421512684923555857
2022/07/22 12:52:32, 0.01803990853723045634, 55.43265354900314557135
2022/07/22 13:50:22, 0.01808183820937691382, 55.30411169597890278427
2022/07/22 13:53:02, 0.01808183820937695276, 55.30411169597878368826
2022/07/22 14:08:55, 0.01808183820938601614, 55.30411169595106291641
2022/07/22 14:16:20, 0.01782980948847776405, 56.08584885027708140419
2022/07/22 14:38:01, 0.01782980948847793979, 56.08584885027652861903
2022/07/22 15:08:26, 0.01782773413500496661, 56.09237788870141298672
2022/07/22 15:16:13, 0.01783154196070267613, 56.08039967624839336949
2022/07/22 15:20:02, 0.01783154196070299685, 56.08039967624738471432
2022/07/22 15:23:57, 0.01797326535984612763, 55.6381926143531428191
2022/07/22 15:28:24, 0.01798111366950277816, 55.61390792473937180821
2022/07/22 16:35:53, 0.0179830278913702539, 55.60798804521027395906
2022/07/22 16:50:34, 0.01796985954995487916, 55.6487376665395761333
2022/07/22 17:13:51, 0.01795899962781490337, 55.68238881475334159686
2022/07/22 17:14:25, 0.01788854350043519593, 55.90170043612951538083
2022/07/22 17:29:55, 0.01780084546338072869, 56.17710698388819351031
2022/07/22 17:35:24, 0.01781332971101911853, 56.13773596642134981955
2022/07/22 17:51:09, 0.01781042431466708078, 56.14689365802975144622
2022/07/22 18:02:03, 0.01780391647798568479, 56.16741694090102146097
2022/07/22 18:34:39, 0.01799413499888932811, 55.57366331094682272296
2022/07/22 19:31:43, 0.01799447830081976723, 55.5726030664886461998
2022/07/22 19:54:20, 0.01800401577433369787, 55.54316395487653522769
2022/07/22 19:56:36, 0.01800401577433396941, 55.543163954875697506
2022/07/22 20:57:17, 0.01800401577433415136, 55.54316395487513620576
2022/07/22 21:09:00, 0.01804502085855443264, 55.4169489655058748692
2022/07/22 21:56:51, 0.0180407593552327839, 55.43003929654139435031
2022/07/22 22:52:34, 0.01804075935524685895, 55.43003929649814890436
2022/07/22 22:57:48, 0.01797816954298152029, 55.62301532473805177977
2022/07/22 23:05:58, 0.01797855088153456316, 55.62183551885049260294
2022/07/23 00:06:32, 0.01797855088151576248, 55.62183551890865791889
2022/07/23 01:33:13, 0.01797855088152490098, 55.62183551888038532709
2022/07/23 02:00:12, 0.01806159723916636012, 55.36608898749617892424
2022/07/23 02:04:45, 0.01806159723916644514, 55.36608898749591831949
2022/07/23 03:09:26, 0.01804649764998743258, 55.41241405368738631153
2022/07/23 03:55:22, 0.01804726338758527429, 55.41006292887046424426
2022/07/23 04:10:30, 0.01804213975606356298, 55.42579835431782315245
2022/07/23 04:23:29, 0.01804213975606385723, 55.42579835431691918622
2022/07/23 04:26:56, 0.01785767520086001061, 55.9983306198693120716
2022/07/23 05:15:27, 0.01785222647873033415, 56.01542200864577358743
2022/07/23 05:20:34, 0.01785500978062652486, 56.0066901271061872269
2022/07/23 05:23:07, 0.01785482878216040833, 56.00725787968051597011
2022/07/23 05:24:45, 0.01785482878217400959, 56.00725787963785136499
2022/07/23 06:54:24, 0.01799341041006954609, 55.57590124440088917039
2022/07/23 07:45:26, 0.01799346666882927479, 55.57572747959323088811
2022/07/23 08:03:23, 0.01799346666882898373, 55.57572747959412988859
2022/07/23 08:17:22, 0.01799534020924572766, 55.56994134993988368255
2022/07/23 08:50:34, 0.01799908186393159987, 55.55838945340329950241
2022/07/23 08:52:51, 0.01799908186393146054, 55.55838945340372956923
2022/07/23 09:27:52, 0.01799306112367755742, 55.57698009951585516838
2022/07/23 09:50:35, 0.01799306112367761525, 55.57698009951567654053
2022/07/23 09:57:32, 0.0179843460123379813, 55.60391238658108382944
2022/07/23 10:12:40, 0.01800304933249377285, 55.54614562962376385394
2022/07/23 10:16:33, 0.01800157576287989145, 55.55069251559898085826
2022/07/23 10:18:07, 0.01800556642485746025, 55.5383805432222844869
2022/07/23 10:25:06, 0.01800556642485758088, 55.53838054322191240039
2022/07/23 10:48:13, 0.01800201017699667843, 55.54935199835736162021
2022/07/23 14:28:48, 0.01799524994604165481, 55.57022008577136288296
2022/07/23 14:29:24, 0.01799356819831509388, 55.57541389115024749325
2022/07/23 14:32:18, 0.01799356819831529205, 55.57541389114963544317
2022/07/23 14:40:53, 0.01799403615518128658, 55.5739685846999558375
2022/07/23 15:02:34, 0.01799136993677119346, 55.58220432987573736168
2022/07/23 15:55:24, 0.01798926347376774005, 55.58871275959783253272
2022/07/23 16:06:29, 0.01800795604175317692, 55.53101072000641744294
2022/07/23 16:16:33, 0.01789578805178532078, 55.8790703771347993119
2022/07/23 16:18:02, 0.01789410559402479926, 55.88432429581280976802
2022/07/23 18:05:17, 0.01789410559402494178, 55.88432429581236467028
2022/07/23 18:24:44, 0.01788969536272814655, 55.89810109810063239432
2022/07/23 18:27:44, 0.01789163628554371693, 55.89203715302390258149
2022/07/23 18:39:06, 0.01826627165487722058, 54.74570940879405456003
2022/07/23 18:42:49, 0.01826627165488116211, 54.74570940878224141326
2022/07/23 18:59:07, 0.01826366017994189021, 54.75353736039463019385
2022/07/23 19:01:50, 0.01827044408122331065, 54.73320711606065596692
2022/07/23 19:05:23, 0.01827044408123706035, 54.7332071160194656681
2022/07/23 19:07:54, 0.01827057601178146221, 54.73281189138029611578
2022/07/23 19:09:03, 0.01826809976569161009, 54.74023093951179240015
2022/07/23 19:48:19, 0.01826305944616863444, 54.75533838936212396989
2022/07/23 20:08:25, 0.01812418279706047622, 55.17490146712644805065
2022/07/23 20:15:20, 0.01809612810605089422, 55.26043992060516655557
2022/07/23 20:21:44, 0.01809612810605103456, 55.26043992060473800383
2022/07/23 21:45:29, 0.01809087986483865751, 55.27647120931884224488
2022/07/23 22:54:45, 0.01809083589642872189, 55.27660555460613799565
2022/07/23 22:59:22, 0.01809083589643019168, 55.27660555460164702439
2022/07/23 23:11:20, 0.01809083589643034781, 55.27660555460116998336
2022/07/23 23:25:21, 0.01809083589643059558, 55.27660555460041290788
2022/07/24 00:29:58, 0.01810583908138993081, 55.23080126277323611978
2022/07/24 00:32:38, 0.01810583908139023608, 55.23080126277230491691
2022/07/24 00:55:28, 0.01792095689121974756, 55.80059179149877214671
2022/07/24 01:29:05, 0.01792095689122586917, 55.80059179147971127417
2022/07/24 02:55:30, 0.01792210026262135536, 55.79703189617889969099
2022/07/24 03:40:45, 0.01792343419591608926, 55.79287925903469653091
2022/07/24 04:08:16, 0.01794437067254530046, 55.72778328358929555642
2022/07/24 06:04:38, 0.0179403652082983685, 55.74022537386513567379
2022/07/24 06:06:51, 0.01794227172513978137, 55.73430250746073697762
2022/07/24 07:06:08, 0.01779709186643599352, 56.18895533634494863158
2022/07/24 07:12:33, 0.0177910906735039325, 56.20790868596316820563
2022/07/24 07:52:33, 0.01773576625758110585, 56.38324194606210906822
2022/07/24 08:17:39, 0.01777363953319808969, 56.26309671309428038949
2022/07/24 08:31:18, 0.0176615361639731347, 56.62021642487978538115
2022/07/24 08:37:58, 0.01766066134403075934, 56.62302110435951708539
2022/07/24 08:44:02, 0.01766066134403100741, 56.6230211043587217351
2022/07/24 08:45:47, 0.01765917220784070515, 56.62779592556428827687
2022/07/24 08:49:37, 0.01765733989195704644, 56.63367223595792002426
2022/07/24 09:42:19, 0.01764886107501372626, 56.66088002787580773759
2022/07/24 10:17:22, 0.01764886107501444746, 56.6608800278734923596
2022/07/24 10:44:32, 0.01764308451889099575, 56.67943147522016917805
2022/07/24 10:56:08, 0.01764089933964538331, 56.68645235975264978055
2022/07/24 11:10:28, 0.01764089933964557227, 56.6864523597520425929
2022/07/24 11:30:39, 0.01764468833735940023, 56.67427958377042603877
2022/07/24 11:32:59, 0.01764468833735950721, 56.67427958377008242892
2022/07/24 11:38:58, 0.0176446883373595261, 56.67427958377002175614
2022/07/24 11:57:47, 0.01760839725041066186, 56.79108585403353887125
2022/07/24 12:00:55, 0.01760817809107002568, 56.79179270154867699324
2022/07/24 12:14:24, 0.01762331632088901299, 56.74300919258281393173
2022/07/24 12:41:20, 0.01763615105466931995, 56.70171438768900507244
2022/07/24 14:13:03, 0.01764563213672102715, 56.67124828693292053785
2022/07/24 14:30:09, 0.01764230684479464968, 56.68192990844897939582
2022/07/24 14:32:32, 0.01763727157456948106, 56.69811205049778857677
2022/07/24 14:34:44, 0.01762984940711847931, 56.72198195840661833909
2022/07/24 15:04:51, 0.01781960968949761508, 56.1179519318749350581
2022/07/24 15:26:04, 0.01781960968951094912, 56.11795193183294318283
2022/07/24 15:27:23, 0.01782341567449060081, 56.10596859002898922335
2022/07/24 15:28:23, 0.01781853293909391894, 56.12134306556724226691
2022/07/24 15:37:00, 0.0178167099376933438, 56.1270853876552412051
2022/07/24 16:31:14, 0.01781766273449481332, 56.12408400031111824262
2022/07/24 16:47:31, 0.01768744795650016745, 56.53726882811820715575
2022/07/24 16:56:51, 0.01768744795650026031, 56.53726882811791033491
2022/07/24 17:29:53, 0.01766734721026121289, 56.60159321594127056721
2022/07/24 17:49:14, 0.01766692600776163581, 56.60294267155862729695
2022/07/24 18:06:57, 0.01767215009172074434, 56.58621021267195445425
2022/07/24 18:15:49, 0.01767215009172367381, 56.58621021266257428703
2022/07/24 18:31:59, 0.01767001363885348777, 56.59305196013898641311
2022/07/24 18:54:11, 0.01766758279819012551, 56.60083846345072249722
2022/07/24 18:56:22, 0.01766758279819034357, 56.60083846345002393292
2022/07/24 19:11:34, 0.01735385718729709562, 57.62407683820246820221
2022/07/24 19:41:54, 0.01741996375948033588, 57.40540071191465711569
2022/07/24 19:53:55, 0.01741343959488494579, 57.42690836873731422309
2022/07/24 20:32:30, 0.0174134395948851937, 57.42690836873649664203
2022/07/24 20:35:49, 0.01740684258056412124, 57.44867257641345221655
2022/07/24 21:11:59, 0.01740245917059587484, 57.46314300737756930581
2022/07/24 21:14:35, 0.0174138260502766225, 57.42563392518295987416
2022/07/24 21:22:24, 0.01741198303433190412, 57.43171228850039426616
2022/07/24 21:38:04, 0.0174104231780285524, 57.43685778195046465926
2022/07/24 22:03:11, 0.01740792033176429475, 57.44511584047730322703
2022/07/24 22:32:19, 0.01740848863555089809, 57.4432405325434862907
2022/07/24 22:43:44, 0.01740427899507942499, 57.45713455195254800939
2022/07/24 22:47:56, 0.01740427899509805665, 57.45713455189103890046
2022/07/24 22:48:43, 0.01740427899509810351, 57.45713455189088421177
2022/07/24 22:52:58, 0.01740427899509831447, 57.45713455189018775776
2022/07/24 22:55:09, 0.01738591107317206188, 57.51783704582988307239
2022/07/24 22:58:51, 0.017418144166075957, 57.41139759008463832484
2022/07/24 23:05:40, 0.0174099372148223739, 57.43846101573678590654
2022/07/24 23:57:06, 0.0174175122761615266, 57.41348041813351989412
2022/07/25 00:06:23, 0.01741495796634064512, 57.42190144430920584958
2022/07/25 00:41:07, 0.01779429328434066452, 56.19779240572707006747
2022/07/25 00:44:53, 0.01787964373089066889, 55.92952606053886462642
2022/07/25 00:47:15, 0.01789766215849566981, 55.8732191469666097727
2022/07/25 00:49:54, 0.01818216364699568436, 54.99895498769389970776
2022/07/25 00:59:56, 0.01818310011203833071, 54.99612243447631299653
2022/07/25 01:04:05, 0.01818097586493479783, 55.00254812662039059403
2022/07/25 01:14:01, 0.018178772768449679, 55.00921391875024462528
2022/07/25 01:16:54, 0.01811012096764941012, 55.21774270786631123581
2022/07/25 01:21:53, 0.01785984309749750584, 55.99153332652281168437
2022/07/25 01:38:47, 0.01786735147331289885, 55.96800407120349012028
2022/07/25 02:05:44, 0.0178656744808311582, 55.97325760485239558447
2022/07/25 02:11:17, 0.01786567448083133226, 55.9732576048518502531
2022/07/25 02:50:42, 0.01795965303706587194, 55.68036297450506402824
2022/07/25 02:51:20, 0.01797844874831277987, 55.62215149924137997066
2022/07/25 03:05:52, 0.01796014131420262794, 55.67884920867599300554
2022/07/25 04:52:07, 0.01795837106523162098, 55.68433775912193731331
2022/07/25 04:54:01, 0.01794323105030743663, 55.73132270304606874147
2022/07/25 05:14:52, 0.01730379672956971064, 57.79078520329259324071
2022/07/25 05:15:17, 0.01759992668750294617, 56.81841849432604933859
2022/07/25 05:23:28, 0.01752484626802928065, 57.06184149668166392219
2022/07/25 07:19:54, 0.01752281499841627374, 57.06845618642785491094
2022/07/25 07:22:56, 0.01752837844935768841, 57.05034284198970479757
2022/07/25 07:49:12, 0.01752837844935798139, 57.05034284198875121911
2022/07/25 08:00:56, 0.01752058104629765618, 57.07573266876979435957
2022/07/25 08:24:56, 0.01751970132480022901, 57.07859862795935239527
2022/07/25 08:29:22, 0.0175197214387223045, 57.07853309755186294638
2022/07/25 08:29:56, 0.01753081836294284548, 57.04240265895567827517
2022/07/25 09:16:01, 0.01753081836294286196, 57.04240265895562466432
2022/07/25 09:50:25, 0.01752587365471621468, 57.05849646650282005003
2022/07/25 10:02:11, 0.01752330830836249822, 57.06684961553627242966
2022/07/25 11:05:19, 0.01752206717055737608, 57.0708918226450361212
2022/07/25 11:09:36, 0.01752521448298338974, 57.06064259418786093787
2022/07/25 11:43:41, 0.01752432714388574616, 57.06353184287026497913
2022/07/25 13:06:20, 0.01751040686955372081, 57.10889572410526811917
2022/07/25 13:31:25, 0.01750885365273313401, 57.11396187516250604243
2022/07/25 14:08:38, 0.01752733524848667909, 57.05373839336704735781
2022/07/25 15:41:09, 0.01745016809872435348, 57.3060382193740728548
2022/07/25 15:53:04, 0.01745016809872440695, 57.30603821937389727691
2022/07/25 16:17:49, 0.01744796434835288887, 57.31327621003543231406
2022/07/25 16:37:23, 0.01744796434835307563, 57.31327621003481882547
2022/07/25 16:53:51, 0.01707015620469770905, 58.58177207100189740156
2022/07/25 17:26:39, 0.01707070432446259608, 58.57989108082575045554
2022/07/25 17:49:29, 0.01709004764898401065, 58.51358758847282569221
2022/07/25 18:03:54, 0.01709369855802222853, 58.50109013012230085892
2022/07/25 18:11:48, 0.0170955268521715707, 58.49483368644905688561
2022/07/25 18:30:35, 0.01709552685217168884, 58.49483368644865264264
2022/07/25 18:42:27, 0.01709218773415309261, 58.50626119685253884794
2022/07/25 18:43:27, 0.01712692082291046037, 58.3876115467476757097
2022/07/25 19:01:28, 0.01712248741941193658, 58.40272943440974118285
2022/07/25 19:04:42, 0.01712639331033794501, 58.38940995220362541057
2022/07/25 19:13:59, 0.01712249913510051885, 58.4026894736432076758
2022/07/25 19:36:19, 0.01712447318105760669, 58.39595702752241076449
2022/07/25 20:14:57, 0.0171258007118701719, 58.39143038181471329211
2022/07/25 20:20:23, 0.01713489116104872941, 58.36045240095914781562
2022/07/25 20:22:29, 0.01713598818629162265, 58.35671623536574840476
2022/07/25 21:34:08, 0.01713994236576228105, 58.34325335874757148359
2022/07/25 21:42:19, 0.01714176818740070928, 58.33703904215699955675
2022/07/25 21:48:10, 0.01716736876986615584, 58.25004480333047733573
2022/07/25 22:31:34, 0.01716448960809638756, 58.25981563286950014406
2022/07/25 23:09:26, 0.01716328103057217421, 58.26391808295542945075
2022/07/25 23:11:56, 0.01719981349781741649, 58.14016530626310373587
2022/07/26 00:19:11, 0.0172034741716628168, 58.12779384103578002839
2022/07/26 00:44:14, 0.01720347417166993644, 58.12779384101172390873
2022/07/26 00:48:53, 0.01720713815098199844, 58.11541647574502396105
2022/07/26 00:52:17, 0.01720713815098221855, 58.11541647574428055996
2022/07/26 00:53:47, 0.01712615987786881696, 58.3902058097825147976
2022/07/26 01:41:32, 0.01717736894751398303, 58.21613327719355387214
2022/07/26 01:53:40, 0.01717736894751857637, 58.21613327717798649903
2022/07/26 01:56:30, 0.0171773689475188132, 58.21613327717718384048
2022/07/26 02:11:28, 0.01717375860358883962, 58.22837173168532324214
2022/07/26 02:58:29, 0.01717423351367967106, 58.22676157299695819561
2022/07/26 04:09:45, 0.01703006521760455476, 58.71968117692621383719
2022/07/26 04:13:55, 0.01703917803380372504, 58.68827698238246128038
2022/07/26 04:19:16, 0.01704518399995787158, 58.66759783892456504406
2022/07/26 04:46:16, 0.0170451839999578926, 58.66759783892449269526
2022/07/26 05:17:33, 0.01704518399995802349, 58.66759783892404218435
2022/07/26 06:05:14, 0.01704348938190348182, 58.67343110277551571526
2022/07/26 07:22:36, 0.0171908734482642998, 58.17040088215915384805
2022/07/26 07:27:48, 0.01719077509376484268, 58.17073369557976919236
2022/07/26 08:00:21, 0.01719077509376476262, 58.1707336955800400985
2022/07/26 08:37:12, 0.01718955598787439981, 58.17485924042512119035
2022/07/26 08:57:00, 0.01718973854757418847, 58.1742414075937033845
2022/07/26 08:58:25, 0.01718973854757427688, 58.17424140759340415844
2022/07/26 09:15:31, 0.01718973854757448776, 58.17424140759269048865
2022/07/26 09:40:53, 0.01717987093137554913, 58.2076549931293640124
2022/07/26 09:47:39, 0.01718890251575609781, 58.17707087950242203466
2022/07/26 09:54:22, 0.01718890251575629309, 58.17707087950176108408
2022/07/26 10:04:55, 0.01719045951838436478, 58.17180156996666550654
2022/07/26 10:10:14, 0.01719045951840133873, 58.17180156990922638593
2022/07/26 10:37:23, 0.01718344152901274199, 58.19555985403664550254
2022/07/26 11:06:01, 0.01718958368748216224, 58.17476549639897773969
2022/07/26 11:30:18, 0.01718745372465449818, 58.18197483002107563935
2022/07/26 12:05:47, 0.01718745372466421854, 58.18197482998817082555
2022/07/26 12:08:38, 0.01718228515464475986, 58.19947643749105212551
2022/07/26 13:09:58, 0.01718070100615121026, 58.20484272684623139063
2022/07/26 13:59:26, 0.01718070100615133884, 58.20484272684579577742
2022/07/26 14:26:31, 0.01718846486632649762, 58.17855217303760587938
2022/07/26 14:29:15, 0.01718846486632668659, 58.17855217303696625376
2022/07/26 14:47:19, 0.01718846486633851013, 58.17855217299694661373
2022/07/26 14:53:09, 0.01719209775838763849, 58.16625836205023046372
2022/07/26 14:54:37, 0.01693226502315208937, 59.05884408451346370211
2022/07/26 14:54:37, 0.01710403641456207131, 58.46573146608936410866
2022/07/26 14:55:37, 0.01710403641456015035, 58.46573146609593038894
2022/07/26 14:58:04, 0.0171040364145483266, 58.46573146613634685116
2022/07/26 15:01:58, 0.0173453363351976577, 57.65238451852738675855
2022/07/26 15:38:59, 0.0173430581235138616, 57.65995782740252317686
2022/07/26 15:43:50, 0.01733350282694688195, 57.69174355487959404495
2022/07/26 16:04:00, 0.017305286309552153, 57.78581076974271695551
2022/07/26 16:56:58, 0.01729902533692432009, 57.8067249757433434044
2022/07/26 17:57:04, 0.01730530513760413388, 57.78574789918133254143
2022/07/26 17:58:02, 0.01731152552056233369, 57.76498430552622974839
2022/07/26 18:52:44, 0.01731128682620459169, 57.76578079026865299136
2022/07/26 19:28:57, 0.01726731223835630172, 57.91289264919155258974
2022/07/26 19:55:45, 0.0172630320325055264, 57.92725160429779621109
2022/07/26 19:58:45, 0.01726664670120977112, 57.91512488235112579408
2022/07/26 20:04:35, 0.01727568502702204481, 57.88482473695449251459
2022/07/26 20:06:52, 0.01727387889654548494, 57.89087708609471072583
2022/07/26 20:08:15, 0.01726800515438798227, 57.91056876919505962484
2022/07/26 20:16:08, 0.01726146058336151294, 57.93252518642075808903
2022/07/26 20:18:32, 0.01726146058336165338, 57.93252518642028674509
2022/07/26 20:20:41, 0.01726182182381200672, 57.93131282472972751722
2022/07/26 20:20:41, 0.01723304762106575133, 58.0280413533817263325
2022/07/26 20:30:58, 0.01723304762106518765, 58.02804135338362437614
2022/07/26 21:00:57, 0.01723929431504923074, 58.00701477246890844979
2022/07/26 21:03:24, 0.01723929431504940773, 58.00701477246831288569
2022/07/26 22:18:55, 0.01723929431504949194, 58.00701477246802956274
2022/07/26 23:28:08, 0.0172383611769770844, 58.01015477826064448482
2022/07/26 23:37:23, 0.01723836117697733664, 58.01015477825979565444
2022/07/27 00:40:52, 0.01723836117697758269, 58.01015477825896764626
2022/07/27 00:54:58, 0.01726398560785332243, 57.92405199556606113033
2022/07/27 02:02:11, 0.01726773727673496034, 57.91146714672990653458
2022/07/27 02:09:18, 0.01727495963704786106, 57.88725536906037141382
2022/07/27 02:22:14, 0.01727495963704804857, 57.88725536905974305834
2022/07/27 03:00:10, 0.01727283727622138573, 57.89436813468091013101
2022/07/27 03:23:03, 0.01727251465315549465, 57.89544950927635883669
2022/07/27 03:31:26, 0.01727222734670192748, 57.89641254293393533681
2022/07/27 03:57:57, 0.01728486646630585712, 57.85407726171003665487
2022/07/27 03:59:02, 0.01674927469521930234, 59.70407783003446383704
2022/07/27 04:00:37, 0.01657341338617185232, 60.33760075244109061319
2022/07/27 04:16:10, 0.01658420180497812084, 60.29834970410378923021
2022/07/27 04:25:41, 0.01659305949203239774, 60.26616131161205098754
2022/07/27 04:28:06, 0.01665209530264445294, 60.05250281273576319602
2022/07/27 04:38:29, 0.0166520953026580899, 60.05250281268658419794
2022/07/27 04:52:56, 0.01664618407319140238, 60.07382806792909878359
2022/07/27 04:55:39, 0.01665062206318799204, 60.05781623083312961314
2022/07/27 05:13:15, 0.01664924700029569898, 60.06277641158422948445
2022/07/27 05:14:48, 0.01664860367928835163, 60.06509730567057554308
2022/07/27 06:50:41, 0.01698758711365918282, 58.86651196013185127332
2022/07/27 07:06:20, 0.01698758711365933521, 58.86651196013132319853
2022/07/27 07:24:42, 0.0169877661334712074, 58.86589161536004034545
2022/07/27 07:51:30, 0.01698565101019428128, 58.87322183882324068276
2022/07/27 08:02:43, 0.01703495247046476393, 58.70283475893473036834
2022/07/27 08:36:56, 0.01703495247046496057, 58.70283475893405275103
2022/07/27 09:16:00, 0.01703268286989494788, 58.71065689642395596435
2022/07/27 09:16:46, 0.01706846248547047864, 58.5875851941116295955
2022/07/27 09:18:16, 0.01706846248547072446, 58.58758519411078581962
2022/07/27 09:26:24, 0.01706846248547467402, 58.58758519409722893664
2022/07/27 09:29:49, 0.01705994554835186378, 58.61683421941569604654
2022/07/27 10:25:24, 0.01699514755927720452, 58.84032465808902459865
2022/07/27 11:57:51, 0.01699893096812117131, 58.82722871663771955608
2022/07/27 12:18:04, 0.0169946305490682439, 58.84211469691681526592
2022/07/27 12:46:36, 0.01699463054906853977, 58.842114696915790841
2022/07/27 13:20:13, 0.01755186999805251233, 56.97398625394081289501
2022/07/27 13:22:20, 0.0171906420775912565, 58.1711838037476876441
2022/07/27 13:24:47, 0.0171906420775741583, 58.17118380380554600814
2022/07/27 13:28:22, 0.01718907152547537633, 58.17649885963484404582
2022/07/27 13:28:41, 0.01720142632300687761, 58.13471401859866408416
2022/07/27 14:29:42, 0.01720407823160582042, 58.12575289054939848073
2022/07/27 14:35:57, 0.01720407823160588905, 58.12575289054916658806
2022/07/27 15:16:56, 0.01720228471850377245, 58.13181309133560372949
2022/07/27 15:19:42, 0.01720228471850391809, 58.13181309133511156957
2022/07/27 15:52:57, 0.01720299065119906943, 58.12942762544016034185
2022/07/27 16:13:35, 0.0171816303589293205, 58.20169443235044436968
2022/07/27 16:23:23, 0.01718163035894614363, 58.20169443229345705803
2022/07/27 16:27:33, 0.01706124895556836562, 58.6123561413494861022
2022/07/27 16:29:16, 0.01705227093842027719, 58.64321553482424464899
2022/07/27 16:30:10, 0.0170506158896658729, 58.64890784420786041646
2022/07/27 16:34:23, 0.0171108834283305932, 58.44233608326113371736
2022/07/27 16:59:48, 0.01710784624135282376, 58.45271145720349794571
2022/07/27 17:19:49, 0.0171094328913070419, 58.44729082213355241566
2022/07/27 18:05:45, 0.01711295367236849367, 58.4352660063969215569
2022/07/27 18:16:16, 0.01711295367236859186, 58.43526600639658627741
2022/07/27 18:47:26, 0.01713305123845535541, 58.36671974432009214947
2022/07/27 20:39:42, 0.01713657201926726612, 58.3547280562100707973
2022/07/27 20:53:02, 0.01713584799576873286, 58.35719365898465462299
2022/07/27 21:21:08, 0.0171343452820493359, 58.36231169262371836979
2022/07/27 21:28:47, 0.01713962678700683785, 58.34432758816413135865
2022/07/27 22:47:34, 0.01708063326227890628, 58.5458387077728007205
2022/07/27 22:52:01, 0.0169374395380754765, 59.04080116430782603059
2022/07/27 23:10:14, 0.01711291338513463352, 58.43540357474512139558
2022/07/27 23:10:14, 0.01739269189865562394, 57.49541277605771055056
2022/07/27 23:18:57, 0.01740510886670778395, 57.454395008857665431
2022/07/27 23:39:07, 0.01738669755368059798, 57.51523524881868904353
2022/07/28 00:27:18, 0.01738669755368088891, 57.51523524881772667024
2022/07/28 01:11:46, 0.01738534108919076767, 57.51972278655746635036
2022/07/28 01:50:39, 0.01738924789401955308, 57.50679995446590676673
2022/07/28 02:07:25, 0.01738924789403488894, 57.50679995441519057313
2022/07/28 02:10:02, 0.01737294755510363123, 57.56075627513369927688
2022/07/28 02:34:18, 0.01737294755510366806, 57.56075627513357723718
2022/07/28 02:38:30, 0.01736678904382137653, 57.58116814091044405146
2022/07/28 02:44:43, 0.01737388016540606162, 57.55766647862268369735
2022/07/28 03:27:10, 0.01737494395815688937, 57.55414247137972651202
2022/07/28 05:24:31, 0.01737849016903356076, 57.54239811821415736063
2022/07/28 05:57:41, 0.01737849016904310693, 57.5423981181825487783
2022/07/28 06:08:03, 0.01729373765096318275, 57.82439980198870054901
2022/07/28 06:24:11, 0.01733094863739914122, 57.70024601204231549921
2022/07/28 07:24:39, 0.01732725909780460529, 57.71253227965534308546
2022/07/28 07:49:03, 0.01732112997554567206, 57.73295399386879436386
2022/07/28 08:04:35, 0.01716290741825196945, 58.26518640638622788838
2022/07/28 08:21:20, 0.01716290741825219855, 58.26518640638545012103
2022/07/28 08:34:35, 0.01716074797651250488, 58.27251827068817097598
2022/07/28 09:01:20, 0.01716074797651850892, 58.27251827066778312999
2022/07/28 09:28:44, 0.01700520018029526909, 58.80554121078488482063
2022/07/28 09:34:22, 0.01700520018030766449, 58.80554121074202040011
2022/07/28 10:40:49, 0.01700490530314342689, 58.80656094069197050755
2022/07/28 11:35:13, 0.01700490530316079293, 58.80656094063191505435
2022/07/28 12:10:58, 0.01700490530317294829, 58.80656094058987926039
2022/07/28 12:19:47, 0.01607871271543129021, 62.19403367038617568957
2022/07/28 12:20:42, 0.01664421385350274005, 60.08093916610859262609
2022/07/28 12:20:42, 0.01682410801157280018, 59.43851521353345688103
2022/07/28 12:23:00, 0.01664474921317441015, 60.07900673015214455526
2022/07/28 12:52:50, 0.01664175376405431788, 60.08982071108212126607
2022/07/28 12:59:36, 0.01664175376405674022, 60.08982071107337474268
2022/07/28 13:02:07, 0.01644467060766587169, 60.80997448096275873645
2022/07/28 13:05:03, 0.01645848447365516262, 60.75893570885486330243
2022/07/28 13:08:53, 0.01712843089791033554, 58.38246398401851042164
2022/07/28 13:12:06, 0.0170065704420767655, 58.80080310171487585357
2022/07/28 13:51:50, 0.01700261148082159294, 58.81449453385253889199
2022/07/28 13:54:02, 0.01699723245460693041, 58.83310725264335423648
2022/07/28 13:55:53, 0.0169791646201710855, 58.8957126201609203647
2022/07/28 13:55:53, 0.01697310268455035852, 58.91674719615304168177
2022/07/28 14:42:06, 0.0169712717699731353, 58.92310332153634185807
2022/07/28 15:29:33, 0.01691686894815861808, 59.11259365219879304991
2022/07/28 16:03:48, 0.01692489026986361176, 59.08457804187928963095
2022/07/28 16:07:59, 0.01692489026986378647, 59.08457804187867973841
2022/07/28 17:17:55, 0.01692239400643612211, 59.09329375144369912195
2022/07/28 17:30:20, 0.01692239400643621587, 59.09329375144337170491
2022/07/28 17:35:27, 0.01692175060605903256, 59.09554060216075961434
2022/07/28 17:51:33, 0.01691626410690147766, 59.11470722380251611276
2022/07/28 18:27:25, 0.01691982639550018884, 59.10226125404862398839
2022/07/28 18:30:24, 0.01691982639550049032, 59.10226125404757087246
2022/07/28 19:04:36, 0.01691982639550284028, 59.10226125403936228771
2022/07/28 19:10:55, 0.01691418753363144953, 59.12196480094847149173
2022/07/28 19:53:18, 0.01693232192567503522, 59.05864561219257200022
2022/07/28 20:36:58, 0.01693232192568056423, 59.05864561217328724802
2022/07/28 20:54:59, 0.01690230551739873157, 59.16352647694302318095
2022/07/28 21:24:26, 0.01690321082689289181, 59.16035777114055153939
2022/07/28 21:26:35, 0.01690321082689306488, 59.16035777113994578271
2022/07/28 21:27:58, 0.01690321082690560829, 59.16035777109604453346
2022/07/28 21:41:01, 0.01690321082688770681, 59.16035777115869875737
2022/07/28 22:00:16, 0.01691137328142724919, 59.13180339400586996106
2022/07/28 22:05:05, 0.01691228022082053168, 59.12863238683276051191
2022/07/28 22:15:10, 0.01691228022083440267, 59.12863238678426480011
2022/07/28 22:16:23, 0.01690547662129780051, 59.15242867155743921916
2022/07/28 22:31:11, 0.01689935468219483244, 59.17385715642742510379
2022/07/28 23:23:34, 0.01689895091626529913, 59.17527099492883408489
2022/07/28 23:44:27, 0.01689129437057898788, 59.20209417117172088029
2022/07/29 00:19:19, 0.01688982800992485117, 59.20723404716596367547
2022/07/29 00:47:44, 0.01688749905378209945, 59.21539932083913104423
2022/07/29 01:37:55, 0.01688749905378917603, 59.21539932081431728275
2022/07/29 01:53:28, 0.01682391188440276723, 59.43920812656461691453
2022/07/29 01:53:28, 0.01682879981988259793, 59.42194397122350816899
2022/07/29 02:09:44, 0.01683242054426873348, 59.4091620613940602426
2022/07/29 02:42:07, 0.01682510869247213154, 59.43498008113425811247
2022/07/29 03:17:57, 0.01696840768499653937, 58.93304890854312036504
2022/07/29 03:19:53, 0.01696840768499667661, 58.93304890854264371044
2022/07/29 03:23:38, 0.01696643847936685603, 58.93988895878856452596
2022/07/29 04:27:52, 0.0169624587843147991, 58.95371730687421918141
2022/07/29 04:30:42, 0.01697365982611637557, 58.91481331924412721898
2022/07/29 04:42:45, 0.01695708423438534209, 58.97240269481080711299
2022/07/29 04:46:25, 0.01695708423438534924, 58.9724026948107822584
2022/07/29 04:46:57, 0.01695708423438557405, 58.97240269481000041585
2022/07/29 05:53:19, 0.0169519457154851493, 58.99027856646135486824
2022/07/29 06:29:29, 0.01695443593427069099, 58.98161424401382320729
2022/07/29 06:54:15, 0.01695443593428030205, 58.98161424398038796526
2022/07/29 06:57:16, 0.01695088146791300822, 58.99398222404772416496
2022/07/29 07:31:36, 0.01695067041358053017, 58.99471676346325921021
2022/07/29 07:51:07, 0.01695025436989586207, 58.99616478771130903346
2022/07/29 08:40:05, 0.01691365561401801189, 59.12382413481338301029
2022/07/29 08:54:26, 0.0169109079699195289, 59.13343043311225188323
2022/07/29 09:19:08, 0.01691090796993776048, 59.13343043304850038211
2022/07/29 10:51:58, 0.01691090796993792572, 59.13343043304792255709
2022/07/29 11:05:16, 0.01689951765501902125, 59.17328650519253239374
2022/07/29 11:34:45, 0.01687502178339067373, 59.25918276350049522211
2022/07/29 11:53:46, 0.01685726480790885877, 59.32160474401717923757
2022/07/29 12:38:52, 0.01685472372204165296, 59.33054830749059650031
2022/07/29 13:03:20, 0.01685472372204191315, 59.33054830748968060971
2022/07/29 13:25:33, 0.01685472372204210803, 59.33054830748899461442
2022/07/29 13:35:22, 0.01685222438564139585, 59.33934756126498067109
2022/07/29 13:57:28, 0.01684905973287051663, 59.35049289718634185456
2022/07/29 13:59:32, 0.01684666975616225862, 59.3589127390720666556
2022/07/29 14:08:44, 0.01685032223857136122, 59.34604607803536361205
2022/07/29 14:57:44, 0.01685217441210434953, 59.33952352651499179829
2022/07/29 15:32:31, 0.01684836682070863166, 59.35293376749620363352
2022/07/29 15:55:43, 0.01684605937892236307, 59.36106346931146066847
2022/07/29 16:00:34, 0.01684605937892251183, 59.36106346931093649677
2022/07/29 17:13:18, 0.01706366508127073627, 58.60405693836612147845
2022/07/29 17:28:21, 0.01706366508127104276, 58.604056938365068841
2022/07/29 17:38:47, 0.01700152888825740162, 58.81823961671346893729
2022/07/29 17:56:46, 0.01699821917537010112, 58.82969208027211268393
2022/07/29 17:57:35, 0.01699821917537263557, 58.82969208026334111345
2022/07/29 18:00:56, 0.01699166358492375299, 58.85238929090340264317
2022/07/29 18:44:00, 0.0169916635849239116, 58.85238929090285329171
2022/07/29 18:58:09, 0.01699312344926860713, 58.84733333371037917049
2022/07/29 20:13:25, 0.01698849845218770185, 58.86335409891534772434
2022/07/29 20:17:27, 0.01697299621081103658, 58.91711678831607204917
2022/07/29 20:32:12, 0.01697299621082304973, 58.91711678827437166886
2022/07/29 20:38:33, 0.01697518529112536447, 58.90951897431131487526
2022/07/29 20:47:00, 0.0169843064590516759, 58.87788249764278659186
2022/07/29 20:53:03, 0.01698037247403627806, 58.89152322948410781522
2022/07/29 21:19:11, 0.01697739841023076504, 58.90183971870443456021
2022/07/29 21:30:18, 0.01697356509578623885, 58.91514212581388320085
2022/07/29 21:37:11, 0.01697356509579201637, 58.91514212579382945214
2022/07/29 21:44:01, 0.01696119916628276625, 58.95809548583710325342
2022/07/29 21:56:39, 0.01696491856519571402, 58.94516947765045779866
2022/07/29 22:00:19, 0.01696491856519600562, 58.94516947764944461978
2022/07/29 22:28:05, 0.01696491856519624297, 58.94516947764861992529
2022/07/29 23:09:47, 0.01696353192726209126, 58.94998779074421718271
2022/07/29 23:18:21, 0.01696353192727607602, 58.94998779069561872439
2022/07/29 23:23:52, 0.01669711154175902443, 59.89059829294588124983
2022/07/30 01:12:52, 0.01669546773742458541, 59.89649500854645160521
2022/07/30 01:27:41, 0.01670457912819152261, 59.86382490249919716294
2022/07/30 02:09:19, 0.01685912627106464666, 59.31505488017502255044
2022/07/30 02:14:42, 0.01685912627107851102, 59.31505488012624390179
2022/07/30 02:24:56, 0.01686022359569505542, 59.31119444082173410696
2022/07/30 02:30:18, 0.01686022359567698154, 59.31119444088531473322
2022/07/30 02:34:04, 0.01684297053002681583, 59.3719497529992942162
2022/07/30 03:13:36, 0.01685029315011126427, 59.34614852640690671249
2022/07/30 03:26:08, 0.01699900568739237582, 58.82697014106350534441
2022/07/30 04:05:53, 0.0170118597338593877, 58.78252087922285390789
2022/07/30 05:29:48, 0.01702655601296749345, 58.73178341165388837705
2022/07/30 05:34:09, 0.0170265560129676721, 58.73178341165327215394
2022/07/30 05:38:48, 0.01702986692830641555, 58.72036488657682641153
2022/07/30 05:45:32, 0.01702833456761345669, 58.72564906622875361105
2022/07/30 05:52:49, 0.01703568125206054066, 58.70032346836998942799
2022/07/30 06:23:46, 0.01702654050990483707, 58.73183688831390761984
2022/07/30 06:41:45, 0.01701614475434124569, 58.76771821330885755902
2022/07/30 07:35:26, 0.01701625490332548729, 58.76733780031527177683
2022/07/30 07:37:07, 0.01701625490332557076, 58.7673378003149835231
2022/07/30 07:57:49, 0.01697911415006733481, 58.89588768658076642419
2022/07/30 08:49:45, 0.01698278727144951988, 58.88314939215791663039
2022/07/30 10:14:35, 0.01696806294221796871, 58.93424626048008316481
2022/07/30 12:18:24, 0.01696806294221824516, 58.93424626047912300053
2022/07/30 12:42:01, 0.01696806294221829864, 58.93424626047893725902
2022/07/30 12:56:27, 0.01696806294221839209, 58.93424626047861268263
2022/07/30 13:34:34, 0.01695894629306748242, 58.96592764190675750958
2022/07/30 13:43:47, 0.01695733190604376152, 58.97154136869787089018
2022/07/30 14:06:32, 0.016959625206819031, 58.96356716644455134815
2022/07/30 14:10:08, 0.01697996526584115748, 58.89293554750164955759
2022/07/30 14:48:05, 0.01699830006452248996, 58.82941212969413684536
2022/07/30 15:05:07, 0.01699707805661894237, 58.83364168058188779982
2022/07/30 15:13:10, 0.01699500047289084019, 58.84083390260127204893
2022/07/30 15:29:24, 0.01700050230245045036, 58.82179139235551412967
2022/07/30 15:41:30, 0.01700050230245069136, 58.82179139235468024279
2022/07/30 15:56:58, 0.0170078382728102428, 58.79641986005125531188
2022/07/30 16:00:58, 0.01700783827281038481, 58.79641986005076438973
2022/07/30 16:06:09, 0.0170105930972234089, 58.78689792204994765987
2022/07/30 16:08:28, 0.01701059309722516183, 58.78689792204388969788
2022/07/30 16:10:00, 0.0170097934415026352, 58.78966158166707198582
2022/07/30 16:18:22, 0.01696893815478026978, 58.93120658927576643511
2022/07/30 16:20:43, 0.01696585114921649841, 58.94192936180399622941
2022/07/30 16:47:12, 0.01708153329506433509, 58.54275390423805900948
2022/07/30 17:34:47, 0.01707980691582255813, 58.54867124250744578033
2022/07/30 17:37:33, 0.01706884416922256232, 58.58627509196758797053
2022/07/30 18:16:00, 0.01706884416922272461, 58.58627509196703093073
2022/07/30 18:40:46, 0.01706295383734515479, 58.60649976156714406976
2022/07/30 18:48:57, 0.01720057982319115447, 58.13757502823960138382
2022/07/30 19:00:39, 0.01719788106349519428, 58.14669820706191075893
2022/07/30 19:05:48, 0.0171978810635133659, 58.14669820700047178263
2022/07/30 19:06:32, 0.01724460952008185683, 57.98913560991163533868
2022/07/30 19:19:46, 0.01728199228533664957, 57.86369901625726888534
2022/07/30 19:40:59, 0.01726652077103656568, 57.91554727559434843744
2022/07/30 20:21:07, 0.01727398356806099824, 57.89052629695478126024
2022/07/30 20:22:12, 0.01725852282009082241, 57.94238651965565687999
2022/07/30 20:33:32, 0.01725852282009946154, 57.94238651962665254967
2022/07/30 20:35:47, 0.01723401746944742204, 58.02477581172274465365
2022/07/30 20:53:22, 0.01724073221396649647, 58.00217691391974644793
2022/07/30 23:15:51, 0.0172369581166775561, 58.01487671032011377973
2022/07/30 23:18:58, 0.01722272391252507574, 58.06282473545074497224
2022/07/30 23:20:35, 0.01722272391251130441, 58.06282473549717213349
2022/07/31 00:55:01, 0.01724046144046808698, 58.00308787865306173294
2022/07/31 01:43:47, 0.01723799986841215996, 58.01137067139987030385
2022/07/31 02:19:06, 0.01761285069291330801, 56.77672612090893213594
2022/07/31 02:23:07, 0.01751794806134333878, 57.08431127311587833197
2022/07/31 02:41:31, 0.01751888768030503046, 57.0812495775181817894
2022/07/31 03:28:08, 0.01751395033444362122, 57.09734131387599078069
2022/07/31 03:55:30, 0.01751086177350035842, 57.1074121271019312557
2022/07/31 04:34:42, 0.01750821546467127783, 57.11604372346438392842
2022/07/31 04:39:29, 0.01750330042537166866, 57.13208227577832912357
2022/07/31 04:40:38, 0.01750330042537179211, 57.1320822757779261883
2022/07/31 05:01:49, 0.01750330042537430558, 57.1320822757697220367
2022/07/31 05:06:44, 0.01759736098075234102, 56.82670265693708243724
2022/07/31 05:16:32, 0.01758306659297960131, 56.8729006804348018162
2022/07/31 05:22:16, 0.01758082089172105024, 56.88016538925710980651
2022/07/31 06:18:24, 0.01758082089172130501, 56.88016538925628554011
2022/07/31 07:24:15, 0.0174760812775943233, 57.22106598817875179181
2022/07/31 07:33:56, 0.01747608127759444744, 57.22106598817834532429
2022/07/31 07:48:25, 0.01747795308532012225, 57.21493787735980898708
2022/07/31 07:51:35, 0.01747795308532035662, 57.21493787735904176866
2022/07/31 07:57:24, 0.01743776454345639098, 57.34680024540502464585
2022/07/31 08:39:20, 0.01742181659598693799, 57.39929556085138288127
2022/07/31 10:46:04, 0.01742181659598697611, 57.3992955608512573012
2022/07/31 10:52:53, 0.01742181659598719058, 57.39929556085055068642
2022/07/31 10:54:59, 0.01742074253362513496, 57.40283446987531925378
2022/07/31 11:37:17, 0.01760642068443041474, 56.79746144452364009342
2022/07/31 11:38:18, 0.01758680156283455768, 56.860822385877009879
2022/07/31 12:14:34, 0.01744416104344805497, 57.3257720740657406
2022/07/31 12:55:54, 0.01744179116593895438, 57.33356112833417254344
2022/07/31 12:57:02, 0.01745663704080588734, 57.28480220230522151951
2022/07/31 13:34:42, 0.01744991095704841479, 57.30688268045730745037
2022/07/31 13:39:40, 0.01744991095704855605, 57.30688268045684354601
2022/07/31 13:55:33, 0.01743376141660572851, 57.35996817344855604178
2022/07/31 14:00:00, 0.01743894235101005752, 57.34292710372314209752
2022/07/31 14:02:35, 0.01742016423022768349, 57.40474009221954896648
2022/07/31 14:03:54, 0.0174184559546727206, 57.41036993188465602671
2022/07/31 14:17:14, 0.01742752490200655768, 57.38049468429465435686
2022/07/31 15:14:31, 0.017427524902007713, 57.38049468429085042577
2022/07/31 15:23:36, 0.01743567306443253591, 57.35367922445878653908
2022/07/31 15:44:57, 0.01743567306443268829, 57.35367922445828526386
2022/07/31 15:59:12, 0.01743418677150876429, 57.35856871937476895666
2022/07/31 16:13:42, 0.01742279213542672875, 57.39608165138150181353
2022/07/31 17:02:52, 0.01741872352024600029, 57.40948806252579233044
2022/07/31 17:24:58, 0.01714636623629671997, 58.32139511187651255375
2022/07/31 19:00:19, 0.01717020672036771774, 58.24041703666710223968
2022/07/31 19:01:30, 0.01717385892903679468, 58.22803157589961348567
2022/07/31 19:09:54, 0.01717385892904599779, 58.22803157586841029275
2022/07/31 19:11:53, 0.01717385892904603793, 58.22803157586827419522
2022/07/31 19:12:42, 0.01713722521428654873, 58.35250383278759214503
2022/07/31 19:50:58, 0.01714453330126825361, 58.32763029635958489703
2022/07/31 20:09:36, 0.01714453330126837754, 58.32763029635916327343
2022/07/31 20:22:41, 0.01714104400198458993, 58.33950370142098744711
2022/07/31 20:52:19, 0.01713760177990354589, 58.35122164949897764652
2022/07/31 21:11:55, 0.01713518918264755011, 58.35943737421231464546
2022/07/31 21:22:36, 0.01713440545686632807, 58.36210672832342883112
2022/07/31 21:27:44, 0.01713487354966433953, 58.36051238438169372587
2022/07/31 21:45:16, 0.01713850988713349348, 58.34812983074663876559
2022/07/31 23:24:17, 0.01714214660983125062, 58.33575121954018345736
2022/07/31 23:25:27, 0.01717853505041000636, 58.21218148494755582719
2022/07/31 23:31:05, 0.01718765064206224138, 58.18130824423227272235
2022/08/01 00:07:19, 0.01718472413156810382, 58.19121635842926570637
2022/08/01 00:34:53, 0.01719037531649963188, 58.17208650704571802115
2022/08/01 00:38:42, 0.01718717994247682202, 58.18290163638627200129
2022/08/01 00:42:51, 0.0171952184604497834, 58.15570196447754410454
2022/08/01 01:07:26, 0.0171165571892467247, 58.42296373877325124833
2022/08/01 01:13:50, 0.0171176467383597915, 58.41924507993554624083
2022/08/01 01:38:26, 0.01711591856518522029, 58.42514359901539284703
2022/08/01 01:40:54, 0.01711610041389152681, 58.42452286552339773662
2022/08/01 01:55:19, 0.01711664700229449145, 58.42265718665283642532
2022/08/01 03:34:36, 0.01711664700230306732, 58.42265718662356519108
2022/08/01 03:36:19, 0.01708079535900028267, 58.54528310785457089497
2022/08/01 03:44:26, 0.01710796757020952899, 58.45229691347565192807
2022/08/01 03:46:32, 0.01710796757020981966, 58.45229691347465882292
2022/08/01 03:55:23, 0.01710662295311978914, 58.45689138881890332278
2022/08/01 04:45:23, 0.01710279198192412795, 58.46998554720749557382
2022/08/01 04:51:43, 0.01710642809095578086, 58.45755728097924534898
2022/08/01 05:15:05, 0.0171030109857596511, 58.46923683979518765816
2022/08/01 05:41:01, 0.0170988825247882448, 58.48335401745115821285
2022/08/01 06:39:25, 0.01709953590454168751, 58.48111934630910250579
2022/08/01 06:45:59, 0.01710327192123108306, 58.4683448059229950571
2022/08/01 06:46:51, 0.01710327192123128587, 58.46834480592230174301
2022/08/01 07:12:15, 0.01709542306888679352, 58.49518879822125531451
2022/08/01 07:16:16, 0.01709420008239302394, 58.49937377473410256095
2022/08/01 08:02:06, 0.0170563915897878168, 58.62904792821071122872
2022/08/01 09:11:06, 0.01706182876801323333, 58.61036431655884673384
2022/08/01 09:15:02, 0.01704792094042403025, 58.658179111377739526
2022/08/01 09:20:59, 0.01705698112749025766, 58.62702154183239800375
2022/08/01 11:15:28, 0.01705144095360730242, 58.64607001371610706189
2022/08/01 11:22:47, 0.01705144095360750702, 58.64607001371540338843
2022/08/01 11:39:22, 0.01705216570909222526, 58.6435774235292227018
2022/08/01 13:15:06, 0.01704998132120116814, 58.65109064703363431273
2022/08/01 13:21:50, 0.01701649934001168616, 58.7664936259042128713
2022/08/01 13:41:45, 0.01701649934001819922, 58.76649362588172002939
2022/08/01 13:47:53, 0.01704729011288954354, 58.66034973170867012632
2022/08/01 13:57:29, 0.01704729011288962826, 58.66034973170837859337
2022/08/01 14:00:03, 0.01704568803270187662, 58.66586306645505798422
2022/08/01 14:08:29, 0.01719167745968591446, 58.16768039913364145334
2022/08/01 14:38:17, 0.01719167745969429548, 58.16768039910528444106
2022/08/01 14:42:42, 0.01714468883772543797, 58.32710114864170435283
2022/08/01 16:27:19, 0.01714594051033521194, 58.32284320578512766771
2022/08/01 16:31:06, 0.01714594051033527237, 58.32284320578492208659
2022/08/01 16:48:53, 0.01714594051033550644, 58.32284320578412587929
2022/08/01 17:08:48, 0.01714648721302400964, 58.32098362633874926777
2022/08/01 17:39:51, 0.01718289869855007468, 58.19739832862902701983
2022/08/01 17:43:01, 0.01718289869855033443, 58.19739832862814726143
2022/08/01 17:56:42, 0.01718402656620316545, 58.19357856247491763171
2022/08/01 17:58:01, 0.01718402656620320072, 58.1935785624747981972
2022/08/01 18:43:17, 0.01718548188623467719, 58.18865054933289701362
2022/08/01 18:45:29, 0.01718548188623487231, 58.18865054933223635009
2022/08/01 18:47:21, 0.01718548188623515893, 58.18865054933126587772
2022/08/01 18:51:27, 0.01709460471109122337, 58.4979890965940696186
2022/08/01 18:54:29, 0.01708886470919850645, 58.5176380653142586336
2022/08/01 19:07:12, 0.01708886470921368746, 58.51763806526227407949
2022/08/01 19:20:00, 0.01708290244659885425, 58.53806185020370940151
2022/08/01 19:54:39, 0.01707801113463941701, 58.55482773235197768664
2022/08/01 19:57:26, 0.01708046338826514951, 58.5464209763204373633
2022/08/01 20:05:20, 0.01708046338828123602, 58.54642097626529789778
2022/08/01 20:10:27, 0.01707710654960359305, 58.55792941827213522655
2022/08/01 20:30:40, 0.01707000794614340287, 58.58228087268865368597
2022/08/01 20:59:09, 0.01706882539962785944, 58.58633951588738807796
2022/08/01 21:02:41, 0.01705978575909957722, 58.61738324976364926482
2022/08/01 22:28:36, 0.01706304900666048336, 58.60617288326690971016
2022/08/01 22:55:12, 0.01706341160893427744, 58.60492748568564792249
2022/08/01 22:59:26, 0.01706341160893416321, 58.60492748568604022558
2022/08/01 23:00:13, 0.01706341160893421111, 58.60492748568587571305
2022/08/01 23:01:34, 0.01706359290788795748, 58.60430481424177292425
2022/08/01 23:19:28, 0.01706450076179991971, 58.60118698805241628392
2022/08/01 23:23:07, 0.01706450076181040047, 58.6011869880164243233
2022/08/01 23:51:56, 0.01710989393901806842, 58.44571588603252872865
2022/08/01 23:56:36, 0.01711073290619596584, 58.44285019713504477965
2022/08/02 01:37:54, 0.0171161723489143094, 58.42427732175942294951
2022/08/02 02:42:46, 0.01711617234891634416, 58.42427732175247751348
2022/08/02 02:47:01, 0.01711617234893300888, 58.42427732169559422454
2022/08/02 02:57:23, 0.01711798906447727702, 58.41807680991975624819
2022/08/02 03:18:59, 0.01712162805016363903, 58.40566078588785571259
2022/08/02 03:59:45, 0.01712026304101265596, 58.41031750531155645251
2022/08/02 04:13:22, 0.01713479965400178431, 58.36076407035508057137
2022/08/02 04:18:19, 0.01713386543729920411, 58.36394616611563081505
2022/08/02 05:10:00, 0.01713236380724689164, 58.36906169229290677782
2022/08/02 06:03:27, 0.01708988914042057066, 58.51413030145558180558
2022/08/02 08:09:18, 0.01708156293373550287, 58.54265232515896919007
2022/08/02 08:47:33, 0.01707421087951058806, 58.56786044501892730005
2022/08/02 09:07:44, 0.01708329530958412143, 58.5367156557304848082
2022/08/02 09:13:49, 0.01708692908161353478, 58.52426701273398508082
2022/08/02 09:39:56, 0.01743702305839163891, 57.34923883803353093774
2022/08/02 09:41:37, 0.01743702305839083446, 57.34923883803617674079
2022/08/02 09:42:16, 0.01735686231707945514, 57.61409992956979125743
2022/08/02 10:01:40, 0.01731575135020467872, 57.7508870262323108797
2022/08/02 10:12:26, 0.01731683606615843286, 57.74726954621104829628
2022/08/02 10:15:15, 0.01731683606615845356, 57.74726954621097928342
2022/08/02 10:30:06, 0.01730423080265116063, 57.78933553329577578659
2022/08/02 10:30:41, 0.0173259494509326818, 57.7168946978642202292
2022/08/02 10:40:31, 0.0173306484180569784, 57.70124555513398192406
2022/08/02 10:45:55, 0.01733064841805707961, 57.70124555513364493444
2022/08/02 11:12:30, 0.01731187200595052837, 57.76382817850517272387
2022/08/02 12:38:00, 0.0173148454096539452, 57.75390864549370629058
2022/08/02 13:06:55, 0.0173220709305997251, 57.72981787261264720988
2022/08/02 13:15:10, 0.01732207093059978807, 57.72981787261243732207
2022/08/02 13:30:25, 0.01732207093059984336, 57.72981787261225307153
2022/08/02 13:57:56, 0.01731527787497544252, 57.75246618740262378042
2022/08/02 14:01:03, 0.01731527787497560546, 57.75246618740208029393
2022/08/02 14:11:39, 0.01731196314977574334, 57.76352406416448819597
2022/08/02 14:21:45, 0.01734266592870260031, 57.66126177550199187389
2022/08/02 14:22:05, 0.01734101777981762077, 57.66674209652515654158
2022/08/02 14:47:42, 0.01734101777979970953, 57.66674209658471954117
2022/08/02 14:53:16, 0.01737117227580231667, 57.5666388038174773118
2022/08/02 15:47:53, 0.01736955156221314988, 57.57201021674416286595
2022/08/02 18:04:08, 0.017369912835287249, 57.57081278890959048003
2022/08/02 18:39:21, 0.01737406774561457114, 57.55704505367848162747
2022/08/02 18:40:41, 0.01737406774561487671, 57.55704505367746933389
2022/08/02 18:59:33, 0.01737576577935316851, 57.55142033442085629131
2022/08/02 19:35:04, 0.01737576577936459795, 57.55142033438300009554
2022/08/02 19:36:12, 0.0173761276175176981, 57.55022189131786689904
2022/08/02 20:01:20, 0.01741231143282771299, 57.4306291188132432939
2022/08/02 20:11:43, 0.01741312556867218832, 57.42794399869784518756
2022/08/02 20:56:36, 0.01740918460137675607, 57.44094412790119025398
2022/08/02 21:19:30, 0.01740808141384012314, 57.44458428399581585675
2022/08/02 21:21:45, 0.01741711365974348274, 57.41479441058708036373
2022/08/02 22:00:02, 0.01742435124707375818, 57.39094591357826224608
2022/08/02 22:15:36, 0.01742435124707383295, 57.3909459135780160009
2022/08/02 22:20:37, 0.0174215498964190903, 57.40017426380329346719
2022/08/02 22:34:34, 0.0174215498964340685, 57.40017426375394358509
2022/08/02 22:45:20, 0.01741855872209404917, 57.41003121754154938188
2022/08/02 22:46:07, 0.01749996528567752396, 57.14297049597171633024
2022/08/02 23:27:38, 0.01749996528568467836, 57.14297049594835493191
2022/08/02 23:58:57, 0.01750168484678063521, 57.1373561319695453626
2022/08/03 01:19:58, 0.01750136853450773185, 57.13838880818284585498
2022/08/03 01:22:30, 0.01750136853451051336, 57.13838880817376479859
2022/08/03 02:24:35, 0.01750009067919750453, 57.1425610490526124605
2022/08/03 03:11:44, 0.01750009067920546309, 57.142561049026625595
2022/08/03 03:36:39, 0.01749921554717705035, 57.14541873628836120056
2022/08/03 04:52:44, 0.01757176331264766459, 56.90948496217382588731
2022/08/03 04:53:51, 0.01773140068943756086, 56.39712380960919730936
2022/08/03 05:03:07, 0.01771976474374848317, 56.43415781537388001635
2022/08/03 05:58:02, 0.01771922703954667099, 56.43587035530100736748
2022/08/03 06:53:51, 0.01771684494945216761, 56.4434583501235390411
2022/08/03 07:08:46, 0.01771333913820167007, 56.45462959851194099864
2022/08/03 07:22:56, 0.01771101258835096022, 56.46204557822564107668
2022/08/03 07:41:14, 0.01767624517617926813, 56.57310079335246294236
2022/08/03 07:42:11, 0.01767624517616822411, 56.57310079338780951198
2022/08/03 08:38:31, 0.0176666200100168008, 56.60392307260866981595
2022/08/03 09:06:17, 0.01764984647418792398, 56.65771662447337933477
2022/08/03 09:31:30, 0.01803221158794226659, 55.45631466906019769592
2022/08/03 11:03:24, 0.01810500711128127745, 55.23333925546471481516
2022/08/03 11:07:02, 0.01803143504971707563, 55.45870293976910167068
2022/08/03 11:11:43, 0.01803143504971721199, 55.45870293976868225722
2022/08/03 12:07:15, 0.01797704640530853534, 55.62649043975904792601
2022/08/03 12:59:52, 0.01797704640530878875, 55.62649043975826380467
2022/08/03 13:20:25, 0.01797545799539372724, 55.63140590110435180397
2022/08/03 13:33:14, 0.01796353826722170416, 55.66832018972078946643
2022/08/03 14:39:21, 0.0179816491399069096, 55.61225181402782985423
2022/08/03 14:57:41, 0.01798164913990712237, 55.61225181402717182767
2022/08/03 14:58:10, 0.01797839218175521901, 55.62232650675054054753
2022/08/03 14:59:52, 0.01797740484700837035, 55.62538133341367901424
2022/08/03 16:07:17, 0.01797442694250163308, 55.63459704161353651051
2022/08/03 16:41:01, 0.01797623798782393036, 55.62899204368247020754
2022/08/03 18:20:38, 0.01797132294947842148, 55.6442062062561077412
2022/08/03 19:11:39, 0.01797027517150672342, 55.64745060696556285064
2022/08/03 19:28:27, 0.01797226709564888536, 55.64128302111098723754
2022/08/03 19:36:09, 0.01797226709564917441, 55.6412830211100923481
2022/08/03 19:48:18, 0.01796624645577838944, 55.65992888171559368401
2022/08/03 20:07:49, 0.01797712569163188636, 55.62624510466023723328
2022/08/03 20:18:48, 0.01797305154125480671, 55.63885452087141747999
2022/08/03 21:27:02, 0.01797305154126860987, 55.63885452082868727292
2022/08/03 21:32:16, 0.01797142475386746589, 55.64389099338376885451
2022/08/03 21:34:55, 0.01797142475387471438, 55.6438909933613257702
2022/08/03 21:51:01, 0.0178331149694303177, 56.07545298251083911951
2022/08/03 21:53:13, 0.01783496153127002861, 56.06964715044103288872
2022/08/03 22:36:25, 0.01783858251797249635, 56.05826578387004811881
2022/08/03 22:39:11, 0.01783653181343843985, 56.06471092359882174747
2022/08/03 22:57:17, 0.01783653181345112375, 56.06471092355895304436
2022/08/03 23:02:01, 0.01781871112490409432, 56.12078185623441392347
2022/08/03 23:11:49, 0.01781449034327629478, 56.13407853553492180949
2022/08/03 23:47:46, 0.01783259742413659446, 56.07708042836711218212
2022/08/04 00:04:37, 0.01782775374042356453, 56.09231620316521629359
2022/08/04 00:58:57, 0.01782359532474880448, 56.10540307832608546217
2022/08/04 01:03:33, 0.01782359532473492208, 56.10540307836978472568
2022/08/04 01:18:20, 0.01782359532474578106, 56.10540307833560265964
2022/08/04 01:22:26, 0.01781730228664925532, 56.12521940256429696156
2022/08/04 01:31:59, 0.01781730228665264331, 56.12521940255362466606
2022/08/04 01:43:12, 0.01777872483771571066, 56.24700360278957053492
2022/08/04 02:16:35, 0.01777703883960276034, 56.25233814375497305531
2022/08/04 03:09:03, 0.01777512573412935334, 56.25839248382572307835
2022/08/04 03:17:58, 0.01779142107779952755, 56.20686484947618685335
2022/08/04 03:22:45, 0.01779142107779967769, 56.20686484947571250934
2022/08/04 03:27:40, 0.01778957764757084374, 56.21268923922707101858
2022/08/04 04:12:16, 0.01778957764757783256, 56.2126892392049872931
2022/08/04 04:32:06, 0.01777026662387415339, 56.27377580573333911385
2022/08/04 04:50:44, 0.01772732312339798606, 56.41009604434396295689
2022/08/04 05:17:11, 0.01772514815323392761, 56.41701786382820434305
2022/08/04 05:57:19, 0.01782068057334779988, 56.11457968084434481416
2022/08/04 06:21:08, 0.01785685169342015354, 56.00091310432271831339
2022/08/04 06:22:56, 0.01785335061976031651, 56.01189498251309907656
2022/08/04 06:25:47, 0.01785335061974918706, 56.01189498254801584444
2022/08/04 06:46:04, 0.01786421168283892298, 55.97784093437719615874
2022/08/04 06:54:15, 0.01786421168283895878, 55.97784093437708398347
2022/08/04 06:55:13, 0.01791240393865034095, 55.82723588776704049599
2022/08/04 07:39:56, 0.01787429669367542548, 55.94625719477042545681
2022/08/04 07:41:17, 0.01787042492176481177, 55.95837840330681936366
2022/08/04 07:44:32, 0.01787896832530346004, 55.93163888459581923797
2022/08/04 08:34:31, 0.01787249159383989128, 55.95190769845821802236
2022/08/04 09:10:04, 0.01786604787331842383, 55.97208778856030737963
2022/08/04 09:22:06, 0.01786604787331846529, 55.97208778856017749912
2022/08/04 09:24:15, 0.0178725386905474478, 55.95176025714169720838
2022/08/04 09:37:45, 0.01785733644676566338, 55.99939290952435894316
2022/08/04 10:07:19, 0.01785502177315308789, 56.00665250958168404268
2022/08/04 10:30:15, 0.01785207285679700037, 56.01590403655897469331
2022/08/04 10:48:01, 0.01785207285679707697, 56.0159040365587343268
2022/08/04 10:49:07, 0.01786108353662125447, 55.98764475568697802148
2022/08/04 10:58:29, 0.01786108353662125871, 55.98764475568696473809
2022/08/04 11:09:57, 0.01785459896663593174, 56.00797877726932018179
2022/08/04 11:41:17, 0.01786973507365934579, 55.9605386357426863842
2022/08/04 11:46:24, 0.01786973507365940947, 55.96053863574248698329
2022/08/04 11:49:06, 0.01786973507365949179, 55.96053863574222916726
2022/08/04 12:06:50, 0.017867910456615141, 55.96625315691434663045
2022/08/04 12:41:54, 0.01786649138189092142, 55.97069836630474491245
2022/08/04 13:44:04, 0.01786512600765981038, 55.97497602710679442579
2022/08/04 14:08:40, 0.0178622137585269159, 55.98410216777460011951
2022/08/04 14:28:34, 0.01786221375854026919, 55.98410216773274797392
2022/08/04 14:39:24, 0.01783426585380689498, 56.07183431027189804184
2022/08/04 15:36:48, 0.01784837801390935123, 56.02750004626156075116
2022/08/04 16:09:56, 0.01785904595321951257, 55.99403252667741237436
2022/08/04 16:14:05, 0.01785940279540659534, 55.99291373041869636199
2022/08/04 16:14:45, 0.01785940279540688615, 55.99291373041778460276
2022/08/04 16:21:30, 0.01785940279540718992, 55.99291373041683221992
2022/08/04 17:06:07, 0.01787637811665823465, 55.939743133321991692
2022/08/04 17:25:10, 0.01789898802421771587, 55.86908034392662233541
2022/08/04 18:22:18, 0.01790077490013887848, 55.86350342812487752618
2022/08/04 18:24:39, 0.01790140030671128539, 55.86155177062306035391
2022/08/04 18:54:53, 0.01791422146546536479, 55.82157181252769591277
2022/08/04 19:13:08, 0.01791310146567453418, 55.82506200370836160545
2022/08/04 19:15:23, 0.01791310146567469401, 55.82506200370786349402
2022/08/04 19:31:24, 0.01791310146567485445, 55.82506200370736350495
2022/08/04 19:41:34, 0.01791267835166659013, 55.82638064323643173937
2022/08/04 19:53:12, 0.01789490453668361662, 55.88182926318787559791
2022/08/04 20:10:55, 0.01789490453669457568, 55.8818292631536528667
2022/08/04 20:13:30, 0.01789490453667680711, 55.88182926320914017443
2022/08/04 20:46:55, 0.01789611965673766453, 55.87803496963726133868
2022/08/04 20:52:09, 0.01789611965673792619, 55.87803496963644433758
2022/08/04 20:58:08, 0.01789191348749766072, 55.89117120976302424058
2022/08/04 21:24:04, 0.01789191348749779843, 55.89117120976259404511
2022/08/04 22:18:36, 0.01788880464331230432, 55.9008843765225030257
2022/08/04 23:14:23, 0.01788773431415675712, 55.90422925773094720626
2022/08/04 23:27:45, 0.01788295073293550625, 55.91918330112453918382
2022/08/04 23:42:16, 0.01788270877713416281, 55.91993989627881439377
2022/08/04 23:47:48, 0.01788484804895571455, 55.91325110857675945901
2022/08/04 23:49:17, 0.01788484804895587222, 55.91325110857626654037
2022/08/04 23:58:44, 0.01788319343957419316, 55.9184243786724060427
2022/08/05 00:36:15, 0.01788151679598001366, 55.9236675171097554337
2022/08/05 01:14:16, 0.01788056062658359269, 55.92665805529992732073
2022/08/05 01:27:36, 0.01788088144729363746, 55.92565461314856470997
2022/08/05 03:20:06, 0.01791583247681630997, 55.81655227542642220489
2022/08/05 04:01:01, 0.01791583247681660411, 55.81655227542550583014
2022/08/05 04:20:11, 0.01791850851887215732, 55.80821634494738004482
2022/08/05 04:29:49, 0.01791850851887247007, 55.80821634494640595702
2022/08/05 05:34:26, 0.01791760560186390483, 55.81102867316007637715
2022/08/05 06:12:28, 0.01792117344455404799, 55.79991751622066205372
2022/08/05 06:36:24, 0.0179179056995730242, 55.81009392318821944015
2022/08/05 07:03:28, 0.01791790569957327192, 55.81009392318744785967
2022/08/05 07:45:51, 0.01791488617625998028, 55.81950061871763637977
2022/08/05 08:07:06, 0.01787693396365185582, 55.93800380049748055618
2022/08/05 08:40:16, 0.01786936421952168339, 55.961700019944381144
2022/08/05 09:21:13, 0.0178722143769520711, 55.95277557153721216519
2022/08/05 09:35:41, 0.01781897258081401325, 56.11995840190678435375
2022/08/05 10:07:49, 0.01781897258081420776, 56.11995840190617177369
2022/08/05 10:12:30, 0.01792551945014121989, 55.78638894016105358111
2022/08/05 10:13:50, 0.01803238343562468059, 55.45578617324681165284
2022/08/05 10:25:58, 0.01813956453443286006, 55.12811501631041528957
2022/08/05 10:31:40, 0.01813956453443290098, 55.12811501631029094742
2022/08/05 10:35:37, 0.01814222823178752065, 55.12002093810457064739
2022/08/05 10:40:21, 0.01824877227169237886, 54.79820697588554395146
2022/08/05 10:40:39, 0.01821245717510050681, 54.9074729667542196974
2022/08/05 10:41:49, 0.01831920630195212469, 54.58751779510438498683
2022/08/05 10:44:02, 0.01831920630195217612, 54.58751779510423173261
2022/08/05 10:55:58, 0.01831920630196871732, 54.5875177950549423238
2022/08/05 12:40:04, 0.01832186755451225744, 54.57958895427790841834
2022/08/05 12:57:27, 0.01832452880705579755, 54.57166241649571900583
2022/08/05 13:13:27, 0.01830080026815649898, 54.64241920283704376671
2022/08/05 13:34:04, 0.01829754894205671089, 54.65212871771645997822
2022/08/05 13:37:26, 0.01829553334074038611, 54.6581496901872697979
2022/08/05 13:51:26, 0.01833881588853625523, 54.5291476875073614531
2022/08/05 13:59:33, 0.01833037878721724613, 54.55424634745428738987
2022/08/05 14:09:57, 0.01833037878721745886, 54.55424634745365426925
2022/08/05 14:31:34, 0.01833745589590721004, 54.53319182750933839892
2022/08/05 14:57:03, 0.01832698903020017528, 54.56433669230376403046
2022/08/05 15:11:04, 0.01832698903020031039, 54.56433669230336176394
2022/08/05 15:34:49, 0.01832698903021255979, 54.56433669226689203601
2022/08/05 16:01:42, 0.01832698903021270529, 54.56433669226645884656
2022/08/05 16:27:10, 0.01832426761965687914, 54.57244026098353515915
2022/08/05 16:32:01, 0.01832426761966851651, 54.57244026094887732394
2022/08/05 16:32:26, 0.01832462351001632191, 54.57138038625434716287
2022/08/05 16:36:52, 0.01816301648792505596, 55.05693399908596664297
2022/08/05 16:38:49, 0.01816284115562583916, 55.05746548305057190153
2022/08/05 16:51:44, 0.01814673355750035439, 55.10633618063361872875
2022/08/05 16:53:57, 0.01814673355750058326, 55.10633618063292374549
2022/08/05 16:57:42, 0.01817104063033215164, 55.0326214300980749393
2022/08/05 17:46:49, 0.01816532464833836789, 55.04993823996824328051
2022/08/05 18:11:45, 0.01816532464833820753, 55.04993823996872927367
2022/08/05 18:17:40, 0.01816509220457868359, 55.05064266879639211776
2022/08/05 19:12:33, 0.01816509220458967323, 55.05064266876308721091
2022/08/05 19:21:07, 0.01811149521018679143, 55.2135529615219759278
2022/08/05 19:39:02, 0.01810400592737000038, 55.23639375792403392831
2022/08/05 20:16:05, 0.01813703095322550121, 55.135815921522665705
2022/08/05 20:29:18, 0.01813517472789062899, 55.14145934651900624822
2022/08/05 20:41:05, 0.01813517472789073354, 55.14145934651868836846
2022/08/05 20:46:35, 0.01813457303706474552, 55.14328889663561585193
2022/08/05 21:10:07, 0.01813881145224085543, 55.1304038102485890978
2022/08/05 21:24:58, 0.01813881145224158518, 55.13040381024637112022
2022/08/05 21:27:24, 0.01811622118691081556, 55.19914940774248482015
2022/08/05 22:12:08, 0.01811958182360064847, 55.18891162805456674727
2022/08/05 22:34:41, 0.01811958182360258874, 55.18891162804865704116
2022/08/05 23:18:26, 0.01811958182360271184, 55.18891162804828212151
2022/08/05 23:45:33, 0.01811327534143191049, 55.20812669990290693137
2022/08/05 23:56:13, 0.01811299977156988169, 55.20896663232986141084
2022/08/05 23:57:19, 0.0181394999334735478, 55.12831134637068107688
2022/08/06 00:08:44, 0.01811824076796329918, 55.19299653905701029714
2022/08/06 00:24:58, 0.01812337457157012846, 55.17736203326533428889
2022/08/06 00:36:58, 0.01812337457157043076, 55.17736203326441393935
2022/08/06 00:47:23, 0.01812310402022201957, 55.17818575030997162749
2022/08/06 02:22:35, 0.01812175822782362096, 55.18228349744943955773
2022/08/06 02:24:16, 0.01812148953330410731, 55.18310170707413752063
2022/08/06 03:17:56, 0.01812290167822265909, 55.17880181415140479546
2022/08/06 03:35:51, 0.01837087432495525653, 54.43399058266844714093
2022/08/06 03:38:49, 0.0183708743249554771, 54.43399058266779358333
2022/08/06 03:40:13, 0.01837147541523342686, 54.43220957478520841651
2022/08/06 03:45:08, 0.01834772374529305091, 54.5026736767028831254
2022/08/06 03:51:17, 0.01852456067627484229, 53.98238681475132851714
2022/08/06 03:51:45, 0.01850426039371587451, 54.04160872809616593333
2022/08/06 04:31:33, 0.01851224462754119895, 54.01830086624240201193
2022/08/06 04:38:14, 0.01849978532064240446, 54.05468132023031667568
2022/08/06 04:54:24, 0.01849904739408874827, 54.05683756016234514583
2022/08/06 05:16:34, 0.01849904739408879374, 54.05683756016221228769
2022/08/06 05:33:07, 0.01850896425591674253, 54.02787461109991482594
2022/08/06 06:25:37, 0.01850896425591680095, 54.02787461109974429292
2022/08/06 07:49:39, 0.01847170723721638814, 54.13684762095092468149
2022/08/06 09:45:49, 0.01847170723721645556, 54.13684762095072707417
2022/08/06 10:31:06, 0.01847145002690934281, 54.13760146297084005515
2022/08/06 10:31:06, 0.01846292435709201536, 54.1626007158436959087
2022/08/06 10:51:25, 0.01847067192362924863, 54.13988208629894322455
2022/08/06 10:56:57, 0.01847067192362951079, 54.13988208629817478112
2022/08/06 11:41:07, 0.01846775072687281766, 54.14844583887948457883
2022/08/06 12:44:22, 0.01846775072687297632, 54.1484458388790193789
2022/08/06 12:48:46, 0.01846775072687306529, 54.1484458388787584967
2022/08/06 12:54:53, 0.01845671512850904299, 54.18082215807495515718
2022/08/06 13:05:45, 0.01846555715659438384, 54.15487826983232649318
2022/08/06 13:07:05, 0.01846555715659462246, 54.15487826983162668477
2022/08/06 13:09:14, 0.0184655571565956482, 54.15487826982861843208
2022/08/06 13:12:09, 0.01846388717845560994, 54.15977634259157232736
2022/08/06 13:27:45, 0.01846361487111487199, 54.16057510842230277669
2022/08/06 13:39:58, 0.01846221863160846421, 54.16467110230933633456
2022/08/06 13:54:11, 0.01847961504286738966, 54.11368135539012774725
2022/08/06 14:20:48, 0.01847632231819810994, 54.12332512813211637813
2022/08/06 14:48:52, 0.01847632231820613498, 54.1233251281086083404
2022/08/06 14:50:56, 0.01847809891025640422, 54.11812139640310460944
2022/08/06 14:51:49, 0.01844461976946489342, 54.21635211236515105913
2022/08/06 14:55:02, 0.01844639474892901227, 54.21113521698105590309
2022/08/06 15:02:23, 0.01844639474894560076, 54.21113521693230488407
2022/08/06 15:04:05, 0.01841763707766033099, 54.29578158063228367326
2022/08/06 15:05:54, 0.01793435960183453513, 55.75889087769313801668
2022/08/06 15:06:46, 0.01804077501935599774, 55.42999116873289623265
2022/08/06 15:08:55, 0.01804077501935611733, 55.42999116873252880858
2022/08/06 15:13:57, 0.01804077501935805127, 55.42999116872658679452
2022/08/06 15:30:05, 0.01803628713629493539, 55.44378354831529923576
2022/08/06 15:31:38, 0.01802581597186864074, 55.47599074353222212079
2022/08/06 15:39:55, 0.01802599388617666215, 55.47544320243311487345
2022/08/06 15:45:54, 0.01802599388617667487, 55.47544320243307572727
2022/08/06 15:46:27, 0.01802777300899254192, 55.46996844819290676137
2022/08/06 16:34:32, 0.01803377792392080875, 55.45149797334230904578
2022/08/06 16:36:56, 0.0180402072248235726, 55.43173576321153800584
2022/08/06 16:51:09, 0.01806334378426586255, 55.36073563915964571341
2022/08/06 17:11:27, 0.01809890258171364942, 55.25196875805922459321
2022/08/06 17:26:10, 0.01813123720779925001, 55.15343429348795773831
2022/08/06 18:43:44, 0.01813123720781281147, 55.15343429344670512296
2022/08/06 19:12:29, 0.01813123720781296056, 55.1534342934462516
2022/08/06 19:29:05, 0.01839595505102798565, 54.35977622396500311179
2022/08/06 19:33:26, 0.01839595505102823662, 54.35977622396426149115
2022/08/06 19:34:39, 0.01839296421561373692, 54.36861553566785828178
2022/08/06 19:39:22, 0.01839965678320736264, 54.34883986057067971566
2022/08/06 19:48:57, 0.01839862377075804018, 54.3518913403379563038
2022/08/06 20:32:52, 0.01838335427148458715, 54.39703686454837918635
2022/08/06 20:36:00, 0.01838335427147289158, 54.39703686458298680948
2022/08/06 20:53:12, 0.01838335427147909066, 54.39703686456464351722
2022/08/06 21:02:07, 0.01838412109690000297, 54.39476789394210522778
2022/08/06 21:23:35, 0.01834807316676437341, 54.50163572551018672459
2022/08/06 21:29:04, 0.01835261615259418788, 54.48814445229093487354
2022/08/06 21:45:26, 0.0183483498979920804, 54.50081372763843204425
2022/08/06 22:32:38, 0.01834721548575816204, 54.50418352453753814419
2022/08/06 22:38:32, 0.01838729351043725454, 54.38538300551769157396
2022/08/06 22:58:45, 0.01838696648324560798, 54.38635029390031429026
2022/08/06 23:14:36, 0.0183863106314281263, 54.388290290857913792
2022/08/06 23:15:19, 0.01838304101431332488, 54.3979638200983325369
2022/08/06 23:38:53, 0.01838749361241932393, 54.38479115634213800558
2022/08/07 00:50:58, 0.01838749361241933058, 54.38479115634211831555
2022/08/07 02:37:56, 0.0184051963473537332, 54.33248204080030058542
2022/08/07 02:51:48, 0.01841405090253830283, 54.30635579823199160969
2022/08/07 02:53:33, 0.018414050902538531, 54.30635579823131869257
2022/08/07 03:27:21, 0.01841759246900202813, 54.29591308869838372124
2022/08/07 04:26:26, 0.0184175924690022938, 54.29591308869760050381
2022/08/07 04:35:20, 0.01841759246900774564, 54.29591308868152821662
2022/08/07 05:09:42, 0.01840976767550816343, 54.31899074589473737556
2022/08/07 05:17:43, 0.01840659981136942224, 54.32833930481381852469
2022/08/07 06:31:01, 0.01840306204336333571, 54.33878327659218332633
2022/08/07 06:38:42, 0.01840465751833041867, 54.33407272067049869872
2022/08/07 06:45:09, 0.01840262576708022923, 54.34007150158227405319
2022/08/07 08:04:37, 0.01840794372297179739, 54.32437294732010241867
2022/08/07 10:43:05, 0.01840794372297182937, 54.32437294732000804527
2022/08/07 12:10:30, 0.01839820017428664108, 54.35314272738492471269
2022/08/07 12:21:42, 0.01829389512733642518, 54.66304431283788103728
2022/08/07 13:02:06, 0.01824905615619141582, 54.79735452842731224775
2022/08/07 13:05:55, 0.01831960707701409287, 54.58632359286330788279
2022/08/07 13:16:40, 0.01831822418128845916, 54.59044447231251441079
2022/08/07 14:22:50, 0.01831822418129932583, 54.59044447228013045668
2022/08/07 14:46:52, 0.01830399265012314033, 54.6328890704221566533
2022/08/07 14:51:25, 0.01830399265012321519, 54.63288907042193323989
2022/08/07 14:56:10, 0.01824349920303958034, 54.81404575243921977273
2022/08/07 14:58:10, 0.0182434992030398887, 54.81404575243829329979
2022/08/07 15:11:31, 0.01824349920304005058, 54.81404575243780691357
2022/08/07 15:15:21, 0.01833174342625061493, 54.55018525777663310887
2022/08/07 16:33:46, 0.01833216636560296772, 54.54892673657605431216
2022/08/07 16:37:09, 0.01833287127535305406, 54.54682929806051456144
2022/08/07 16:37:43, 0.0182986728651145482, 54.64877192850674426738
2022/08/07 16:44:27, 0.01830158229239668022, 54.64008433934403770391
2022/08/07 18:10:26, 0.0182981719428354969, 54.65026796797272495848
2022/08/07 18:24:31, 0.01825957682537354037, 54.7657817902109442611
2022/08/07 18:25:56, 0.01825376944166028003, 54.78320536457069100069
2022/08/07 18:33:08, 0.01825376944167076119, 54.78320536453923494304
2022/08/07 18:35:24, 0.01825165612401731375, 54.78954858699656419054
2022/08/07 18:39:22, 0.01824375856632620956, 54.81326648587481579131
2022/08/07 18:40:33, 0.01824375856631741352, 54.81326648590124342562
2022/08/07 18:43:46, 0.01824657539977865995, 54.80480463266167184407
2022/08/07 18:48:45, 0.01824570981127639044, 54.80740460872452913855
2022/08/07 19:17:33, 0.01825134334437046305, 54.79048753463098233264
2022/08/07 19:23:01, 0.01825134334437067477, 54.79048753463034675304
2022/08/07 20:21:23, 0.01825134334437086417, 54.79048753462977816182
2022/08/07 20:49:55, 0.01825134334437092342, 54.7904875346296002945
2022/08/07 20:52:47, 0.01827244095197125728, 54.72722569625371032067
2022/08/07 21:18:08, 0.01826763282220955775, 54.74163016809778458422
2022/08/07 21:24:17, 0.01826763282222516863, 54.74163016805100432228
2022/08/07 21:28:54, 0.01826553533168113821, 54.74791632663093625636
2022/08/07 21:49:18, 0.01827960525087039597, 54.70577653488355895184
2022/08/07 22:06:32, 0.01827830157460028537, 54.70967835379246711798
2022/08/07 22:58:41, 0.01828182006049851484, 54.69914902842182673898
2022/08/07 23:01:03, 0.01828182006049859752, 54.69914902842157938841
2022/08/07 23:05:05, 0.01828322741421305276, 54.69493855459118517456
2022/08/07 23:07:34, 0.01828322741421317015, 54.69493855459083399681
2022/08/07 23:17:06, 0.018334320256220035, 54.54251840401574890849
2022/08/07 23:23:40, 0.01832761478114061792, 54.56247372838797001301
2022/08/07 23:30:08, 0.01832759791194074421, 54.56252394911407663516
2022/08/07 23:31:23, 0.01832759791193686134, 54.56252394912563622079
2022/08/07 23:35:40, 0.01832759791193675842, 54.56252394912594262218
2022/08/07 23:40:27, 0.01756371372015002561, 56.9355670408557653707
2022/08/07 23:40:59, 0.01766946227744657416, 56.59481790096165114194
2022/08/07 23:40:59, 0.01810719163965159182, 55.22667567123851491081
2022/08/07 23:42:30, 0.01811256012333612276, 55.21030672586176840846
2022/08/07 23:45:31, 0.01811130746659995223, 55.21412531061903858809
2022/08/07 23:53:29, 0.01811130746661446865, 55.21412531057478382919
2022/08/07 23:55:06, 0.01809987078389564601, 55.2490132078594542393
2022/08/07 23:58:15, 0.01809987078389584954, 55.24901320785883298705
2022/08/08 00:22:31, 0.01809987078389610396, 55.24901320785805635616
2022/08/08 00:30:31, 0.01809258270508694397, 55.27126869061309598615
2022/08/08 00:32:01, 0.01808530000262520668, 55.29352567305176397075
2022/08/08 00:37:48, 0.0180723920263181176, 55.33301837099035453866
2022/08/08 00:55:45, 0.01805606776348830887, 55.38304425408330632536
2022/08/08 00:57:26, 0.01802390186755275448, 55.48188218890795522435
2022/08/08 01:07:10, 0.01791669553072389404, 55.81386357128080732865
2022/08/08 02:29:19, 0.01791535540817249278, 55.81803861640542628801
2022/08/08 02:45:30, 0.01792174286598084102, 55.798144604462881343
2022/08/08 02:51:21, 0.01792120914112328463, 55.79980637050480484186
2022/08/08 03:08:47, 0.01792315471338562291, 55.79374925850335440277
2022/08/08 03:22:18, 0.01792670937006093938, 55.78268601096870674383
2022/08/08 03:41:19, 0.01792670937006795819, 55.78268601094686624853
2022/08/08 03:42:30, 0.01793026480607089815, 55.77162472588894205075
2022/08/08 03:54:21, 0.01793538149140038556, 55.75571394896047472506
2022/08/08 03:56:10, 0.01793538149140040755, 55.75571394896040636486
2022/08/08 04:32:18, 0.01793301873866539381, 55.76306000527949737341
2022/08/08 04:45:08, 0.01791963866796476692, 55.80469665315944478777
2022/08/08 04:47:51, 0.01791963866796516679, 55.80469665315819952019
2022/08/08 04:50:28, 0.01791473970815361602, 55.81995699021323231972
2022/08/08 05:05:40, 0.01791803171055046659, 55.80970143116677317299
2022/08/08 05:16:44, 0.01791959532123695648, 55.80483164231254816343
2022/08/08 06:57:42, 0.0179284930126306125, 55.77713638817833734928
2022/08/08 07:11:32, 0.01792793627190024002, 55.77886851189742442718
2022/08/08 07:14:45, 0.01790030649376474564, 55.8649652366752640709
2022/08/08 07:43:12, 0.01790030649376492632, 55.86496523667470018706
2022/08/08 07:56:51, 0.01802849358613796708, 55.46775138045342820461
2022/08/08 08:04:06, 0.0179595220871697781, 55.68076896179752029726
2022/08/08 08:07:46, 0.01805601041129922291, 55.3832201699558530351
2022/08/08 08:12:13, 0.01799179146574348546, 55.58090209660377516405
2022/08/08 09:11:39, 0.0179917914657437965, 55.58090209660281429667
2022/08/08 09:17:02, 0.01799784264401867534, 55.56221485980908083757
2022/08/08 09:23:51, 0.01799657470441594405, 55.56612946766048103941
2022/08/08 10:55:23, 0.01799511398395868665, 55.57063994656694302838
2022/08/08 11:09:43, 0.01797365605665235871, 55.63698319629760748259
2022/08/08 11:15:05, 0.01797365605665398963, 55.63698319629255901778
2022/08/08 11:16:26, 0.01797239540140108511, 55.64088579544841215277
2022/08/08 11:20:48, 0.017853668875162931, 56.01089652733206572039
2022/08/08 11:33:41, 0.01784637170659267182, 56.03379871498404093489
2022/08/08 12:34:44, 0.01786420294512473877, 55.97786831418116705139
2022/08/08 12:39:17, 0.01786741061861619243, 55.96781880403488994641
2022/08/08 13:10:41, 0.01786741061861649551, 55.96781880403394056664
2022/08/08 13:17:53, 0.01786454067192372629, 55.97681005992055763116
2022/08/08 13:23:20, 0.01785987423316833228, 55.99143571475198045804
2022/08/08 13:35:35, 0.01786094275576843767, 55.98808605313043822875
2022/08/08 13:55:27, 0.01790435717797514758, 55.8523263393191934858
2022/08/08 14:09:31, 0.01790435717797518568, 55.85232633931907463568
2022/08/08 14:47:58, 0.01789416153520827655, 55.88414958881506722489
2022/08/08 14:51:24, 0.01789416153520846208, 55.88414958881448780009
2022/08/08 14:52:06, 0.01792442227894109717, 55.78980367890975514459
2022/08/08 15:25:16, 0.01792442227894129743, 55.78980367890913180724
2022/08/08 15:29:10, 0.01792495713080607462, 55.7881390009790554652
2022/08/08 15:36:06, 0.0179217660343320375, 55.79807247144832064317
2022/08/08 16:10:39, 0.0179217660343394734, 55.79807247142516951277
2022/08/08 16:40:03, 0.01792176603433977086, 55.7980724714242434045
2022/08/08 16:41:19, 0.01790266235067911531, 55.85761382368171846503
2022/08/08 16:46:02, 0.01790266235069013033, 55.85761382364735077373
2022/08/08 17:01:48, 0.01787189708706832903, 55.95376893276627748198
2022/08/08 17:07:29, 0.01787171976432937053, 55.95432410460721090617
2022/08/08 17:33:57, 0.01787171976432956165, 55.95432410460661254271
2022/08/08 17:35:20, 0.01801795101113502649, 55.50020639871890713553
2022/08/08 17:54:47, 0.01801058009339352517, 55.52292012886418769211
2022/08/08 18:00:01, 0.01801236934118295791, 55.51740479325110522442
2022/08/08 18:41:19, 0.01802131558013012164, 55.4898445429020987316
2022/08/08 18:49:45, 0.01829029642659513321, 54.67379952059951410955
2022/08/08 18:51:14, 0.01825361653384598742, 54.7836642752844505293
2022/08/08 19:06:25, 0.01860835841224437341, 53.73929165841926421405
2022/08/08 19:06:53, 0.01849759730085137576, 54.06107527024462312831
2022/08/08 19:08:44, 0.01838835424938989973, 54.38224576477139725815
2022/08/08 19:16:04, 0.0183800414936158786, 54.40684126569245665617
2022/08/08 19:22:57, 0.01838093497349663294, 54.4041966005480348108
2022/08/08 19:34:37, 0.01838093497349676884, 54.40419660054763255255
2022/08/08 19:37:04, 0.01834446414810158791, 54.5123581657459817225
2022/08/08 19:44:21, 0.01834444763253695784, 54.51240724339565852492
2022/08/08 20:03:43, 0.01834552033862475329, 54.50921977364658523025
2022/08/08 20:23:14, 0.01834054842593201997, 54.52399659903749831177
2022/08/08 21:07:57, 0.01833662095381070925, 54.53567494899764501946
2022/08/08 21:10:55, 0.01833409398575060966, 54.54319154124590102922
2022/08/08 21:11:22, 0.01833409398576117556, 54.54319154121446789459
2022/08/08 21:15:25, 0.0183321308043343033, 54.54903255237345067865
2022/08/08 21:20:23, 0.01832798935355738916, 54.5613586252931783897
2022/08/08 21:57:36, 0.01832396541673054507, 54.57334028184523152431
2022/08/08 22:14:11, 0.01822134258923974084, 54.88069801127226121885
2022/08/08 22:44:41, 0.01822134258924475398, 54.88069801125716219429
2022/08/08 22:50:44, 0.01820394033862203551, 54.93316179895236606902
2022/08/08 23:05:14, 0.01819979803413712867, 54.94566467849328740545
2022/08/08 23:25:09, 0.01819979803414107843, 54.94566467848136296252
2022/08/08 23:27:43, 0.01816524645138995965, 55.0501752165042868258
2022/08/09 00:12:34, 0.01816375529695675011, 55.05469456349399253556
2022/08/09 01:01:06, 0.01819789167788951903, 54.95142062060971271262
2022/08/09 01:23:45, 0.01819842617237176489, 54.94980667713816803189
2022/08/09 01:31:09, 0.01837675850824003, 54.41656098117662618717
2022/08/09 01:35:30, 0.01837472189341764374, 54.42259239625438312789
2022/08/09 01:36:52, 0.01830063471602947978, 54.64291351185227050337
2022/08/09 01:39:13, 0.0183542334906315411, 54.4833430668965260859
2022/08/09 02:08:19, 0.01835423349064693224, 54.48334306685083850821
2022/08/09 02:11:28, 0.01828156336261842787, 54.69991707846873182388
2022/08/09 02:40:27, 0.01828159904120471804, 54.69981032545948189125
2022/08/09 02:44:48, 0.0182815990412050102, 54.69981032545860773851
2022/08/09 03:03:11, 0.01829374797805152891, 54.66348400556189462274
2022/08/09 03:14:26, 0.01829261705007130548, 54.66686353640699831657
2022/08/09 03:17:14, 0.01829774445732908158, 54.65154474815361027254
2022/08/09 03:56:16, 0.01803361676746213328, 55.45199351270952891066
2022/08/09 03:56:33, 0.01803617963290639556, 55.44411401711336100931
2022/08/09 04:15:30, 0.01805035087705207215, 55.40058510836643236944
2022/08/09 04:18:34, 0.01805035087705239093, 55.40058510836545396427
2022/08/09 04:21:46, 0.01805035087705246929, 55.40058510836521343684
2022/08/09 04:22:53, 0.01804878066473452701, 55.40540486227403763978
2022/08/09 05:09:37, 0.01804878066473452988, 55.40540486227402883516
2022/08/09 05:29:55, 0.01804344014533661298, 55.4218038215097978602
2022/08/09 05:48:22, 0.01804112000307062629, 55.42893123208528442154
2022/08/09 06:33:28, 0.01803780340678250392, 55.4391229047315113589
2022/08/09 07:12:20, 0.01804205241702294302, 55.42606666281964823295
2022/08/09 07:49:19, 0.01804205241702326014, 55.42606666281867404195
2022/08/09 08:04:25, 0.01800411535441770549, 55.54285674772840293776
2022/08/09 08:56:04, 0.01798394663832810413, 55.60514719659811090997
2022/08/09 09:36:35, 0.01798553987409819609, 55.60022145568985857666
2022/08/09 10:06:35, 0.01798401591621298097, 55.60493299488676938424
2022/08/09 10:08:22, 0.01796225864580023554, 55.67228597021736394751
2022/08/09 10:28:10, 0.01797110421642424101, 55.6448834727737554819
2022/08/09 10:51:18, 0.01795660244818102408, 55.68982233057670917852
2022/08/09 10:55:45, 0.0179566024481812968, 55.68982233057586335731
2022/08/09 11:01:38, 0.01793917737242387927, 55.74391619189857407192
2022/08/09 11:37:12, 0.01793917737242407838, 55.74391619189795535811
2022/08/09 11:44:57, 0.01789033849783989719, 55.89609163184594325963
2022/08/09 11:59:36, 0.01789002326163737183, 55.89707656469954200968
2022/08/09 13:00:45, 0.01788881008730703985, 55.90086736454022070439
2022/08/09 13:07:10, 0.0178873502487259373, 55.90542959660707838718
2022/08/09 13:22:42, 0.01788735024872593999, 55.90542959660706998498
2022/08/09 13:25:42, 0.0178857930199802754, 55.91029700963758598666
2022/08/09 13:37:20, 0.01788579301998066026, 55.9102970096363829442
2022/08/09 13:38:08, 0.01788685182014609247, 55.9069874372019262435
2022/08/09 13:40:59, 0.01788033608102616444, 55.92736039571183113994
2022/08/09 13:52:44, 0.01788033608102641009, 55.92736039571106277827
2022/08/09 15:03:34, 0.01788042383379880884, 55.92708591782545523979
2022/08/09 15:14:01, 0.01788182787815718885, 55.92269463803020148665
2022/08/09 15:27:34, 0.01788217836444726993, 55.92159856699368901866
2022/08/09 15:29:35, 0.01788217836444730383, 55.92159856699358303322
2022/08/09 15:59:46, 0.01786530336022879283, 55.97442035191914333701
2022/08/09 16:08:10, 0.01786530336022888084, 55.97442035191886758926
2022/08/09 17:00:42, 0.01786530336022783926, 55.97442035192213100461
2022/08/09 17:29:19, 0.01786874377941906756, 55.96364312704421664244
2022/08/09 17:33:43, 0.01801323552168184252, 55.51473519548102581048
2022/08/09 17:50:36, 0.01801323552168191094, 55.51473519548081497607
2022/08/09 17:51:08, 0.01800766307225210305, 55.53191416274851519569
2022/08/09 17:57:54, 0.01800687351390968424, 55.53434910438698532266
2022/08/09 18:00:32, 0.0180064032800667514, 55.53579937349336696138
2022/08/09 18:06:53, 0.01800598223618841687, 55.53709799791984387516
2022/08/09 18:08:18, 0.01800598223618856307, 55.53709799791939293837
2022/08/09 18:45:16, 0.01800772983785962782, 55.53170827216600022595
2022/08/09 19:35:20, 0.01796457240170736825, 55.66511563086016725299
2022/08/09 19:38:51, 0.01795802747298066562, 55.68540317162241390573
2022/08/09 19:48:36, 0.01792368355683698175, 55.79210304784422562591
2022/08/09 20:11:12, 0.01792368355685038886, 55.79210304780249251
2022/08/09 20:13:57, 0.01790167810123083416, 55.860684922674638024
2022/08/09 20:18:26, 0.0179066804406753559, 55.84507990260894473973
2022/08/09 20:26:25, 0.01790702866280025245, 55.8439939328059755919
2022/08/09 20:31:34, 0.01790702866280037032, 55.84399393280560800949
2022/08/09 21:07:14, 0.0179087723805372106, 55.83855658843339072908
2022/08/09 21:23:33, 0.01790770592789116529, 55.84188192651214140369
2022/08/09 21:36:44, 0.01790477288544039419, 55.85102957732398686585
2022/08/09 21:51:36, 0.0179065138351984452, 55.84559949543733781058
2022/08/09 21:53:36, 0.01790738563887844476, 55.84288070665746133008
2022/08/09 22:31:26, 0.01790582946031627989, 55.84773395816406289217
2022/08/09 23:38:24, 0.01801043676758534838, 55.52336197641638737773
2022/08/09 23:43:32, 0.0180100594217847284, 55.5245252989234059141
2022/08/09 23:48:24, 0.01791358563152298831, 55.82355317186051160955
2022/08/10 00:05:18, 0.0179018839769739445, 55.86004251207506647714
2022/08/10 00:26:36, 0.01790188397698092808, 55.86004251205327528137
2022/08/10 00:28:44, 0.01790139603741514908, 55.86156509302018758653
2022/08/10 00:41:46, 0.01789951530630839639, 55.8674345582735459636
2022/08/10 00:42:21, 0.01789951530631275464, 55.86743455825994310726
2022/08/10 01:33:26, 0.01789951530632875902, 55.86743455820999072689
2022/08/10 01:36:38, 0.0179063941260158835, 55.84597283866982894311
2022/08/10 01:53:33, 0.01788520881277126345, 55.91212327842275700834
2022/08/10 01:56:17, 0.01797233403615250841, 55.64107577727164094939
2022/08/10 01:58:23, 0.01797233403615273404, 55.64107577727094243555
2022/08/10 02:17:52, 0.0179710291632363782, 55.64511586491195478554
2022/08/10 02:32:26, 0.01798843598802423982, 55.59126989504522329607
2022/08/10 02:40:15, 0.01797661479286056296, 55.62782601300170050315
2022/08/10 03:53:26, 0.01797748636495752673, 55.62512910310098187772
2022/08/10 03:58:16, 0.01797922693656331503, 55.61974402616598477443
2022/08/10 04:05:27, 0.01797922693656331689, 55.6197440261659790139
2022/08/10 04:09:39, 0.01745321006220476597, 57.29605020714886292569
2022/08/10 04:27:48, 0.01744936775095377797, 57.30866666761265641987
2022/08/10 04:30:20, 0.01744749743133896288, 57.31480998551765350069
2022/08/10 05:29:24, 0.01744700163297758341, 57.31643872319254910366
2022/08/10 05:34:02, 0.0174490621374489698, 57.30967040651496584414
2022/08/10 05:46:15, 0.0174799697045197657, 57.20833713695920880668
2022/08/10 06:21:32, 0.01747907065097456284, 57.21127970520812632561
2022/08/10 06:25:30, 0.01756318048907901823, 56.93729564652661674639
2022/08/10 06:27:27, 0.01756318048907931684, 56.9372956465256486801
2022/08/10 06:31:04, 0.01756216577702636417, 56.94058538657756394564
2022/08/10 06:37:28, 0.0175633045490031881, 56.93689346500316611693
2022/08/10 06:46:01, 0.01755185075965183113, 56.97404870253332704498
2022/08/10 07:46:25, 0.01755253608520470758, 56.97182419370809889495
2022/08/10 08:14:04, 0.01751793445561224137, 57.08435560903864542642
2022/08/10 08:16:27, 0.01751558387019334984, 57.0920163102140007568
2022/08/10 08:29:41, 0.01758411170285099666, 56.86952044542944907223
2022/08/10 08:35:28, 0.01758411170285114683, 56.86952044542896340927
2022/08/10 08:36:48, 0.01758290892373363372, 56.87341067041456960905
2022/08/10 08:50:04, 0.01775431250835135281, 56.32434370689462258947
2022/08/10 09:18:00, 0.01779716340450578258, 56.18872947735175604133
2022/08/10 10:43:53, 0.01780021888461234182, 56.17908445297066254364
2022/08/10 10:46:05, 0.01780021888461241284, 56.17908445297043839238
2022/08/10 12:05:52, 0.01780148539108612591, 56.17508752953490369908
2022/08/10 12:19:19, 0.01780148539108641335, 56.17508752953399665801
2022/08/10 12:22:12, 0.01780148539110020559, 56.1750875294904732926
2022/08/10 12:26:53, 0.01779766796565316826, 56.18713653551971664572
2022/08/10 12:43:09, 0.01782851423738213865, 56.08992351719576844913
2022/08/10 12:44:39, 0.01782923430164672118, 56.08765822925100407913
2022/08/10 12:46:21, 0.01782923430165218904, 56.08765822923380314044
2022/08/10 12:53:55, 0.0178292343016622966, 56.08765822920200652739
2022/08/10 12:54:35, 0.01782985518700344749, 56.08570510033759619313
2022/08/10 12:58:25, 0.01782985518700374757, 56.08570510033665226887
2022/08/10 13:27:45, 0.017810191511356197, 56.14762757393015568668
2022/08/10 13:32:08, 0.01780870297254954049, 56.15232066823771527681
2022/08/10 13:59:37, 0.01780750542058910147, 56.15609690303934557008
2022/08/10 14:06:48, 0.01779376944914662739, 56.19944682648223638163
2022/08/10 14:16:27, 0.01778693250819898763, 56.22104876931670577606
2022/08/10 14:18:39, 0.01778693250819921466, 56.22104876931598816303
2022/08/10 14:35:18, 0.01778693250820931334, 56.22104876928406818765
2022/08/10 14:41:51, 0.01777600137580176723, 56.25562120856305832094
2022/08/10 14:56:38, 0.01777263224248794857, 56.26628550887138455479
2022/08/10 15:02:50, 0.01774445273504552176, 56.35564054477640625916
2022/08/10 15:09:09, 0.01774514101564695475, 56.35345467912822132776
2022/08/10 15:16:15, 0.01774514101564706565, 56.35345467912786914745
2022/08/10 15:19:53, 0.01774858250560731463, 56.34252761785735398019
2022/08/10 15:29:53, 0.01770801996837637876, 56.4715875510551770094
2022/08/10 15:49:10, 0.01771833461609433089, 56.43871287381922903272
2022/08/10 15:51:58, 0.01771833461609447242, 56.43871287381877821882
2022/08/10 16:14:46, 0.01771833461610734383, 56.43871287377777855646
2022/08/10 16:17:28, 0.01771395567972671678, 56.45266467187116537843
2022/08/10 16:27:42, 0.01769590784236487428, 56.51024004577774668779
2022/08/10 16:27:42, 0.01769590784236606909, 56.51024004577393117177
2022/08/10 16:32:41, 0.01769489009962854074, 56.51349029972175182632
2022/08/10 17:30:49, 0.01769442292190447657, 56.51498239945813051356
2022/08/10 17:30:49, 0.01769442292191569537, 56.51498239942229830207
2022/08/10 17:39:36, 0.01769181365927728369, 56.52331746528525914409
2022/08/10 18:29:34, 0.01770041332020193421, 56.49585588256712830966
2022/08/10 18:36:37, 0.01776745341769647069, 56.28268590275267578743
2022/08/10 18:42:05, 0.01776745341769658306, 56.28268590275231982852
2022/08/10 18:50:16, 0.017767453417707682, 56.28268590271716124936
2022/08/10 18:59:18, 0.0177358273611875144, 56.38304769409101412872
2022/08/10 19:06:03, 0.01773471083304420124, 56.38659741419352200026
2022/08/10 19:40:53, 0.01770841128397726307, 56.47033965744907883033
2022/08/10 19:47:56, 0.01770944016702424272, 56.46705884368067302521
2022/08/10 19:50:10, 0.01770944016702435089, 56.46705884368032810505
2022/08/10 20:06:01, 0.01771132925885045323, 56.4610360625696256502
2022/08/10 20:15:17, 0.01770522444480098928, 56.48050399573684849245
2022/08/10 21:13:27, 0.01770420772981178453, 56.48374755093495025426
2022/08/10 21:13:27, 0.01768834446825540066, 56.53440330691557833919
2022/08/10 21:34:29, 0.01768834446825556078, 56.53440330691506657118
2022/08/10 22:58:07, 0.01768834446826577559, 56.5344033068824186182
2022/08/10 23:11:35, 0.01768868725757757642, 56.5333077259090857889
2022/08/10 23:13:21, 0.01768139565827774979, 56.55662139610785979383
2022/08/11 00:01:01, 0.01767954190775873904, 56.56255151956996822349
2022/08/11 00:44:11, 0.01767954190775874351, 56.56255151956995392506
2022/08/11 00:54:35, 0.01767954190775887909, 56.56255151956952017432
2022/08/11 01:24:03, 0.01768810974853292074, 56.53515351367274002702
2022/08/11 01:44:25, 0.01769128442146669437, 56.5250083700307774887
2022/08/11 01:48:49, 0.01769128442147573963, 56.52500837000187717073
2022/08/11 01:53:25, 0.01769814122409715162, 56.50310884842731500251
2022/08/11 02:52:48, 0.01769595268271979537, 56.5100968526269872669
2022/08/11 03:04:05, 0.0176976695180340069, 56.50461485796168732853
2022/08/11 03:12:44, 0.01769610174097548777, 56.5096208553373493517
2022/08/11 03:15:36, 0.01770059964995885355, 56.49526116491339205079
2022/08/11 04:02:05, 0.01769900477877734217, 56.50035199714097132754
2022/08/11 04:03:08, 0.01726199191697431484, 57.93074199140745433751
2022/08/11 04:03:08, 0.01759001875465671978, 56.85042261454459862896
2022/08/11 04:06:35, 0.01759001875465698734, 56.85042261454373387001
2022/08/11 04:19:01, 0.01759343615825447189, 56.83937981215914648643
2022/08/11 04:19:01, 0.01750644527801197995, 57.12181908545395581792
2022/08/11 04:51:30, 0.01749435127640014504, 57.16130791022806179434
2022/08/11 05:02:19, 0.01749597246890367076, 57.15601129216121855424
2022/08/11 05:14:52, 0.0174887955146112775, 57.17946665706823236055
2022/08/11 06:04:57, 0.01748879551461142295, 57.17946665706775681675
2022/08/11 06:19:09, 0.01748879551462114909, 57.17946665703595727735
2022/08/11 06:21:50, 0.01715642518795835178, 58.28720080345607007266
2022/08/11 06:22:19, 0.01728981102813277216, 57.83753208018698917233
2022/08/11 07:36:45, 0.01725735769338778551, 57.94629848711737340144
2022/08/11 08:30:07, 0.01734290648159286126, 57.66046199126796442308
2022/08/11 08:40:28, 0.01733743555600005049, 57.67865707532075845396
2022/08/11 08:53:13, 0.01733533981301641401, 57.68563009356989679962
2022/08/11 09:05:13, 0.01733533981301882465, 57.68563009356187509173
2022/08/11 09:11:27, 0.01730691118472813017, 57.78038549607942322438
2022/08/11 09:15:29, 0.01740816185201552175, 57.44431884887488716693
2022/08/11 09:18:10, 0.01740816185201578057, 57.44431884887403307972
2022/08/11 09:58:40, 0.01741327146138319607, 57.42746285312699991083
2022/08/11 09:59:24, 0.01741029054942447103, 57.4372953260712141055
2022/08/11 11:39:55, 0.01741063118742854447, 57.43617156867100124815
2022/08/11 11:42:23, 0.0173759244325430155, 57.55089485352044561838
2022/08/11 11:53:40, 0.0170997219462072781, 58.4804830830480380379
2022/08/11 11:54:17, 0.01706555666817926813, 58.59756112524692971749
2022/08/11 13:27:39, 0.01706417198046266498, 58.60231607750631451566
2022/08/11 13:43:09, 0.01706297505470597298, 58.60642688592571895187
2022/08/11 13:44:37, 0.01700152061712184322, 58.81826823142647797024
2022/08/11 14:07:29, 0.01708579601948406489, 58.52814810967155200263
2022/08/11 14:09:07, 0.01709757890873583013, 58.48781311891243268891
2022/08/11 14:41:49, 0.0170889467432275333, 58.51735715639156360075
2022/08/11 14:51:50, 0.01701642826688719981, 58.76673907801975628298
2022/08/11 16:22:15, 0.01701642826689682364, 58.76673907798652011715
2022/08/11 16:29:06, 0.01700536633908186848, 58.80496662408218918748
2022/08/11 16:31:26, 0.01702555102429344477, 58.7352502467096919095
2022/08/11 16:33:31, 0.01702851144479114263, 58.72503907591349404261
2022/08/11 17:22:24, 0.01706215258681043646, 58.60925196349670750337
2022/08/11 17:34:21, 0.01705866420848925785, 58.62123714835474645195
2022/08/11 17:39:51, 0.01712593960387098427, 58.39095682516418103607
2022/08/11 17:55:51, 0.01712056224532861395, 58.40929670828143356342
2022/08/11 17:56:23, 0.01715419465373678975, 58.2947798008205919753
2022/08/11 17:59:45, 0.01707870048492981951, 58.55246427457382983499
2022/08/11 18:08:12, 0.01707712844805007812, 58.55785432791443582025
2022/08/11 18:12:51, 0.01706198105827427637, 58.60984117756044372691
2022/08/11 18:27:43, 0.01702438604180929848, 58.73926951281252365243
2022/08/11 18:33:34, 0.01699878557088434913, 58.82773188884785412827
2022/08/11 18:42:33, 0.01701552896153385716, 58.7698450198433003936
2022/08/11 18:49:29, 0.01702221547165909467, 58.74675958983931041031
2022/08/11 18:56:26, 0.01702388730393536037, 58.74099035940122998167
2022/08/11 19:08:09, 0.01703225922782584439, 58.7121172020612369911
2022/08/11 19:17:14, 0.01735656024601594646, 57.61510263702980280924
2022/08/11 19:19:13, 0.01725407730993038145, 57.95731536594319943481
2022/08/11 19:25:39, 0.01724895574356120892, 57.9745240736260714646
2022/08/11 19:47:22, 0.01724895574357540798, 57.97452407357834775235
2022/08/11 19:51:48, 0.01724895574358098231, 57.97452407355961220319
2022/08/11 19:58:50, 0.01724895574358114826, 57.97452407355905443732
2022/08/11 20:29:12, 0.01725400485441171841, 57.95755874870451139793
2022/08/11 21:22:05, 0.01721259269451681808, 58.09700012936205832612
2022/08/11 21:26:36, 0.01721469727082926372, 58.08989750255585851732
2022/08/11 22:20:06, 0.0171520530196411851, 58.30205858475824880191
2022/08/11 22:51:00, 0.01715205301964454094, 58.30205858474684188148
2022/08/11 23:19:25, 0.01715708945829803381, 58.28494410025644315417
2022/08/11 23:27:44, 0.01698492767387318531, 58.8757290699703869183
2022/08/11 23:28:24, 0.01696458873576072517, 58.94631550318912308067
2022/08/11 23:29:06, 0.01659009283619870239, 60.27693816263963600946
2022/08/11 23:29:06, 0.01642709947663932816, 60.8750194410206958506
2022/08/11 23:29:33, 0.01642717613149071352, 60.87473537725155010279
2022/08/11 23:33:00, 0.01642717613150564656, 60.87473537719621225117
2022/08/11 23:35:49, 0.01641695522917242549, 60.91263489730609102487
2022/08/11 23:37:33, 0.01641695522917253337, 60.91263489730569076774
2022/08/11 23:41:30, 0.01644985637798425704, 60.79080430989991633156
2022/08/11 23:53:38, 0.0165551400541817728, 60.40420055204566858242
2022/08/12 00:01:16, 0.01648899335642054384, 60.64651603553569177301
2022/08/12 00:02:42, 0.01649063269729419582, 60.64048713934919449615
2022/08/12 00:36:17, 0.01665481712346204407, 60.04268870603663317114
2022/08/12 00:44:33, 0.016568794097261192, 60.35442254456521825516
2022/08/12 01:12:26, 0.01657368645464318408, 60.33660662862642903193
2022/08/12 01:30:20, 0.01657368645465357518, 60.33660662858860016518
2022/08/12 01:34:39, 0.01657247137194596045, 60.34103046892629757686
2022/08/12 01:51:38, 0.01665436362927253275, 60.04432365355290845186
2022/08/12 02:09:25, 0.01668708745563758642, 59.9265751233393790388
2022/08/12 02:10:27, 0.01668708745563652762, 59.92657512334318136951
2022/08/12 03:35:17, 0.01668663553189789045, 59.92819811329952652445
2022/08/12 03:42:20, 0.01668663553190644549, 59.92819811326880205968
2022/08/12 03:44:07, 0.01668430581417770431, 59.93656620404530626573
2022/08/12 04:26:10, 0.0166843058141778141, 59.9365662040449118527
2022/08/12 05:11:49, 0.01668000864206607708, 59.95200730760140254081
2022/08/12 05:57:22, 0.01674239907289867007, 59.72859657960993188153
2022/08/12 06:11:07, 0.01674485537200415927, 59.71983500507905187692
2022/08/12 06:38:27, 0.01674402190613117579, 59.72280767465007721127
2022/08/12 07:07:02, 0.01674467690289982473, 59.72047151455165432295
2022/08/12 07:19:14, 0.01675121768376712167, 59.69715270126640505183
2022/08/12 07:45:47, 0.01675121768376733867, 59.69715270126563171107
2022/08/12 08:01:59, 0.01674497461179796513, 59.71940974430815117826
2022/08/12 08:19:24, 0.01671346302872654813, 59.83200479046341471262
2022/08/12 08:21:14, 0.01671106487391325196, 59.8405911020695289554
2022/08/12 08:29:26, 0.0167110648739133924, 59.84059110206902605015
2022/08/12 08:44:38, 0.01680917088826688981, 59.49133402516708169458
2022/08/12 09:36:49, 0.01674631340410901588, 59.714635446547394414
2022/08/12 09:44:47, 0.01675121701315018653, 59.69715509117763056217
2022/08/12 10:03:18, 0.01674601556180461213, 59.71569752275067920313
2022/08/12 10:14:19, 0.0167427526813072171, 59.72733510639920687984
2022/08/12 10:17:48, 0.01674275268131458077, 59.72733510637293807928
2022/08/12 10:52:50, 0.01674275268132906046, 59.72733510632128386817
2022/08/12 10:59:55, 0.01674275268132951488, 59.72733510631966279114
2022/08/12 11:05:55, 0.01674275268134419663, 59.72733510626728778326
2022/08/12 11:17:22, 0.01673942631181462791, 59.73920380378887510402
2022/08/12 11:19:58, 0.01673942631181482322, 59.73920380378817807513
2022/08/12 12:09:45, 0.01671185397417642796, 59.83776554924575390494
2022/08/12 12:10:20, 0.01671185397417553686, 59.83776554924894452787
2022/08/12 12:58:42, 0.01670892856116152533, 59.84824199466711653815
2022/08/12 13:49:13, 0.01670759157774834938, 59.85303120120728463928
2022/08/12 14:51:03, 0.01670923899870350987, 59.84713008639060185412
2022/08/12 15:04:38, 0.01667321168247143408, 59.97644719231275090375
2022/08/12 16:31:21, 0.01667321168247163065, 59.97644719231204380869
2022/08/12 16:35:06, 0.01654876906028927684, 60.42745513922349318792
2022/08/12 17:35:08, 0.01653652061764763384, 60.47221317722716860377
2022/08/12 19:07:02, 0.01660723510384213448, 60.21471929235511039003
2022/08/12 19:39:58, 0.01661007076932808787, 60.20443945648836591021
2022/08/12 19:41:15, 0.01661221731589610919, 60.19666014380315851502
2022/08/12 19:44:00, 0.0166084554406005592, 60.21029490529434527514
2022/08/12 19:45:32, 0.01660845544059306353, 60.21029490532151914955
2022/08/12 20:36:31, 0.01660862027911228572, 60.20969732552937912906
2022/08/12 20:40:51, 0.01660862027912612295, 60.20969732547921631483
2022/08/12 21:05:32, 0.01660441670523277849, 60.22494001158476284127
2022/08/12 21:09:03, 0.01655405082757284124, 60.40817503921003916971
2022/08/12 21:33:53, 0.01655166145090056826, 60.41689548607765061516
2022/08/12 21:38:36, 0.01655003856462690062, 60.42281992848901355662
2022/08/12 21:50:40, 0.01655053223049307848, 60.42101764906249762669
2022/08/12 22:04:06, 0.01655053223049317765, 60.42101764906213560029
2022/08/12 22:08:17, 0.01655217742980577264, 60.41501211793947330713
2022/08/12 22:21:23, 0.01655875904422499057, 60.39099894679357559458
2022/08/12 22:33:03, 0.01684716581745637178, 59.35716492823019887175
2022/08/12 22:47:13, 0.01684588799142583053, 59.36166739972253146904
2022/08/12 22:47:55, 0.01684755625536013751, 59.3557893407742625725
2022/08/12 23:17:56, 0.01686008101869879947, 59.31169600495647025604
2022/08/12 23:40:41, 0.01686337222566605652, 59.30012020241122136684
2022/08/13 00:45:07, 0.01691113081469980489, 59.13265120808843630916
2022/08/13 00:48:20, 0.01691113081469997638, 59.13265120808783669134
2022/08/13 01:06:10, 0.01691771418946071917, 59.1096402741555415809
2022/08/13 01:12:26, 0.01694008064490412856, 59.03159618669332753612
2022/08/13 01:14:13, 0.01694172777437247455, 59.02585694433637701719
2022/08/13 01:14:52, 0.01694172777437252053, 59.02585694433621683173
2022/08/13 01:18:46, 0.01694058033068960177, 59.02985496833288873249
2022/08/13 01:33:27, 0.01693708599978801883, 59.04203355952232865094
2022/08/13 01:40:24, 0.01693711891130989802, 59.04191883143962100298
2022/08/13 02:17:36, 0.01693876696027924006, 59.03617437709378197522
2022/08/13 02:32:52, 0.01693724203526669914, 59.04148963082664512663
2022/08/13 02:55:17, 0.01693740657854139852, 59.0409160554093026708
2022/08/13 03:19:48, 0.0169374065785415635, 59.04091605540872758798
2022/08/13 03:20:47, 0.01693757136725823018, 59.0403416355833207678
2022/08/13 04:11:55, 0.01694250797291703548, 59.02313881737707157791
2022/08/13 05:36:40, 0.01694040837345464373, 59.03045416348902404683
2022/08/13 05:39:16, 0.01722978502271717975, 58.03902942964853805267
2022/08/13 05:40:46, 0.01719633348058915371, 58.15193111536120163746
2022/08/13 05:43:21, 0.0171548097694450609, 58.29268953953249769075
2022/08/13 05:59:22, 0.01708856835479275861, 58.5186528934434827966
2022/08/13 06:13:28, 0.01709130771961155807, 58.50927362641431951961
2022/08/13 06:17:09, 0.01708584607882125706, 58.52797662970574057982
2022/08/13 06:21:59, 0.01708666541562041246, 58.52517010638089184292
2022/08/13 06:23:23, 0.01708945537897881317, 58.51561549644628732177
2022/08/13 08:04:48, 0.01705865731777661844, 58.62126082794993564016
2022/08/13 08:27:22, 0.01711482089514519736, 58.42889073315752506411
2022/08/13 09:23:27, 0.01711208323604176158, 58.4382384193750848494
2022/08/13 09:44:53, 0.01712192327769594358, 58.40465371683219091413
2022/08/13 09:47:54, 0.01712187095681752255, 58.40483218931303413996
2022/08/13 09:48:27, 0.01712187095680113434, 58.40483218936893636158
2022/08/13 11:17:45, 0.01712187095680226102, 58.40483218936509311687
2022/08/13 11:22:21, 0.01720606492538744608, 58.11904141571068757703
2022/08/13 11:40:01, 0.01712073168947501845, 58.40871863056826514821
2022/08/13 11:43:46, 0.01715362502945770002, 58.29671560866655528798
2022/08/13 11:49:23, 0.01715362502945784475, 58.2967156086660634322
2022/08/13 12:48:05, 0.01717065983057324623, 58.23888015179523720056
2022/08/13 13:17:02, 0.0171681522779670206, 58.24738642861197506375
2022/08/13 13:47:40, 0.01716596506830425747, 58.25480804725796611209
2022/08/13 13:48:19, 0.01716377578718352415, 58.26223858894245018013
2022/08/13 13:54:33, 0.01716377578719983489, 58.26223858888708354711
2022/08/13 13:56:35, 0.0168751604101339235, 59.25869595879378478207
2022/08/13 13:57:42, 0.01687516041013287918, 59.25869595879745199858
2022/08/13 14:04:49, 0.01688091598508699042, 59.23849161286177793994
2022/08/13 14:20:29, 0.01688979793779506675, 59.20733946510127589332
2022/08/13 14:32:06, 0.01697217258506134879, 58.91997591870972190266
2022/08/13 14:34:37, 0.01695639514272887, 58.97479927676805953783
2022/08/13 15:17:21, 0.01695639514274229427, 58.9747992767213695685
2022/08/13 15:21:09, 0.01695536017368976354, 58.97839914670380329585
2022/08/13 16:03:39, 0.01700994910941065174, 58.78912356338303399534
2022/08/13 16:04:31, 0.01698192670591899881, 58.88613331792634855924
2022/08/13 16:07:49, 0.01696729725872279616, 58.93690578715507470294
2022/08/13 16:09:50, 0.01696461986064101255, 58.94620735475853694542
2022/08/13 16:15:44, 0.01696461986064314365, 58.94620735475113208714
2022/08/13 16:24:53, 0.0169654409249161477, 58.94335457744329366015
2022/08/13 16:40:33, 0.01696398885062944878, 58.94839997863444725533
2022/08/13 17:13:49, 0.01696398885062970789, 58.94839997863354689263
2022/08/13 17:30:41, 0.01695702761127789564, 58.97259961615638203926
2022/08/13 17:37:32, 0.01695639982811401962, 58.97478298087674215259
2022/08/13 17:58:56, 0.01695639982811290514, 58.97478298088061834179
2022/08/13 18:14:31, 0.01678679233425210847, 59.57064221016065717728
2022/08/13 18:20:51, 0.01678201590103245263, 59.5875969786489493803
2022/08/13 18:26:50, 0.01678201590103252403, 59.58759697864869585674
2022/08/13 18:43:04, 0.01678201590103269634, 59.58759697864808401695
2022/08/13 20:16:47, 0.01677492565922454329, 59.61278281135626399626
2022/08/13 20:43:34, 0.01677561125936653598, 59.61034650476044769003
2022/08/13 21:04:26, 0.01677215359214495814, 59.62263548959737034461
2022/08/13 21:29:29, 0.01677215359214734205, 59.622635489588895891
2022/08/13 21:32:36, 0.01676887716961134067, 59.63428498434027358468
2022/08/13 21:33:27, 0.01673854590059856246, 59.74234595636174552675
2022/08/13 22:08:35, 0.01675499808208563359, 59.68368334635593733925
2022/08/13 22:09:35, 0.01675646766815836386, 59.67844893111090809134
2022/08/13 22:13:26, 0.01675646766815850068, 59.67844893111042078494
2022/08/13 22:54:53, 0.0167564676681583567, 59.67844893111093357513
2022/08/13 23:03:50, 0.01675646766816787022, 59.67844893107705102358
2022/08/13 23:16:16, 0.01674345960067654286, 59.72481338083759008113
2022/08/14 00:05:32, 0.01674240019737142586, 59.72859256804774225947
2022/08/14 00:12:09, 0.01675220125080065369, 59.6936477200096948855
2022/08/14 00:27:04, 0.01683401132504744931, 59.40354801306879497842
2022/08/14 00:54:18, 0.01683106081063563181, 59.41396155898236555083
2022/08/14 00:56:43, 0.01682938924452358838, 59.41986280490883691098
2022/08/14 01:06:40, 0.01682938924452374422, 59.41986280490828667912
2022/08/14 02:06:44, 0.01691118051986155117, 59.13247740602953614669
2022/08/14 02:09:22, 0.01692672086217573449, 59.07818815838034374601
2022/08/14 02:12:32, 0.01692554976943771371, 59.08227582690929358335
2022/08/14 04:03:26, 0.01692554976943786604, 59.0822758269087618172
2022/08/14 04:19:27, 0.01692881634410860911, 59.07087534492685406633
2022/08/14 04:31:33, 0.01692761448274006172, 59.07506937965961190748
2022/08/14 05:01:23, 0.0169228329111326058, 59.09176112837199480542
2022/08/14 05:18:11, 0.01688389603594715033, 59.22803586748703562894
2022/08/14 05:24:15, 0.01688389603594683695, 59.22803586748813495629
2022/08/14 05:29:32, 0.01688487468606516609, 59.22460300077234248494
2022/08/14 05:32:59, 0.01688487468606536151, 59.22460300077165704851
2022/08/14 06:02:02, 0.01688487468606544551, 59.22460300077136240272
2022/08/14 06:12:04, 0.01688487468607654945, 59.22460300073241475288
2022/08/14 06:14:45, 0.01688487468607970021, 59.22460300072136327721
2022/08/14 06:15:12, 0.01688091160406801528, 59.23850698673268620546
2022/08/14 06:24:58, 0.01687715647349534806, 59.25168742557108789165
2022/08/14 06:31:12, 0.01687936107613574228, 59.24394860027094612435
2022/08/14 06:41:57, 0.01687936107614546191, 59.24394860023683173988
2022/08/14 06:46:58, 0.01687089580397960864, 59.27367530561797254172
2022/08/14 07:43:05, 0.01752940339703256869, 57.04700709718866275187
2022/08/14 07:46:42, 0.01744385289364733085, 57.3267847474326097395
2022/08/14 07:54:01, 0.0174447661158266767, 57.32378372747313636073
2022/08/14 08:00:10, 0.01744808210010375487, 57.31288942032508597977
2022/08/14 08:04:01, 0.01741609091295905822, 57.41816605102323179795
2022/08/14 08:35:58, 0.01741609091295926565, 57.41816605102254795342
2022/08/14 09:29:18, 0.01741609091295953802, 57.41816605102164999538
2022/08/14 11:21:18, 0.01741609091295875171, 57.41816605102424232361
2022/08/14 11:27:04, 0.01740037359401743488, 57.47003043335909749906
2022/08/14 11:32:36, 0.01740120006321308871, 57.46730089691023668982
2022/08/14 11:35:38, 0.01740120006321323205, 57.46730089690976329788
2022/08/14 11:41:12, 0.01740268992489385689, 57.46238106383425869716
2022/08/14 11:56:13, 0.01741104970432402962, 57.43479095069438937229
2022/08/14 11:59:33, 0.0174062652887609601, 57.45057790459446447713
2022/08/14 12:04:47, 0.0174062652887610029, 57.4505779045943231906
2022/08/14 12:34:22, 0.01740228148006900538, 57.46372974976351741969
2022/08/14 12:58:34, 0.01740102437260161381, 57.46788111937405252074
2022/08/14 13:04:45, 0.01736597919659894673, 57.58385338822965726253
2022/08/14 13:11:40, 0.01736597919659908229, 57.58385338822920774426
2022/08/14 13:19:25, 0.01736563999636378376, 57.58497816431709011234
2022/08/14 13:21:50, 0.0172797474782221395, 57.87121607305380305195
2022/08/14 13:34:09, 0.01729062878893653381, 57.83479665238393859128
2022/08/14 13:59:06, 0.01728927353290211443, 57.83933015444308522577
2022/08/14 14:39:54, 0.01728927353291478611, 57.83933015440069353986
2022/08/14 14:42:28, 0.01728699392140921131, 57.84695734528732993428
2022/08/14 14:51:13, 0.01728699392140938971, 57.84695734528673297731
2022/08/14 14:59:06, 0.01728414887160559444, 57.85647921852839022085
2022/08/14 15:43:55, 0.01728414887160562561, 57.85647921852828586168
2022/08/14 16:03:12, 0.01728092013198231207, 57.86728903105514062162
2022/08/14 16:18:26, 0.01730903647739190651, 57.77329092270063456234
2022/08/14 16:22:47, 0.01731380908626154974, 57.75736552354020662055
2022/08/14 16:25:45, 0.01731090507851915883, 57.76705466664969045242
2022/08/14 16:29:10, 0.01730869398971539877, 57.77443408463902681716
2022/08/14 16:57:40, 0.01731034192058896737, 57.76893400416298554185
2022/08/14 17:08:25, 0.01759872982346347091, 56.82228263239498251655
2022/08/14 17:19:29, 0.0175987298234634956, 56.82228263239490279814
2022/08/14 17:27:10, 0.0175971550079565309, 56.82736780734449928591
2022/08/14 18:01:22, 0.01760143712782790956, 56.81354270890743753625
2022/08/14 18:42:06, 0.01760143712783311176, 56.81354270889064599262
2022/08/14 18:44:49, 0.01759256211130264993, 56.84220374913625968143
2022/08/14 18:49:44, 0.01756366726779826339, 56.93571762392863037305
2022/08/14 19:03:17, 0.01756366726780770208, 56.93571762389803318682
2022/08/14 19:06:23, 0.01727398568499104504, 57.89051920246039077947
2022/08/14 19:19:26, 0.01726382428820073019, 57.92459325964455652674
2022/08/14 19:32:03, 0.01726382428820090548, 57.92459325964396839059
2022/08/14 19:57:32, 0.01726315867539165643, 57.92682664879187213762
2022/08/14 20:01:40, 0.01726184483139303316, 57.93123561053930917279
2022/08/14 20:14:37, 0.01726063925828781613, 57.93528183029739391938
2022/08/14 20:30:02, 0.01726886390862982379, 57.90768896500868526546
2022/08/14 21:41:22, 0.01726689508530319563, 57.91429177392494940507
2022/08/14 21:45:59, 0.01734911116552587454, 57.63984047707775902149
2022/08/14 22:25:18, 0.01734886895231195666, 57.64064520567707247849
2022/08/14 22:35:16, 0.01734886895231878223, 57.64064520565439489456
2022/08/14 22:58:13, 0.01734643475721947442, 57.64873381740916190724
2022/08/14 23:30:02, 0.01748255311060426857, 57.19988343083808931915
2022/08/14 23:59:28, 0.0174825531106067814, 57.19988343082986775305
2022/08/15 00:03:16, 0.01731534498376231909, 57.75224235715560292915
2022/08/15 00:12:56, 0.01731534498376533524, 57.75224235714554309182
2022/08/15 00:16:58, 0.01726650095717310755, 57.91561373554177308311
2022/08/15 00:36:16, 0.01739274168189438936, 57.49524820695673171327
2022/08/15 01:01:31, 0.01739274168190529298, 57.49524820692068758459
2022/08/15 01:03:45, 0.01739175651918375997, 57.49850504731724368633
2022/08/15 01:14:50, 0.01738934543272527219, 57.50647739265014972181
2022/08/15 01:20:58, 0.01739266327783998849, 57.49550738868733837628
2022/08/15 01:24:52, 0.01739266327783864776, 57.49550738869177046825
2022/08/15 02:25:26, 0.01739145712120366517, 57.49949489745743977528
2022/08/15 02:53:20, 0.01740804893483206099, 57.44469146103346500732
2022/08/15 03:16:16, 0.01739649869564641528, 57.48283131537591390762
2022/08/15 03:18:10, 0.01740228975102116161, 57.46370243842884370758
2022/08/15 03:20:18, 0.01740228975102135862, 57.46370243842819317435
2022/08/15 03:22:06, 0.01743548605162584703, 57.3542943993093149848
2022/08/15 04:28:00, 0.01743395393717743923, 57.3593347558138729505
2022/08/15 04:38:44, 0.01743395393717764117, 57.35933475581320854504
2022/08/15 05:14:14, 0.01743055631966756112, 57.37051541330679628613
2022/08/15 05:28:27, 0.01743055631967955141, 57.37051541326733171035
2022/08/15 06:52:11, 0.01746356648926228153, 57.26207190351776121269
2022/08/15 06:54:54, 0.01746356648926254945, 57.26207190351688272429
2022/08/15 07:12:53, 0.01746385546106179124, 57.26112439659418939345
2022/08/15 07:47:50, 0.01746517527912544108, 57.25679725614952103964
2022/08/15 08:09:12, 0.01743347237736906382, 57.36091917626985781216
2022/08/15 08:35:58, 0.01776469148681489746, 56.29143634395274245129
2022/08/15 08:38:56, 0.01774860308476011552, 56.34246228981550759414
2022/08/15 08:48:47, 0.01775192945985081452, 56.33190478036092320948
2022/08/15 08:51:59, 0.01774012488360112164, 56.36938897337722536362
2022/08/15 09:17:09, 0.0177360943496479011, 56.38219893771889582871
2022/08/15 10:13:47, 0.01773424316894494715, 56.38808436726157788278
2022/08/15 11:44:35, 0.01773312396272428539, 56.39164323793364326508
2022/08/15 12:46:58, 0.01773728616273655258, 56.37841047526503432025
2022/08/15 13:57:44, 0.01773351961979976961, 56.39038506961039858395
2022/08/15 14:54:40, 0.01773352626862381457, 56.39036392718545294677
2022/08/15 15:09:03, 0.017733526268624107, 56.39036392718452307442
2022/08/15 15:13:36, 0.01773352626863139949, 56.39036392716133388912
2022/08/15 15:17:27, 0.01771976529452103365, 56.43415606126571223881
2022/08/15 15:40:24, 0.01772059701701949667, 56.43150730415934345624
2022/08/15 16:14:15, 0.0176996019385438334, 56.49844575444000915009
2022/08/15 16:39:34, 0.01769475451187738942, 56.51392333975371766658
2022/08/15 16:48:09, 0.01768888224804767286, 56.53268454033438401264
2022/08/15 16:48:59, 0.01770880137996840813, 56.46909570803396543989
2022/08/15 16:59:19, 0.01768799221156999286, 56.53552919058186439878
2022/08/15 17:16:43, 0.01765820877482419894, 56.63088554178427814604
2022/08/15 17:34:43, 0.01765612672184460878, 56.63756359217645290172
2022/08/15 17:50:10, 0.01765612672184723532, 56.63756359216802744295
2022/08/15 17:57:08, 0.01765136813816781928, 56.65283235681232735749
2022/08/15 18:35:34, 0.01765230736621357735, 56.64981802401620850059
2022/08/15 18:38:44, 0.01764998521901008074, 56.6572712436575130397
2022/08/15 18:54:44, 0.0178161435009751372, 56.1288698614976159611
2022/08/15 19:01:55, 0.0178169774836495534, 56.12624256373950810366
2022/08/15 19:50:33, 0.01781697748364982649, 56.12624256373864785132
2022/08/15 19:52:18, 0.01782697114332027026, 56.09477863404170938995
2022/08/15 20:09:00, 0.01792706180581974779, 55.78158935533792929752
2022/08/15 20:09:36, 0.01792873235040556654, 55.77639179701285249599
2022/08/15 20:15:22, 0.01793207367283878435, 55.76599886016932447541
2022/08/15 20:18:15, 0.01799896549066173263, 55.55874866912892575581
2022/08/15 20:19:58, 0.01803245800501356639, 55.45555684765603691813
2022/08/15 20:20:22, 0.01754710967686247103, 56.98944261564597613099
2022/08/15 20:20:44, 0.01769420905168940038, 56.51566549704138446104
2022/08/15 20:23:20, 0.01769538712648894143, 56.51190295255307030569
2022/08/15 20:25:27, 0.01770368545377598599, 56.48541387673106610442
2022/08/15 20:26:31, 0.01803721357959889809, 55.44093579570716959367
2022/08/15 20:28:44, 0.01803276127357992398, 55.45462421582186568476
2022/08/15 20:35:24, 0.01805957429580769121, 55.37229082039534795417
2022/08/15 20:36:40, 0.01806081487864363354, 55.36848734231087801461
2022/08/15 20:37:25, 0.01809436028051812932, 55.26583888553838105393
2022/08/15 20:47:23, 0.01809436028051835361, 55.2658388855376960117
2022/08/15 21:09:05, 0.01810686412283366636, 55.22767461092004904261
2022/08/15 21:21:35, 0.01801686418222108166, 55.50355433032531599131
2022/08/15 21:25:07, 0.01836523950418931139, 54.4506920136755687665
2022/08/15 21:27:13, 0.01837193941234398338, 54.43083484850307526505
2022/08/15 21:30:57, 0.0182027524508921509, 54.93674666497967630858
2022/08/15 21:31:55, 0.01820942260900174009, 54.91662319406299193802
2022/08/15 21:32:33, 0.01821275814534078393, 54.9065656074624563565
2022/08/15 21:40:43, 0.01821375886567114935, 54.90354887067137630697
2022/08/15 21:52:39, 0.01822293341604051982, 54.87590703260551484567
2022/08/15 21:54:58, 0.01822293341604801535, 54.87590703258294307373
2022/08/15 21:58:46, 0.01832322243184087527, 54.57555316592493136345
2022/08/15 21:59:08, 0.01830105516370339831, 54.641658147848573319
2022/08/15 22:21:19, 0.01831109307486329945, 54.6117042773791618803
2022/08/15 22:22:14, 0.01831410498362765723, 54.60272292279499848894
2022/08/15 22:26:44, 0.01831410498364076473, 54.60272292275591904703
2022/08/15 22:29:51, 0.01829822386120645743, 54.65011290631717987419
2022/08/15 22:41:09, 0.01829761799644669772, 54.65192246303288224607
2022/08/15 22:43:55, 0.01830253202854980062, 54.63724901232886435992
2022/08/15 23:00:10, 0.0183360174473564066, 54.53746992066561845166
2022/08/15 23:02:43, 0.01830263234759538575, 54.63694953864823643001
2022/08/15 23:03:34, 0.01830263234760828182, 54.63694953860973912935
2022/08/15 23:04:14, 0.01826940716517067533, 54.73631360663025990697
2022/08/15 23:05:58, 0.01826428363081301566, 54.75166834974770025271
2022/08/15 23:06:52, 0.01826734661168776165, 54.74248785317200091085
2022/08/15 23:19:18, 0.01825695715908777932, 54.77364005875586154348
2022/08/15 23:20:03, 0.01825013221680664018, 54.79412357786070618381
2022/08/15 23:37:51, 0.01822631461320598262, 54.86572690210472742209
2022/08/15 23:44:48, 0.01823132506589703164, 54.85064834209828912296
2022/08/15 23:45:37, 0.01823132506589717961, 54.85064834209784392145
2022/08/15 23:48:40, 0.01823132506589722744, 54.85064834209770003475
2022/08/15 23:53:30, 0.01823281531564199906, 54.84616515267921001421
2022/08/16 00:05:47, 0.0181313544143178237, 55.15307776512977739472
2022/08/16 00:59:26, 0.01813192984362451629, 55.15132744414497003774
2022/08/16 01:42:58, 0.01813059876378867726, 55.15537644555066416849
2022/08/16 01:52:56, 0.01812940239069032948, 55.159016190931492969
2022/08/16 01:58:35, 0.01812973543519823179, 55.15800291594635343379
2022/08/16 02:03:38, 0.01812973543519850296, 55.15800291594552842938
2022/08/16 02:16:56, 0.01815975440131232245, 55.0668240275173859403
2022/08/16 02:34:17, 0.01815736759189922534, 55.07406263263307899236
2022/08/16 02:35:09, 0.01816202203193228166, 55.05994862476271708258
2022/08/16 02:47:39, 0.01826207649016590364, 54.75828559465832140861
2022/08/16 02:56:34, 0.01823292764831739805, 54.8458272466343985972
2022/08/16 03:20:47, 0.0182241753132087001, 54.8721674815765186431
2022/08/16 03:28:50, 0.01822985544640843591, 54.85507018636373775995
2022/08/16 03:33:56, 0.01823152360603919251, 54.85005102199741457128
2022/08/16 03:54:45, 0.01823194946751380524, 54.84876983571218312523
2022/08/16 04:09:12, 0.01823445555233680746, 54.84123159749875837324
2022/08/16 04:22:07, 0.01825114153914113635, 54.79109336012842507402
2022/08/16 04:40:08, 0.01826783514549244182, 54.74102388354146878927
2022/08/16 04:56:28, 0.01826522589495430254, 54.74884382767180023327
2022/08/16 04:57:03, 0.01826722949582833561, 54.74283882119993900346
2022/08/16 05:09:00, 0.01828393044175309267, 54.69283550304944121236
2022/08/16 05:26:33, 0.01828560095490425819, 54.68783894312189492459
2022/08/16 05:51:41, 0.01828927635219544439, 54.67684892190718189455
2022/08/16 06:08:27, 0.01829863357412825109, 54.64888927082852467206
2022/08/16 06:14:13, 0.01833207174631746749, 54.5492082857944974435
2022/08/16 06:15:05, 0.01830499658669296672, 54.62989273251008420758
2022/08/16 06:40:36, 0.01831171635951526563, 54.60984543266873041667
2022/08/16 07:10:03, 0.01830826751102558551, 54.62013264760202225599
2022/08/16 07:17:51, 0.01830739164671927904, 54.62274579017934470176
2022/08/16 07:36:56, 0.01830739164671941499, 54.62274579017893907482
2022/08/16 08:01:28, 0.01827441655502312219, 54.7213092680175432129
2022/08/16 08:14:55, 0.01827271027878145663, 54.72641905570050524997
2022/08/16 08:25:09, 0.01827689120719665044, 54.71390011919768864769
2022/08/16 08:31:27, 0.01827689120719671722, 54.71390011919748873383
2022/08/16 09:09:47, 0.01827302720999550738, 54.72546986921746397611
2022/08/16 09:25:23, 0.01830643534317776351, 54.6255992088961631791
2022/08/16 09:32:54, 0.0183074093770972067, 54.62269288908851543394
2022/08/16 09:45:53, 0.01837431886247960583, 54.42378612695145439047
2022/08/16 10:04:44, 0.01837944201532903024, 54.40861584187205914334
2022/08/16 10:10:30, 0.01841432538806959987, 54.30554630298250819486
2022/08/16 10:12:44, 0.01847639465451752891, 54.12311323169844021988
2022/08/16 10:19:08, 0.0184848016805148539, 54.09849763517436760703
2022/08/16 10:35:09, 0.01848480168051511444, 54.09849763517360511603
2022/08/16 10:45:33, 0.01855204642800864811, 53.90240930457495975779
2022/08/16 10:51:06, 0.01853957606224965655, 53.93866594588444579349
2022/08/16 11:09:13, 0.01853972118531048119, 53.93824373110458888851
2022/08/16 11:29:39, 0.01853972118531077606, 53.93824373110373099234
2022/08/16 12:32:51, 0.01854794241276741185, 53.91433603501235086821
2022/08/16 12:33:37, 0.01854962043764066518, 53.90945886799991381728
2022/08/16 12:37:11, 0.01854962043764070506, 53.90945886799979792814
2022/08/16 13:01:45, 0.01854962043764091766, 53.9094588679991800748
2022/08/16 13:23:37, 0.01853349947914706962, 53.95635082975819149419
2022/08/16 13:32:41, 0.018533014221988416, 53.95776358999143528151
2022/08/16 13:35:14, 0.01853972337422629253, 53.93823736281784826826
2022/08/16 13:47:22, 0.01853714433274318304, 53.94574169839335530449
2022/08/16 13:58:49, 0.01842458648918917853, 54.27530222112504954284
2022/08/16 14:03:21, 0.01842203796831039469, 54.28281071400465282804
2022/08/16 14:33:06, 0.01855046114886221514, 53.9070156787630363832
2022/08/16 14:40:14, 0.01854922325943477173, 53.91061318383591456641
2022/08/16 14:41:18, 0.01855590652367372823, 53.89119624655332608806
2022/08/16 14:50:31, 0.01855924860630270152, 53.8814917140773166874
2022/08/16 15:10:45, 0.01861945754648915437, 53.70725744846191238123
2022/08/16 15:11:39, 0.0186194575464891904, 53.70725744846180843812
2022/08/16 15:19:36, 0.01861945754648934287, 53.70725744846136865747
2022/08/16 16:36:08, 0.01862280448798875211, 53.69760503284965727435
2022/08/16 16:41:51, 0.0186295997033726956, 53.67801863284053188061
2022/08/16 16:48:54, 0.01864217939445284877, 53.64179685437203545784
2022/08/16 16:56:20, 0.01864552837435389483, 53.63216208854966370343
2022/08/16 16:58:07, 0.01867903787009152897, 53.53594799447236786179
2022/08/16 16:59:17, 0.01864562876795057486, 53.63187331707851596408
2022/08/16 17:00:55, 0.01866804117757998827, 53.56748415580867816701
2022/08/16 17:02:06, 0.01864571278781294093, 53.63163164529767199969
2022/08/16 17:17:34, 0.01864571278781304912, 53.63163164529736082212
2022/08/16 18:01:09, 0.01864443734277736731, 53.63530052503236708509
2022/08/16 18:18:32, 0.01866018098438531894, 53.59004828714102570919
2022/08/16 18:20:52, 0.01866018098438550006, 53.59004828714050554874
2022/08/16 18:24:21, 0.0186709238487884188, 53.55921367891451907787
2022/08/16 18:33:50, 0.01867040234878897343, 53.56070969005461431487
2022/08/16 18:42:06, 0.01867040234878920353, 53.56070969005395419789
2022/08/16 18:45:03, 0.01869551668821828927, 53.48875972121108020888
2022/08/16 18:48:14, 0.01869239160498019883, 53.49770222733675267622
2022/08/16 18:49:38, 0.01872583931262275817, 53.40214573591463153739
2022/08/16 18:56:53, 0.01900024903328666924, 52.63088911351072305273
2022/08/16 19:01:34, 0.01903397051716390894, 52.53764573703887124997
2022/08/16 19:04:46, 0.0190508424483111021, 52.49111700509875023567
2022/08/16 19:08:57, 0.01905590548180081211, 52.47717044750467957474
2022/08/16 19:10:53, 0.01907109861541702793, 52.43536411644384907865
2022/08/16 19:16:12, 0.01909392708561967475, 52.37267302403894023891
2022/08/16 19:19:15, 0.01910068152803985745, 52.35415283648371485711
2022/08/16 19:25:21, 0.01911759449214769707, 52.30783613548958656417
2022/08/16 19:27:49, 0.01935547865306394105, 51.66495842982945879604
2022/08/16 19:35:11, 0.0193375653239750142, 51.71281819848253850585
2022/08/16 19:35:11, 0.01950778129565042465, 51.26159581371594387935
2022/08/16 19:36:23, 0.01940394006650975415, 51.53592500143570317259
2022/08/16 19:37:24, 0.01927616805676813855, 51.87753069256343635926
2022/08/16 19:37:24, 0.01910564966303390248, 52.34053893151958430393
2022/08/16 19:38:09, 0.01944477683602389084, 51.42769230178946700162
2022/08/16 19:41:33, 0.0194447768360239606, 51.42769230178928250462
2022/08/16 19:42:38, 0.02012895099042740924, 49.67968775300627042136
2022/08/16 19:42:51, 0.02009126463416066, 49.77287483933319684499
2022/08/16 19:42:51, 0.02008088011477007267, 49.79861411873431038939
2022/08/16 19:43:44, 0.0193375503042414096, 51.71285836451913902579
2022/08/16 19:45:31, 0.01934431438693645057, 51.69477604620183706119
2022/08/16 19:52:51, 0.02009560611872194522, 49.76212183360601802515
2022/08/16 19:56:40, 0.02010660449146121585, 49.73490180426414569802
2022/08/16 19:58:34, 0.02008928261255491328, 49.77778546333178768688
2022/08/16 20:00:43, 0.02008236013253067458, 49.79494409026839819447
2022/08/16 20:06:06, 0.0201964655771501436, 49.51361396280045003238
2022/08/16 20:10:50, 0.0201990575965760807, 49.50726018868864771283
2022/08/16 20:11:47, 0.02021979973747786158, 49.45647399991193349792
2022/08/16 20:13:08, 0.02014088287449668936, 49.65025645753821019206
2022/08/16 20:14:51, 0.02015814227272344337, 49.6077459158093397749
2022/08/16 20:16:54, 0.02016512486045212958, 49.59056821716990038657
2022/08/16 20:20:45, 0.0201534434192846959, 49.6193121540265746625
2022/08/16 20:21:56, 0.01997953198139915777, 50.05122246762311010794
2022/08/16 20:24:16, 0.01997500322964077038, 50.06257012845469050785
2022/08/16 20:25:05, 0.01991196620536944593, 50.22105751316214804344
2022/08/16 20:31:29, 0.01991025562011360346, 50.22537224433154837227
2022/08/16 20:32:39, 0.01992055037524228252, 50.19941623916289806882
2022/08/16 20:34:00, 0.01992569874861022136, 50.18644578623613138331
2022/08/16 20:34:49, 0.01993084778617923262, 50.17348036210662351883
2022/08/16 20:35:50, 0.01993428084678146181, 50.16483953879166160275
2022/08/16 20:38:49, 0.01993617951486840582, 50.1600619744720819064
2022/08/16 20:42:20, 0.01993961303299227349, 50.15142462119954297908
2022/08/16 20:56:54, 0.0199533500601483433, 50.11689751272601558902
2022/08/16 21:00:11, 0.01995544537139701001, 50.1116352648957964003
2022/08/16 21:04:55, 0.01996575178091267876, 50.08576741678232885181
2022/08/16 21:05:34, 0.01997266867795367516, 50.06842180803933784595
2022/08/16 21:06:41, 0.01996237722694184052, 50.09423420024189961452
2022/08/16 21:12:38, 0.01991805569984244936, 50.20570356211575111404
2022/08/16 21:15:17, 0.01992835242289461593, 50.17976292165295113192
2022/08/16 21:16:57, 0.01968171753611099166, 50.80857390444975197635
2022/08/16 21:21:44, 0.01968410906394089985, 50.80240089869695255998
2022/08/16 21:22:50, 0.01968410906394366722, 50.80240089868981028377
2022/08/16 21:25:20, 0.01966670030798287539, 50.84737064885723488937
2022/08/16 21:28:32, 0.01966691826815518506, 50.8468071288630493374
2022/08/16 21:29:31, 0.01967737079449847113, 50.81979754528926107293
2022/08/16 21:34:10, 0.01961543176451790615, 50.98026961654174297614
2022/08/16 21:34:57, 0.01968404056931839373, 50.80257767598308478862
2022/08/16 21:36:32, 0.01969022122062511043, 50.78663102842745751562
2022/08/16 21:37:56, 0.01968157553935182214, 50.80894047331605193858
2022/08/16 21:41:57, 0.01968827086570836273, 50.79166204187739265882
2022/08/16 21:46:56, 0.01968912941466279078, 50.78944725993242551303
2022/08/16 21:48:28, 0.01968912941466285936, 50.78944725993224858529
2022/08/16 21:49:15, 0.01969599833036623475, 50.77173460449849797168
2022/08/16 21:55:13, 0.01969667689309043718, 50.76998548678017883953
2022/08/16 21:59:50, 0.01969667689309933498, 50.76998548675724395662
2022/08/16 22:06:58, 0.01970821819315951066, 50.74025415179786103341
2022/08/16 22:12:03, 0.01970593136182818486, 50.74614245013926967657
2022/08/16 22:18:15, 0.0197762976124198373, 50.56558207194372406836
2022/08/16 22:28:40, 0.01980895052524276027, 50.48223017800408788036
2022/08/16 22:30:08, 0.01980997535393910473, 50.47961858272355172089
2022/08/16 22:39:02, 0.01980616314781599831, 50.48933468521230435553
2022/08/16 22:54:18, 0.01980736657792354653, 50.48626712016112867438
2022/08/16 23:01:24, 0.01980611088830102092, 50.48946790410404239482
2022/08/16 23:02:53, 0.01980420184357047075, 50.4943348840213322335
2022/08/16 23:27:59, 0.0198067805390286359, 50.48776089731148191348
2022/08/16 23:45:54, 0.01980541821082230436, 50.49123372984714361136
2022/08/16 23:47:24, 0.0198058486381839009, 50.49013643737989767238
2022/08/16 23:55:47, 0.01983167427987969342, 50.42438605471420568606
2022/08/17 00:06:45, 0.01983851519776282031, 50.40699820684007202622
2022/08/17 00:09:43, 0.01984711324374514761, 50.3851611929080792539
2022/08/17 00:13:31, 0.0198474572042185628, 50.3842880078084116985
2022/08/17 00:19:03, 0.01987739317428482741, 50.30840770879802221841
2022/08/17 00:32:21, 0.01987156752532869779, 50.3231563753277128375
2022/08/17 00:46:33, 0.0199645884716577164, 50.08868584592303214335
2022/08/17 00:48:43, 0.02001290692917826142, 49.96775348722717669594
2022/08/17 00:50:56, 0.02001290692919382371, 49.96775348718832113765
2022/08/17 00:54:39, 0.02006485944920568707, 49.83837552072099194452
2022/08/17 00:58:00, 0.02006485944920581503, 49.83837552072067410407
2022/08/17 00:59:51, 0.02006485944920593212, 49.83837552072038327465
2022/08/17 01:00:46, 0.0200648594492218874, 49.83837552068075254286
2022/08/17 01:03:44, 0.01999886243187216433, 50.00284408208644590115
2022/08/17 01:22:06, 0.01999684134853916421, 50.00789787598396518416
2022/08/17 01:38:06, 0.01999718740728445868, 50.00703247076265526352
2022/08/17 02:02:37, 0.01999296454133766908, 50.01759483604290981902
2022/08/17 02:04:36, 0.01999642492747498572, 50.00893927924111612063
2022/08/17 02:19:56, 0.0199950136493046274, 50.01246898547515123718
2022/08/17 02:21:23, 0.01999674874224512939, 50.00812946593663500645
2022/08/17 02:22:26, 0.01999735525053539955, 50.00661274811460291581
2022/08/17 02:23:30, 0.02010130688286927539, 49.74800921288453368704
2022/08/17 02:38:17, 0.02009956344294881317, 49.75232436457782542235
2022/08/17 02:42:49, 0.02011693641060887854, 49.70935830331697301956
2022/08/17 02:50:49, 0.02011815071250713, 49.70635791978216565529
2022/08/17 02:53:12, 0.0202145735886642355, 49.4692601658820982144
2022/08/17 02:55:18, 0.02021804828690413119, 49.46075831897837547701
2022/08/17 02:56:13, 0.02012468038384888555, 49.69023015155821277377
2022/08/17 03:25:27, 0.02014268396818524085, 49.64581689210185232229
2022/08/17 03:31:43, 0.02015300287921429682, 49.62039682093207260158
2022/08/17 04:14:30, 0.02015650421909240883, 49.61177737619758804728
2022/08/17 04:16:11, 0.02015997360591105052, 49.60323954525380653025
2022/08/17 04:24:27, 0.02016572455933514784, 49.58909346686868641752
2022/08/17 04:27:01, 0.02013334177853792725, 49.66885333789925247107
2022/08/17 04:36:01, 0.02012428391492177109, 49.69120909979406286883
2022/08/17 04:44:36, 0.02013049467854078479, 49.67587811272245381063
2022/08/17 04:45:56, 0.02013222809975757202, 49.67160092985643184156
2022/08/17 04:47:21, 0.02013222809975765135, 49.67160092985623611039
2022/08/17 04:56:23, 0.02013607011400340531, 49.66212345995761887281
2022/08/17 04:57:38, 0.02013607011400629822, 49.66212345995048401553
2022/08/17 05:05:58, 0.02013500977417506652, 49.66473874189962272253
2022/08/17 05:07:53, 0.02013587862590159299, 49.66259573663002011524
2022/08/17 05:09:43, 0.02064983366171071014, 48.42654020280162520615
2022/08/17 05:12:10, 0.02047725109470742731, 48.83467978074757761858
2022/08/17 05:15:27, 0.02031250322834460639, 49.23076140633289576373
2022/08/17 05:28:32, 0.02032112138691176378, 49.20988271070860141627
2022/08/17 05:31:43, 0.02032112138692746429, 49.20988271067058086419
2022/08/17 05:47:51, 0.02033525067570394932, 49.17569082119922310226
2022/08/17 05:56:53, 0.02047750870302449502, 48.8340654374768553944
2022/08/17 06:00:27, 0.02051579924473404512, 48.74292188527229946735
2022/08/17 06:03:55, 0.02042699454069447284, 48.95482778965887959019
2022/08/17 06:05:06, 0.02046161611643522207, 48.87199497388566045039
2022/08/17 06:50:25, 0.02046889036257977057, 48.85462681592898382503
2022/08/17 07:21:30, 0.02046923678740715568, 48.8537999919571157504
2022/08/17 07:56:01, 0.02047963089525022059, 48.82900503016033372639
2022/08/17 08:28:34, 0.0204410249972506728, 48.92122582573527779182
2022/08/17 09:07:22, 0.02044535883366458458, 48.91085591285570170937
2022/08/17 09:12:56, 0.02044708980456387034, 48.90671531049842078479
2022/08/17 09:25:37, 0.02045419176544008798, 48.88973426413381509036
2022/08/17 09:40:19, 0.02045419176544980809, 48.88973426411058202782
2022/08/17 09:44:02, 0.02045696221784820083, 48.88311320864269761004
2022/08/17 09:44:48, 0.0204529740947593336, 48.89264492131880425249
2022/08/17 09:55:36, 0.02020637570277397915, 49.48933023465052320105
2022/08/17 10:26:20, 0.02019755065672499684, 49.51095392683364758296
2022/08/17 10:43:08, 0.02019806653066275557, 49.50968937952038607217
2022/08/17 10:51:15, 0.02019715725766763828, 49.51191829832193437525
2022/08/17 10:55:57, 0.02020059849107685784, 49.5034837924097458408
2022/08/17 10:56:33, 0.02020404001718324955, 49.49505144265771496413
2022/08/17 11:17:00, 0.02033329661088456318, 49.18041668977044514808
2022/08/17 11:30:10, 0.02033505150224980508, 49.176172476837012048
2022/08/17 11:46:18, 0.02034171522807954982, 49.16006289477534149459
2022/08/17 11:50:40, 0.02034499040523739128, 49.15214900974202294189
2022/08/17 12:09:26, 0.02035234375354309625, 49.13439022598623935068
2022/08/17 12:40:12, 0.02035133638369138593, 49.13682232687940197266
2022/08/17 13:07:56, 0.02034680276669012241, 49.1477708545495035211
2022/08/17 13:14:52, 0.02034680276669023188, 49.14777085454923908732
2022/08/17 13:37:57, 0.02034442681687096586, 49.15351063961815824239
2022/08/17 13:55:05, 0.02034032389826112469, 49.16342556794236039507
2022/08/17 14:41:14, 0.02021359837769184763, 49.47164682482368084368
2022/08/17 14:42:16, 0.02022048499726084708, 49.4547979504677684029
2022/08/17 14:44:34, 0.02022048499726104586, 49.45479795046728223247
2022/08/17 15:10:26, 0.02022048499726600831, 49.4547979504551451975
2022/08/17 15:15:40, 0.02015022642014024016, 49.6272339153715707443
2022/08/17 15:20:06, 0.01975306176070156369, 50.62506319853086380364
2022/08/17 15:20:56, 0.02001729972591921881, 49.95678806293533582885
2022/08/17 15:26:27, 0.02001729972591943226, 49.95678806293480312363
2022/08/17 15:54:42, 0.02005197500021556097, 49.87039929928348146504
2022/08/17 15:55:36, 0.02002107700374238415, 49.94736296219617858478
2022/08/17 16:00:58, 0.01998658550176263452, 50.03355875428592452697
2022/08/17 16:03:59, 0.01996948802981089576, 50.07639647582240290152
2022/08/17 16:06:00, 0.01997298464533381186, 50.06762973873436488672
2022/08/17 16:11:13, 0.01997436952799751876, 50.06415840051060365641
2022/08/17 16:27:19, 0.0199737153396215417, 50.06579812501462317425
2022/08/17 16:35:16, 0.01998929806663498889, 50.02676915749951764635
2022/08/17 16:42:17, 0.01998929806663515724, 50.02676915749909632765
2022/08/17 16:44:32, 0.01998947143434164968, 50.02633527778093817655
2022/08/17 16:46:52, 0.02004951556728347973, 49.87651679882909854145
2022/08/17 16:48:51, 0.02004951556728357545, 49.8765167988288604125
2022/08/17 16:53:42, 0.02004026724829384929, 49.89953415342483148004
2022/08/17 16:57:10, 0.02004719075032302616, 49.88230083977660122534
2022/08/17 17:07:52, 0.02004719075033531631, 49.8823008397460203149
2022/08/17 17:11:11, 0.02004719075034103499, 49.88230083973179084372
2022/08/17 17:30:02, 0.02004719075034709208, 49.88230083971671933099
2022/08/17 17:33:18, 0.01982724724335276964, 50.43564483391699014877
2022/08/17 17:34:34, 0.01982459059330921983, 50.44240360441536854343
2022/08/17 17:37:53, 0.0198270174669141485, 50.43622933548757870466
2022/08/17 17:44:38, 0.01981999747382722756, 50.4540932116930640604
2022/08/17 17:52:03, 0.0198265742005794846, 50.43735694746358795206
2022/08/17 17:53:26, 0.01982071026272714791, 50.4522787904578941795
2022/08/17 17:55:01, 0.01982071026271373602, 50.45227879049203325157
2022/08/17 17:56:02, 0.01982936279549041676, 50.43026396326862671264
2022/08/17 18:14:24, 0.01983628617892938195, 50.4126624802492492759
2022/08/17 18:51:09, 0.01986828845068690616, 50.33146174025005203259
2022/08/17 18:59:49, 0.01975571220535831422, 50.61827129313877112364
2022/08/17 19:16:30, 0.01975709625559588058, 50.61472531505058805297
2022/08/17 19:17:10, 0.01975882376105878975, 50.61030009138632719617
2022/08/17 19:44:33, 0.01976913780212360218, 50.58389546420076697421
2022/08/17 20:00:23, 0.01976685233563907742, 50.58974403309667041808
2022/08/17 20:16:18, 0.01977030717336948552, 50.58090353532774059508
2022/08/17 20:22:38, 0.01977030717336964701, 50.58090353532732743261
2022/08/17 20:31:24, 0.01976916918109779556, 50.58381517399049908281
2022/08/17 20:38:01, 0.01974187973872370919, 50.65373780180108118381
2022/08/17 20:40:26, 0.01971464679126797514, 50.72370865111926249791
2022/08/17 20:42:27, 0.01968304233007473218, 50.80515416420400597323
2022/08/17 20:43:12, 0.01983314749849864214, 50.42064049973406514815
2022/08/17 20:56:11, 0.01985045197965352753, 50.37668668829243126632
2022/08/17 20:58:51, 0.01986778487594696949, 50.33273745633590333398
2022/08/17 21:22:37, 0.01987471179412497193, 50.31519502565079626243
2022/08/17 21:27:37, 0.01987644371186107262, 50.31081085210730220754
2022/08/17 21:41:58, 0.0199457822921186026, 50.13591271349337109276
2022/08/17 21:44:20, 0.01994071918306310862, 50.14864262515476939171
2022/08/17 21:46:35, 0.01994071918306029557, 50.14864262516184389642
2022/08/17 21:48:37, 0.01994289947206307333, 50.14316004555133947898
2022/08/17 22:01:22, 0.01999315141972766268, 50.01712731557062006289
2022/08/17 22:08:45, 0.0199966193955517236, 50.00845293992300624113
2022/08/17 22:15:52, 0.02002715054707027633, 49.93221565143163084471
2022/08/17 22:19:09, 0.02002715054707029091, 49.93221565143159449064
2022/08/17 22:42:02, 0.02002651141154612755, 49.93380921169614542321
2022/08/17 22:56:06, 0.02002533170395897517, 49.9367508505390521541
2022/08/17 23:08:15, 0.0209143878909762599, 47.81397405522257121248
2022/08/17 23:09:43, 0.0208781418220936282, 47.89698281203271977359
2022/08/17 23:10:56, 0.02052612456251088079, 48.71840258761802519639
2022/08/17 23:48:55, 0.02056052130654795168, 48.63689908881483151225
2022/08/17 23:58:12, 0.02056052130655891088, 48.63689908878890699465
2022/08/18 00:24:58, 0.02053718563880909078, 48.69216345351143966273
2022/08/18 01:01:32, 0.02053458536616447605, 48.6983292902389685843
2022/08/18 01:03:38, 0.02054319842581044089, 48.67791174832842172985
2022/08/18 01:23:17, 0.02054491848982489559, 48.6738363306362771144
2022/08/18 01:36:40, 0.02054853085840971567, 48.66527961977091102946
2022/08/18 01:54:56, 0.02055219693244588977, 48.65659877077634262672
2022/08/18 02:11:32, 0.02055563788468829111, 48.64845380181030347884
2022/08/18 02:18:29, 0.02055563788468853361, 48.64845380180972955109
2022/08/18 02:36:11, 0.02058833916947052002, 48.57118351162841607733
2022/08/18 02:43:40, 0.0205883391694707584, 48.57118351162785371086
2022/08/18 03:07:34, 0.02058833916947086495, 48.57118351162760233549
2022/08/18 03:09:38, 0.02053589052531671645, 48.69523426642718813939
2022/08/18 03:21:58, 0.02052038202213504507, 48.73203622239167780111
2022/08/18 03:33:08, 0.02052745036784635112, 48.71525601476417338278
2022/08/18 03:58:45, 0.02052642808926971876, 48.71768218274442163608
2022/08/18 04:11:22, 0.02052986206670770015, 48.70953330084240498676
2022/08/18 04:54:32, 0.02052632865610131115, 48.71791817981813432606
2022/08/18 04:56:41, 0.02052796217307877307, 48.71404144106626249967
2022/08/18 05:19:30, 0.02052641159881069693, 48.71772132143838212092
2022/08/18 05:45:25, 0.02052321302937735324, 48.72531404164539138593
2022/08/18 06:43:08, 0.02052321302938637752, 48.72531404162396632962
2022/08/18 06:44:39, 0.02055069485339961817, 48.66015514967242349129
2022/08/18 07:51:24, 0.0201372668821611151, 49.6591720143444219731
2022/08/18 08:07:00, 0.02013555452781502105, 49.66339509640082769331
2022/08/18 08:16:55, 0.02009973990712902017, 49.75188756772508235895
2022/08/18 08:34:08, 0.02009973990713412608, 49.75188756771244394542
2022/08/18 08:40:05, 0.02010090142836086007, 49.74901267806205014128
2022/08/18 10:03:40, 0.01989062076088638231, 50.27495179871083982849
2022/08/18 10:04:01, 0.0200790768747485456, 49.80308637881656625461
2022/08/18 10:22:16, 0.02010628136356458772, 49.73570109349711847967
2022/08/18 10:24:21, 0.02010628136356470074, 49.73570109349683891387
2022/08/18 10:41:56, 0.02010541850803664966, 49.73783557901440552813
2022/08/18 10:49:01, 0.0201156178393482853, 49.71261673324762481565
2022/08/18 10:51:30, 0.02011115626807704855, 49.72364525789725544924
2022/08/18 10:57:41, 0.02011365889648663628, 49.71745842695361183448
2022/08/18 11:06:36, 0.02012856831568960195, 49.68063223952846439653
2022/08/18 11:12:12, 0.02012856831568978598, 49.68063223952801019794
2022/08/18 11:20:02, 0.02012481908588126022, 49.68988768209889618418
2022/08/18 11:21:21, 0.02011045447031933347, 49.72538047192729711613
2022/08/18 11:30:27, 0.02010955817063032525, 49.72759677338328315055
2022/08/18 11:31:15, 0.02009247863308586305, 49.76986753407919413491
2022/08/18 11:37:20, 0.02009288951951688876, 49.76884977288442737203
2022/08/18 12:00:49, 0.02008118800234583234, 49.79785059943577997725
2022/08/18 12:14:07, 0.02008152770983384291, 49.79700819825097489868
2022/08/18 12:15:37, 0.02009511836532151327, 49.76332967143487782643
2022/08/18 12:17:44, 0.02009094444367327613, 49.77366807237895946112
2022/08/18 12:18:24, 0.02010319295561970433, 49.74334187646829138652
2022/08/18 12:20:15, 0.02009098084454511618, 49.77357789236602076978
2022/08/18 12:45:59, 0.02009658774315067989, 49.7596911864214387974
2022/08/18 12:57:02, 0.02009832094243789117, 49.75540010849790665827
2022/08/18 13:11:48, 0.02010002022986684323, 49.75119370845651673758
2022/08/18 13:36:18, 0.02016788040655046133, 49.58379263669191947247
2022/08/18 13:54:35, 0.02016550532817077183, 49.58963257930470878997
2022/08/18 14:04:05, 0.02019002279540750953, 49.52941411376035504956
2022/08/18 14:10:05, 0.02018102360219473105, 49.5515004447667254756
2022/08/18 14:27:50, 0.02017958009193588085, 49.55504502294464430033
2022/08/18 14:45:55, 0.0201805179372665758, 49.5527420608635114277
2022/08/18 14:47:16, 0.02016888162335430729, 49.5813312148186915318
2022/08/18 15:17:32, 0.02017569069349313017, 49.56459806962199255161
2022/08/18 15:18:11, 0.02018762547092201676, 49.53529583954222363585
2022/08/18 15:32:09, 0.02018762547092386683, 49.53529583953768402618
2022/08/18 15:36:11, 0.02006518691851750161, 49.83756214486757970742
2022/08/18 15:51:01, 0.02006137653276453085, 49.8470281122925692497
2022/08/18 15:55:31, 0.02006478118881946512, 49.8385699096096731542
2022/08/18 15:59:57, 0.02006563366755308328, 49.83645254209136814057
2022/08/18 16:08:10, 0.02006194275689192686, 49.84562124006996400776
2022/08/18 16:25:01, 0.02006194275689220979, 49.84562124006926104913
2022/08/18 16:26:20, 0.01997401356464793316, 50.06505061005380587927
2022/08/18 16:26:20, 0.0199632674738761621, 50.09200028545403679255
2022/08/18 16:37:53, 0.01996326747388397962, 50.09200028543442102224
2022/08/18 16:39:25, 0.01996309772092173414, 50.09242623463088975957
2022/08/18 16:42:26, 0.01996479585913958476, 50.08816554175859332942
2022/08/18 16:44:34, 0.01996479585913987654, 50.08816554175786128186
2022/08/18 17:45:27, 0.01997839635582386474, 50.05406751320617788509
2022/08/18 17:48:51, 0.01997461267797788084, 50.06354897196607175953
2022/08/18 17:56:05, 0.01997461267799103827, 50.06354897193309453435
2022/08/18 18:01:01, 0.01996786665894516584, 50.0804626292925467171
2022/08/18 18:05:50, 0.01996636238206917831, 50.08423571927410775463
2022/08/18 18:15:36, 0.01996792616579645889, 50.08031338341605337559
2022/08/18 19:28:08, 0.01996238282920896241, 50.09422014173577549594
2022/08/18 19:32:59, 0.01996503409384456902, 50.08756785986709469708
2022/08/18 19:45:25, 0.01997013267968227403, 50.07477997466715169211
2022/08/18 20:00:08, 0.01996632495949842086, 50.0843295913741982421
2022/08/18 21:37:28, 0.01997447051307767896, 50.06390529077005164678
2022/08/18 21:39:36, 0.01997225565025223345, 50.06945722664884915181
2022/08/18 21:42:48, 0.019979056640354842, 50.05241328462640072575
2022/08/18 22:00:12, 0.01997905664033813298, 50.05241328466826091892
2022/08/18 22:16:52, 0.01999331694728553907, 50.01671321655151441313
2022/08/18 22:25:00, 0.01999331694728582955, 50.01671321655078774661
2022/08/18 22:32:15, 0.01998941681608297581, 50.02647196767768940328
2022/08/18 23:12:01, 0.01999349104670638828, 50.01627768076722140332
2022/08/18 23:13:46, 0.01999349104670655058, 50.01627768076681540528
2022/08/18 23:46:42, 0.01999349104671100132, 50.01627768075568130534
2022/08/18 23:52:59, 0.01997556315208798616, 50.06116685603794737583
2022/08/18 23:57:41, 0.01997352580207220168, 50.06627322133844714729
2022/08/19 00:10:31, 0.0199731354120065848, 50.06725180458463700068
2022/08/19 00:11:42, 0.01997823670645103511, 50.05446750348577423712
2022/08/19 00:24:41, 0.01997823670646155865, 50.05446750345940804365
2022/08/19 00:29:01, 0.02000207471368081831, 49.99481375379675171749
2022/08/19 00:29:37, 0.01998991149770404345, 50.02523398439536681247
2022/08/19 00:29:37, 0.01997370890399632549, 50.06581425645593094028
2022/08/19 01:15:50, 0.01997455778420896388, 50.06368655583241411554
2022/08/19 01:30:11, 0.0199759160300255973, 50.06028251705254049142
2022/08/19 01:39:38, 0.01997591603002579547, 50.06028251705204388114
2022/08/19 01:51:36, 0.01977397211595353811, 50.57152878218156221032
2022/08/19 01:52:15, 0.0198415963141469136, 50.39917072030173732499
2022/08/19 01:52:58, 0.01982465769582562997, 50.44223286692937681066
2022/08/19 02:07:02, 0.01980397716698820691, 50.4949077434267823052
2022/08/19 02:37:31, 0.01980246334093331934, 50.49876789484658747853
2022/08/19 03:01:07, 0.01980103495785375824, 50.50241071380798080916
2022/08/19 03:04:27, 0.0198010349578610139, 50.50241071378947530618
2022/08/19 03:08:28, 0.01979496631119033303, 50.51789350278853203863
2022/08/19 03:15:48, 0.01979631853115323617, 50.51444279532639533042
2022/08/19 03:30:17, 0.0197976707972311906, 50.51099244158839688119
2022/08/19 03:40:00, 0.01993310285542658957, 50.16780414233200614453
2022/08/19 03:44:24, 0.01993902800797263827, 50.15289609905503422749
2022/08/19 03:49:47, 0.01994592527875627865, 50.13555330346422807151
2022/08/19 03:57:07, 0.01994592527875642087, 50.13555330346387057704
2022/08/19 04:52:29, 0.01994141688918615608, 50.14688803493600398691
2022/08/19 05:22:49, 0.01994141688919973961, 50.14688803490184532983
2022/08/19 05:24:39, 0.01956776191929361292, 51.10446478879172370401
2022/08/19 05:41:35, 0.0196009753287087064, 51.01786942894331209292
2022/08/19 06:04:13, 0.01963360653934326389, 50.93307732311567404341
2022/08/19 06:11:40, 0.01963414828685298816, 50.93167197222398968974
2022/08/19 06:50:20, 0.01963255400135795302, 50.93580794077182041363
2022/08/19 07:07:15, 0.01961897251625585008, 50.97106890645888540751
2022/08/19 07:49:17, 0.01958456627997791335, 51.06061506311426765258
2022/08/19 07:51:22, 0.01959121073290859731, 51.04329761101679507376
2022/08/19 08:12:47, 0.01958670953310448788, 51.05502781413332599881
2022/08/19 08:30:46, 0.01958670953310453673, 51.05502781413319866325
2022/08/19 08:32:09, 0.0196638801181108688, 50.85466316889197607848
2022/08/19 08:34:21, 0.01966388011811088069, 50.85466316889194533155
2022/08/19 08:41:53, 0.01965965195173764211, 50.86560039083569792774
2022/08/19 08:42:47, 0.01966065743965188017, 50.86299901564768926874
2022/08/19 08:50:19, 0.01966065743963528446, 50.86299901569062312638
2022/08/19 09:00:40, 0.01965303375187499143, 50.88272948722714721673
2022/08/19 09:40:59, 0.01965638482741995327, 50.87405485697633438302
2022/08/19 10:27:42, 0.01965638482742005702, 50.87405485697606585202
2022/08/19 10:55:04, 0.01964716597846422522, 50.89792599584725202601
2022/08/19 10:59:15, 0.01978138303711257162, 50.55258260374735463611
2022/08/19 11:26:31, 0.01978124849871403791, 50.5529264275209498006
2022/08/19 11:34:59, 0.01978830384613073106, 50.53490222182600697044
2022/08/19 11:45:21, 0.01983859148301806944, 50.40680437701461072407
2022/08/19 11:59:54, 0.01967325433527672117, 50.83043115072573697797
2022/08/19 12:10:57, 0.01966339996548808618, 50.85590496837447285115
2022/08/19 12:11:58, 0.01968277536022791288, 50.80584326642544650569
2022/08/19 12:19:53, 0.01967006865459507108, 50.8386634312225813192
2022/08/19 12:32:09, 0.01967035712678615285, 50.83791786567249263004
2022/08/19 12:58:21, 0.01961540732806865156, 50.98033312665655394534
2022/08/19 13:01:32, 0.01962685035650198054, 50.95061009973615684475
2022/08/19 13:10:26, 0.01960761535474285999, 51.00059246919648139432
2022/08/19 13:17:31, 0.01959448377673130324, 51.03477138742040346483
2022/08/19 13:24:06, 0.01954000921207175721, 51.17704854418405776185
2022/08/19 13:30:27, 0.01954333859778396747, 51.16833006789283608819
2022/08/19 13:32:50, 0.01949431661404187899, 51.29700208519716481453
2022/08/19 13:44:28, 0.01942941436154626741, 51.46835521605583584342
2022/08/19 14:04:01, 0.01943339831845059331, 51.4578039112476270996
2022/08/19 14:05:56, 0.01943339831845076363, 51.45780391124717609934
2022/08/19 14:16:29, 0.0194408790864740997, 51.43800316600627913263
2022/08/19 14:27:40, 0.01943946856266767715, 51.44173549684580768081
2022/08/19 14:28:40, 0.01907506264132582559, 52.42446742132922817064
2022/08/19 14:29:38, 0.019336068914461941, 51.71682022978695514984
2022/08/19 14:31:40, 0.01986656658028194356, 50.33582405691200912198
2022/08/19 14:33:57, 0.01972227185637912427, 50.70409774706316400836
2022/08/19 14:45:33, 0.01967321098945176704, 50.83054314499917734134
2022/08/19 15:03:44, 0.01967627495904940935, 50.82262786432984036143
2022/08/19 15:06:22, 0.01958643380908952732, 51.05574653084255679856
2022/08/19 15:11:05, 0.01958529025359481713, 51.05872759871165102235
2022/08/19 15:18:25, 0.01958444102912939632, 51.06094161751288153275
2022/08/19 15:20:55, 0.01958444102914156045, 51.06094161748116698173
2022/08/19 15:23:42, 0.01958631743385072425, 51.05604988672938251111
2022/08/19 16:25:16, 0.01958631743383445471, 51.05604988677179267322
2022/08/19 17:26:13, 0.0195746546716272962, 51.08646955848785773055
2022/08/19 17:46:39, 0.01956938496009487289, 51.10022629935284250084
2022/08/19 18:04:50, 0.01958419725612620349, 51.06157719521469728709
2022/08/19 19:10:13, 0.01958485669370299143, 51.05985791162436040822
2022/08/19 19:21:16, 0.01958343372329169925, 51.06356802028250700615
2022/08/19 19:26:11, 0.01958718692254384534, 51.05378347357534029332
2022/08/19 19:58:25, 0.0195871869225457427, 51.05378347357039483123
2022/08/19 20:05:05, 0.01959107247236335567, 51.04365784010423200923
2022/08/19 20:16:15, 0.01959107247236359985, 51.04365784010359582935
2022/08/19 20:41:11, 0.01959107247236364086, 51.04365784010348897811
2022/08/19 20:50:46, 0.01959173163345274834, 51.04194048332648708014
2022/08/19 20:56:24, 0.01958601301656695961, 51.05684342975486319043
2022/08/19 21:06:25, 0.01958619476151242939, 51.0563696611980818588
2022/08/19 21:51:15, 0.01958667712940123409, 51.05511227828005049483
2022/08/19 21:56:21, 0.01960235382818963517, 51.01428169110619820238
2022/08/19 22:21:24, 0.01960400400700946687, 51.00998753328387316062
2022/08/19 22:36:52, 0.01963697192684934285, 50.92434840387558481221
2022/08/19 22:48:54, 0.01962048863615014124, 50.96713025574353142623
2022/08/19 22:57:23, 0.0196230464110839836, 50.96048692190600939994
2022/08/19 23:10:26, 0.0196217429671429651, 50.96387215317832499384
2022/08/19 23:24:59, 0.01958300604933950357, 51.06468319932567455584
2022/08/19 23:30:03, 0.0195806916824573227, 51.07071886004502794346
2022/08/19 23:31:45, 0.01958489494484026198, 51.0597581869314533055
2022/08/19 23:42:19, 0.01958489494484937828, 51.05975818690768619688
2022/08/19 23:43:58, 0.01956270227799763794, 51.11768230121815805732
2022/08/20 00:07:57, 0.0195627022779977815, 51.11768230121778293914
2022/08/20 00:31:18, 0.01955303505568870055, 51.14295541085643589585
2022/08/20 00:34:12, 0.01954820600631278824, 51.15558940176226895824
2022/08/20 00:35:16, 0.01954337999351938582, 51.16822168589064444505
2022/08/20 00:41:40, 0.01954370899153676318, 51.16736032208837574215
2022/08/20 00:43:57, 0.01950069998916791663, 51.28021048246839934703
2022/08/20 01:28:29, 0.01949668644730630027, 51.29076690558163666434
2022/08/20 01:31:37, 0.01949685073215687928, 51.29033471804053451844
2022/08/20 01:36:32, 0.01950178669196907306, 51.27735298283232044917
2022/08/20 02:21:45, 0.01950342957852510588, 51.27303359513154381194
2022/08/20 02:26:05, 0.01950342957852542011, 51.27303359513071772896
2022/08/20 02:32:41, 0.0195086870590215256, 51.25921580343171644588
2022/08/20 03:24:45, 0.01950741073917249862, 51.26256956244413640525
2022/08/20 03:46:19, 0.0195060967965785926, 51.26602264043937017847
2022/08/20 04:39:31, 0.01950460527208047979, 51.26994297246467269201
2022/08/20 04:43:30, 0.01950542673116586473, 51.26778377025687862404
2022/08/20 04:54:50, 0.019505426731166061, 51.26778377025636274766
2022/08/20 05:01:25, 0.01950542673116626628, 51.26778377025582319048
2022/08/20 05:04:13, 0.01950789115581596905, 51.2613071301592650361
2022/08/20 05:28:12, 0.01950949865197566314, 51.25708342580772928237
2022/08/20 05:45:46, 0.01957527676657080001, 51.08484604967248968277
2022/08/20 05:48:17, 0.01958099462453629718, 51.06992873318769269463
2022/08/20 06:14:35, 0.01958746196906122435, 51.05306657797316328688
2022/08/20 06:16:03, 0.01962043831126908458, 50.96726098242390565071
2022/08/20 06:24:29, 0.01963692648237301469, 50.92446625482072352656
2022/08/20 07:24:58, 0.01970778307277396308, 50.7413744258980876228
2022/08/20 07:26:14, 0.01970778307277420119, 50.74137442589747455886
2022/08/20 07:56:16, 0.01970649295217468039, 50.74469630019310482992
2022/08/20 07:59:46, 0.01967277628123238562, 50.83166634462209140892
2022/08/20 08:51:06, 0.01966592398608531458, 50.84937787350104155273
2022/08/20 09:50:36, 0.01965901510462126424, 50.86724816468191251584
2022/08/20 10:13:25, 0.019665592650071734, 50.85023460995732104207
2022/08/20 10:23:59, 0.01962465614229682966, 50.95630683916594949249
2022/08/20 10:40:12, 0.01962142081763587749, 50.96470889107034682605
2022/08/20 11:09:42, 0.01962306352475523061, 50.9604424782329473981
2022/08/20 11:16:15, 0.01963620765627277707, 50.9263304556952208645
2022/08/20 11:17:39, 0.01964056891840864247, 50.9150220726408572822
2022/08/20 11:18:23, 0.01964056891840878827, 50.91502207264047931969
2022/08/20 11:34:02, 0.01963984802360404597, 50.91689094529424899423
2022/08/20 12:41:59, 0.01962669159681890431, 50.95102223759811241831
2022/08/20 13:11:06, 0.01962702002421274875, 50.95016965216096704169
2022/08/20 13:27:05, 0.01970925056100867458, 50.73759638422407249921
2022/08/20 13:48:56, 0.01970616481342214542, 50.74554127949269791288
2022/08/20 14:18:34, 0.01970616481342233598, 50.74554127949220721487
2022/08/20 14:28:51, 0.01974066049065527758, 50.65686634311827380279
2022/08/20 14:39:46, 0.0197406604906554289, 50.65686634311788551617
2022/08/20 15:50:03, 0.01970182248087985872, 50.75672572780897639995
2022/08/20 15:59:00, 0.01971494718324730489, 50.7229357859880993461
2022/08/20 16:04:39, 0.01971008867073510344, 50.73543892700834838726
2022/08/20 16:33:08, 0.01970944201609367849, 50.73710352548049651024
2022/08/20 16:41:43, 0.01970944201610268594, 50.73710352545730907259
2022/08/20 16:45:36, 0.01970193976446140786, 50.75642357834287138849
2022/08/20 17:07:27, 0.01970193976446247272, 50.75642357834012808185
2022/08/20 17:09:13, 0.01973612802298542098, 50.66849986154139254161
2022/08/20 17:09:59, 0.01822952628392426927, 54.85606068007654485119
2022/08/20 17:10:30, 0.01823608812093994335, 54.83632198792297586666
2022/08/20 17:10:30, 0.01870207251457048068, 53.47000976607893352606
2022/08/20 17:12:55, 0.01886858188373050598, 52.99815355293092494821
2022/08/20 17:27:19, 0.02039115586534349717, 49.0408688258611670487
2022/08/20 17:31:20, 0.02004424359606144107, 49.88963515672366245843
2022/08/20 17:32:04, 0.01978171820819236984, 50.5517260672463509143
2022/08/20 17:39:30, 0.01961832217699394418, 50.97275857630078729913
2022/08/20 17:40:18, 0.01961832217699998438, 50.9727585762850935157
2022/08/20 17:41:02, 0.01961832217700027025, 50.97275857628435074572
2022/08/20 17:41:56, 0.019615433068255593, 50.98026622814350808034
2022/08/20 17:45:36, 0.01961543306825566456, 50.98026622814332210422
2022/08/20 17:48:56, 0.01971801460763743977, 50.71504509448263101129
2022/08/20 17:53:36, 0.0197129207773865801, 50.72814989177742519552
2022/08/20 18:40:10, 0.01971946537263404426, 50.7113139785099637562
2022/08/20 19:02:59, 0.01971199451090005161, 50.73053360719203557009
2022/08/20 19:04:56, 0.01971281250624892266, 50.7284285123191819225
2022/08/20 19:16:08, 0.01971445097156600722, 50.72421247958119105878
2022/08/20 19:20:56, 0.01967710458814916878, 50.82048507290371323093
2022/08/20 20:19:57, 0.01967577805057893614, 50.82391138126180482633
2022/08/20 20:38:52, 0.01967577805057912075, 50.82391138126132798674
2022/08/20 21:16:48, 0.01969866836060083329, 50.7648528161473543575
2022/08/20 22:01:46, 0.01969932238757731858, 50.7631673986215209365
2022/08/20 22:12:26, 0.01969932238757690311, 50.76316739862259156711
2022/08/20 23:01:32, 0.01970058219175088765, 50.75992121789803211915
2022/08/20 23:32:52, 0.0197038520082130505, 50.75149770629496131881
2022/08/20 23:33:28, 0.01970222974653281164, 50.75567653331113403689
2022/08/20 23:36:41, 0.01956914028446411473, 51.10086521245377239665
2022/08/20 23:45:22, 0.0195691402844758112, 51.10086521242322941465
2022/08/20 23:47:52, 0.01953725118348535449, 51.1842730898239218829
2022/08/20 23:48:32, 0.01952761446020087206, 51.20953212375708875373
2022/08/20 23:52:41, 0.0193912215557771606, 51.56972690573345573697
2022/08/21 00:16:54, 0.01938726657405057706, 51.58024707508162324194
2022/08/21 00:42:15, 0.01961284636435258373, 50.98698992602901608748
2022/08/21 00:43:50, 0.01961176366868721392, 50.9898047362580066207
2022/08/21 01:55:23, 0.01961304628700863063, 50.98647019776749658925
2022/08/21 02:47:31, 0.01961630658198358922, 50.97799607793857169069
2022/08/21 02:49:54, 0.01961630658198371153, 50.97799607793825383668
2022/08/21 04:18:35, 0.01961695861930105207, 50.97630164831482835358
2022/08/21 04:31:07, 0.0196169586192994767, 50.97630164831892209282
2022/08/21 04:33:43, 0.01962021870222903584, 50.96783145879973687506
2022/08/21 04:43:02, 0.01962021870223284254, 50.96783145878984812227
2022/08/21 06:32:06, 0.01961838514594109042, 50.97259496951476426973
2022/08/21 06:58:40, 0.01961896349495907628, 50.97109234424853222096
2022/08/21 07:22:55, 0.01963529541416157336, 50.92869645744008153848
2022/08/21 07:25:38, 0.019638512946249417, 50.92035240840274558405
2022/08/21 07:35:39, 0.01963851294624965095, 50.92035240840213898322
2022/08/21 08:03:35, 0.01964014570254573452, 50.91611921546901138863
2022/08/21 08:16:19, 0.01976525274688920768, 50.5938382274108244526
2022/08/21 08:20:42, 0.01973177616598296331, 50.67967483454289118604
2022/08/21 08:49:42, 0.01961603405413295323, 50.97870432118807416645
2022/08/21 08:55:58, 0.01962419375505363314, 50.95750747683478468651
2022/08/21 08:57:52, 0.019624193755053867, 50.95750747683417743259
2022/08/21 09:31:01, 0.01962582797689654416, 50.95326429933027495422
2022/08/21 10:23:00, 0.01963888431172236807, 50.91938951965332237197
2022/08/21 10:28:08, 0.01962798953680341684, 50.94765299955720322717
2022/08/21 10:28:51, 0.01962798953679536339, 50.94765299957810726779
2022/08/21 10:43:25, 0.02002327044787621915, 49.94189149086110619827
2022/08/21 11:19:37, 0.0200174911049489391, 49.95631044655587543293
2022/08/21 12:44:00, 0.01982108753504947097, 50.45131848753041312324
2022/08/21 13:33:54, 0.01986044990092637333, 50.35132663099217475051
2022/08/21 13:48:59, 0.01986044990092641625, 50.35132663099206593113
2022/08/21 13:55:49, 0.0198604499009264263, 50.35132663099204045276
2022/08/21 14:21:27, 0.0198604499009346148, 50.35132663097128050478
2022/08/21 14:35:18, 0.01986917353144173486, 50.3292197039580946073
2022/08/21 14:52:32, 0.01986606043784881017, 50.33710650022993041631
2022/08/21 15:41:13, 0.01986606043786355554, 50.33710650019256824295
2022/08/21 16:18:27, 0.0198660604378638632, 50.33710650019178868411
2022/08/21 16:20:37, 0.01983333778064245042, 50.42015676130977229489
2022/08/21 16:26:59, 0.01983333778064250586, 50.42015676130963136323
2022/08/21 16:33:04, 0.01983272197399016209, 50.42172230879154281101
2022/08/21 17:12:44, 0.01976772704421967058, 50.58750547106590315008
2022/08/21 17:18:25, 0.01974181856616172413, 50.65389475891752265705
2022/08/21 17:38:34, 0.01975657090039491636, 50.61607123228104757714
2022/08/21 17:41:21, 0.01975837700833375134, 50.61144443079595086953
2022/08/21 17:58:46, 0.01977477494350729615, 50.56947565050962207359
2022/08/21 18:03:28, 0.01977477494350731569, 50.56947565050957208985
2022/08/21 18:09:55, 0.01978166173132874126, 50.55187039298490947095
2022/08/21 18:27:45, 0.01977920552071561304, 50.55814799804051633026
2022/08/21 18:38:36, 0.01977746739079577192, 50.562591268151432902
2022/08/21 18:58:38, 0.01977746739079601684, 50.56259126815080673123
2022/08/21 19:26:26, 0.01977679552891878781, 50.56430899220965689915
2022/08/21 19:28:07, 0.01977614720969193272, 50.56596663630811029002
2022/08/21 19:32:13, 0.01977639344465889962, 50.5653370417786940209
2022/08/21 19:40:30, 0.01978321270545012547, 50.54790720237808308622
2022/08/21 19:43:09, 0.01988169814655855719, 50.29751445920106272528
2022/08/21 19:47:01, 0.01988169814655857319, 50.29751445920102225221
2022/08/21 19:50:56, 0.01987984760081040095, 50.30219647957638530069
2022/08/21 19:52:27, 0.01988093870718299568, 50.2994357926720718722
2022/08/21 20:04:29, 0.01987681125897559053, 50.3098805422544379464
2022/08/21 20:05:20, 0.0198764593806737356, 50.3107711915895476847
2022/08/21 20:08:14, 0.01986926564672385487, 50.32898637423396992324
2022/08/21 20:18:08, 0.01986993910737854679, 50.32728055158748853345
2022/08/21 21:42:31, 0.01987321645099589535, 50.31898094935143529419
2022/08/21 21:44:47, 0.01987321645099594084, 50.3189809493513201202
2022/08/21 21:55:09, 0.0198830492924253869, 50.29409650867577552527
2022/08/21 21:57:51, 0.01986751958332043179, 50.33340955352773569141
2022/08/21 22:31:31, 0.01986497764850364993, 50.33985024772107098852
2022/08/21 22:37:18, 0.01986497764851116395, 50.33985024770202968894
2022/08/21 22:46:39, 0.01986497764851127966, 50.33985024770173647487
2022/08/21 22:49:03, 0.01986497764852426543, 50.33985024766882922036
2022/08/21 23:26:00, 0.01987151492920706053, 50.32328957115416677124
2022/08/21 23:34:47, 0.01987151492920715912, 50.32328957115391710393
2022/08/21 23:48:59, 0.01988053643681889271, 50.30045357065883779276
2022/08/21 23:49:55, 0.01988102931403811869, 50.29920655536148564098
2022/08/21 23:55:29, 0.01987679341204817757, 50.30992571436885194556
2022/08/22 00:09:12, 0.01990953198380634314, 50.22719774695668414038
2022/08/22 00:11:42, 0.01993251903075318192, 50.16927356031293403455
2022/08/22 00:15:24, 0.01993055494079068621, 50.17421757551563377781
2022/08/22 00:17:29, 0.01993055494078448571, 50.17421757553124325933
2022/08/22 00:25:43, 0.01993055494079139247, 50.17421757551385582452
2022/08/22 00:31:27, 0.01992859150581851088, 50.17916091601516374838
2022/08/22 00:37:16, 0.01992503886283805167, 50.18810788194184513451
2022/08/22 00:39:58, 0.0199250388628382658, 50.18810788194130577425
2022/08/22 00:58:41, 0.01992395940239638448, 50.19082702405644739101
2022/08/22 01:50:32, 0.01993052682946611364, 50.17428834452879176855
2022/08/22 01:52:03, 0.01992922340608660646, 50.17756987432781145176
2022/08/22 01:53:55, 0.01993250741709249811, 50.16930279140301669885
2022/08/22 02:01:18, 0.0199357916982454934, 50.16103775241631723035
2022/08/22 02:19:58, 0.01993579169825473669, 50.16103775239305989294
2022/08/22 02:23:29, 0.01992925171567197966, 50.17749859688004555562
2022/08/22 02:24:05, 0.01992925171565807537, 50.17749859691505352691
2022/08/22 03:42:09, 0.01992925171567037568, 50.1774985968840840376
2022/08/22 03:50:23, 0.01992925171567066318, 50.17749859688336015274
2022/08/22 04:06:38, 0.0199273472856472021, 50.18229399355409056676
2022/08/22 04:12:55, 0.01992866371199563505, 50.17897910526089510831
2022/08/22 04:13:52, 0.01982939775528385854, 50.43017505327584085046
2022/08/22 04:37:26, 0.01986224035184360668, 50.34678778857795494942
2022/08/22 04:44:08, 0.01988807117069479703, 50.28139689451164785673
2022/08/22 04:46:55, 0.01984135237179457927, 50.39979036013428659023
2022/08/22 04:49:36, 0.01984787733842678993, 50.38322148756605483962
2022/08/22 04:55:56, 0.019847877338410589, 50.38322148760718038376
2022/08/22 05:19:35, 0.01984529744629243312, 50.38977131515977590409
2022/08/22 05:32:29, 0.01985840869963752343, 50.35650213092114737566
2022/08/22 05:35:00, 0.01985840869963781669, 50.35650213092040373806
2022/08/22 05:59:12, 0.01986004729643145195, 50.35234735718301995726
2022/08/22 06:56:20, 0.01986331181339703649, 50.34407199536275871545
2022/08/22 07:07:12, 0.01985823009039338144, 50.35695504826283884043
2022/08/22 07:19:29, 0.01985367544170773251, 50.36850748044585050582
2022/08/22 07:29:37, 0.01982173541655228751, 50.44966946561816005607
2022/08/22 07:41:17, 0.01985432218812255848, 50.36686674694085071049
2022/08/22 10:08:19, 0.01984790520650018025, 50.38315074542478359096
2022/08/22 10:18:56, 0.0198643110583124875, 50.34153951095810001041
2022/08/22 10:24:23, 0.01986457216589090151, 50.34087780239646735517
2022/08/22 11:03:43, 0.01989574348889112766, 50.26200707494817775042
2022/08/22 11:19:22, 0.01989466323899768658, 50.26473622533059873742
2022/08/22 11:54:01, 0.01989827235411247303, 50.25561929216056393718
2022/08/22 12:19:40, 0.01998029769763034679, 50.04930432636143827484
2022/08/22 12:27:49, 0.01997884763069922429, 50.05293691030576074531
2022/08/22 12:40:12, 0.01988103301835468465, 50.29919718340460967645
2022/08/22 13:12:28, 0.01988103301835469856, 50.29919718340457449302
2022/08/22 13:16:07, 0.01988072281358502135, 50.29998201658310282449
2022/08/22 13:18:22, 0.01987423082756424232, 50.31641267912950915334
2022/08/22 13:28:36, 0.01987423082756441044, 50.31641267912908353168
2022/08/22 13:33:47, 0.01987143378329906216, 50.32349506860695493423
2022/08/22 13:36:25, 0.01987143378330864638, 50.3234950685826833204
2022/08/22 13:39:39, 0.01946031209180005229, 51.38663734079412524134
2022/08/22 13:40:05, 0.01946716971527283987, 51.36853557173524725308
2022/08/22 13:40:05, 0.01966194522971793701, 50.85966766342913010313
2022/08/22 13:56:34, 0.01966190064794123656, 50.85978298363074384695
2022/08/22 14:11:32, 0.01970079394480381458, 50.75937562728303789073
2022/08/22 14:28:16, 0.01970079394481816776, 50.75937562724605671558
2022/08/22 14:33:44, 0.01897926697999710783, 52.6890738748727157644
2022/08/22 14:34:44, 0.01934202658155657681, 51.70089058576423447075
2022/08/22 15:06:54, 0.01934202658155667153, 51.70089058576398128307
2022/08/22 15:39:23, 0.01934805391694524574, 51.68478464514659136667
2022/08/22 15:56:29, 0.01934645134539512527, 51.68906597633067594295
2022/08/22 15:58:34, 0.01934473771158476718, 51.69364479938857792847
2022/08/22 16:29:01, 0.0193402523652566227, 51.70563346921099810925
2022/08/22 16:30:48, 0.01934025236525690539, 51.70563346921024233954
2022/08/22 16:36:13, 0.01975488875041971551, 50.62038124506035707822
2022/08/22 16:37:35, 0.0197216823476026277, 50.7056133637382225201
2022/08/22 16:44:30, 0.01972168234760289392, 50.70561336373753804704
2022/08/22 16:58:22, 0.01972201326333597523, 50.70476257406441718679
2022/08/22 17:14:43, 0.0197220132633452371, 50.70476257404060516933
2022/08/22 17:16:31, 0.01971428929532418407, 50.7246284671889757659
2022/08/22 17:23:23, 0.01971760318019325061, 50.71610331444955483392
2022/08/22 17:28:11, 0.01971250716846530042, 50.72921427263856786748
2022/08/22 17:44:23, 0.01968902525512836513, 50.7897159479508408662
2022/08/22 17:58:42, 0.01970626150271844575, 50.74529229514444817172
2022/08/22 18:06:30, 0.01970814625943099124, 50.74043935113721620478
2022/08/22 18:08:58, 0.01963573345878622137, 50.92756031237219616121
2022/08/22 18:25:43, 0.01960010288995212604, 51.020140333683857322
2022/08/22 18:29:26, 0.01958875103985364482, 51.04970694484212450261
2022/08/22 19:07:48, 0.01957584207771158839, 51.08337082155802611225
2022/08/22 19:40:21, 0.0195739777883855404, 51.08823616798841240608
2022/08/22 19:44:33, 0.01973909342894460282, 50.66088792779311336219
2022/08/22 19:45:35, 0.01981109438498794446, 50.47676723794522090109
2022/08/22 19:53:07, 0.01980496711592672633, 50.49238376143637331312
2022/08/22 19:54:20, 0.01980249469661469867, 50.49868793404869717301
2022/08/22 19:55:59, 0.01981077839093278045, 50.47757237331427781005
2022/08/22 19:59:03, 0.01981180556902822259, 50.47495527430872225641
2022/08/22 20:05:59, 0.01981387649260774303, 50.46967969004373482794
2022/08/22 20:06:33, 0.01980827169533340024, 50.48396020514946978976
2022/08/22 20:21:02, 0.01996737577095072528, 50.0816938325384191286
2022/08/22 20:38:09, 0.0199662767184665175, 50.08445060140404728981
2022/08/22 20:58:44, 0.01996694184763850456, 50.08278221225301269815
2022/08/22 21:31:02, 0.0199583401066328631, 50.10436712959233478956
2022/08/22 22:15:30, 0.01985963971303284105, 50.35338074858187845892
2022/08/22 22:51:35, 0.01986295214302637926, 50.344983605626156714
2022/08/22 22:58:29, 0.01986461091502901467, 50.34077960436807170293
2022/08/22 23:02:40, 0.01983207972137728941, 50.42335519265210209499
2022/08/22 23:18:36, 0.01983471353252378543, 50.4166595781814232823
2022/08/23 00:15:21, 0.01980847787549884779, 50.48343473361485883177
2022/08/23 00:19:08, 0.01982172925815171213, 50.44968513979418266783
2022/08/23 00:30:26, 0.01982172925815177564, 50.4496851397940210244
2022/08/23 00:30:57, 0.01982172925815193473, 50.4496851397936161305
2022/08/23 00:36:59, 0.01982835451543579758, 50.43282836311651931506
2022/08/23 00:48:12, 0.01983361818594184511, 50.41944392722072023084
2022/08/23 00:59:17, 0.0198336181859420807, 50.41944392722012133424
2022/08/23 01:08:13, 0.01981889109727259605, 50.45690977824770301065
2022/08/23 01:16:45, 0.01981955225216549363, 50.45522660032541997425
2022/08/23 01:25:01, 0.01981955225216549394, 50.45522660032541918348
2022/08/23 01:55:04, 0.01982086662887218402, 50.45188077414052189382
2022/08/23 02:03:10, 0.019819605264684864, 50.45509164513121880792
2022/08/23 02:17:41, 0.01981960526468488635, 50.45509164513116190218
2022/08/23 02:59:34, 0.0198190749257023316, 50.45644177383636619876
2022/08/23 03:14:01, 0.01981965417731520238, 50.45496712775951046969
2022/08/23 03:20:36, 0.01982031121303933138, 50.45329456492705184264
2022/08/23 03:28:41, 0.01981531499375235086, 50.46601582237244072394
2022/08/23 03:30:47, 0.01981589410893433524, 50.46454096407049698175
2022/08/23 03:39:10, 0.01981404585857240184, 50.46924828668231445343
2022/08/23 03:41:32, 0.01981404585857262099, 50.46924828668175624645
2022/08/23 04:13:21, 0.01980488369476323218, 50.49259644298835262138
2022/08/23 04:52:56, 0.01983793038500431347, 50.40848418118806522956
2022/08/23 05:00:23, 0.01983660130477383758, 50.41186162063669446875
2022/08/23 05:28:15, 0.01975814331429878878, 50.61204304942504827842
2022/08/23 06:41:08, 0.01975736913109943793, 50.61402625848257458107
2022/08/23 06:50:10, 0.01944180707506902336, 51.43554794771821618774
2022/08/23 07:13:32, 0.01945162625093659648, 51.40958329650457709501
2022/08/23 07:56:05, 0.01941835230081353998, 51.4976752151161961404
2022/08/23 10:21:49, 0.01943747701314567793, 51.4470061790269501606
2022/08/23 10:38:29, 0.01960143497074519825, 51.0166730901325671841
2022/08/23 10:48:46, 0.01961953525599567806, 50.96960692248827076288
2022/08/23 10:50:32, 0.01961953525600730502, 50.96960692245806507667
2022/08/23 10:52:30, 0.01959550585094902144, 51.03210948502099700572
2022/08/23 10:56:19, 0.01959550585094902161, 51.03210948502099654098
2022/08/23 11:18:06, 0.01959540594880160528, 51.03236965913211522935
2022/08/23 11:26:38, 0.01959573502393755134, 51.03151266224158192893
2022/08/23 11:36:12, 0.01959573502393659665, 51.03151266224406815973
2022/08/23 11:36:41, 0.01975800913286559566, 50.61238676808756815624
2022/08/23 12:06:43, 0.01975302274040928364, 50.62516320371936903169
2022/08/23 12:26:59, 0.01975434283036980474, 50.62178016180960578232
2022/08/23 12:55:09, 0.01975218619516147892, 50.62730728231800960639
2022/08/23 14:37:14, 0.0197494264113005741, 50.63438193971053330255
2022/08/23 14:38:59, 0.01975079583393724043, 50.63087120174306853147
2022/08/23 15:27:52, 0.01975079583393907824, 50.63087120173835734318
2022/08/23 15:35:51, 0.0197432396118348789, 50.65024887813043804688
2022/08/23 16:16:10, 0.01974017760884688872, 50.65810550518215084411
2022/08/23 16:24:03, 0.01973844511112291723, 50.66255190670944127647
2022/08/23 16:55:01, 0.01974587249979760647, 50.64349524237280047203
2022/08/23 16:56:19, 0.01974607087963829618, 50.64298645008802690953
2022/08/23 16:57:29, 0.01974607087963837396, 50.64298645008782743127
2022/08/23 17:00:01, 0.01974697711298451273, 50.64066232914483278025
2022/08/23 17:14:09, 0.01974371852346517567, 50.64902028518649318697
2022/08/23 17:31:06, 0.01973605579617261925, 50.66868528989102019833
2022/08/23 17:54:50, 0.01973510220718244378, 50.67113357214118870103
2022/08/23 17:58:25, 0.01973510220719275958, 50.67113357211470222822
2022/08/23 18:00:03, 0.01932234270113182887, 51.75355884467486583938
2022/08/23 18:05:43, 0.01932234270114726937, 51.75355884463350954351
2022/08/23 18:09:09, 0.0194877457573559746, 51.31429835195450067172
2022/08/23 18:10:18, 0.01948653894953331769, 51.31747626347720194916
2022/08/23 18:31:11, 0.01948253195165317655, 51.32803079607656965137
2022/08/23 18:32:19, 0.01948253195165979298, 51.32803079605913822593
2022/08/23 18:42:38, 0.01948253195167140277, 51.32803079602855147908
2022/08/23 19:33:08, 0.0194825319516848571, 51.32803079599310514541
2022/08/23 19:35:28, 0.01946263239171088067, 51.38051111862438442658
2022/08/23 19:38:23, 0.01946116394042651117, 51.38438805927267599258
2022/08/23 20:10:16, 0.01946116394043617787, 51.38438805924715245558
2022/08/23 20:13:05, 0.01946116394045088119, 51.38438805920833046765
2022/08/23 20:24:39, 0.01945765493707413755, 51.3936547458565818562
2022/08/23 20:25:53, 0.0194572507831859369, 51.39472226282626234022
2022/08/23 20:43:54, 0.0194585767534863101, 51.39122006036922873105
2022/08/23 20:59:00, 0.01933020576180121741, 51.73250674734765513643
2022/08/23 21:00:04, 0.01933219114759538407, 51.72719389981740556755
2022/08/23 21:58:35, 0.01932452303212269058, 51.74771963777444928956
2022/08/23 22:06:18, 0.01932378298586644446, 51.74970142913565524658
2022/08/23 22:42:30, 0.01932442324370455264, 51.74798685522356934467
2022/08/23 22:44:18, 0.01932442324370467691, 51.7479868552232365576
2022/08/23 23:04:24, 0.01932442324371918726, 51.7479868551843799603
2022/08/23 23:09:00, 0.01930857573819955132, 51.79045899390847889199
2022/08/23 23:22:23, 0.01929555169574971077, 51.82541633262929761831
2022/08/23 23:32:32, 0.01929477702554970688, 51.82749708254325205282
2022/08/23 23:38:52, 0.01927879856304700945, 51.87045223434038732427
2022/08/23 23:48:32, 0.01927439306592679278, 51.88230812661990564785
2022/08/24 00:26:55, 0.01927758249516920687, 51.87372432464450515067
2022/08/24 00:39:15, 0.0192792322474730755, 51.86928541363828263108
2022/08/24 01:01:30, 0.01927806412006225741, 51.87242836065276854851
2022/08/24 01:08:23, 0.01929192440489796739, 51.83516060979966694505
2022/08/24 02:10:01, 0.01929192440489816104, 51.83516060979914661156
2022/08/24 02:21:23, 0.01930762602312960079, 51.79300649401684268719
2022/08/24 02:50:50, 0.01930762602312971697, 51.79300649401653102981
2022/08/24 03:11:56, 0.01930779098847813412, 51.79256397568976045988
2022/08/24 03:14:24, 0.01930770955068180265, 51.79278243103090101824
2022/08/24 03:15:17, 0.01930637388896460177, 51.79636558119251597428
2022/08/24 03:41:12, 0.01927277069398011446, 51.8866755526932019159
2022/08/24 03:45:39, 0.01951175259257874907, 51.2511623574167159324
2022/08/24 03:48:00, 0.01950684308983256299, 51.26406130375981309922
2022/08/24 04:09:08, 0.0195068430898326189, 51.26406130375966615587
2022/08/24 04:26:56, 0.01950849055836526372, 51.25973211552232689641
2022/08/24 04:28:01, 0.01950778678383389324, 51.26158139213927628175
2022/08/24 05:41:50, 0.01959015723882055486, 51.04604255132594365268
2022/08/24 06:26:53, 0.01959032197973052819, 51.04561328980032180125
2022/08/24 06:38:48, 0.01959172227746530143, 51.04196485830218675062
2022/08/24 07:40:04, 0.01955891427335217213, 51.12758234041850745389
2022/08/24 08:11:15, 0.01955891427335239296, 51.12758234041793019562
2022/08/24 09:17:15, 0.01955749266242253625, 51.13129874369757659541
2022/08/24 10:04:16, 0.01955790414002825443, 51.13022299528232295302
2022/08/24 10:54:22, 0.01972259353904043481, 50.70327074481975526183
2022/08/24 11:06:30, 0.0197206307047254247, 50.70831734404831507676
2022/08/24 11:22:31, 0.01976800744811714351, 50.58678790083355932057
2022/08/24 11:30:08, 0.01976800744812587989, 50.58678790081120271942
2022/08/24 11:45:22, 0.01974956441282708431, 50.63402812826155558669
2022/08/24 11:47:46, 0.01974193738551230406, 50.65358989203632103738
2022/08/24 12:28:17, 0.01974276401382042244, 50.65146902936059514396
2022/08/24 12:41:48, 0.01975226157496169103, 50.62711407526201071879
2022/08/24 12:49:27, 0.01975226157496181391, 50.6271140752616957801
2022/08/24 12:56:25, 0.01975226157496193359, 50.62711407526138902952
2022/08/24 13:23:10, 0.02065357110741602239, 48.41777699358406264929
2022/08/24 13:23:39, 0.02052217649521747033, 48.72777505997192987025
2022/08/24 13:23:39, 0.02052187658437622554, 48.72848717749929815134
2022/08/24 13:25:27, 0.02024045316693089117, 49.40600844025630166365
2022/08/24 13:38:46, 0.02018578928126412249, 49.53980179155895866418
2022/08/24 13:46:52, 0.02019106933512208552, 49.52684691446796465225
2022/08/24 14:23:27, 0.02019014226164130486, 49.52912104536640412347
2022/08/24 14:29:33, 0.02018927562407390275, 49.53124711456163261351
2022/08/24 14:32:42, 0.02018963549085850365, 49.5303642531229275584
2022/08/24 15:36:37, 0.02018770068964085114, 49.53511127263451016355
2022/08/24 15:39:19, 0.02019031393595530706, 49.52869990887959332752
2022/08/24 15:44:41, 0.02017137956697617777, 49.57519125945963076489
2022/08/24 15:46:24, 0.02017137956697080078, 49.57519125947284580479
2022/08/24 15:54:24, 0.02027425548546200778, 49.32363611167209754778
2022/08/24 16:01:41, 0.02030687863150734111, 49.2443973367940445135
2022/08/24 16:16:30, 0.02029554406692671615, 49.27189912733522161954
2022/08/24 16:23:22, 0.02029200130261264417, 49.28050146888407626257
2022/08/24 16:34:02, 0.02029131755791118913, 49.28216204522014861959
2022/08/24 16:47:33, 0.02028800812958003663, 49.29020106917218980641
2022/08/24 17:46:51, 0.02069801016417240944, 48.31382302299608826274
2022/08/24 17:49:03, 0.02061438124227504609, 48.50982371225603254627
2022/08/24 17:53:13, 0.02059735316246045293, 48.54992736749022120365
2022/08/24 17:57:02, 0.02059190303923385735, 48.56277722824815782814
2022/08/24 18:02:29, 0.02058968054020766098, 48.56801920977809971052
2022/08/24 19:04:26, 0.02058968054020769172, 48.56801920977802720884
2022/08/24 19:19:54, 0.0205830283103158086, 48.58371591020062318812
2022/08/24 19:25:43, 0.02058085493228287335, 48.58884644444057685457
2022/08/24 19:43:58, 0.02058085493229300373, 48.58884644441666029113
2022/08/24 19:50:11, 0.0205588679945837193, 48.64081039206303977477
2022/08/24 20:59:39, 0.02055886799459033737, 48.64081039204738190048
2022/08/24 21:46:53, 0.02055093273301401, 48.65959190229608149378
2022/08/24 21:58:33, 0.02054890044901366589, 48.66440433059761901184
2022/08/24 22:28:09, 0.02054914474418539063, 48.66382579172601026069
2022/08/24 23:47:14, 0.02054914474418532529, 48.66382579172616501055
2022/08/24 23:49:10, 0.02055317908804425789, 48.65427366327469741134
2022/08/24 23:50:02, 0.02053975082134360619, 48.6860823530957070444
2022/08/25 00:20:18, 0.02054042092344972213, 48.68449403869626366508
2022/08/25 00:26:35, 0.02049709222900865303, 48.78740793217210638977
2022/08/25 00:29:05, 0.02049709222900892892, 48.78740793217144972521
2022/08/25 00:30:59, 0.02056217305380142803, 48.63299211535062831337
2022/08/25 00:43:58, 0.02056217305380174543, 48.63299211534987760582
2022/08/25 01:02:18, 0.02056004251590844418, 48.63803171740742205993
2022/08/25 01:12:57, 0.02064138637968135516, 48.44635828261828127676
2022/08/25 01:25:29, 0.02062128269805630803, 48.49358862115093348505
2022/08/25 03:07:42, 0.02062195436205807012, 48.4920091686305159995
2022/08/25 03:08:58, 0.02062057281553381143, 48.49525805833501414765
2022/08/25 03:10:30, 0.02068724109239865712, 48.33897355058336475943
2022/08/25 03:19:59, 0.0207847727641919869, 48.11214495078821918147
2022/08/25 03:26:54, 0.02078477276419201525, 48.11214495078815355847
2022/08/25 03:30:20, 0.02078195768590917807, 48.11866211613121989291
2022/08/25 03:31:48, 0.02077885538337991956, 48.12584627735825315733
2022/08/25 03:49:03, 0.02078024041504434943, 48.12263862337349133994
2022/08/25 04:19:35, 0.0206925742283240842, 48.32651505636237943422
2022/08/25 04:43:05, 0.0206834310622918819, 48.34787792162333698722
2022/08/25 04:46:53, 0.02068668163161911689, 48.3402808535286301922
2022/08/25 04:50:57, 0.02068668163161927402, 48.34028085352826301308
2022/08/25 05:06:25, 0.0206860002201448746, 48.34187321656117096888
2022/08/25 06:49:41, 0.02065273101247248246, 48.41974649241718012996
2022/08/25 07:12:51, 0.02072251376368055331, 48.25669372953470611935
2022/08/25 07:15:20, 0.02072251376368086521, 48.25669372953397979591
2022/08/25 07:15:49, 0.02072543254150739013, 48.24989770405383203214
2022/08/25 07:21:25, 0.02060917140372489611, 48.52208661912823279936
2022/08/25 07:22:07, 0.02066261384404653684, 48.39658755410208185664
2022/08/25 07:30:31, 0.02062945387092590234, 48.47438067225564694144
2022/08/25 08:06:12, 0.02063754470057803397, 48.45537657258187046666
2022/08/25 08:07:23, 0.02064207594318678903, 48.44473989691255995508
2022/08/25 08:09:04, 0.02063680466018282107, 48.45711419313987045588
2022/08/25 08:16:01, 0.02064489445515603591, 48.43812605446627907758
2022/08/25 08:17:03, 0.02064748318954746466, 48.43205299260094545088
2022/08/25 08:55:26, 0.02053453601921525257, 48.69844631815625414232
2022/08/25 09:27:21, 0.02053262813357180608, 48.70297136317163850403
2022/08/25 09:51:04, 0.02053262813358616625, 48.70297136313757647013
2022/08/25 10:38:47, 0.02053391721922361465, 48.69991387049187196326
2022/08/25 10:39:12, 0.02063071396135470615, 48.47141993598439039052
2022/08/25 11:21:45, 0.02066335329700379592, 48.39485564741328136184
2022/08/25 11:30:58, 0.02066335329700406478, 48.39485564741265166623
2022/08/25 11:54:46, 0.0206629199261348826, 48.39587065016786916488
2022/08/25 12:04:02, 0.02066615035869840665, 48.38830564198904323556
2022/08/25 12:31:17, 0.02065735203702562007, 48.40891505395415169479
2022/08/25 12:41:43, 0.02065472284434057931, 48.4150771490018462969
2022/08/25 12:45:14, 0.02065598430540998112, 48.41212043998752180836
2022/08/25 13:45:10, 0.0206559843054101753, 48.4121204399870666815
2022/08/25 13:45:49, 0.02065344963704508665, 48.4180617559571601418
2022/08/25 14:57:19, 0.02081523146939784976, 48.04174296452963474688
2022/08/25 15:01:14, 0.02081523146939802123, 48.04174296452923899594
2022/08/25 15:11:43, 0.02080858872525055908, 48.05707937254446659701
2022/08/25 15:19:42, 0.02080610227700065222, 48.0628224684550152047
2022/08/25 15:36:15, 0.02050637251779136757, 48.76532888166340044032
2022/08/25 16:02:33, 0.02051438645844434103, 48.74627871643559677675
2022/08/25 16:37:00, 0.02052241321970302265, 48.72721298876910921336
2022/08/25 16:54:29, 0.02052722233407509251, 48.71579718508746817123
2022/08/25 16:59:11, 0.02055608884671711257, 48.64738654599188960132
2022/08/25 18:11:45, 0.02055930218043846616, 48.63978316109720710627
2022/08/25 18:16:50, 0.0205593021804478982, 48.63978316107489251207
2022/08/25 18:21:40, 0.02027841399910280302, 49.3135212667146425914
2022/08/25 18:58:41, 0.02027841399910246271, 49.31352126671547016724
2022/08/25 19:13:22, 0.02027277476700677996, 49.32723869785523588825
2022/08/25 19:24:17, 0.02027300730601329161, 49.32667289590451297668
2022/08/25 19:25:51, 0.02028583779570349105, 49.29547451137553940984
2022/08/25 19:41:40, 0.02030511548175138544, 49.24867336503060314294
2022/08/25 19:43:42, 0.02030543629584373495, 49.24789526461380718802
2022/08/25 19:45:20, 0.02030424602992229424, 49.25078225147112588456
2022/08/25 20:26:14, 0.02033633929556382589, 49.17305840870486698189
2022/08/25 20:46:50, 0.02033595452530229289, 49.17398879682708441783
2022/08/25 21:35:35, 0.0203359545253178728, 49.17398879678941092971
2022/08/25 21:40:54, 0.02033494744231302134, 49.1764241258473536301
2022/08/25 21:59:52, 0.02031158227384779764, 49.23299359536116550681
2022/08/25 22:12:26, 0.02034368351514063057, 49.1553065724679437917
2022/08/25 22:15:10, 0.02036941334328344657, 49.09321555545620095935
2022/08/25 22:17:16, 0.02037008812616975326, 49.09158928553113234331
2022/08/25 22:56:19, 0.02037223800721784814, 49.08640865307492266879
2022/08/25 23:24:04, 0.02038027241841185734, 49.06705756771849310926
2022/08/25 23:44:57, 0.02037731354604436656, 49.07418231261988293233
2022/08/26 00:04:40, 0.02037868148277630896, 49.0708881654184455966
2022/08/26 00:23:20, 0.0204365717767640426, 48.93188597986768103787
2022/08/26 00:24:59, 0.02043657177676432428, 48.93188597986700660874
2022/08/26 01:01:16, 0.02044184379924291354, 48.91926627660838080948
2022/08/26 02:38:35, 0.02045150123158121738, 48.89616604065228968405
2022/08/26 02:52:28, 0.02045031160378414775, 48.89901040994206269201
2022/08/26 02:52:59, 0.02045159939578138193, 48.89593134736803319844
2022/08/26 02:58:34, 0.02045481905301115826, 48.88823496352512527889
2022/08/26 03:09:48, 0.02045481905301805315, 48.88823496350864607652
2022/08/26 03:12:59, 0.02045643662918290725, 48.88436916590898283042
2022/08/26 03:16:03, 0.02045643662919016477, 48.88436916589163966266
2022/08/26 03:18:33, 0.02035876442800409875, 49.11889439736674936123
2022/08/26 03:28:16, 0.0202807687092072801, 49.30779569247832869627
2022/08/26 03:32:05, 0.02028076870920738005, 49.30779569247808567794
2022/08/26 03:36:11, 0.02028404581519672356, 49.29982948721226610061
2022/08/26 03:55:26, 0.02028404581520200279, 49.29982948719943507241
2022/08/26 04:01:34, 0.02030410134862358965, 49.2511331986524864995
2022/08/26 04:29:34, 0.02030410134862377784, 49.25113319865203002476
2022/08/26 04:33:58, 0.02030410134863732875, 49.25113319861915993094
2022/08/26 04:36:30, 0.02029804871134214807, 49.26581930218838141791
2022/08/26 05:08:44, 0.02029724988764918418, 49.26775822021568584535
2022/08/26 05:46:15, 0.02030290196467221856, 49.25404268513122187914
2022/08/26 06:03:30, 0.02030296656437230083, 49.25388596929488286977
2022/08/26 06:22:27, 0.02027021707262361393, 49.33346280492338309015
2022/08/26 06:38:05, 0.02025713528955626443, 49.36532168571527317148
2022/08/26 06:48:30, 0.02025713528955546255, 49.36532168571722730918
2022/08/26 06:50:42, 0.02025552051863371556, 49.36925709117508513204
2022/08/26 07:19:51, 0.02035240883046965577, 49.13423311853370546563
2022/08/26 07:28:47, 0.02035834264672653777, 49.11991203570749296666
2022/08/26 07:54:46, 0.02029266468973197069, 49.27889044093835007104
2022/08/26 08:28:23, 0.02025919729226781765, 49.36029723061450311872
2022/08/26 08:35:34, 0.02025689479627832969, 49.36590775915584224019
2022/08/26 08:45:22, 0.02025689479628972492, 49.36590775912807216585
2022/08/26 08:59:45, 0.02024943332996063964, 49.38409799944479611385
2022/08/26 09:01:34, 0.02015356147013784129, 49.61902150554040262792
2022/08/26 09:07:15, 0.02015356147013815923, 49.61902150553961984654
2022/08/26 09:10:09, 0.02021787679592512475, 49.46117785234244426714
2022/08/26 09:16:22, 0.02021787679592513497, 49.46117785234241926159
2022/08/26 09:22:21, 0.02030959070333798968, 49.23782141191277972429
2022/08/26 09:47:00, 0.02029850613985407351, 49.2647090928824886565
2022/08/26 09:58:08, 0.02025313743659741455, 49.37506611657116574826
2022/08/26 10:06:45, 0.02025313743659762469, 49.3750661165706534485
2022/08/26 10:10:16, 0.02017370494538797121, 49.56947683665889314784
2022/08/26 10:40:57, 0.02017370494538806708, 49.56947683665865759141
2022/08/26 11:18:34, 0.02033265463342271454, 49.18196949827717395895
2022/08/26 11:23:55, 0.02033582898257820396, 49.17429237119885754568
2022/08/26 11:27:30, 0.02033072513301582962, 49.18663714439099707626
2022/08/26 12:09:29, 0.02031921507174408752, 49.21449950055406376463
2022/08/26 13:57:41, 0.02031702079200158264, 49.21981476701941559696
2022/08/26 14:30:05, 0.02030574394727160296, 49.24714911193223115867
2022/08/26 14:48:11, 0.02031050240616198575, 49.23561121248339309368
2022/08/26 14:50:57, 0.0204694366788783047, 48.8533229168863743482
2022/08/26 14:54:28, 0.0204664819743961538, 48.86037577200681322528
2022/08/26 15:11:55, 0.0204664819743962147, 48.86037577200666782705
2022/08/26 15:38:10, 0.02046443652254051545, 48.86525944159527013539
2022/08/26 15:49:02, 0.02046443652254482645, 48.86525944158497627452
2022/08/26 15:54:12, 0.02046117161185983333, 48.87305668363456243128
2022/08/26 15:55:18, 0.02037324332923782727, 49.08398647381248726492
2022/08/26 16:00:32, 0.02035826610921769693, 49.12009670348231844747
2022/08/26 16:02:17, 0.02035753796786344702, 49.12185361405721315812
2022/08/26 16:50:50, 0.02045635416323537222, 48.88456623405664738472
2022/08/26 16:53:38, 0.02043280591555656105, 48.940904354141974872
2022/08/26 17:05:30, 0.02043280591556231858, 48.94090435412818437426
2022/08/26 17:08:58, 0.02005511907486229711, 49.86258103316029409398
2022/08/26 17:30:44, 0.02012038245664624681, 49.70084451201253983999
2022/08/26 17:41:37, 0.02015225664651649509, 49.62223425101423054526
2022/08/26 17:50:36, 0.02014734332479949918, 49.63433559843561782018
2022/08/26 17:56:49, 0.02053051254679614598, 48.70799000856183152698
2022/08/26 17:58:34, 0.02048454997554213665, 48.81727942248994237456
2022/08/26 18:23:14, 0.02048454997555646209, 48.81727942245580303435
2022/08/26 18:29:43, 0.02048286319103396773, 48.82129957484329376519
2022/08/26 18:54:19, 0.0205020004592601562, 48.77572810453865436744
2022/08/26 19:18:41, 0.02049571455543552939, 48.7906873066202410153
2022/08/26 19:29:31, 0.0204468541511924457, 48.90727896847059603709
2022/08/26 19:40:02, 0.02044685415119266762, 48.90727896847006520928
2022/08/26 19:53:36, 0.02044685415120241202, 48.90727896844675737352
2022/08/26 19:54:08, 0.02044685415120249162, 48.90727896844656696151
2022/08/26 20:14:59, 0.02044704494176364718, 48.90682261657637947275
2022/08/26 20:16:25, 0.02047885580556630906, 48.83085312452819653602
2022/08/26 20:24:54, 0.02047885580557418937, 48.83085312450940630843
2022/08/26 20:30:24, 0.02050961257147747603, 48.75762506556025975672
2022/08/26 20:45:05, 0.02050671768370876878, 48.76450807114947879145
2022/08/26 20:53:22, 0.0205258429189194622, 48.71907107299653825952
2022/08/26 21:21:12, 0.02057365600694619573, 48.60584816147282063871
2022/08/26 21:27:51, 0.02057365600695896102, 48.60584816144266228101
2022/08/26 21:32:08, 0.02055868308487579831, 48.64124787913385578088
2022/08/26 21:41:50, 0.02056027448109680833, 48.63748297326495630885
2022/08/26 21:49:58, 0.02055947996290583545, 48.63936256190509284849
2022/08/27 01:15:20, 0.02055396945631268712, 48.65240274514821778108
2022/08/27 03:00:40, 0.02060173172573578625, 48.53960886942309813313
2022/08/27 03:09:36, 0.02060252942062660105, 48.53772949834167535554
2022/08/27 03:17:17, 0.02060130950370677534, 48.54060368444398582899
2022/08/27 03:21:50, 0.0206037025174220759, 48.53496594383558681123
2022/08/27 03:40:56, 0.02060529549767427052, 48.53121374128657726436
2022/08/27 04:28:16, 0.02061517600014860311, 48.50795355774753352449
2022/08/27 04:46:57, 0.02060204305349439769, 48.53887536315898855397
2022/08/27 04:47:38, 0.02060204305349994473, 48.53887536314591959936
2022/08/27 04:49:55, 0.02059651042201043941, 48.5519138684459403269
2022/08/27 04:50:50, 0.02058339370311676582, 48.58285346058257743915
2022/08/27 05:02:35, 0.02071097938674483046, 48.28356889003553795445
2022/08/27 05:17:04, 0.02071024957157167016, 48.28527037031314158262
2022/08/27 07:14:38, 0.02070941574511259606, 48.28721448773846371587
2022/08/27 07:15:56, 0.02070941574510504608, 48.2872144877560676526
2022/08/27 07:29:10, 0.02071133221855667776, 48.28274634617818716552
2022/08/27 07:36:38, 0.02071133221855693613, 48.28274634617758485322
2022/08/27 07:40:47, 0.02070009417150459241, 48.30895896969316573925
2022/08/27 08:15:19, 0.0206681257547170958, 48.38368083626400146411
2022/08/27 08:19:18, 0.02067451483649340656, 48.36872874205784588155
2022/08/27 08:21:01, 0.02068114685659633764, 48.35321788167883197675
2022/08/27 08:24:00, 0.02067531237588337828, 48.36686294357735255056
2022/08/27 08:32:47, 0.02066868874655269083, 48.38236291921464845591
2022/08/27 08:47:50, 0.02066006274515664324, 48.40256355147957541262
2022/08/27 09:04:44, 0.02067281923688674153, 48.37269598022164613215
2022/08/27 09:26:05, 0.02066567343708792272, 48.38942234543089428544
2022/08/27 09:57:10, 0.02065249891912335752, 48.42029063485588519962
2022/08/27 10:10:59, 0.02065569175160063598, 48.41280611783474744184
2022/08/27 10:22:20, 0.02067165591398702826, 48.37541821327297046816
2022/08/27 10:52:29, 0.02067165591398732502, 48.37541821327227599827
2022/08/27 11:10:21, 0.02067113598777510048, 48.37663496536424033097
2022/08/27 11:24:15, 0.02067145525336080925, 48.37588780003371406676
2022/08/27 12:31:12, 0.02068548424703724418, 48.34307904313280647109
2022/08/27 13:10:03, 0.02068548424703730229, 48.34307904313267066479
2022/08/27 13:15:22, 0.02068548424704532437, 48.34307904311392263824
2022/08/27 13:46:49, 0.02069506557511355742, 48.32069733581952307691
2022/08/27 14:32:52, 0.02069405634751005393, 48.32305388596865391002
2022/08/27 15:02:25, 0.02069405634751024409, 48.32305388596820985888
2022/08/27 15:34:27, 0.02069405634751659022, 48.32305388595339089316
2022/08/27 15:36:15, 0.0206188299481012871, 48.49935726309660724941
2022/08/27 15:40:51, 0.02061627400087190997, 48.50537007597530398141
2022/08/27 15:41:24, 0.02053108567284155055, 48.70663032314927979502
2022/08/27 15:58:00, 0.02053149931051716226, 48.70564905543721232557
2022/08/27 16:40:47, 0.02046536657461641184, 48.86303875154228862694
2022/08/27 17:09:14, 0.02046329295491920559, 48.86799022048933279577
2022/08/27 17:10:15, 0.02046488359756161401, 48.86419193310973736506
2022/08/27 17:27:55, 0.02046376573629775715, 48.86686120659808663967
2022/08/27 17:29:27, 0.02047259332074421884, 48.84579028816697281813
2022/08/27 17:43:42, 0.02047161793689103193, 48.84811757833476047798
2022/08/27 17:44:56, 0.02047161793689550815, 48.84811757832407959585
2022/08/27 17:46:54, 0.02007542310174470814, 49.81215065465257044446
2022/08/27 17:47:34, 0.0203686761796198623, 49.09499229019913936112
2022/08/27 17:56:15, 0.02036746014191059287, 49.09792350310174007856
2022/08/27 17:58:05, 0.02036385578303862221, 49.10661373043683738904
2022/08/27 18:09:19, 0.02036465638557755554, 49.10468318572807179813
2022/08/27 18:24:46, 0.0203646563855901047, 49.1046831856978123835
2022/08/27 19:46:29, 0.02036465638559025157, 49.10468318569745823484
2022/08/27 19:46:59, 0.02036791792739278222, 49.09681998743236795153
2022/08/27 19:59:34, 0.02036791792739291115, 49.09681998743205716725
2022/08/27 20:01:15, 0.0203707962949033274, 49.08988266944650857869
2022/08/27 20:06:44, 0.02037079629491744933, 49.08988266941247730529
2022/08/27 20:10:10, 0.02033570963165735395, 49.17458097667085513369
2022/08/27 20:17:02, 0.0203357096316574626, 49.17458097667059240253
2022/08/27 20:23:01, 0.02036445554305622277, 49.10516747603278515502
2022/08/27 21:50:20, 0.02035556757100836233, 49.12660855618984730739
2022/08/27 21:51:32, 0.02035551310574952289, 49.12674000428634166975
2022/08/27 21:59:51, 0.02037468406416246198, 49.08051564632233219705
2022/08/27 22:01:12, 0.02037548304935234252, 49.07859104875484738468
2022/08/27 22:04:40, 0.02037548304935242403, 49.07859104875465105908
2022/08/27 22:55:44, 0.02038232273735202921, 49.06212176531922902851
2022/08/27 23:06:16, 0.02038951523408818269, 49.04481487270238727291
2022/08/28 00:22:14, 0.02038677166697675494, 49.05141512031730368675
2022/08/28 00:30:06, 0.02038725117943301649, 49.05026142066743738268
2022/08/28 00:42:25, 0.02054732971973273505, 48.66812445413015369857
2022/08/28 00:54:20, 0.02061613447764385246, 48.50569834439140608752
2022/08/28 01:00:43, 0.02061326499212614311, 48.51245061769593965314
2022/08/28 01:02:34, 0.02061462549503430713, 48.5092489427412606361
2022/08/28 01:09:54, 0.02065299991548484486, 48.41911606508251130359
2022/08/28 01:31:51, 0.0206368357425091992, 48.4570412090904993987
2022/08/28 01:33:26, 0.0206368357425022026, 48.45704120910692801546
2022/08/28 02:03:45, 0.02063683574250246246, 48.45704120910631784765
2022/08/28 02:06:37, 0.02064323695718623344, 48.44201527473550460124
2022/08/28 02:48:27, 0.02064371704828751626, 48.44088870530969781027
2022/08/28 02:56:26, 0.02064253849194012729, 48.44365436888731916149
2022/08/28 03:07:51, 0.02102660039291903212, 47.55880557547297921156
2022/08/28 03:09:56, 0.02093151157284205667, 47.77485832879202547055
2022/08/28 03:51:44, 0.02092722687484962622, 47.78463988469497380414
2022/08/28 03:53:18, 0.02092933421035185099, 47.77982853871148631561
2022/08/28 04:29:55, 0.02089660105560052966, 47.85467250579435678612
2022/08/28 05:03:57, 0.02089593006248253862, 47.8562091761325082036
2022/08/28 05:28:24, 0.0208959300624827268, 47.8562091761320772324
2022/08/28 05:34:33, 0.02089316534957787585, 47.86254180581612708841
2022/08/28 06:41:52, 0.02078468868681291592, 48.11233957208420769597
2022/08/28 07:09:13, 0.02070850020885005547, 48.2893492968958022306
2022/08/28 07:21:18, 0.02070761988053992238, 48.29140218764371056954
2022/08/28 08:05:51, 0.02076252584798140787, 48.1636968123135586316
2022/08/28 08:55:33, 0.02066295732115323072, 48.3957830651991346402
2022/08/28 09:01:54, 0.02065423404441301815, 48.41622293277443316963
2022/08/28 10:37:51, 0.02064058254885024661, 48.44824498694701491976
2022/08/28 10:47:18, 0.02064074072351091151, 48.44787371709709662184
2022/08/28 11:15:42, 0.02064074072351106515, 48.44787371709673600574
2022/08/28 11:57:13, 0.02064089864854332868, 48.44750303885495258218
2022/08/28 12:06:25, 0.02067213270817870315, 48.3743024542581878917
2022/08/28 12:08:03, 0.0206724013834797037, 48.37367374257484295715
2022/08/28 12:16:49, 0.02067197469725608738, 48.37467221420002383934
2022/08/28 12:31:18, 0.02067119120525847146, 48.37650574029877510305
2022/08/28 13:05:16, 0.02063319235514364996, 48.4655977023695962629
2022/08/28 13:27:59, 0.02063034538420037881, 48.47228591557384956924
2022/08/28 13:39:07, 0.02060702058672207653, 48.52715101591832239085
2022/08/28 13:44:39, 0.0206101716322253172, 48.519731802545314682
2022/08/28 14:12:16, 0.02062989600372199359, 48.47334178609443947343
2022/08/28 14:56:47, 0.02062176737043034638, 48.49244887874668377397
2022/08/28 15:05:11, 0.02062072648800704244, 48.49489665563418620036
2022/08/28 15:21:01, 0.02062388160544199304, 48.48747772757440014928
2022/08/28 15:31:58, 0.02062388160544212051, 48.48747772757410045858
2022/08/28 15:39:58, 0.02062441797375539881, 48.48621673942515234992
2022/08/28 15:51:24, 0.0206244179737555354, 48.48621673942483122663
2022/08/28 15:56:47, 0.0206570395000661624, 48.40964747135218004918
2022/08/28 15:58:57, 0.02065703950006611021, 48.40964747135230234185
2022/08/28 16:21:47, 0.02065703950006600609, 48.40964747135254634938
2022/08/28 16:41:39, 0.02065703950006622293, 48.40964747135203818186
2022/08/28 17:16:07, 0.02065703950007536297, 48.40964747133061856935
2022/08/28 17:20:09, 0.02068903310921666086, 48.33478658577401880415
2022/08/28 17:48:59, 0.0206890331092169374, 48.33478658577337274034
2022/08/28 17:54:23, 0.02050019024741274604, 48.78003510851350948873
2022/08/28 17:57:30, 0.02050797818903979526, 48.76151080238792832076
2022/08/28 17:59:45, 0.02050797818904000872, 48.76151080238742076252
2022/08/28 18:01:07, 0.02050756818008151139, 48.76248569400222771249
2022/08/28 18:12:06, 0.02050756818008324914, 48.76248569399809573521
2022/08/28 18:28:06, 0.0205075681800835568, 48.76248569399736419135
2022/08/28 18:39:24, 0.02050756818008548375, 48.76248569399278230946
2022/08/28 18:41:38, 0.02048267563113789727, 48.82174663156767804522
2022/08/28 18:45:55, 0.02048285886686618736, 48.82130988158279674438
2022/08/28 18:46:22, 0.02048957751023682405, 48.80530110981491540259
2022/08/28 19:09:44, 0.02049385301056359285, 48.79511917473733357159
2022/08/28 19:29:12, 0.02049229077769725809, 48.79883907797892041444
2022/08/28 19:37:18, 0.02049095020251152243, 48.80203163430813485322
2022/08/28 19:45:23, 0.02049095020251174625, 48.80203163430760179719
2022/08/28 19:55:11, 0.02049095020251405794, 48.80203163430209620486
2022/08/28 20:10:21, 0.02048871659763564623, 48.80735185313646469928
2022/08/28 21:01:21, 0.02047883610336151157, 48.83090010353930048196
2022/08/28 21:05:12, 0.02047824641293714016, 48.83230623537421690534
2022/08/28 21:26:17, 0.02047824641293728721, 48.83230623537386624885
2022/08/28 21:35:00, 0.02047977015344334162, 48.82867300304472400405
2022/08/28 21:46:20, 0.02048320378360918542, 48.82048777936816520188
2022/08/28 22:01:07, 0.02048929931208641428, 48.80596377495988369748
2022/08/28 22:13:00, 0.02048929931208663838, 48.80596377495934988025
2022/08/28 23:33:52, 0.02047425562135831101, 48.84182450847302707138
2022/08/28 23:35:42, 0.02047882550161876168, 48.83092538295003145433
2022/08/28 23:37:24, 0.02047774706718965905, 48.83349700134951302141
2022/08/29 00:42:04, 0.01909561022890980328, 52.36805674248889838572
2022/08/29 00:42:41, 0.0191103222283297762, 52.32774141911468119671
2022/08/29 00:42:41, 0.01970344808172103145, 50.75253812695373090977
2022/08/29 00:45:17, 0.01972299587393539886, 50.7022364346551210081
2022/08/29 00:53:21, 0.01972299587394855565, 50.70223643462129861542
2022/08/29 00:59:28, 0.01972586655660817841, 50.69485779650067313981
2022/08/29 01:12:27, 0.01972631579089640164, 50.69370330477499070085
2022/08/29 01:21:05, 0.01972682416266650903, 50.69239689845890864389
2022/08/29 01:31:54, 0.01972029972183907589, 50.7091684256988559956
2022/08/29 01:31:54, 0.01972328978124543961, 50.7014808934604806746
2022/08/29 01:33:24, 0.01972142672521778976, 50.70627059254794831108
2022/08/29 01:47:16, 0.01974475586179815917, 50.64635931684443652641
2022/08/29 02:05:34, 0.01974445038293223615, 50.64714289866652730299
2022/08/29 02:06:35, 0.01977437921588030825, 50.57048765388928454768
2022/08/29 02:19:46, 0.01977335778294300739, 50.57309997508996639241
2022/08/29 02:28:39, 0.01977934610776144715, 50.55778864234538045053
2022/08/29 02:29:38, 0.01983927920737441323, 50.40505703595785278086
2022/08/29 02:36:10, 0.01986604555736681053, 50.33714420478492238452
2022/08/29 02:40:22, 0.01986225099960503746, 50.34676079865696413986
2022/08/29 02:43:14, 0.01986225099959231715, 50.34676079868920752217
2022/08/29 02:44:00, 0.01986225099958780074, 50.34676079870065571574
2022/08/29 03:21:26, 0.01986344473555972666, 50.34373510299502787262
2022/08/29 03:22:50, 0.01987866723567765411, 50.30518334776634665835
2022/08/29 03:23:13, 0.01987866723567777883, 50.30518334776603104017
2022/08/29 03:51:06, 0.01987131116571124706, 50.32380559394291692444
2022/08/29 03:55:00, 0.01988329817628285589, 50.29346696579833036143
2022/08/29 03:55:27, 0.01988329817628311938, 50.29346696579766388971
2022/08/29 04:04:13, 0.01985195268087193108, 50.37287848079226439957
2022/08/29 04:08:14, 0.01992693310586156431, 50.18333702870950787747
2022/08/29 04:29:05, 0.01992693310586089525, 50.18333702871119282066
2022/08/29 04:31:15, 0.01992657507995001578, 50.18423868566320729596
2022/08/29 04:34:34, 0.01992639543135451663, 50.18469112715103843244
2022/08/29 05:08:22, 0.01991272318902000794, 50.2191483559318421199
2022/08/29 05:12:23, 0.01991332167771825014, 50.21763903502532534814
2022/08/29 05:14:51, 0.01991025735014743486, 50.22536788016931534102
2022/08/29 05:16:12, 0.01991025735013987491, 50.22536788018838597911
2022/08/29 05:30:52, 0.01991115499644963416, 50.22310359084193717607
2022/08/29 05:34:24, 0.01991713982208383614, 50.20801224135678782432
2022/08/29 05:55:44, 0.01992373351395710065, 50.19139607039381615902
2022/08/29 06:00:16, 0.01992373351395739369, 50.1913960703930779344
2022/08/29 06:05:53, 0.01993869946725551554, 50.1537224954043661135
2022/08/29 06:09:49, 0.01993869946725574754, 50.15372249540378253993
2022/08/29 06:17:19, 0.01998365633424271208, 50.04089258112711451385
2022/08/29 06:51:14, 0.01998365633424670314, 50.0408925811171205382
2022/08/29 06:59:41, 0.01998591337375750033, 50.03524138721875007156
2022/08/29 07:00:46, 0.01975123301864322366, 50.62975051006173829206
2022/08/29 07:07:04, 0.01974405222668193304, 50.64816424303259656251
2022/08/29 07:18:47, 0.01979793014252650797, 50.51033076695083473147
2022/08/29 07:39:32, 0.01979554201794112867, 50.51642430874983525723
2022/08/29 07:42:02, 0.01978616265339687733, 50.54037094091716463693
2022/08/29 07:43:26, 0.01978481530007604572, 50.54381275907874455463
2022/08/29 07:48:25, 0.01976319290860541384, 50.59911142012754965758
2022/08/29 07:52:35, 0.01976319290862034701, 50.59911142008931669393
2022/08/29 07:55:08, 0.01947308278447408105, 51.35293733754891357733
2022/08/29 08:21:46, 0.01947308278447430693, 51.35293733754831788203
2022/08/29 08:32:00, 0.0194730827844745671, 51.35293733754763178597
2022/08/29 08:35:54, 0.01947607788747121351, 51.34504009368801326337
2022/08/29 09:04:12, 0.01947033646387627658, 51.36018074753463887633
2022/08/29 09:08:34, 0.01947033646387650618, 51.36018074753403320514
2022/08/29 09:15:23, 0.01950013593083589687, 51.28169380699972345213
2022/08/29 10:01:09, 0.01951206208420421696, 51.25034943433986919182
2022/08/29 10:12:33, 0.01951206208420422348, 51.25034943433985206535
2022/08/29 10:55:30, 0.01951206208420442241, 51.25034943433932957511
2022/08/29 11:04:04, 0.01958628242451764303, 51.05614114642928649045
2022/08/29 11:06:40, 0.01958628242451767272, 51.05614114642920908953
2022/08/29 11:09:32, 0.0197107928490489519, 50.73362637709675482674
2022/08/29 11:15:48, 0.01970892296415389809, 50.73843973203280977217
2022/08/29 12:20:22, 0.01970877625010501345, 50.73881743391712317876
2022/08/29 12:24:20, 0.01971768441591721401, 50.71589436702538233954
2022/08/29 12:28:13, 0.01971991177110601603, 50.7101660295062133154
2022/08/29 12:45:14, 0.01974965529169932275, 50.63379513364442321257
2022/08/29 13:18:07, 0.01974940839253427943, 50.63442813699789061257
2022/08/29 13:18:07, 0.01974747016675991434, 50.63939793580536332238
2022/08/29 13:26:30, 0.01993559356750104756, 50.16153628002315324804
2022/08/29 13:29:58, 0.01993328491537066674, 50.16734593648909540072
2022/08/29 13:32:14, 0.01993191128172600375, 50.17080328452099176904
2022/08/29 13:34:04, 0.01993191128172129098, 50.17080328453285434267
2022/08/29 13:38:12, 0.01992815460078164755, 50.18026104438073367191
2022/08/29 13:58:48, 0.01993710322807975053, 50.15773799032064147105
2022/08/29 14:05:34, 0.0199371032280798309, 50.15773799032043928341
2022/08/29 14:05:34, 0.02012881349134517031, 49.68002711287340278298
2022/08/29 14:14:47, 0.02000938692044932085, 49.97654370799405266706
2022/08/29 14:23:07, 0.02000938692044942905, 49.97654370799378242921
2022/08/29 14:54:59, 0.01998847867552029876, 50.02881991337792829195
2022/08/29 15:22:49, 0.01997898612845841548, 50.05258993476063330641
2022/08/29 15:31:46, 0.01997898612845863931, 50.05258993476007255674
2022/08/29 15:38:13, 0.01997898612846107596, 50.05258993475396811088
2022/08/29 15:41:12, 0.01997854163683080934, 50.05370352741271108365
2022/08/29 15:53:54, 0.02001148994413108649, 49.97129163254918900163
2022/08/29 15:57:30, 0.02000316142216623989, 49.99209769371071363965
2022/08/29 16:47:04, 0.02000316142216642076, 49.99209769371026160571
2022/08/29 16:50:22, 0.02000316142216664813, 49.99209769370969337784
2022/08/29 17:05:10, 0.0199941011632883753, 50.01475144259661866278
2022/08/29 17:14:06, 0.01999410116328842412, 50.01475144259649655198
2022/08/29 17:42:28, 0.019988204697248704, 50.02950565828685848536
2022/08/29 18:20:28, 0.01991205017463014666, 50.22084573059661586147
2022/08/29 18:29:15, 0.0199414265278987504, 50.14686379637711292275
2022/08/29 19:05:54, 0.01994142652789879867, 50.14686379637699152779
2022/08/29 19:24:30, 0.01994133638320846798, 50.14709048497103110337
2022/08/29 19:33:01, 0.01994133638321687403, 50.14709048494989215698
2022/08/29 19:34:52, 0.01993390333398187564, 50.16578957194361314942
2022/08/29 19:47:53, 0.01993390333398166142, 50.16578957194415224901
2022/08/29 20:10:53, 0.01993390333398172896, 50.16578957194398228612
2022/08/29 20:24:10, 0.01997173422953334109, 50.07076443673294205832
2022/08/29 20:26:04, 0.01997173422953338005, 50.07076443673284438335
2022/08/29 20:32:01, 0.01997173422953346496, 50.07076443673263151599
2022/08/29 20:39:01, 0.01997643189647869934, 50.0589897726566851978
2022/08/29 20:57:34, 0.01997643189649227866, 50.05898977262265673247
2022/08/29 21:04:16, 0.01997643189649233268, 50.05898977262252137602
2022/08/29 21:08:11, 0.01995559981281028963, 50.11124743832858417876
2022/08/29 21:20:49, 0.01995324763944015077, 50.11715476448915814673
2022/08/29 21:28:49, 0.01995060098575958567, 50.12380332370858035589
2022/08/29 21:51:27, 0.01995060098575959143, 50.12380332370856590235
2022/08/29 22:06:01, 0.01995500181875933264, 50.11274912838736348793
2022/08/29 23:07:26, 0.01995500181875940431, 50.11274912838718352072
2022/08/29 23:15:56, 0.01995497638198146104, 50.11281300753428470009
2022/08/29 23:26:28, 0.01995270506530247814, 50.11851760085344817781
2022/08/29 23:29:32, 0.01995361165459312589, 50.11624047367935010028
2022/08/29 23:30:14, 0.01995361165460086862, 50.11624047365990316317
2022/08/29 23:49:08, 0.01995358247439639221, 50.11631376386463140773
2022/08/30 00:14:54, 0.01995358247439650497, 50.11631376386434818886
2022/08/30 00:20:56, 0.01995358247439673044, 50.11631376386378187563
2022/08/30 00:25:59, 0.01995358247438215927, 50.11631376390037950106
2022/08/30 00:44:49, 0.01995358247438222408, 50.11631376390021670245
2022/08/30 01:00:51, 0.01995358247438532903, 50.11631376389241817665
2022/08/30 01:11:05, 0.01992841626820089506, 50.17960215913727347897
2022/08/30 01:12:22, 0.01992987459856114619, 50.17593036296353960643
2022/08/30 01:21:56, 0.01992987459856356298, 50.17593036295745503048
2022/08/30 01:40:05, 0.0199289044750592961, 50.17837288805734106531
2022/08/30 01:41:23, 0.01992890447506502606, 50.17837288804291375288
2022/08/30 01:44:26, 0.01992798306387304868, 50.18069298808645882054
2022/08/30 01:48:20, 0.01987051457620297756, 50.32582302612357808091
2022/08/30 01:55:17, 0.01986259768233687765, 50.34588204388117242047
2022/08/30 01:58:02, 0.01986550976490972196, 50.33850184737730847365
2022/08/30 02:05:24, 0.01988007337801349118, 50.30162519953055737853
2022/08/30 02:06:43, 0.01988007337801372096, 50.30162519952997596089
2022/08/30 02:13:40, 0.01988007337802316799, 50.30162519950607258674
2022/08/30 02:19:25, 0.01987275712464851966, 50.32014399047241118319
2022/08/30 02:21:14, 0.01986493569112779851, 50.33995657215372904126
2022/08/30 02:22:39, 0.01986463486001831139, 50.34071892319082835385
2022/08/30 02:24:54, 0.01986161024057588983, 50.34838504468633038023
2022/08/30 03:33:20, 0.01986161024057604444, 50.34838504468593844825
2022/08/30 03:33:20, 0.01988444378292349678, 50.29056939771114293034
2022/08/30 03:41:49, 0.01988364730010012288, 50.2925838960623970572
2022/08/30 03:55:00, 0.01977762874453696526, 50.5621787584734059284
2022/08/30 04:02:23, 0.01971159178839389076, 50.73157006978990626638
2022/08/30 04:30:29, 0.01951359999140912722, 51.24631028822208779122
2022/08/30 04:41:54, 0.01951359999140936206, 51.24631028822147104477
2022/08/30 04:42:55, 0.01951219666386875075, 51.24999595005755440235
2022/08/30 04:42:55, 0.01951102303703376532, 51.25307873922887128673
2022/08/30 04:55:04, 0.01955135564591486953, 51.14734845555037465793
2022/08/30 05:04:48, 0.01955135564591503147, 51.14734845554995101614
2022/08/30 06:42:52, 0.01955135564591526891, 51.14734845554932986504
2022/08/30 06:44:48, 0.01955059327475461679, 51.14934293535146901689
2022/08/30 06:48:14, 0.01955059327475470049, 51.14934293535125004375
2022/08/30 06:52:52, 0.01955203253473483482, 51.14557774100809239334
2022/08/30 07:49:50, 0.01955090865329867208, 51.14851783787951012705
2022/08/30 08:21:09, 0.01952463201533065998, 51.217354530154737501
2022/08/30 08:28:05, 0.01922551024679461182, 52.01422418251426015211
2022/08/30 08:48:24, 0.01940259128804223255, 51.53950754074263500492
2022/08/30 08:58:18, 0.01938593631045511035, 51.58378651335431345161
2022/08/30 09:04:01, 0.01938049696067339544, 51.5982640707916070107
2022/08/30 09:17:08, 0.0193592495313579558, 51.65489490593155941695
2022/08/30 09:17:08, 0.0192709352102294641, 51.89161756245107195844
2022/08/30 09:26:40, 0.01927093521023021962, 51.89161756244903755971
2022/08/30 09:30:10, 0.0192694900678086299, 51.89550924705514364224
2022/08/30 09:44:24, 0.01926949006782037634, 51.8955092470235087856
2022/08/30 09:48:19, 0.01927236469702266968, 51.88776861173071443758
2022/08/30 09:50:58, 0.01927236469702289227, 51.88776861173011513584
2022/08/30 09:59:31, 0.01927206016562651253, 51.88858852690755643811
2022/08/30 10:02:53, 0.01927285184043415442, 51.88645708893039803151
2022/08/30 10:05:50, 0.01927285184043442077, 51.88645708892968095483
2022/08/30 10:08:47, 0.01929012330060328299, 51.84000041973426937712
2022/08/30 10:08:47, 0.01929429723681075803, 51.82878587006232621585
2022/08/30 10:09:27, 0.01929429723681977438, 51.82878587003810628059
2022/08/30 10:17:09, 0.01885798507534575872, 53.02793463907040075502
2022/08/30 10:28:37, 0.01885798507534596474, 53.02793463906982142366
2022/08/30 10:38:38, 0.0188579850753505304, 53.02793463905698297202
2022/08/30 10:42:25, 0.01880136146727998353, 53.18763759424020318422
2022/08/30 10:51:24, 0.01884401920015987274, 53.06723525263209217648
2022/08/30 10:51:24, 0.01884401920016002548, 53.06723525263166206023
2022/08/30 10:55:44, 0.01887242006889000367, 52.98737503455834170927
2022/08/30 11:15:01, 0.01886693492453731881, 53.00277994277988898884
2022/08/30 11:29:21, 0.01889535301194793541, 52.92306523025416010546
2022/08/30 11:33:47, 0.01889677447609806353, 52.91908422068901700892
2022/08/30 11:44:20, 0.01889677447609811308, 52.91908422068887823778
2022/08/30 11:49:06, 0.01891100959129782679, 52.87924979215093787388
2022/08/30 11:53:26, 0.01891100959129799052, 52.87924979215048006476
2022/08/30 12:01:19, 0.01891526580924149783, 52.86735116941504933868
2022/08/30 12:05:23, 0.01891526580924173886, 52.86735116941437566564
2022/08/30 12:14:20, 0.01889841408258213032, 52.91449301672661217581
2022/08/30 12:18:35, 0.01895220745721810436, 52.76430211400739816648
2022/08/30 12:19:51, 0.01895220745721822186, 52.76430211400707102534
2022/08/30 12:23:11, 0.01895059610975827179, 52.7687886021204271612
2022/08/30 12:42:31, 0.01895061028904486074, 52.7687491192876777766
2022/08/30 12:49:15, 0.01900728466945529431, 52.61140754139385091934
2022/08/30 12:51:38, 0.01900728466945531097, 52.61140754139380480999
2022/08/30 12:59:57, 0.01906386002294522426, 52.45527394747978509196
2022/08/30 13:00:56, 0.01897931178350175014, 52.6889494944319031319
2022/08/30 13:03:41, 0.01897931178349439303, 52.68894949445232740868
2022/08/30 13:11:19, 0.01898638210271205045, 52.66932871097954588491
2022/08/30 13:16:08, 0.01898638210271218566, 52.66932871097917079579
2022/08/30 13:41:27, 0.01898638210271235731, 52.66932871097869462945
2022/08/30 13:42:27, 0.0189859108677368089, 52.67063597666640234371
2022/08/30 13:45:02, 0.01903115736951183879, 52.54541174684483372332
2022/08/30 14:02:39, 0.01903115736951192707, 52.54541174684458999433
2022/08/30 14:49:25, 0.01904222234764178992, 52.51487886989414953962
2022/08/30 15:03:08, 0.01904004250552486697, 52.52089115398923417962
2022/08/30 15:14:07, 0.01904004250552509326, 52.52089115398860997351
2022/08/30 15:19:59, 0.01904100231777037501, 52.5182436991108978779
2022/08/30 15:24:46, 0.01904100231777043462, 52.51824369911073345821
2022/08/30 16:12:37, 0.01904100231778434821, 52.51824369907235747621
2022/08/30 16:16:32, 0.0185285699789737651, 53.97070584156255658102
2022/08/30 16:16:32, 0.0186514426829281896, 53.61515551369695223174
2022/08/30 16:17:08, 0.01870804830836406654, 53.45293017834020320496
2022/08/30 16:23:57, 0.0187363832191324239, 53.37209365886915035405
2022/08/30 16:29:58, 0.01872611112653497949, 53.4013705911952923693
2022/08/30 16:36:41, 0.01875445966375051514, 53.32065108401102773238
2022/08/30 16:38:04, 0.01875729569353544566, 53.31258921000227821658
2022/08/30 16:44:05, 0.01878566778093844506, 53.23207094158697114568
2022/08/30 16:54:54, 0.01876521740296756514, 53.29008337744374899757
2022/08/30 17:17:15, 0.01877935784887894421, 53.24995710967274488794
2022/08/30 17:41:42, 0.01877992489071908806, 53.24834927823344173901
2022/08/30 17:44:58, 0.01877992489071924105, 53.24834927823300796041
2022/08/30 17:57:32, 0.01878261836845016491, 53.24071332246923174194
2022/08/30 18:07:06, 0.01877989931025310897, 53.2484218088452757858
2022/08/30 18:59:25, 0.01880826136569013826, 53.16812546130345857292
2022/08/30 19:27:51, 0.01880826136570424566, 53.16812546126357908254
2022/08/30 19:30:38, 0.018836665492038313, 53.08795234605985120323
2022/08/30 19:32:29, 0.01883666549203838579, 53.08795234605964606203
2022/08/30 19:35:15, 0.01884089570194118238, 53.07603289247919037193
2022/08/30 19:55:55, 0.01884714251673038811, 53.05844104019013434704
2022/08/30 19:59:29, 0.01884714251672920146, 53.05844104019347497968
2022/08/30 20:21:09, 0.01884771035194901653, 53.05684251968522728034
2022/08/30 20:27:25, 0.01884771035194925643, 53.05684251968455195825
2022/08/30 20:34:14, 0.01881008030971065138, 53.16298407741261982839
2022/08/30 20:35:27, 0.01881008030970738419, 53.16298407742185391362
2022/08/30 20:40:10, 0.01881858276865561883, 53.13896441051915744234
2022/08/30 21:06:21, 0.01882425214002501052, 53.12296034718707115103
2022/08/30 21:12:43, 0.01882142149897086609, 53.13094975608929761367
2022/08/30 21:20:06, 0.01881913474208683641, 53.13740582151286126165
2022/08/30 21:33:48, 0.01881913474208691201, 53.13740582151264780077
2022/08/30 21:44:58, 0.01881913474208674902, 53.1374058215131080286
2022/08/30 21:49:54, 0.01881913474208676024, 53.13740582151307634688
2022/08/30 21:49:54, 0.01881913474209793669, 53.13740582148151868605
2022/08/30 21:52:27, 0.01881913474209997135, 53.13740582147577365716
2022/08/30 21:58:48, 0.01881234402340870485, 53.15658690674979928955
2022/08/30 22:19:38, 0.01881032007086195525, 53.16230644841847556192
2022/08/30 22:33:10, 0.01881032007086762318, 53.16230644840245670743
2022/08/30 22:38:02, 0.01871703873922741116, 53.42725491635528351212
2022/08/30 22:44:35, 0.01871278972129905043, 53.43938637122565508
2022/08/30 22:48:11, 0.01876961359839142966, 53.27760184075929885273
2022/08/30 23:01:08, 0.01877245063765181354, 53.26955011373447596908
2022/08/30 23:11:59, 0.01877245063765191149, 53.26955011373419802666
2022/08/30 23:12:55, 0.01877472032642672727, 53.26311032140544378069
2022/08/30 23:27:04, 0.01877472032643935827, 53.2631103213696101681
2022/08/31 00:36:44, 0.01877341670885675514, 53.26680888770923177672
2022/08/31 00:46:25, 0.01877341670885680841, 53.26680888770908062548
2022/08/31 00:57:27, 0.01877341670885705112, 53.26680888770839196692
2022/08/31 01:03:27, 0.0188438852215617722, 53.06761255665939987859
2022/08/31 01:56:25, 0.01877286407013086782, 53.26837696497681420016
2022/08/31 02:14:23, 0.01869397319322931225, 53.49317609817615402602
2022/08/31 02:24:39, 0.01863827532677368523, 53.65303293720050291616
2022/08/31 02:33:01, 0.01863736320562065227, 53.65565874138355580805
2022/08/31 02:48:22, 0.0186387598043292855, 53.65163833313237611257
2022/08/31 03:01:51, 0.01863875980432942579, 53.65163833313197230404
2022/08/31 03:07:58, 0.01863875980432954459, 53.65163833313163033536
2022/08/31 03:23:03, 0.01863875980432974671, 53.6516383331310485322
2022/08/31 03:23:03, 0.0186334207371088701, 53.66701123259015193559
2022/08/31 03:25:16, 0.01863216975745458454, 53.67061448116679308699
2022/08/31 03:30:38, 0.01863185157573370394, 53.67153103035713647355
2022/08/31 03:37:28, 0.01863835093262608822, 53.65281529545183713942
2022/08/31 03:44:25, 0.01863835093262625048, 53.65281529545137007157
2022/08/31 04:22:03, 0.0186383509326264224, 53.65281529545087516165
2022/08/31 04:25:02, 0.01861020596853730126, 53.73395660911089801249
2022/08/31 04:26:41, 0.01859723813914251604, 53.77142522551513310461
2022/08/31 04:42:18, 0.01859657386454839559, 53.77334595521121170666
2022/08/31 04:51:34, 0.0185965738645486344, 53.77334595521052116574
2022/08/31 05:02:53, 0.01859588009912560455, 53.77535210323392671485
2022/08/31 05:22:41, 0.01859863171225948676, 53.76739619726107690816
2022/08/31 05:25:25, 0.01859863171225933045, 53.76739619726152878217
2022/08/31 05:26:12, 0.01858927187639174974, 53.79446847888610820972
2022/08/31 06:21:39, 0.01860217545065351178, 53.75715343900108560838
2022/08/31 06:26:43, 0.0185837915635760631, 53.81033233067379797568
2022/08/31 07:12:36, 0.01858379156358556887, 53.81033233064627353372
2022/08/31 07:18:07, 0.01866706870409091314, 53.57027478989503365823
2022/08/31 07:40:56, 0.01866706870409115705, 53.57027478989433369678
2022/08/31 08:05:16, 0.01866965452864549005, 53.56285508474009347777
2022/08/31 08:18:35, 0.01864654898100923993, 53.62922656725701760815
2022/08/31 08:29:16, 0.01864654898101193127, 53.62922656724927706555
2022/08/31 08:37:26, 0.0186414547686990323, 53.64388200426854121286
2022/08/31 08:54:49, 0.01854279528650946523, 53.9293016262513084322
2022/08/31 09:30:52, 0.01854189345212613101, 53.93192462150264716262
2022/08/31 09:37:05, 0.01858872128713660852, 53.79606184595385825949
2022/08/31 10:35:44, 0.01858872128713668438, 53.79606184595363870852
2022/08/31 11:22:04, 0.01858872128713684482, 53.79606184595317439388
2022/08/31 11:30:50, 0.01860251610307942194, 53.75616902890152982551
2022/08/31 11:46:54, 0.01860251610307958428, 53.75616902890106070627
2022/08/31 11:58:25, 0.01860251610307965756, 53.7561690289008489287
2022/08/31 13:12:07, 0.01864179939199924759, 53.6428903118216948483
2022/08/31 14:07:54, 0.01864179939199935917, 53.64289031182137376423
2022/08/31 14:09:31, 0.01864592877871985298, 53.63101038663602457661
2022/08/31 14:17:30, 0.01862221194175446953, 53.6993136544544230132
2022/08/31 14:28:39, 0.01861873148735383999, 53.70935182556432789892
2022/08/31 14:31:39, 0.01861776361597069926, 53.71214398394120236913
2022/08/31 14:34:54, 0.01861402872303883003, 53.72292129120262651726
2022/08/31 14:38:09, 0.01861137939017207773, 53.73056875773860444026
2022/08/31 15:08:57, 0.01861675082374243577, 53.71506604281739081224
2022/08/31 15:43:24, 0.01862188772869789926, 53.70024857678180906672
2022/08/31 15:43:24, 0.01862188772869814366, 53.70024857678110429969
2022/08/31 16:20:12, 0.01834750773278008901, 54.50331535837842823033
2022/08/31 16:48:07, 0.01834723437201577718, 54.50412741907606775069
2022/08/31 16:53:01, 0.01842911909912725252, 54.26195330450477055624
2022/08/31 17:05:50, 0.01836614312036470285, 54.44801303389509112667
2022/08/31 17:14:21, 0.01829746194699748244, 54.65238856059458870137
2022/08/31 17:14:21, 0.01835634364876690776, 54.47707992038900757066
2022/08/31 17:19:34, 0.01835634364876698384, 54.47707992038878178017
2022/08/31 17:24:16, 0.01835634364876714764, 54.4770799203882956519
2022/08/31 17:28:32, 0.01835634364876911276, 54.477079920382463675
2022/08/31 17:29:20, 0.01835113534783247098, 54.49254125402732451284
2022/08/31 17:41:18, 0.01835073201911614692, 54.49373893958506288688
2022/08/31 17:45:11, 0.01834929556226244661, 54.49800492922580477239
2022/08/31 17:50:21, 0.01834817133113386594, 54.50134413684934682606
2022/08/31 17:53:21, 0.01834871462879009536, 54.49973037517012582943
2022/08/31 17:57:44, 0.01834871462879012066, 54.49973037517005069181
2022/08/31 18:06:05, 0.01814417552971580555, 55.11410525996289910388
2022/08/31 18:17:55, 0.01814417552972890379, 55.11410525992311236358
2022/08/31 18:20:54, 0.01813707083088882349, 55.13569469535969715069
2022/08/31 18:51:35, 0.01813707083088883846, 55.1356946953596516369
2022/08/31 19:00:13, 0.0181411226700667809, 55.12338007889777479493
2022/08/31 19:06:05, 0.01814450446339807752, 55.11310612076762072345
2022/08/31 19:11:39, 0.01814720594045685626, 55.10490172873549152749
2022/08/31 19:20:49, 0.01814720594046910464, 55.10490172869829871857
2022/08/31 19:40:01, 0.01814720594046922361, 55.10490172869793746633
2022/08/31 19:47:35, 0.01814720594046946213, 55.10490172869721317062
2022/08/31 19:51:39, 0.01815401397817912992, 55.08423653314280624603
2022/08/31 20:01:10, 0.01815401397818199556, 55.08423653313411111909
2022/08/31 20:06:25, 0.01814910931831839316, 55.09912263246288394087
2022/08/31 20:18:53, 0.01807853490262935273, 55.31421685363228260702
2022/08/31 20:19:36, 0.01807988523320410041, 55.3100856062669227592
2022/08/31 20:21:57, 0.0181068613897263962, 55.22768294716097695908
2022/08/31 20:24:48, 0.01810262968898193953, 55.24059306193752583182
2022/08/31 20:26:01, 0.01810262968897230526, 55.24059306196692504029
2022/08/31 20:28:12, 0.01810262968898542931, 55.24059306192687668711
2022/08/31 20:33:23, 0.01782946007947916258, 56.08694798060380643706
2022/08/31 20:34:12, 0.01785645199703383238, 56.0021666211244996039
2022/08/31 20:34:12, 0.01801839150360886991, 55.4988495948548943303
2022/08/31 20:37:48, 0.01802110401324111123, 55.49049599099168232508
2022/08/31 20:38:39, 0.01802077730062515327, 55.49150202113142510113
2022/08/31 21:03:07, 0.0180234939623959548, 55.48313784698962495942
2022/08/31 21:07:06, 0.01800045886393385985, 55.55413934494877657132
2022/08/31 21:09:04, 0.01800045886392682504, 55.5541393449704878696
2022/08/31 21:12:47, 0.017996707037974596, 55.56572087826479579479
2022/08/31 21:21:40, 0.01799670703797469824, 55.56572087826448011025
2022/08/31 21:23:03, 0.01799344649706733501, 55.57578978340726293023
2022/08/31 21:34:10, 0.01799344649707283947, 55.57578978339026146425
2022/08/31 21:38:46, 0.0180002176560747758, 55.55488378567003251513
2022/08/31 21:41:54, 0.0179995739552955664, 55.55687053947156914986
2022/08/31 21:48:25, 0.0180402269198992619, 55.43167524666502819711
2022/08/31 22:02:13, 0.01805378807550423814, 55.39003758201976292731
2022/08/31 22:20:16, 0.0180530534696768663, 55.39229148574050703478
2022/08/31 22:21:35, 0.01805282707983942049, 55.39298612773811482677
2022/08/31 22:31:45, 0.01805131608641678292, 55.39762282222058792502
2022/08/31 22:35:42, 0.01805131608642977458, 55.39762282218071785525
2022/08/31 23:23:22, 0.01805229877680042699, 55.39460721119524313641
2022/08/31 23:40:29, 0.01805379357200756818, 55.3900207184434289013
2022/08/31 23:45:59, 0.01805698813399786189, 55.38022136245362441025
2022/09/01 00:00:03, 0.01806436343472873547, 55.35761077954732571137
2022/09/01 00:22:19, 0.01806980064222289981, 55.34095366073627055977
2022/09/01 00:40:46, 0.01806980064223460072, 55.34095366070043509176
2022/09/01 00:44:12, 0.01806089384821032812, 55.36824524878601130428
2022/09/01 00:48:18, 0.01807265180464400336, 55.3322230079725749254
2022/09/01 01:34:11, 0.01807265180464949762, 55.33222300795575338115
2022/09/01 01:37:11, 0.01807187455170773528, 55.33460279058340114445
2022/09/01 01:40:09, 0.01805906240763634655, 55.37386036038869948214
2022/09/01 02:05:40, 0.01805906240763653888, 55.37386036038810975523
2022/09/01 02:14:01, 0.01812701204894063659, 55.16628980551933537886
2022/09/01 02:21:04, 0.01812701204894839144, 55.16628980549573488321
2022/09/01 02:29:15, 0.01812701204894840117, 55.16628980549570527474
2022/09/01 02:30:18, 0.01812904733429998701, 55.16009647721584395791
2022/09/01 02:34:21, 0.01812904733430013509, 55.16009647721539339539
2022/09/01 03:06:48, 0.01812952302978700991, 55.15864914686331082164
2022/09/01 04:13:05, 0.01812952302978702565, 55.15864914686326292062
2022/09/01 04:16:42, 0.01812185000102594809, 55.18200404171682958252
2022/09/01 04:21:28, 0.01812252901044039441, 55.17993649914422535574
2022/09/01 04:23:32, 0.01811613464605831169, 55.19941309431473459427
2022/09/01 04:29:21, 0.01811613464605836247, 55.19941309431457987173
2022/09/01 04:34:43, 0.01811613464605846857, 55.19941309431425657148
2022/09/01 05:26:08, 0.01812903069492700167, 55.16014710482162369657
2022/09/01 05:53:30, 0.01813149562612108654, 55.15264822165871981331
2022/09/01 05:59:12, 0.01811356269961947764, 55.20725086407256556085
2022/09/01 06:09:26, 0.0180957574872669138, 55.26157170837696934462
2022/09/01 06:25:37, 0.0180730706553080197, 55.3309406615030455241
2022/09/01 07:51:01, 0.01805193628048870651, 55.39571957612337369321
2022/09/01 08:17:04, 0.01805600003481573708, 55.38325199777310919731
2022/09/01 08:22:31, 0.01805600003481523792, 55.38325199777464028847
2022/09/01 08:33:50, 0.01805600003481529954, 55.38325199777445128841
2022/09/01 09:15:41, 0.01805600003482010776, 55.38325199775970298518
2022/09/01 09:19:50, 0.01800324632939275012, 55.54553782710643059632
2022/09/01 09:30:29, 0.01801136380505502279, 55.52050421186554379339
2022/09/01 10:11:10, 0.01793147631176693647, 55.76785662337144957646
2022/09/01 10:18:10, 0.01793417217221845354, 55.75947361256430932351
2022/09/01 10:20:55, 0.01793065148598248895, 55.77042199396728593059
2022/09/01 10:23:43, 0.01793065148598410609, 55.77042199396225609508
2022/09/01 10:26:13, 0.01785635137203515577, 56.00248220731703853606
2022/09/01 10:45:34, 0.01785400358799182071, 56.00984647905953591069
2022/09/01 10:58:57, 0.01784507607506118052, 56.03786701685840666468
2022/09/01 11:22:33, 0.01784507607506131002, 56.03786701685799998286
2022/09/01 11:38:32, 0.01785856694141438334, 55.99553442784815347554
2022/09/01 11:56:45, 0.01785856694142164906, 55.99553442782537179763
2022/09/01 12:02:43, 0.01785736591012597193, 55.99930051458220132353
2022/09/01 12:08:45, 0.0177578448604154148, 56.31313979035441851327
2022/09/01 12:09:27, 0.01777774466565497835, 56.2501047690211833248
2022/09/01 12:10:53, 0.01775196837253561867, 56.33178129965111489137
2022/09/01 12:18:21, 0.01775196837254073504, 56.3317812996348792675
2022/09/01 12:22:44, 0.01772644080271089744, 56.41290381581114713015
2022/09/01 12:36:40, 0.01773989689834093352, 56.37011340767835948548
2022/09/01 12:50:55, 0.0177398968983527053, 56.37011340764095360893
2022/09/01 12:58:11, 0.01773989689835197185, 56.37011340764328421626
2022/09/01 13:09:44, 0.01776673891034473565, 56.28494936781825941509
2022/09/01 13:27:56, 0.01776673891034361567, 56.28494936782180751983
2022/09/01 13:32:49, 0.01776673891034371035, 56.28494936782150755588
2022/09/01 13:38:30, 0.01776673891034643151, 56.28494936781288693451
2022/09/01 13:49:26, 0.01770809330286572484, 56.47135368538907794433
2022/09/01 14:14:49, 0.01773491174641062079, 56.38595862775525722811
2022/09/01 14:24:25, 0.01776175045199983484, 56.30075721998491336535
2022/09/01 14:44:00, 0.01776044861401424445, 56.30488405630303679786
2022/09/01 15:37:03, 0.01776044861402342812, 56.30488405627392234817
2022/09/01 15:39:01, 0.01776044861402356593, 56.30488405627348548433
2022/09/01 15:42:32, 0.01769635359264779458, 56.5088166194568144082
2022/09/01 15:43:09, 0.01758493764362708428, 56.86684936084533903123
2022/09/01 15:50:47, 0.01758534033870310194, 56.86554713980297168176
2022/09/01 15:55:50, 0.01758534033870325048, 56.8655471398024913705
2022/09/01 16:18:35, 0.01758333513242486618, 56.8720320956592569224
2022/09/01 16:36:34, 0.01758333513242508082, 56.87203209565856270002
2022/09/01 16:45:21, 0.01758570206448806432, 56.86437745464618753516
2022/09/01 16:46:49, 0.01758570206448813598, 56.86437745464595579787
2022/09/01 16:57:37, 0.01758570206448837013, 56.86437745464519865552
2022/09/01 17:02:13, 0.01758389855640926334, 56.87020979972065689383
2022/09/01 18:01:05, 0.01757069190783925526, 56.91295512124054812675
2022/09/01 18:21:11, 0.01757082605193965919, 56.91252062048665641603
2022/09/01 18:34:56, 0.01757216951068659344, 56.90816944326911540118
2022/09/01 18:36:50, 0.01757036673220892469, 56.91400841206467189095
2022/09/01 19:26:02, 0.01756963449388254519, 56.91638038049017951936
2022/09/01 19:30:30, 0.0175696344938814726, 56.9163803804936541287
2022/09/01 19:38:07, 0.0175696344938816636, 56.91638038049303540127
2022/09/01 19:43:51, 0.01756331634932221382, 56.93685521063856563049
2022/09/01 19:50:46, 0.01761701817503424931, 56.76329501760622985705
2022/09/01 19:52:25, 0.01761701817503756728, 56.76329501759553910842
2022/09/01 19:53:42, 0.01750779420735391325, 57.11741800003357720638
2022/09/01 19:56:15, 0.01750749990581568106, 57.11837814534659687769
2022/09/01 20:19:56, 0.01750864919663047586, 57.11462881970638377111
2022/09/01 20:33:58, 0.01750520953930803366, 57.12585146464514506428
2022/09/01 20:38:37, 0.01751055504756352208, 57.10841245658534313508
2022/09/01 20:41:22, 0.0175105550475699504, 57.10841245656437799163
2022/09/01 20:44:49, 0.01720287006383356027, 58.12983509666501392698
2022/09/01 21:12:15, 0.01720305454890171153, 58.12921171396521805932
2022/09/01 21:43:20, 0.01720297706805822811, 58.12947352332163386414
2022/09/01 21:48:24, 0.01721367056647915137, 58.09336225751518694767
2022/09/01 22:06:42, 0.01721073288606235868, 58.10327814742988952585
2022/09/01 22:23:57, 0.01720714416823156285, 58.1153961530836308264
2022/09/01 22:57:01, 0.01720714416823837157, 58.11539615306063506517
2022/09/01 23:00:04, 0.01714522363066396034, 58.32528181268606327283
2022/09/01 23:11:02, 0.01715412590288932257, 58.29501343647984428451
2022/09/01 23:12:06, 0.01716348513231686039, 58.26322523023692225007
2022/09/01 23:20:36, 0.01716339332764773374, 58.26353687234710434157
2022/09/01 23:51:06, 0.01716569557283131394, 58.25572262756025100319
2022/09/02 00:05:33, 0.01716569557283239496, 58.25572262755658229352
2022/09/02 00:21:43, 0.01717907130931702704, 58.21036434359827481283
2022/09/02 00:34:03, 0.01717960644681589456, 58.20855111528717027747
2022/09/02 00:42:48, 0.01717933927794600173, 58.20945636039397916027
2022/09/02 00:51:44, 0.01717967465952111693, 58.20831999550071682098
2022/09/02 01:44:37, 0.0171807881263504994, 58.20454758220789091805
2022/09/02 02:05:51, 0.0171955449156555682, 58.15459788596502846672
2022/09/02 02:12:29, 0.01720035733477025411, 58.13832704385248990679
2022/09/02 02:22:17, 0.01719957589514460216, 58.14096848064128911494
2022/09/02 02:30:05, 0.0171995758951446353, 58.14096848064117709839
2022/09/02 02:40:41, 0.01719957589514956132, 58.14096848062452532314
2022/09/02 02:43:59, 0.01718696092090508548, 58.18364308861992977328
2022/09/02 02:52:22, 0.01716439307625538807, 58.26014328367744578061
2022/09/02 03:04:40, 0.01714372330655001186, 58.33038611967887273605
2022/09/02 03:18:06, 0.01714372330655021263, 58.33038611967818963383
2022/09/02 03:51:46, 0.01714364165607827216, 58.33066393133866918904
2022/09/02 03:56:45, 0.01721003650357252369, 58.10562922352990148249
2022/09/02 04:47:58, 0.01723667292990053292, 58.01583658672872814185
2022/09/02 04:51:26, 0.01720914791874652709, 58.10862947552824525825
2022/09/02 04:55:00, 0.01720914791874666428, 58.10862947552778201361
2022/09/02 05:01:36, 0.01720914791874621541, 58.10862947552929769351
2022/09/02 05:20:41, 0.01720887751851038006, 58.1095425267784190281
2022/09/02 05:28:36, 0.01720635282678034178, 58.11806895204300646759
2022/09/02 05:54:39, 0.01725123407256596936, 57.96686751762674296625
2022/09/02 06:08:11, 0.01725123407256926697, 57.9668675176156624993
2022/09/02 06:09:31, 0.0172577415026815624, 57.9450097710999345118
2022/09/02 06:11:28, 0.01725540684632269145, 57.95284973029253783624
2022/09/02 06:11:28, 0.01725506179203064734, 57.95400862962171095198
2022/09/02 06:12:11, 0.01726233930993395349, 57.92957617421703005884
2022/09/02 06:21:19, 0.01726233930993478806, 57.92957617421422937409
2022/09/02 06:21:50, 0.01729566228421766128, 57.81796519653963819042
2022/09/02 06:28:11, 0.01729467810154084669, 57.82125542486427139063
2022/09/02 06:29:17, 0.01729315404749106477, 57.82635124013612598504
2022/09/02 07:00:14, 0.01729315404749128519, 57.82635124013538892684
2022/09/02 07:08:57, 0.01730094505464590157, 57.80031072530719619167
2022/09/02 07:49:36, 0.01730354244606991663, 57.79163446541121072244
2022/09/02 07:51:00, 0.01730354244607006024, 57.79163446541073108196
2022/09/02 07:52:23, 0.0173057948639598043, 57.7841126548050519518
2022/09/02 08:08:28, 0.01730579486395986599, 57.78411265480484596072
2022/09/02 08:41:40, 0.01730385036222552179, 57.7906060828525187629
2022/09/02 08:53:15, 0.0173006446466839024, 57.80131436846053016382
2022/09/02 09:00:34, 0.01730142313141920343, 57.79871357426144096582
2022/09/02 09:09:54, 0.01730791118511442266, 57.77704711473471756738
2022/09/02 09:13:10, 0.01728194328275227875, 57.86386308755102681408
2022/09/02 09:16:14, 0.01727927290163119295, 57.87280551056047548765
2022/09/02 09:16:14, 0.01727927290163116962, 57.87280551056055362246
2022/09/02 10:19:02, 0.01728031004824932647, 57.8693320436869307123
2022/09/02 10:40:55, 0.01727912847186482427, 57.8732892476767658079
2022/09/02 10:56:38, 0.01727912847186496331, 57.87328924767630013403
2022/09/02 11:05:35, 0.01727912847186509097, 57.87328924767587255158
2022/09/02 11:39:14, 0.01727912847186525978, 57.87328924767530714673
2022/09/02 11:58:06, 0.01727463203336806226, 57.88835316829775749863
2022/09/02 12:46:51, 0.01727909244564637257, 57.87340991117616626545
2022/09/02 13:16:49, 0.01727909244564648301, 57.87340991117579633475
2022/09/02 13:32:32, 0.01732379501897539601, 57.72407252017602752995
2022/09/02 13:43:29, 0.0173079716797248392, 57.77684517310799777328
2022/09/02 15:10:28, 0.01725570250773629023, 57.95185675875367096516
2022/09/02 15:15:33, 0.01718611538230102613, 58.18650566199744262375
2022/09/02 15:52:07, 0.01718745032461575666, 58.181986339637961427
2022/09/02 16:01:43, 0.01731606422556301151, 57.74984355415707481877
2022/09/02 16:11:15, 0.0172506751685957919, 57.96874558396778287159
2022/09/02 16:37:39, 0.01724980355364487334, 57.97167468546043751396
2022/09/02 17:05:49, 0.01724980355364631648, 57.97167468545558754429
2022/09/02 17:16:43, 0.01725109153958548194, 57.96734645487995086767
2022/09/02 17:19:56, 0.01725145217564844827, 57.96613466613351698609
2022/09/02 17:24:25, 0.01724926164146781281, 57.97349595509444426279
2022/09/02 17:26:04, 0.01725183368171058117, 57.96485280635086752861
2022/09/02 18:18:31, 0.0172512908631445689, 57.96667669295327104899
2022/09/02 18:47:45, 0.01722563409528326521, 58.05301531824716263347
2022/09/02 18:58:22, 0.01722563409529011528, 58.05301531822407686322
2022/09/02 19:00:24, 0.01722363828696542151, 58.05974227621723034728
2022/09/02 19:49:36, 0.01722064671630333709, 58.06982841435728500935
2022/09/02 19:54:22, 0.01722064671630340028, 58.06982841435707192598
2022/09/02 20:00:04, 0.01721950830251832967, 58.07366751893556449846
2022/09/02 21:39:06, 0.01723513866618093774, 58.02100112848037884234
2022/09/02 22:13:56, 0.01723513866618112848, 58.02100112847973674207
2022/09/02 23:03:43, 0.01723983715454902019, 58.00518827616264502451
2022/09/03 00:27:19, 0.01723983715454956306, 58.00518827616081851338
2022/09/03 00:32:39, 0.01724240808364589697, 57.99653941310444803874
2022/09/03 00:40:08, 0.01726812791430070758, 57.91015708030769090416
2022/09/03 00:43:41, 0.01726812791430070881, 57.91015708030768678038
2022/09/03 00:43:43, 0.01726812791430072345, 57.91015708030763766052
2022/09/03 02:11:10, 0.01728100111254671871, 57.86701785893404082801
2022/09/03 02:22:51, 0.01727389913981177602, 57.89080924382984667074
2022/09/03 02:33:08, 0.01728676968856347748, 57.84770769877131017219
2022/09/03 03:14:35, 0.01728428376661635813, 57.85602767824518758659
2022/09/03 03:22:26, 0.01728428376661613087, 57.85602767824594828462
2022/09/03 03:34:24, 0.01728352907885751019, 57.85855396993394640274
2022/09/03 03:53:08, 0.0172843000267264715, 57.8559732505056021862
2022/09/03 04:04:23, 0.01727784657058923234, 57.87758306073999685782
2022/09/03 04:14:33, 0.01727784657057648722, 57.87758306078269065935
2022/09/03 04:20:59, 0.01726874044705998445, 57.90810297170519597777
2022/09/03 04:24:06, 0.01726698271376100424, 57.9139978638563893315
2022/09/03 05:07:04, 0.01715393146072766676, 58.29567421843832968489
2022/09/03 05:07:11, 0.01704947122999257766, 58.65284538800534645502
2022/09/03 05:08:22, 0.01678997492495070463, 59.55935041415411762803
2022/09/03 05:09:20, 0.01670135151137021379, 59.87539387571143395548
2022/09/03 05:15:31, 0.01670135151138067469, 59.87539387567393094955
2022/09/03 05:21:48, 0.01663896999837706897, 60.09987397642630224596
2022/09/03 05:21:48, 0.01663361498688794699, 60.11922247739210220225
2022/09/03 05:32:02, 0.01668404919166538441, 59.93748810687731146953
2022/09/03 05:34:51, 0.01668428628027507254, 59.93663637756238964059
2022/09/03 05:53:05, 0.01668433663922363705, 59.93645546860246302136
2022/09/03 06:11:11, 0.01667814990942735631, 59.95868878926121636239
2022/09/03 06:19:59, 0.01667601205852652098, 59.96637544338398591632
2022/09/03 06:30:12, 0.01667601205852662803, 59.96637544338360096573
2022/09/03 06:37:17, 0.01667664032012549977, 59.96411632103093274972
2022/09/03 06:40:33, 0.01668606424410857595, 59.93024990018688891348
2022/09/03 06:47:41, 0.01668606424411525042, 59.93024990016291665388
2022/09/03 06:54:16, 0.01663130962344388574, 60.12755595568832705141
2022/09/03 07:01:34, 0.01661671405755874691, 60.18036998988448105342
2022/09/03 07:04:37, 0.01660630042039453531, 60.21810846995635827257
2022/09/03 07:06:46, 0.01661460021585091174, 60.18802661564886181227
2022/09/03 07:34:39, 0.01657644311128089074, 60.32657267224369291687
2022/09/03 07:45:42, 0.01659353180220009319, 60.26444592509308977663
2022/09/03 07:58:12, 0.01699060677918639611, 58.85604987486418133434
2022/09/03 07:59:58, 0.01699060677918656633, 58.85604987486359167987
2022/09/03 08:07:22, 0.0168930880026813425, 59.19580835909194123783
2022/09/03 08:15:49, 0.016892056036955952, 59.19942473623275348935
2022/09/03 08:31:23, 0.01688214180730621948, 59.2341902712380964081
2022/09/03 08:44:20, 0.01689713422438290964, 59.18163321191942626377
2022/09/03 08:46:34, 0.01689713422438298523, 59.18163321191916151
2022/09/03 08:52:02, 0.01689622373751471816, 59.18482233279724338106
2022/09/03 09:38:23, 0.01689636134020302509, 59.18434033608233036692
2022/09/03 10:52:51, 0.01689123176063314057, 59.2023136128301287172
2022/09/03 11:22:18, 0.01689123176064082816, 59.20231361280318437094
2022/09/03 11:32:08, 0.01686720743190548131, 59.28663674986478906332
2022/09/03 11:51:26, 0.01686720743190569082, 59.28663674986405267263
2022/09/03 12:25:59, 0.01686720743190578335, 59.28663674986372741642
2022/09/03 12:28:09, 0.01686553180919085304, 59.29252699016885420732
2022/09/03 12:46:58, 0.01686553180919574843, 59.29252699015164396338
2022/09/03 12:49:24, 0.01665495348853961618, 60.04219709698418694762
2022/09/03 12:58:24, 0.01665495348854989244, 60.04219709694714035678
2022/09/03 13:02:24, 0.01660765006995712325, 60.21321474065606605381
2022/09/03 13:05:30, 0.0166076500699626679, 60.21321474063596318744
2022/09/03 13:08:01, 0.01642486473191301184, 60.88330201325983904485
2022/09/03 13:08:10, 0.01642611290385890426, 60.87867567043661432392
2022/09/03 13:35:55, 0.01642673700758028001, 60.87636269689714549128
2022/09/03 14:13:49, 0.01642673700759125212, 60.87636269685648357931
2022/09/03 14:15:41, 0.01634569974145245914, 61.17817014979263332584
2022/09/03 14:16:16, 0.01644736663353240289, 60.80000660781949633639
2022/09/03 14:16:56, 0.01644736663353846498, 60.80000660779708693966
2022/09/03 14:29:42, 0.0164451318600881419, 60.80826888515080860507
2022/09/03 14:36:29, 0.0164626661626293296, 60.74350230523567339557
2022/09/03 14:48:24, 0.01646266616262808009, 60.74350230524028380796
2022/09/03 15:11:09, 0.01645389095244839054, 60.77589810762644358245
2022/09/03 15:31:55, 0.01645356242948000185, 60.77711160036021362837
2022/09/03 15:34:55, 0.01645256675912865031, 60.78078968712607867842
2022/09/03 15:54:36, 0.0164248019293166416, 60.88353480933607063697
2022/09/03 16:14:15, 0.01642480192932477504, 60.88353480930592155627
2022/09/03 16:16:27, 0.01640480322624465441, 60.95775646977494665151
2022/09/03 16:18:05, 0.01640892329606415814, 60.94245076030429423439
2022/09/03 16:25:13, 0.01640892329606416594, 60.94245076030426526178
2022/09/03 16:32:52, 0.0164094224968974804, 60.94059679364519965816
2022/09/03 16:45:13, 0.01640515835555338584, 60.95643689178321077713
2022/09/03 16:51:30, 0.01640515835555345536, 60.95643689178295243683
2022/09/03 16:55:33, 0.01635772346899274202, 61.13320119976187031514
2022/09/03 17:02:20, 0.01637001433692222693, 61.0873014169890367522
2022/09/03 17:09:44, 0.01631165025908750382, 61.30587550103231412904
2022/09/03 17:24:06, 0.01631164491074332272, 61.30589560231114268968
2022/09/03 17:41:29, 0.01631183210320034916, 61.30519206385173497915
2022/09/03 18:03:39, 0.01624281418583399414, 61.56568612797035321692
2022/09/03 18:08:07, 0.01624281418583418267, 61.56568612796963863805
2022/09/03 18:12:02, 0.01624281418583428221, 61.5656861279692613307
2022/09/03 18:37:24, 0.01624529964895134973, 61.55626683466875884581
2022/09/03 18:40:46, 0.01624529964895567306, 61.55626683465237699654
2022/09/03 18:50:50, 0.01624556014506222546, 61.55527978540931342247
2022/09/03 18:55:02, 0.01624556014506192652, 61.55527978541044609871
2022/09/03 19:16:04, 0.01624469057079113865, 61.55857482432173112686
2022/09/03 20:54:39, 0.01627206283372261783, 61.45502326401885177514
2022/09/03 21:06:38, 0.01627305914619414025, 61.45126070127231607063
2022/09/03 21:06:38, 0.01627305914619428184, 61.45126070127178139118
2022/09/03 21:09:40, 0.0162762362936182863, 61.43926531664373789772
2022/09/03 21:11:47, 0.01627623629361843048, 61.43926531664319366107
2022/09/03 21:16:10, 0.01628120064842556669, 61.42053166679095813548
2022/09/03 21:46:06, 0.01630603377121945771, 61.3269918381393323465
2022/09/03 21:52:39, 0.01630603377123123754, 61.32699183809502840934
2022/09/03 22:00:46, 0.01630536692990421808, 61.3294999308472634951
2022/09/03 22:11:55, 0.01630525159774580845, 61.32993373363520613607
2022/09/03 22:19:32, 0.01631217855597253546, 61.30389000884620303309
2022/09/03 22:48:52, 0.01633217143289121515, 61.2288454177078298283
2022/09/03 22:54:44, 0.01640952950125286061, 60.94019940813357413935
2022/09/04 00:07:47, 0.01640952950126209272, 60.94019940809928878488
2022/09/04 00:21:07, 0.01640952950127377299, 60.94019940805591163966
2022/09/04 00:33:21, 0.01641992205717213732, 60.90162891870763507532
2022/09/04 00:34:24, 0.01636336663109865849, 61.11211846219317107657
2022/09/04 01:48:57, 0.016363366631109638, 61.11211846215216601577
2022/09/04 02:48:41, 0.01636386815152349026, 61.11024549576923449311
2022/09/04 02:52:41, 0.01636322359690074424, 61.11265265539754284831
2022/09/04 02:58:44, 0.01636343255974629329, 61.1118722400567336921
2022/09/04 04:24:29, 0.01636269976033071537, 61.11460911996764887907
2022/09/04 04:59:13, 0.0163626997603366266, 61.11460911994557046212
2022/09/04 04:59:50, 0.0163529483164392683, 61.15105243711444022434
2022/09/04 05:36:10, 0.01660834411523336874, 60.21069849358360944072
2022/09/04 05:42:40, 0.01683988962285226941, 59.38281202526220724605
2022/09/04 05:45:05, 0.01678750921460606619, 59.56809835314606486642
2022/09/04 05:50:43, 0.01672134552563711705, 59.80379978792992373486
2022/09/04 05:59:03, 0.01674708031793497928, 59.71190088155654780937
2022/09/04 07:28:11, 0.01674708031793779432, 59.71190088154651072478
2022/09/04 07:45:26, 0.01674836775754848031, 59.70731085417565777298
2022/09/04 07:47:04, 0.01672270350016050019, 59.79894339395554423915
2022/09/04 07:47:57, 0.01672270350014986736, 59.79894339399356630339
2022/09/04 07:51:56, 0.01672382301280771547, 59.79494038140462363504
2022/09/04 08:07:25, 0.0167048883415138251, 59.86271680217518393724
2022/09/04 08:20:53, 0.01670488834151397357, 59.86271680217465189488
2022/09/04 09:02:14, 0.01670488834151852235, 59.86271680215835111631
2022/09/04 09:02:46, 0.01661900860074149259, 60.17206104312280471866
2022/09/04 09:04:26, 0.01659686156470193958, 60.25235530835488065835
2022/09/04 09:16:17, 0.01659794185650712249, 60.2484337302312010246
2022/09/04 09:21:27, 0.01630516949945194833, 61.33024253649200896997
2022/09/04 09:32:28, 0.01630306190235380467, 61.33817107420919052777
2022/09/04 09:54:25, 0.01607287024082210448, 62.21664114852279305745
2022/09/04 09:54:48, 0.01608299620459554125, 62.17746912818774872644
2022/09/04 09:54:48, 0.01619077586295118489, 61.76356268931292012708
2022/09/04 10:59:05, 0.0161907758629513051, 61.76356268931246156604
2022/09/04 11:02:14, 0.01619331595227706331, 61.75387443480237402428
2022/09/04 11:03:03, 0.01619119578450683549, 61.76196084027890142494
2022/09/04 11:05:01, 0.01619119578449872935, 61.76196084030982264387
2022/09/04 11:14:20, 0.01619119578449873449, 61.76196084030980302056
2022/09/04 11:38:02, 0.01620486697242415094, 61.7098555453557046817
2022/09/04 11:54:23, 0.01620613682810450017, 61.70502017888749710347
2022/09/04 12:11:46, 0.01621246747808634212, 61.68092558098603441534
2022/09/04 12:17:30, 0.016210413998126822, 61.68873911027528284213
2022/09/04 12:40:42, 0.01621213603904761486, 61.68218657871225201366
2022/09/04 12:46:59, 0.01621355635842101756, 61.676783174138024698
2022/09/04 13:42:23, 0.01621152658644837174, 61.68450544539867622311
2022/09/04 14:07:15, 0.01621152658644841029, 61.68450544539852955806
2022/09/04 14:12:38, 0.01621152658644842371, 61.68450544539847849459
2022/09/04 14:29:16, 0.01620940370709503386, 61.69258401296335332928
2022/09/04 15:11:00, 0.01621193947202429878, 61.68293446478895043275
2022/09/04 15:18:34, 0.01621081418457141447, 61.68721623814222064186
2022/09/04 15:21:32, 0.01621081418457151899, 61.68721623814182288266
2022/09/04 15:28:27, 0.01621081418457779988, 61.68721623811792214707
2022/09/04 15:29:06, 0.0162038792678403194, 61.71361705864411203041
2022/09/04 15:31:03, 0.0161367652520521633, 61.97028861610457202147
2022/09/04 15:38:13, 0.015934474615417728, 62.75701108039228810078
2022/09/04 15:40:56, 0.01594383210613818932, 62.72017877151451365835
2022/09/04 15:50:50, 0.01595351949411053225, 62.68209346339935635343
2022/09/04 16:05:27, 0.01595351949411373451, 62.68209346338677453329
2022/09/04 16:06:33, 0.01594374325262182049, 62.72052830727552223269
2022/09/04 16:23:16, 0.01594374325262187668, 62.72052830727530119564
2022/09/04 16:38:55, 0.01590098235283848463, 62.88919626537979163814
2022/09/04 16:41:50, 0.01589499079304420211, 62.91290212244787408997
2022/09/04 16:52:22, 0.0158868489135232867, 62.94514446781040164886
2022/09/04 16:54:40, 0.01598190343626648946, 62.57076974515925547524
2022/09/04 17:09:43, 0.01628911858814304178, 61.39067590360025244524
2022/09/04 17:18:56, 0.01649887433785265125, 60.61019555168945106518
2022/09/04 17:27:00, 0.01649887433785779225, 60.61019555167056510196
2022/09/04 17:29:37, 0.01646339431352723864, 60.74081571248916093392
2022/09/04 18:09:26, 0.016464675927339026, 60.73608763471223390493
2022/09/04 18:29:30, 0.01643878725275592432, 60.83173804882427281815
2022/09/04 18:34:42, 0.01643353264236780289, 60.85118895385090972635
2022/09/04 19:22:31, 0.01644108699834343528, 60.82322902985414620929
2022/09/04 19:28:13, 0.01645004979356876185, 60.79008954677787924836
2022/09/04 19:30:59, 0.01645004979356889437, 60.79008954677738950497
2022/09/04 19:31:54, 0.01645260681627739077, 60.78064170418573083935
2022/09/04 19:40:12, 0.0163090184359349215, 61.31576856867257379444
2022/09/04 19:56:35, 0.01630484807890251479, 61.33145155114566151884
2022/09/04 20:24:48, 0.01630365295095902801, 61.33594741055728301701
2022/09/04 22:11:34, 0.01631002626751474677, 61.31197973554065866132
2022/09/04 22:14:55, 0.01630959140863330938, 61.313614482742994848
2022/09/04 22:27:23, 0.01630959140863331798, 61.31361448274296250497
2022/09/04 22:33:54, 0.01630959140863486088, 61.31361448273716219156
2022/09/04 22:45:07, 0.01631419405981602296, 61.29631634474238407943
2022/09/04 22:54:29, 0.01631419405981611466, 61.29631634474203957004
2022/09/04 23:09:00, 0.01631419405982264864, 61.2963163447174898512
2022/09/04 23:11:06, 0.01630185071650329754, 61.34272834357651809992
2022/09/04 23:34:56, 0.01617088057839375395, 61.8395513560418325122
2022/09/04 23:36:15, 0.0162446223187490112, 61.55883346366463330196
2022/09/04 23:44:37, 0.01623821736968433436, 61.58311452751784865656
2022/09/04 23:45:54, 0.01623800604003568343, 61.58391600141334068247
2022/09/04 23:59:15, 0.01623660300206860625, 61.58923759314655398698
2022/09/05 00:01:34, 0.01623654397977604129, 61.58946147933838173603
2022/09/05 00:39:47, 0.01622035818428183818, 61.6509197046609693453
2022/09/05 00:49:56, 0.01622175355004142036, 61.64561660458998998148
2022/09/05 00:52:28, 0.01622175355004151498, 61.64561660458963043177
2022/09/05 00:58:43, 0.01622302206188629891, 61.64079640558209490719
2022/09/05 01:14:25, 0.01622149071811297139, 61.64661542994914877105
2022/09/05 01:30:04, 0.01622644520861324377, 61.6277926029778105414
2022/09/05 01:41:02, 0.01622632317591297348, 61.6282560848067810339
2022/09/05 01:42:07, 0.01623266613099674963, 61.60417468886831971635
2022/09/05 02:35:57, 0.01623067479135234704, 61.61173289805528505514
2022/09/05 02:42:17, 0.01623067479134596848, 61.61173289807949813281
2022/09/05 02:54:35, 0.01623000160055390427, 61.61428844011152668331
2022/09/05 02:56:12, 0.01623101793386976594, 61.6104303546648879231
2022/09/05 03:51:10, 0.01623122089626727589, 61.60965995047063052041
2022/09/05 03:54:34, 0.01623122089626740751, 61.60965995047013093019
2022/09/05 04:00:22, 0.01623122089626758866, 61.60965995046944333785
2022/09/05 04:40:40, 0.01592976357183526547, 62.77557074155559251167
2022/09/05 04:44:25, 0.01592976357183954293, 62.77557074153873599302
2022/09/05 04:54:32, 0.01592976357185159892, 62.77557074149122610548
2022/09/05 05:26:28, 0.01593026487606014229, 62.77359527792855089825
2022/09/05 05:27:35, 0.01587541358255229747, 62.99048492815577687973
2022/09/05 05:39:47, 0.01587566380506097621, 62.98949211063613471296
2022/09/05 05:41:48, 0.01587566380506108033, 62.98949211063572159817
2022/09/05 05:57:06, 0.01583601390232830041, 63.14720397239448866917
2022/09/05 06:12:42, 0.01583601390232839998, 63.14720397239409162448
2022/09/05 06:13:43, 0.01583403550176002483, 63.15509396760197149403
2022/09/05 06:51:16, 0.01583193153215919667, 63.16348690421715143201
2022/09/05 07:08:35, 0.01579958448375829062, 63.29280374607214032292
2022/09/05 07:14:21, 0.01584954317941538678, 63.09330109266185034019
2022/09/05 08:11:43, 0.01583226002497729592, 63.16217636789565290149
2022/09/05 09:08:43, 0.01583226002497743041, 63.1621763678951163604
2022/09/05 09:56:56, 0.0158335093072250038, 63.15719279892607520649
2022/09/05 10:16:41, 0.01587101069077043978, 63.00795957383708127365
2022/09/05 10:48:13, 0.01532996029223850229, 65.23174104412364387228
2022/09/05 10:48:36, 0.01533487762021596543, 65.21082363785546248762
2022/09/05 10:56:53, 0.01540873214536270744, 64.89826616273242487486
2022/09/05 11:03:03, 0.01541809967796011232, 64.85883610089001191842
2022/09/05 11:05:10, 0.01541809967796011826, 64.85883610088998693268
2022/09/05 11:24:30, 0.01522977727437409124, 65.66084204544597954175
2022/09/05 11:26:14, 0.01522977727438596955, 65.66084204539476799849
2022/09/05 11:30:19, 0.01525440744910304243, 65.55482429170330675102
2022/09/05 11:36:59, 0.01526669215247482242, 65.50207405851790875603
2022/09/05 11:47:05, 0.01526669215248658658, 65.50207405846743439679
2022/09/05 11:49:46, 0.01525845135642942441, 65.53745046863041683368
2022/09/05 12:11:56, 0.01525920249713753635, 65.53422435986345519833
2022/09/05 12:18:08, 0.01532863070755627742, 65.23739915705896117567
2022/09/05 12:29:13, 0.01533709271306967038, 65.20140542332635981644
2022/09/05 13:03:45, 0.01521915281900305054, 65.70667972736121317505
2022/09/05 13:15:30, 0.01521915281900322942, 65.7066797273604409138
2022/09/05 13:23:43, 0.01521915281900648636, 65.70667972734637950297
2022/09/05 13:31:09, 0.01523161298396526313, 65.65292861975467965122
2022/09/05 13:54:12, 0.01524266936769102255, 65.60530677911576151535
2022/09/05 14:13:27, 0.01525572365739607841, 65.5491684601400871813
2022/09/05 14:21:56, 0.01525514419812577663, 65.55165831358437437146
2022/09/05 14:38:36, 0.01527527601975288963, 65.46526548566924984933
2022/09/05 14:46:11, 0.01527527601975645316, 65.46526548565397762384
2022/09/05 14:50:37, 0.01527527601976420333, 65.46526548562076272051
2022/09/05 14:54:03, 0.01527262650726899775, 65.4766224738129082665
2022/09/05 14:58:38, 0.01527082022917633173, 65.48436724370616177049
2022/09/05 15:03:07, 0.01522318970632730544, 65.68925562192554269669
2022/09/05 15:09:09, 0.01522318970632745975, 65.68925562192487680822
2022/09/05 15:11:46, 0.01522318970632761744, 65.6892556219241963675
2022/09/05 15:15:06, 0.01522318970632630144, 65.68925562192987503791
2022/09/05 15:33:12, 0.01526069994954896874, 65.52779383029250130302
2022/09/05 15:35:26, 0.01526315516475767278, 65.51725309777237097141
2022/09/05 15:37:40, 0.01526315516475778052, 65.51725309777190849457
2022/09/05 15:50:09, 0.01526315516476701601, 65.5172530977322650676
2022/09/05 15:58:37, 0.01526315516476718845, 65.51725309773152486792
2022/09/05 16:15:39, 0.01521273474019961362, 65.7344006240707329028
2022/09/05 16:19:41, 0.0152127347402100523, 65.73440062402562721164
2022/09/05 16:26:54, 0.01521095594172619324, 65.74208773143790020055
2022/09/05 16:34:58, 0.01521095594172957472, 65.74208773142328534708
2022/09/05 16:36:26, 0.01514314251675343808, 66.03649136192581765314
2022/09/05 16:37:06, 0.01523557525431270317, 65.63585445957690649733
2022/09/05 16:46:44, 0.0152360665175612111, 65.63373813361815331553
2022/09/05 16:47:54, 0.01518850333875555289, 65.8392718292632967017
2022/09/05 16:51:03, 0.01518850333875566626, 65.83927182926280525976
2022/09/05 17:03:03, 0.01519452087197568264, 65.81319729826887317848
2022/09/05 17:23:48, 0.01521905528586439352, 65.70710081648824285492
2022/09/05 17:33:23, 0.01521905528587002882, 65.70710081646391289067
2022/09/05 17:41:26, 0.01522280303923569167, 65.69092416308423317117
2022/09/05 18:11:52, 0.01522280303924549818, 65.69092416304191518224
2022/09/05 18:13:49, 0.01522525815891088188, 65.68033129965223780798
2022/09/05 18:20:39, 0.01522525815891645807, 65.68033129962818263496
2022/09/05 18:52:51, 0.01522501054845841676, 65.68139948522093764876
2022/09/05 19:15:49, 0.0152212589635274732, 65.6975879850777809133
2022/09/05 19:34:38, 0.01522616919838354445, 65.67640139623320245995
2022/09/05 19:41:10, 0.01522127358152197628, 65.69752489134420546219
2022/09/05 19:44:32, 0.01522127358152747079, 65.69752489132049027043
2022/09/05 19:53:30, 0.01522127358152763335, 65.69752489131978864022
2022/09/05 20:03:53, 0.0152469840306553794, 65.58674148208023019765
2022/09/05 20:10:49, 0.01524772103143066612, 65.58357133755691530756
2022/09/05 20:19:29, 0.01524781496130889492, 65.58316732839985392221
2022/09/05 20:45:09, 0.01525888674780898704, 65.53558044747853614269
2022/09/05 20:57:44, 0.01525369630361701261, 65.55788053567556079224
2022/09/05 21:00:28, 0.01526698018413138538, 65.50083827575852624342
2022/09/05 21:10:34, 0.01526698018413130762, 65.50083827575885985409
2022/09/05 21:14:08, 0.01526698018414293414, 65.50083827570897790461
2022/09/05 21:20:20, 0.01526715238259404637, 65.50009949072701302375
2022/09/05 21:22:31, 0.0152673245810451586, 65.49936072241039496564
2022/09/05 21:40:56, 0.01526732458104520068, 65.49936072241021442114
2022/09/05 21:49:43, 0.01526951073792406836, 65.48998308874123940866
2022/09/05 22:16:57, 0.01526029315892510618, 65.52954059176391982999
2022/09/05 22:33:02, 0.01526152103414995964, 65.52426837156983763088
2022/09/05 22:35:11, 0.01525671028906275151, 65.54492948043204183159
2022/09/06 00:28:06, 0.01525437445755500732, 65.55496607104277235853
2022/09/06 00:33:59, 0.0152592853002741069, 65.53386874430067275008
2022/09/06 02:50:19, 0.01527158183684450925, 65.4811014787859729505
2022/09/06 02:58:28, 0.01527256555977014144, 65.47688376824688661291
2022/09/06 03:10:36, 0.01527254070160369038, 65.47699034090609300826
2022/09/06 03:36:55, 0.01527254070160780194, 65.47699034088846579689
2022/09/06 03:46:12, 0.01526850744164509667, 65.49428644691779825558
2022/09/06 04:00:42, 0.0152685074416451367, 65.49428644691762653558
2022/09/06 04:02:19, 0.01526850744164525258, 65.49428644691712944821
2022/09/06 04:10:07, 0.01526850744165204686, 65.49428644688798539847
2022/09/06 04:25:07, 0.01526289558109534343, 65.51836738230734109061
2022/09/06 04:42:50, 0.01526289558109534825, 65.51836738230732042086
2022/09/06 04:53:34, 0.01528249643776851097, 65.43433555323085696182
2022/09/06 05:11:16, 0.01528151520377447214, 65.43853712575596329917
2022/09/06 06:08:24, 0.01528396603550492415, 65.42804385177134427794
2022/09/06 06:29:27, 0.01528068255943016077, 65.44210287143688153601
2022/09/06 06:31:50, 0.01527693846267438161, 65.45814152771941910307
2022/09/06 06:45:23, 0.0152916441918095933, 65.39519148213069294921
2022/09/06 06:50:04, 0.01529164419180975324, 65.39519148213000896099
2022/09/06 07:29:23, 0.01529033030445610161, 65.40081084504546913341
2022/09/06 08:30:51, 0.01527379806849999146, 65.47160015571738925005
2022/09/06 10:41:06, 0.01527379806849999731, 65.47160015571736416589
2022/09/06 11:48:28, 0.0152737980685000578, 65.47160015571710489277
2022/09/06 11:59:23, 0.01527080659581036904, 65.48442570639036039035
2022/09/06 12:19:37, 0.01527080659581039137, 65.48442570639026461922
2022/09/06 12:38:25, 0.01527227539128176607, 65.47812780869926135814
2022/09/06 12:46:03, 0.01527411148481636793, 65.47025671470817069875
2022/09/06 12:51:45, 0.01527411148481650043, 65.47025671470760275929
2022/09/06 12:56:24, 0.01527411148481957342, 65.47025671469443083061
2022/09/06 13:07:13, 0.01527598586004788702, 65.46222346378011174833
2022/09/06 13:07:40, 0.01527598586005711844, 65.4622234637405523279
2022/09/06 13:30:39, 0.01527303593455021511, 65.47486722910336725404
2022/09/06 13:46:16, 0.01530486213116588413, 65.33871337290005570518
2022/09/06 13:53:51, 0.0153033461808690932, 65.34518582936538807527
2022/09/06 14:04:02, 0.01530272193824573347, 65.34785144992561688804
2022/09/06 14:18:52, 0.01530639598544059339, 65.33216577901143848983
2022/09/06 14:56:38, 0.01530639598544068703, 65.33216577901103880554
2022/09/06 16:23:17, 0.01535545956031457895, 65.12341724922712400238
2022/09/06 16:29:41, 0.01534347163742500726, 65.17429846586032111039
2022/09/06 17:09:58, 0.01534408469230672695, 65.17169450331459922248
2022/09/06 17:30:47, 0.01532566751449346705, 65.250012702826881188
2022/09/06 17:31:55, 0.01532566751449858684, 65.25001270280508333215
2022/09/06 17:35:40, 0.01525748109077625171, 65.54161817736345669657
2022/09/06 17:39:10, 0.01522021508688855925, 65.70209384632475465781
2022/09/06 17:44:18, 0.01522021508688861585, 65.70209384632451032521
2022/09/06 19:01:00, 0.01519951438633020165, 65.79157561108383645102
2022/09/06 19:32:28, 0.01522393682727396685, 65.68603189475151680387
2022/09/06 19:44:18, 0.01522393682727868012, 65.68603189473118066093
2022/09/06 19:55:00, 0.01510943886312245407, 66.18379471660565302025
2022/09/06 19:58:21, 0.01510583287260422138, 66.19959378827693876898
2022/09/06 19:59:08, 0.01512193330158471951, 66.12911061413052973928
2022/09/06 20:35:32, 0.01511303976088859608, 66.16802548140741157403
2022/09/06 20:40:05, 0.01511234397786481426, 66.17107190418038174061
2022/09/06 20:51:27, 0.01513678418639307352, 66.06423053180153863931
2022/09/06 21:05:13, 0.01515245572717153294, 65.995903106767713208
2022/09/06 21:12:25, 0.01515710159316671597, 65.97567442912901782809
2022/09/06 21:20:30, 0.01515710159316850793, 65.97567442912121777717
2022/09/06 21:23:22, 0.0151525819378481504, 65.99535340589038085134
2022/09/06 21:35:52, 0.01515258193784820202, 65.99535340589015603985
2022/09/06 21:45:58, 0.01515258193784789287, 65.99535340589150253483
2022/09/06 21:47:12, 0.01515306463215297836, 65.99325115251738738465
2022/09/06 22:18:53, 0.01515248505215494314, 65.99577538324532824723
2022/09/06 22:27:47, 0.01515921329859607995, 65.96648390009867263768
2022/09/06 22:49:17, 0.01518245633175637075, 65.86549489415299188692
2022/09/06 23:29:12, 0.01518125750381869497, 65.87069613623640230795
2022/09/06 23:55:08, 0.01518125750381872833, 65.87069613623625754618
2022/09/07 00:22:29, 0.01519960549567919741, 65.79118124376785347821
2022/09/07 00:25:52, 0.01519477828933267847, 65.81208234555410678244
2022/09/07 00:28:51, 0.01519424521352927786, 65.81439130056811331395
2022/09/07 00:46:48, 0.01519424521352939077, 65.81439130056762425152
2022/09/07 00:48:31, 0.01519446499846973903, 65.81343930837392019881
2022/09/07 01:11:13, 0.01519446499847605514, 65.81343930834656257209
2022/09/07 01:13:20, 0.0151952489184514746, 65.81004400564360909718
2022/09/07 01:15:43, 0.01519272325885757675, 65.82098435953446194128
2022/09/07 01:21:48, 0.01519646423047736488, 65.80478095650984917949
2022/09/07 01:37:09, 0.01519646423047748586, 65.80478095650932530849
2022/09/07 01:51:21, 0.01519614016510914577, 65.80618427671745112217
2022/09/07 02:09:34, 0.01519495745666353963, 65.81130633975311015565
2022/09/07 02:15:09, 0.01519495745666861559, 65.81130633973112549413
2022/09/07 03:14:59, 0.01519495745666865815, 65.81130633973094119498
2022/09/07 03:21:59, 0.01516486135478816117, 65.94191510259073238651
2022/09/07 03:32:19, 0.01518929078747992395, 65.83585856584363741912
2022/09/07 04:10:54, 0.01518929078748001291, 65.83585856584325183015
2022/09/07 04:14:24, 0.01520145073968975198, 65.78319511236393389404
2022/09/07 05:29:19, 0.01520145073968992975, 65.7831951123631645905
2022/09/07 06:10:50, 0.01541614057109953732, 64.86707846156310876096
2022/09/07 06:12:58, 0.01541614057109961414, 64.86707846156278549612
2022/09/07 06:14:28, 0.01534207320889002736, 65.18023909705670620118
2022/09/07 06:15:20, 0.01534007397699572492, 65.18873386788222572823
2022/09/07 07:14:18, 0.01526826813537511488, 65.4953129676243882434
2022/09/07 07:36:05, 0.01525275839776880798, 65.561911748781204986
2022/09/07 07:53:20, 0.01523880696399136246, 65.62193499549908805986
2022/09/07 08:16:14, 0.01524252795747860857, 65.60591542227475717172
2022/09/07 08:55:18, 0.01524303634950586434, 65.60372730675913798039
2022/09/07 09:05:56, 0.01520953109194310614, 65.74824654060023217199
2022/09/07 10:21:14, 0.01520799963158388261, 65.75486745299532920162
2022/09/07 10:28:15, 0.01520799963158375349, 65.75486745299588749993
2022/09/07 10:36:33, 0.01517804795828141829, 65.88462513418149138749
2022/09/07 11:50:21, 0.01516479277760948846, 65.94221330056549720216
2022/09/07 11:51:17, 0.01513014959552287405, 66.09319978540777813314
2022/09/07 11:55:55, 0.01523290107148996854, 65.64737703651268269787
2022/09/07 12:20:45, 0.01523290107149524765, 65.64737703648993198131
2022/09/07 12:42:21, 0.01529389604992148806, 65.3855627588846824733
2022/09/07 12:45:14, 0.01529017092422960821, 65.40149256378471602577
2022/09/07 14:12:45, 0.01528756414645649967, 65.41264457960032355579
2022/09/07 14:20:09, 0.01528384133492250824, 65.4285776779866169495
2022/09/07 14:28:28, 0.01528279692313694249, 65.43304900466741846161
2022/09/07 14:33:21, 0.015282796923137003, 65.43304900466715937723
2022/09/07 14:36:13, 0.01528621013836485101, 65.41843864165070898819
2022/09/07 15:14:20, 0.01528621013836487662, 65.41843864165059937095
2022/09/07 15:17:31, 0.01527170736245203637, 65.48056325769192039036
2022/09/07 15:29:51, 0.0152717073624522074, 65.48056325769118706131
2022/09/07 15:38:29, 0.01525230561166605689, 65.56385804616505336468
2022/09/07 16:22:21, 0.01525230561167706808, 65.56385804611772044033
2022/09/07 16:38:52, 0.01521538726903158911, 65.72294101480644150442
2022/09/07 16:46:32, 0.01521150423270225548, 65.73971809113808373848
2022/09/07 17:28:14, 0.01521755898891696921, 65.71356159869696754242
2022/09/07 17:59:51, 0.01521576243598800534, 65.72132051922818974027
2022/09/07 18:22:08, 0.01521331758736127708, 65.73188223131337549673
2022/09/07 18:49:45, 0.01521355976878893543, 65.73083585943701108998
2022/09/07 18:55:09, 0.0152320543115591792, 65.65102641743655163368
2022/09/07 19:14:50, 0.01523205431155920843, 65.65102641743642563203
2022/09/07 20:47:02, 0.01523297991071790345, 65.64703727446009381239
2022/09/07 21:26:49, 0.01522412218786211984, 65.68523213754021734603
2022/09/07 21:38:18, 0.01522412218786502975, 65.68523213752766236444
2022/09/07 21:41:14, 0.01516139001401485586, 65.95701311526330821437
2022/09/07 22:18:57, 0.01516139001401492458, 65.95701311526300923141
2022/09/07 22:44:09, 0.01516139001402558771, 65.95701311521662111963
2022/09/07 22:47:19, 0.01513692202080952521, 66.06362896137320702102
2022/09/07 23:11:04, 0.01513692202080969859, 66.06362896137245034198
2022/09/07 23:27:00, 0.015136922020815597, 66.06362896134670730029
2022/09/07 23:28:36, 0.01513692202081565014, 66.06362896134647534879
2022/09/07 23:34:00, 0.01511311288488345382, 66.16770533092670627146
2022/09/07 23:44:46, 0.01511311288488989642, 66.16770533089849948646
2022/09/08 00:16:30, 0.01511567246879301222, 66.15650094724830250765
2022/09/08 00:30:58, 0.01510834460446614056, 66.18858823913722895596
2022/09/08 00:47:27, 0.01510834460446630531, 66.18858823913650718312
2022/09/08 01:42:27, 0.0151107737596860897, 66.17794799283487778375
2022/09/08 01:51:22, 0.01511077375968626641, 66.17794799283410388851
2022/09/08 02:00:26, 0.01512537083867937061, 66.11408147711320507158
2022/09/08 02:14:30, 0.01512269535130161821, 66.1257782934792429797
2022/09/08 02:35:24, 0.01508872001908641029, 66.27467397731910862528
2022/09/08 02:36:38, 0.0151008400769147773, 66.22148138160456683533
2022/09/08 02:38:13, 0.01509994804503264251, 66.22539342636779497274
2022/09/08 02:42:25, 0.01506868688531778965, 66.36278314166527285958
2022/09/08 03:11:08, 0.0150686868853179268, 66.36278314166466886319
2022/09/08 03:52:22, 0.0150567991001089213, 66.41517850847634490878
2022/09/08 03:54:41, 0.01505679910010906689, 66.41517850847570271759
2022/09/08 03:58:01, 0.01505548038915605893, 66.42099582025063541391
2022/09/08 04:43:47, 0.01474389229622184925, 67.82469512858907162223
2022/09/08 04:44:11, 0.0148638168887009136, 67.27747034882903798986
2022/09/08 05:07:39, 0.01492398983012049105, 67.00621022816164377005
2022/09/08 05:47:30, 0.0149300071242624488, 66.979204475724628485
2022/09/08 06:06:38, 0.01492169578407080337, 67.01651169349794628906
2022/09/08 06:59:11, 0.014921695784082016, 67.01651169344758795038
2022/09/08 07:13:00, 0.01492169578408202793, 67.01651169344753437833
2022/09/08 07:43:25, 0.01492553837447313409, 66.9992582452021349734
2022/09/08 07:54:52, 0.01492412285436521052, 67.00561297694667482604
2022/09/08 07:59:27, 0.01506133134345171191, 66.39519290801439349333
2022/09/08 08:06:26, 0.01504521134743520904, 66.46633117390353212889
2022/09/08 08:30:15, 0.01504521134743521937, 66.46633117390348647571
2022/09/08 08:43:23, 0.01504762205114110699, 66.45568293790093936992
2022/09/08 08:45:17, 0.0150476220511412327, 66.45568293790038417917
2022/09/08 08:46:35, 0.01503749355537187825, 66.50044412772284851176
2022/09/08 08:49:58, 0.0150374935553708371, 66.50044412772745277462
2022/09/08 09:22:18, 0.0150393028614835744, 66.49244377949534243316
2022/09/08 09:30:16, 0.01503679857225245335, 66.50351769992513296792
2022/09/08 10:41:19, 0.01495735788563587797, 66.85672748128452498048
2022/09/08 10:49:24, 0.01495903271548971972, 66.84924212810390980436
2022/09/08 10:57:36, 0.0149559684534467751, 66.86293857283033305874
2022/09/08 11:37:13, 0.01495492365231919228, 66.86760984198813715856
2022/09/08 11:39:22, 0.01495028184233219947, 66.88837110538398895209
2022/09/08 11:43:28, 0.0149502818423440246, 66.88837110533108268123
2022/09/08 11:46:18, 0.01493890403402169183, 66.93931480666930188481
2022/09/08 12:04:46, 0.01492541134046079742, 66.99982849311050559322
2022/09/08 12:16:31, 0.01492479257189150028, 67.00260624615599272745
2022/09/08 12:29:51, 0.01492388512773403591, 67.00668032760680537367
2022/09/08 12:32:31, 0.01493585666762686641, 66.95297245101966740352
2022/09/08 12:48:59, 0.01493585666762691166, 66.95297245101946458464
2022/09/08 13:27:59, 0.01493585666763654696, 66.95297245097627238753
2022/09/08 13:32:25, 0.01493332101771068022, 66.96434094023800676575
2022/09/08 13:51:12, 0.01493332101771139449, 66.9643409402348038283
2022/09/08 13:54:41, 0.01487414882467368221, 67.23073782488784435455
2022/09/08 14:58:30, 0.01487414882467370638, 67.23073782488773510502
2022/09/08 15:02:28, 0.01486547421063521059, 67.2699697184614336519
2022/09/08 15:12:50, 0.01488440267186398105, 67.18442265004709853137
2022/09/08 15:28:01, 0.0148844026718665156, 67.18442265003565822677
2022/09/08 16:28:48, 0.01488440267186656911, 67.18442265003541671648
2022/09/08 17:26:12, 0.01488440267186665261, 67.18442265003503980349
2022/09/08 17:37:25, 0.01488440267186668424, 67.18442265003489703259
2022/09/08 18:02:31, 0.01485917189323238911, 67.29850136907360703897
2022/09/08 18:09:47, 0.01483663810378958238, 67.4007138951902751037
2022/09/08 18:11:04, 0.01483675651345233188, 67.40017598140877110164
2022/09/08 18:28:40, 0.01483675651345990061, 67.40017598137438801669
2022/09/08 18:31:37, 0.014832989526031455, 67.41729293646636593033
2022/09/08 19:05:11, 0.0148329895260326322, 67.4172929364610154479
2022/09/08 19:11:03, 0.0147843407996529251, 67.63913342849049080782
2022/09/08 20:38:30, 0.01478434079965303271, 67.6391334284899984909
2022/09/08 21:40:23, 0.01478199040809464623, 67.64988830275509355923
2022/09/08 21:51:14, 0.01476504249220398476, 67.7275395941464395054
2022/09/08 22:15:04, 0.01476363085741119741, 67.73401540976688943311
2022/09/08 22:28:04, 0.01476363085741133871, 67.73401540976624120169
2022/09/08 23:54:40, 0.01483460554440547551, 67.40994878540107924001
2022/09/08 23:57:03, 0.01479912889981115371, 67.57154470171285796698
2022/09/09 00:07:43, 0.0147968919891608485, 67.58175978661795549106
2022/09/09 00:09:16, 0.01471535551315957181, 67.95622430635299204337
2022/09/09 00:34:40, 0.01471535551316730643, 67.95622430631727318555
2022/09/09 00:38:54, 0.01471429531158858441, 67.96112072131832340431
2022/09/09 00:58:07, 0.01478980943585843775, 67.61412338251385209902
2022/09/09 01:25:06, 0.01418442887122935034, 70.4998424031246169589
2022/09/09 01:25:53, 0.01437441363910709331, 69.56805509474108758451
2022/09/09 01:28:23, 0.01437608829324772266, 69.55995119129089395248
2022/09/09 01:34:26, 0.01437899217840951689, 69.54590332843560840319
2022/09/09 01:38:40, 0.01437899217840936767, 69.54590332843633009848
2022/09/09 01:44:40, 0.01437912013160000657, 69.54528447136125902578
2022/09/09 02:08:41, 0.01437912013160009363, 69.54528447136083792808
2022/09/09 02:09:24, 0.01440235837568258574, 69.43307296730185513757
2022/09/09 02:33:00, 0.0144028233313796836, 69.43083151074154156497
2022/09/09 02:36:15, 0.01440282333137969231, 69.43083151074149958965
2022/09/09 02:59:50, 0.01440282333137976952, 69.430831510741127351
2022/09/09 03:26:18, 0.01441446455832757304, 69.37475866367000290936
2022/09/09 03:40:23, 0.01441446455832771217, 69.37475866366933330935
2022/09/09 04:00:01, 0.01441446455832773727, 69.37475866366921250179
2022/09/09 04:08:20, 0.01441334393098263048, 69.38015250232254377146
2022/09/09 04:42:30, 0.01441334393098272884, 69.38015250232207032271
2022/09/09 04:45:08, 0.01441334393098277564, 69.38015250232184504663
2022/09/09 04:47:05, 0.01441233604727466268, 69.385004396223299427
2022/09/09 04:55:14, 0.01440949121300161079, 69.39870292559011903314
2022/09/09 05:12:28, 0.01440015835066944982, 69.44368080185110881749
2022/09/09 05:43:59, 0.014400158350677242, 69.44368080181353162598
2022/09/09 05:47:55, 0.01440015835068503429, 69.44368080177595391509
2022/09/09 05:52:16, 0.01439975904440919151, 69.44560647966238617546
2022/09/09 06:25:55, 0.01439887510883242204, 69.44986969062530724628
2022/09/09 07:14:42, 0.01438754725062339483, 69.50455019055949390493
2022/09/09 08:02:25, 0.01437342996113661055, 69.57281614088185277618
2022/09/09 08:24:45, 0.01436884761724405217, 69.59500348517163821083
2022/09/09 09:26:37, 0.01436951132572043469, 69.59178898520153128006
2022/09/09 09:35:10, 0.01436951132572043843, 69.59178898520151314269
2022/09/09 09:42:09, 0.01436814683502041048, 69.59839786454823374791
2022/09/09 10:00:01, 0.01175917593168297029, 85.0399726825823799252
2022/09/09 10:00:58, 0.01301877385219767552, 76.81214923563572155354
2022/09/09 10:03:52, 0.01265399207332991274, 79.02644431931028044406
2022/09/09 10:22:09, 0.01265308743781592526, 79.03209433385627506162
2022/09/09 10:25:49, 0.01097886098934726648, 91.08412985375212998391
2022/09/09 10:27:32, 0.01179317230985107528, 84.79482650861293533575
2022/09/09 10:29:13, 0.01191858858812979418, 83.90255210217932705163
2022/09/09 10:29:24, 0.01174119172446305094, 85.1702300300979094388
2022/09/09 10:29:46, 0.01150860175520421845, 86.89152872526825451748
2022/09/09 10:33:03, 0.01140209002952457452, 87.70321909497291919548
2022/09/09 10:33:44, 0.01146255902256144895, 87.24055405356925039034
2022/09/09 10:43:16, 0.01148311113480322866, 87.08441364546070094162
2022/09/09 10:44:15, 0.01149361314507031667, 87.00484237447180138698
2022/09/09 10:49:27, 0.01149669754528198365, 86.98150021441419411391
2022/09/09 10:56:06, 0.01144118409956801792, 87.40354069101613032991
2022/09/09 11:00:41, 0.01144528731949235402, 87.3722058769909630179
2022/09/09 11:04:14, 0.01148635996829527289, 87.05978245155180971379
2022/09/09 11:10:10, 0.01149744160175138781, 86.9758712101370029675
2022/09/09 11:10:33, 0.01149744160175144029, 86.97587121013660595063
2022/09/09 11:18:55, 0.01160048813824556323, 86.20326904202482853667
2022/09/09 11:20:53, 0.01160461903950317107, 86.17258322706757567083
2022/09/09 11:35:13, 0.01160565187944307621, 86.1649143355131630065
2022/09/09 11:48:01, 0.01160596174036658403, 86.16261386782877347991
2022/09/09 11:53:08, 0.01160704393973231834, 86.15458037311970419602
2022/09/09 11:56:23, 0.01160704393973293893, 86.15458037311509773029
2022/09/09 12:18:42, 0.01165875314233399177, 85.77246535642899558282
2022/09/09 12:22:30, 0.01164984112046282884, 85.83808050768263700982
2022/09/09 12:27:44, 0.01165087568187940404, 85.83045835389858782573
2022/09/09 13:10:18, 0.01141348967697658746, 87.61562224191700245903
2022/09/09 13:12:02, 0.01133213916659601139, 88.24459224324753743739
2022/09/09 13:15:32, 0.01134495787083479956, 88.14488439580399158189
2022/09/09 13:26:10, 0.0113449578708357745, 88.14488439579641674633
2022/09/09 13:33:36, 0.01134456807590135527, 88.14791301964551998432
2022/09/09 13:39:13, 0.01134344636424462284, 88.15662964229932290838
2022/09/09 13:47:36, 0.01134344636425194083, 88.15662964224245045193
2022/09/09 13:50:16, 0.01126351675972989573, 88.78221796368867443956
2022/09/09 13:58:36, 0.01121715753703515231, 89.14914466506758496393
2022/09/09 14:01:19, 0.01117108408170199201, 89.51682689757743510154
2022/09/09 14:07:45, 0.01103455457891913122, 90.62441015158339950404
2022/09/09 14:12:53, 0.0110407463167075103, 90.5735872661742855338
2022/09/09 14:20:44, 0.01105372802889589456, 90.46721589185737775271
2022/09/09 14:27:16, 0.01105372802890105816, 90.46721589181511717675
2022/09/09 14:29:33, 0.01105600588705901354, 90.4485770191651047175
2022/09/09 14:46:20, 0.01106284368456492949, 90.39267194882426701787
2022/09/09 14:48:55, 0.01110398308228210848, 90.05777409690346810267
2022/09/09 14:58:39, 0.01110398308228218354, 90.05777409690285930629
2022/09/09 15:06:09, 0.01110604055693667996, 90.04109024033896345016
2022/09/09 15:06:50, 0.01110696648258515078, 90.03358401845556031744
2022/09/09 15:09:29, 0.01110209431808870068, 90.07309534118213528184
2022/09/09 15:19:35, 0.01110291866845022966, 90.06640774930419687388
2022/09/09 16:04:14, 0.01110063590085077344, 90.08492927178686536298
2022/09/09 16:31:18, 0.01110104774104047674, 90.08158719136111052258
2022/09/09 16:39:05, 0.01110104774104090053, 90.08158719135767162142
2022/09/09 16:45:20, 0.01109013183486013737, 90.17025359938937538258
2022/09/09 16:50:15, 0.0110915706279973273, 90.15855675803040713428
2022/09/09 17:00:50, 0.01111213500330374273, 89.99170723742022139292
2022/09/09 17:28:40, 0.01113510126015500023, 89.80609844818600545598
2022/09/09 17:31:24, 0.01113109778178493524, 89.83839865609771656811
2022/09/09 17:34:13, 0.01113295108306472331, 89.82344326664516337503
2022/09/09 18:15:28, 0.01113267597391829899, 89.82566297113165642247
2022/09/09 18:22:23, 0.01112933268175741255, 89.85264692816171888765
2022/09/09 18:35:10, 0.01112779426116829408, 89.86506908108590176011
2022/09/09 18:51:32, 0.01112779426116830098, 89.86506908108584600006
2022/09/09 18:55:38, 0.01114839167304432757, 89.69903725376799107379
2022/09/09 18:58:38, 0.01117146991950993255, 89.51373518480258936808
2022/09/09 19:55:42, 0.01125413504735015392, 88.85622891431850462314
2022/09/09 20:00:14, 0.01125651926407584466, 88.83740848660108121264
2022/09/09 20:16:10, 0.01128034427196044852, 88.64977662833393970373
2022/09/09 20:16:25, 0.01125536745259031628, 88.8464996111574718453
2022/09/09 21:26:32, 0.01124934612153708137, 88.89405563630773971372
2022/09/09 21:29:23, 0.01124934612153712783, 88.89405563630737261444
2022/09/09 21:45:22, 0.01125518077098482053, 88.84797324428052629577
2022/09/09 21:58:21, 0.01125518077099394259, 88.84797324420851709741
2022/09/09 22:12:54, 0.01125868527381305363, 88.82031744203143231114
2022/09/09 22:38:21, 0.01125827203888592285, 88.82357759219294170533
2022/09/09 23:13:55, 0.01125827203888992722, 88.82357759216134877904
2022/09/09 23:42:55, 0.01125889277235707238, 88.81868050606258163367
2022/09/09 23:44:55, 0.01124867979104138196, 88.89932139382392802605
2022/09/09 23:57:37, 0.01124930025956934274, 88.89441804607703005616
2022/09/10 00:08:33, 0.01129070342294373858, 88.56844100323358448724
2022/09/10 00:14:13, 0.01130244523438383289, 88.4764295922302928
2022/09/10 00:37:54, 0.01127678478112220174, 88.6777587237490635622
2022/09/10 00:50:39, 0.011214848017223936, 89.16750351535612665802
2022/09/10 01:07:46, 0.01127671503128048224, 88.67830722210322647384
2022/09/10 01:51:25, 0.01127671503128044127, 88.67830722210354871996
2022/09/10 02:08:42, 0.01128187775835497493, 88.63772692975989864258
2022/09/10 02:29:14, 0.0112773088034811691, 88.67363813708037072103
2022/09/10 03:46:20, 0.01127730880348968436, 88.67363813701341511112
2022/09/10 03:53:24, 0.01122409975708014565, 89.09400501088752958602
2022/09/10 03:53:24, 0.01119924655312972195, 89.2917211221268934498
2022/09/10 04:26:14, 0.01119745469808495153, 89.30600988910679298877
2022/09/10 04:26:40, 0.01119971958641943489, 89.28794978158031877298
2022/09/10 04:36:54, 0.01119689518156951312, 89.31047257154246585746
2022/09/10 04:43:26, 0.0111968951815747713, 89.3104725715005247187
2022/09/10 04:45:07, 0.01119343563259783944, 89.33807570999664765604
2022/09/10 05:42:01, 0.01119279483615301589, 89.34319038619150044697
2022/09/10 05:45:09, 0.0110828484081411567, 90.22951168992146514489
2022/09/10 05:45:19, 0.01101876571991719823, 90.75426644133374073098
2022/09/10 06:34:30, 0.01101371176934883615, 90.79591158205178048297
2022/09/10 07:32:22, 0.01100431434807085853, 90.87344911910006819736
2022/09/10 07:54:27, 0.01100105085450588428, 90.90040699070246410153
2022/09/10 08:44:05, 0.01099875415719518265, 90.91938829688436979846
2022/09/10 08:54:54, 0.01099649998309779067, 90.93802587523789838796
2022/09/10 09:43:16, 0.0109964999831003618, 90.93802587521663582729
2022/09/10 09:57:50, 0.01099649998309977179, 90.93802587522151500969
2022/09/10 10:02:54, 0.01100946280511234218, 90.83095312658135213589
2022/09/10 10:16:48, 0.01100821394243764053, 90.84125773981475400865
2022/09/10 10:37:44, 0.01100831603631154339, 90.84041525528921228893
2022/09/10 11:29:08, 0.0110086223207715904, 90.83788787205031098881
2022/09/10 11:31:55, 0.01100862232077161147, 90.83788787205013712312
2022/09/10 11:39:21, 0.01101270644498411194, 90.80420012970233156496
2022/09/10 11:56:11, 0.01101146973006884043, 90.81439848754397821055
2022/09/10 12:34:32, 0.01101102256227039684, 90.81808654416260715724
2022/09/10 12:54:09, 0.01101613546794424844, 90.77593525514376873562
2022/09/10 15:01:09, 0.01101572534763460574, 90.7793148832209101957
2022/09/10 15:26:47, 0.01103615499600154762, 90.6112681783016676202
2022/09/10 15:31:59, 0.01103615499600162572, 90.61126817830102641906
2022/09/10 15:40:08, 0.01103615499600261588, 90.61126817829289676424
2022/09/10 16:01:06, 0.01103774357050039727, 90.59822722033620267167
2022/09/10 16:43:40, 0.01103349068284333343, 90.63314854246106446874
2022/09/10 17:18:42, 0.01104359795173635358, 90.55019970577368193275
2022/09/10 17:33:57, 0.01104421314745897824, 90.54515578867447075709
2022/09/10 17:40:15, 0.0110476995800613885, 90.51658155194362399063
2022/09/10 17:43:46, 0.01104616828431312693, 90.5291295824380083465
2022/09/10 17:47:34, 0.01105027038845545387, 90.49552317242207409955
2022/09/10 18:37:27, 0.01105109090043967363, 90.48880413789868101321
2022/09/10 18:57:30, 0.01105109090043972428, 90.48880413789826630712
2022/09/10 19:10:17, 0.01105336456601589587, 90.47019068515557528484
2022/09/10 19:21:19, 0.01105310821024535144, 90.47228896873366391773
2022/09/10 19:23:26, 0.01105516240655215359, 90.45547801335978701735
2022/09/10 19:27:56, 0.01103189392003668277, 90.64626683762336644583
2022/09/10 19:53:32, 0.01103291993509918068, 90.63783711678049783313
2022/09/10 20:49:42, 0.01103518767472617821, 90.61921097094649229821
2022/09/10 20:56:46, 0.01103619545199458937, 90.61093601955630370199
2022/09/10 21:24:32, 0.01109775874048610435, 90.10828432878673040786
2022/09/10 21:38:39, 0.01109775874048618649, 90.10828432878606346199
2022/09/10 21:59:48, 0.01110118111650740528, 90.08050490348316157553
2022/09/10 22:31:12, 0.01110118111650740918, 90.08050490348312993701
2022/09/10 22:52:12, 0.01110323025582976581, 90.06388023655986688459
2022/09/10 22:53:06, 0.01110527958397332898, 90.04726017372474034173
2022/09/11 00:06:44, 0.01111041083688371924, 90.00567257875433757982
2022/09/11 00:12:33, 0.01111041083688655546, 90.00567257873136125624
2022/09/11 00:17:29, 0.01103572966092796012, 90.61476048480088594797
2022/09/11 01:52:53, 0.0110464770435211137, 90.52659920988217171747
2022/09/11 03:05:37, 0.01104657957818468966, 90.52575893943203241465
2022/09/11 03:09:03, 0.01104664100678700453, 90.52525554017774997865
2022/09/11 03:52:38, 0.01103303296579238725, 90.6369085545626727427
2022/09/11 03:58:23, 0.01099660647517337422, 90.9371452236344434281
2022/09/11 04:15:04, 0.01099541366689122366, 90.94701029858878550558
2022/09/11 04:26:11, 0.01100867436332839412, 90.83745844378461001938
2022/09/11 04:34:39, 0.01100867436332842765, 90.83745844378433333556
2022/09/11 04:38:23, 0.01099545997589489463, 90.94662726182242793873
2022/09/11 05:04:18, 0.01097537475588987854, 91.11306194472814076529
2022/09/11 05:52:28, 0.01093100104112360572, 91.48292971868651992622
2022/09/11 06:21:39, 0.0109421875395713803, 91.38940421040995054097
2022/09/11 06:23:39, 0.01094195654996658599, 91.39133348167551907703
2022/09/11 06:39:35, 0.01094195654996665519, 91.39133348167494110809
2022/09/11 06:45:53, 0.01094347928785895284, 91.37861677222088737018
2022/09/11 07:05:24, 0.01094027174996114848, 91.40540773162707213312
2022/09/11 07:08:17, 0.01094027174996125029, 91.40540773162622151226
2022/09/11 08:06:18, 0.0109286005018694218, 91.50302454819738826317
2022/09/11 08:38:37, 0.01094883684573054364, 91.33390277798742720035
2022/09/11 08:46:05, 0.01093884987604830764, 91.41728895919842370846
2022/09/11 10:14:31, 0.01093921844247773183, 91.41420890883134285006
2022/09/11 11:18:45, 0.01094664659610872401, 91.35217723713456998342
2022/09/11 11:28:46, 0.01094664659610882136, 91.35217723713375753415
2022/09/11 11:43:47, 0.0109466465961088759, 91.35217723713330241288
2022/09/11 11:49:20, 0.01094664659610895488, 91.35217723713264332027
2022/09/11 12:02:20, 0.01087380875395354873, 91.96409672336893563739
2022/09/11 12:20:23, 0.01088041161286595237, 91.90828762558140254501
2022/09/11 12:21:15, 0.01089050249145920568, 91.82312760905591329579
2022/09/11 12:27:02, 0.01089050249145930892, 91.8231276090550428275
2022/09/11 12:34:17, 0.0108905024914682007, 91.82312760898007191245
2022/09/11 12:57:52, 0.01088492582701774167, 91.87017127097691798932
2022/09/11 13:44:53, 0.0108842933428128197, 91.87550982906261477507
2022/09/11 13:50:37, 0.0108954068885031233, 91.78179486396271983827
2022/09/11 14:41:08, 0.01089540688850952407, 91.78179486390880035683
2022/09/11 15:02:21, 0.01087962199662034642, 91.91495810338270182129
2022/09/11 15:31:37, 0.01087962199662130606, 91.91495810337459447154
2022/09/11 15:32:07, 0.01087962199662832253, 91.91495810331531676861
2022/09/11 15:35:29, 0.01087881055562256567, 91.92181395999800402167
2022/09/11 15:48:34, 0.01098984262178471321, 90.99311377014090375895
2022/09/11 15:58:28, 0.01100103921578454133, 90.90050316020846925986
2022/09/11 16:42:51, 0.01100103921579099242, 90.9005031601551645628
2022/09/11 16:43:54, 0.01100103921579386042, 90.90050316013146656586
2022/09/11 16:46:02, 0.01100066899529569529, 90.90356235858365130074
2022/09/11 16:48:52, 0.01100066899530350474, 90.90356235851911824578
2022/09/11 16:51:15, 0.01100087276440568287, 90.90187855236270821393
2022/09/11 17:07:14, 0.01100026460603422247, 90.9069041349648549344
2022/09/11 17:10:05, 0.01100026460603428693, 90.90690413496432228021
2022/09/11 17:16:41, 0.01100026460604206733, 90.90690413490002451546
2022/09/11 17:20:41, 0.01099993930299743204, 90.90959253997925919235
2022/09/11 17:34:37, 0.01099982822029978523, 90.91051059820517559039
2022/09/11 17:49:34, 0.01100287969926624056, 90.88529797037478701017
2022/09/11 18:24:00, 0.01100287969927509389, 90.88529797030165732035
2022/09/11 18:50:12, 0.01098405231459593823, 91.04108132034021729519
2022/09/11 18:51:25, 0.01098114954694465914, 91.06514720749204851928
2022/09/11 18:56:27, 0.01098114954694476852, 91.06514720749114141308
2022/09/11 19:06:01, 0.01097301669192372705, 91.13264183185031423873
2022/09/11 19:35:16, 0.01097809228144047045, 91.090507746104208828
2022/09/11 20:08:33, 0.01089927996909813367, 91.74918002246211649526
2022/09/11 20:10:06, 0.01089578920281907532, 91.7785744002159371869
2022/09/11 20:15:02, 0.01089578920282351748, 91.77857440017851949046
2022/09/11 20:20:18, 0.0108081173552190432, 92.52305162259532616349
2022/09/11 20:21:41, 0.01085096496001199406, 92.15770244261250064595
2022/09/11 20:32:06, 0.01085057956343582031, 92.16097574822551208524
2022/09/11 21:40:46, 0.01085503877073220409, 92.12311638132887827942
2022/09/11 21:54:59, 0.01085727195249059898, 92.10416800608972986384
2022/09/11 22:06:55, 0.01085727195249062517, 92.10416800608950770935
2022/09/11 22:28:59, 0.01085828543623629231, 92.09557124578784419922
2022/09/11 22:39:20, 0.01085828543623635618, 92.09557124578730246498
2022/09/12 00:17:07, 0.01085828543623641379, 92.09557124578681384959
2022/09/12 01:21:00, 0.0108603139522906918, 92.07836940930025635253
2022/09/12 01:32:03, 0.0108599665099924498, 92.08131526739811577234
2022/09/12 01:58:21, 0.01085894635140963651, 92.08996597263661970355
2022/09/12 02:45:53, 0.01085945268561317404, 92.08567217432795106667
2022/09/12 03:07:06, 0.01086147814040104852, 92.06849998439310620154
2022/09/12 03:56:48, 0.01086168069623935036, 92.06678302983357950985
2022/09/12 03:59:42, 0.01085938013708162465, 92.08628737337326064323
2022/09/12 04:01:43, 0.01085938013708164694, 92.08628737337307159189
2022/09/12 04:17:00, 0.01085929611419378215, 92.08699988325552563586
2022/09/12 04:34:40, 0.01085929611419386255, 92.0869998832548438783
2022/09/12 06:31:47, 0.01085904337253776868, 92.08914318631172906147
2022/09/12 06:37:20, 0.01085393271192721489, 92.13250409237527563705
2022/09/12 08:20:19, 0.01084474077260866593, 92.21059506795876710277
2022/09/12 09:14:29, 0.01081941411042212939, 92.42644655191815007025
2022/09/12 09:14:46, 0.01081891689027066369, 92.43069432387352108747
2022/09/12 09:29:47, 0.01082700322783003756, 92.36166083608172482034
2022/09/12 10:00:50, 0.01082700322783009804, 92.36166083608120883227
2022/09/12 10:10:37, 0.01081710093854388357, 92.4462113907769864542
2022/09/12 10:46:50, 0.01081710093854396076, 92.44621139077632675532
2022/09/12 11:06:28, 0.01081811060499580952, 92.43758328170535075812
2022/09/12 11:15:10, 0.01081811060499825548, 92.43758328168445081953
2022/09/12 11:18:13, 0.01081246422494282484, 92.48585513865946631646
2022/09/12 11:26:22, 0.01081246422494992021, 92.48585513859877512398
2022/09/12 12:21:11, 0.01081268325057637169, 92.4839817116343300635
2022/09/12 12:24:54, 0.01081268325058111562, 92.48398171159375391621
2022/09/12 12:26:36, 0.01080883212938705942, 92.51693319218080802634
2022/09/12 13:28:13, 0.01080843179757279451, 92.52035991239412967464
2022/09/12 13:37:07, 0.01080839775022313254, 92.52065135920406261442
2022/09/12 14:52:11, 0.01086905505619120737, 92.00431820707193737126
2022/09/12 14:59:21, 0.01086308506197255356, 92.05488075395930089635
2022/09/12 15:20:29, 0.01086300925235358534, 92.05552317681580453159
2022/09/12 15:46:23, 0.01086300925235363927, 92.05552317681534752268
2022/09/12 17:12:12, 0.01088731143767692957, 91.85004082269314724707
2022/09/12 17:39:00, 0.01088480893062201991, 91.87115790215844523592
2022/09/12 17:41:51, 0.01088480893062395185, 91.87115790214213901573
2022/09/12 17:44:30, 0.01080527148011753411, 92.54742019578785460418
2022/09/12 17:53:07, 0.01080459151696544524, 92.5532444636887011538
2022/09/12 17:54:03, 0.0108034381015498674, 92.56312579386551292336
2022/09/12 17:57:20, 0.01080409750967657223, 92.55747637452928336519
2022/09/12 17:59:56, 0.01080632611971679181, 92.53838806284402879364
2022/09/12 18:05:32, 0.01080632611971687662, 92.53838806284330245453
2022/09/12 18:07:14, 0.01080559938617868209, 92.54461175740870979593
2022/09/12 18:54:12, 0.01080559938617870359, 92.54461175740852566708
2022/09/12 19:00:52, 0.01080340337951413914, 92.56342329087159798558
2022/09/12 19:15:00, 0.01081218622573772067, 92.48823310308545106078
2022/09/12 19:39:44, 0.01091371931888853419, 91.62779166120621449828
2022/09/12 20:05:25, 0.01091218007721254112, 91.64071642185039238178
2022/09/12 20:15:34, 0.01091319923039316006, 91.63215835142174848907
2022/09/12 20:18:04, 0.01089790867262221672, 91.76072492809608880521
2022/09/12 20:29:10, 0.01087579350828745217, 91.94731393511572587564
2022/09/12 20:47:55, 0.01093137519496395117, 91.47979848507045412413
2022/09/12 20:58:53, 0.01095372719952068765, 91.29312623777575208872
2022/09/12 21:18:44, 0.01091236397293746339, 91.63917208773355157751
2022/09/12 21:20:08, 0.0108756649844109174, 91.94840052846342827224
2022/09/12 21:27:50, 0.01087266398491452684, 91.9737795067950212151
2022/09/12 21:40:03, 0.01087266398492459859, 91.97377950670982246072
2022/09/12 21:48:03, 0.01085888005793724951, 92.0905281819605789404
2022/09/12 22:00:40, 0.01088436128331419856, 91.8749363394439088971
2022/09/12 22:06:23, 0.01088436128331991269, 91.87493633939567588211
2022/09/12 22:11:32, 0.01087807382237038192, 91.92803949753812544185
2022/09/12 22:24:44, 0.01087630508116674593, 91.94298914358201246521
2022/09/12 23:37:56, 0.0108763050811740126, 91.9429891435205835855
2022/09/13 00:13:34, 0.01087630508117575459, 91.94298914350585763971
2022/09/13 00:15:18, 0.01087630508117798674, 91.94298914348698813052
2022/09/13 00:45:14, 0.01087156863139415275, 91.98304622869879109261
2022/09/13 00:57:08, 0.01087056110045222373, 91.99157161799120267781
2022/09/13 01:11:32, 0.01087056110045233115, 91.99157161799029365742
2022/09/13 01:25:51, 0.01087056110045241177, 91.99157161798961146817
2022/09/13 01:37:46, 0.0108726263866076053, 91.9740975585948043363
2022/09/13 01:46:12, 0.01087262638660766944, 91.97409755859426179514
2022/09/13 03:38:44, 0.01088295476332284188, 91.88681031461667664319
2022/09/13 03:40:35, 0.01087265734974959077, 91.97383563485803191706
2022/09/13 04:11:39, 0.01089331871648108599, 91.799388783791516169
2022/09/13 04:12:39, 0.01087385496425387671, 91.96370590626286347702
2022/09/13 04:39:25, 0.01087385496425395558, 91.9637059062621964777
2022/09/13 04:54:23, 0.01087385496425395879, 91.96370590626216932367
2022/09/13 05:30:49, 0.01081374046863338044, 92.47493990637432614675
2022/09/13 05:33:39, 0.01081374046863347589, 92.47493990637350992421
2022/09/13 05:52:23, 0.01081374046863357352, 92.47493990637267499889
2022/09/13 05:59:53, 0.01071682470131655173, 93.31122117516310126806
2022/09/13 06:00:35, 0.01071682470131691352, 93.31122117515995116301
2022/09/13 06:48:56, 0.0107168247013162406, 93.31122117516581027736
2022/09/13 07:05:07, 0.01071595236931010767, 93.31881717428536278981
2022/09/13 07:28:11, 0.01039674624881102098, 96.18393832727817943754
2022/09/13 07:28:11, 0.01044948202296343164, 95.69852341029282594763
2022/09/13 07:40:04, 0.01044097331207915062, 95.77651145253872955046
2022/09/13 07:53:39, 0.00983557894596087935, 101.67169675463428107693
2022/09/13 07:53:39, 0.00993955904227564523, 100.60808490062067093472
2022/09/13 07:54:28, 0.01003806748316164276, 99.62076880609241705965
2022/09/13 07:54:28, 0.01015986797194069432, 98.42647589139726752613
2022/09/13 07:56:04, 0.01003842960240179409, 99.61717515663406732805
2022/09/13 07:56:39, 0.01003446557551368104, 99.65652804073806703234
2022/09/13 08:04:25, 0.01003311221829068803, 99.66997061758839513884
2022/09/13 08:25:58, 0.0100342969453500933, 99.65820280646581268041
2022/09/13 08:33:49, 0.01002572436247466411, 99.74341642015465779519
2022/09/13 08:44:58, 0.01002572436247739646, 99.74341642012747423783
2022/09/13 08:46:09, 0.00994097467015251805, 100.59375797450428829815
2022/09/13 08:48:32, 0.00996063855378118313, 100.3951699080966528129
2022/09/13 09:38:35, 0.00992704124316989501, 100.73494966972463039441
2022/09/13 09:39:11, 0.00993969363274153805, 100.60672259615539494024
2022/09/13 09:40:35, 0.00993776876619453964, 100.62620931588943088295
2022/09/13 09:46:13, 0.00992081990486330461, 100.79812047689607147352
2022/09/13 09:51:00, 0.00992081990486340182, 100.79812047689508374181
2022/09/13 09:56:29, 0.00991495161740535038, 100.8577790984410873645
2022/09/13 10:03:33, 0.0099283229243044841, 100.72194545082786123063
2022/09/13 10:19:03, 0.00995583993462397739, 100.44355941503684387137
2022/09/13 10:20:12, 0.00995583993462397836, 100.44355941503683400117
2022/09/13 10:39:31, 0.0099558399346331716, 100.44355941494408430348
2022/09/13 10:41:05, 0.00995541618593801041, 100.44783475878149689427
2022/09/13 10:41:51, 0.00951557254098156977, 105.09089134607616135801
2022/09/13 10:42:21, 0.00957701692735048098, 104.4166474368604769315
2022/09/13 10:42:21, 0.00999956052617983262, 100.00439493134740063092
2022/09/13 10:45:10, 0.01001387647097386777, 99.8614275798778826622
2022/09/13 10:50:27, 0.00991873183907516943, 100.81934023666888531725
2022/09/13 11:24:19, 0.00993321037671122997, 100.67238708087126300333
2022/09/13 11:44:20, 0.00993391688764648868, 100.66522715159505948674
2022/09/13 12:01:18, 0.0099941900376078229, 100.05813339920808381558
2022/09/13 12:06:33, 0.01001439074033516275, 99.85629939246128197562
2022/09/13 12:24:59, 0.01021980792404780973, 97.84919711132154702459
2022/09/13 12:25:46, 0.01018264905851842194, 98.20627169345854465273
2022/09/13 12:42:13, 0.01018874290215306747, 98.14753494159536945497
2022/09/13 12:46:01, 0.01018899723166176155, 98.14508506220354240185
2022/09/13 12:49:36, 0.01018899723166535516, 98.14508506216892708108
2022/09/13 13:16:43, 0.01019107751500783279, 98.12505091118732469398
2022/09/13 14:24:07, 0.01016031363814871804, 98.42215856854268986057
2022/09/13 14:47:27, 0.01017049084246089224, 98.32367144219718311764
2022/09/13 15:44:32, 0.01016664744803996063, 98.36084167478347269192
2022/09/13 16:11:14, 0.010207287401686229, 97.96922146375553783323
2022/09/13 16:13:37, 0.01020728740168632771, 97.96922146375459042032
2022/09/13 16:31:52, 0.01020728740168633669, 97.96922146375450420921
2022/09/13 16:32:02, 0.0102072874016864355, 97.96922146375355583619
2022/09/13 16:37:16, 0.01020963204911234666, 97.94672277997939560469
2022/09/13 16:39:12, 0.01020492917104098492, 97.99186091734451012519
2022/09/13 17:00:42, 0.01020181437655112167, 98.02177956682889493541
2022/09/13 17:14:35, 0.01020100749446753151, 98.02953292038509936932
2022/09/13 17:15:30, 0.01020100749446005826, 98.02953292045691577057
2022/09/13 17:32:35, 0.01020062972103479224, 98.03316337793271488505
2022/09/13 17:48:54, 0.01020062972103862221, 98.03316337789590689633
2022/09/13 18:22:42, 0.00981596593877257452, 101.87484413021952470681
2022/09/13 18:23:59, 0.00991860477117085879, 100.82063183993097820827
2022/09/13 18:45:18, 0.00992865302110883556, 100.7185967596961745681
2022/09/13 18:48:45, 0.00992536743698680629, 100.75193753266076605494
2022/09/13 18:57:58, 0.00992536743698878374, 100.75193753264069313163
2022/09/13 19:36:46, 0.00990548267823125539, 100.95419198477283927906
2022/09/13 19:40:26, 0.00990038223206024427, 101.00620123147533792575
2022/09/13 19:49:52, 0.00990038223206033892, 101.00620123147437235659
2022/09/13 19:52:41, 0.00989621217172467176, 101.04876316791054122962
2022/09/13 19:55:19, 0.0096003709882629556, 104.16264134193996731093
2022/09/13 19:55:35, 0.0096521434794095954, 103.60393027033288952302
2022/09/13 20:10:53, 0.00965768420221832489, 103.54449152212956776943
2022/09/13 20:13:42, 0.00965768420221837331, 103.54449152212904869122
2022/09/13 20:14:12, 0.00965966572016981273, 103.52325111126313740807
2022/09/13 20:29:55, 0.00966164723812125215, 103.50201941283608658913
2022/09/13 20:47:33, 0.00965604868138299438, 103.56202966623551604638
2022/09/13 21:31:54, 0.00965802675416041396, 103.54081899485599694914
2022/09/13 21:32:44, 0.0096778186211286849, 103.32907023249977361551
2022/09/13 21:33:05, 0.00967755480630048338, 103.33188703296820010029
2022/09/13 21:45:49, 0.00968052528854544601, 103.30017950402520858781
2022/09/13 21:46:35, 0.00966087236753040052, 103.51032101002997051177
2022/09/13 21:48:11, 0.00965141806244078225, 103.61171731764216617567
2022/09/13 22:06:07, 0.0096536955909024082, 103.58727293435632311752
2022/09/13 22:21:13, 0.00965389334079930463, 103.58515105753218407567
2022/09/13 22:35:07, 0.00965307435650397746, 103.59393940918183786271
2022/09/13 22:57:42, 0.00965307435651379001, 103.59393940907653238865
2022/09/13 23:03:51, 0.00965104163589478473, 103.61575856027132361368
2022/09/13 23:13:45, 0.00964913333747761638, 103.6362505341241746004
2022/09/13 23:23:35, 0.00964892221933347647, 103.63851809234270221524
2022/09/13 23:28:20, 0.00964499978271691846, 103.6806658919704075487
2022/09/13 23:33:51, 0.00964499978272555252, 103.68066589187759418976
2022/09/13 23:36:57, 0.00944883636330643375, 105.83313770607725309604
2022/09/13 23:43:42, 0.0096389334260763101, 103.74591832896047005526
2022/09/14 00:17:07, 0.00963893342607912578, 103.74591832893016428231
2022/09/14 00:20:14, 0.0095229466559423009, 105.00951398021345326661
2022/09/14 00:26:03, 0.00939302136362393236, 106.46201698983348750916
2022/09/14 01:18:23, 0.00939302136363307463, 106.46201698972986758602
2022/09/14 01:22:29, 0.00939302136363891215, 106.46201698966370426426
2022/09/14 01:25:55, 0.00939302136364578789, 106.46201698958577345491
2022/09/14 02:15:54, 0.00939214575036954867, 106.47194225671523843344
2022/09/14 04:17:28, 0.00939314865682572159, 106.46057424773425250497
2022/09/14 04:23:35, 0.00939314865682573205, 106.46057424773413397078
2022/09/14 04:46:05, 0.00939715436043866755, 106.41519354092201032945
2022/09/14 04:53:36, 0.00939694760299964723, 106.41753495366782035489
2022/09/14 05:07:36, 0.00939597424007493385, 106.42855913066284631798
2022/09/14 05:07:56, 0.00939817757757621111, 106.40360769368436235413
2022/09/14 05:26:18, 0.00939817757757624596, 106.40360769368396787546
2022/09/14 06:15:35, 0.00939817757757626647, 106.40360769368373561094
2022/09/14 06:54:34, 0.00939817757757935871, 106.40360769364872614536
2022/09/14 08:00:30, 0.00938996568540354159, 106.49666180936891970375
2022/09/14 08:08:57, 0.00938996568540964501, 106.49666180929969759875
2022/09/14 08:14:24, 0.00935395147262470508, 106.90669103069458886773
2022/09/14 08:30:55, 0.00935594589944800749, 106.88390150471040161307
2022/09/14 09:28:36, 0.00935893793783012582, 106.84973088216145096394
2022/09/14 09:41:00, 0.009358937937837812, 106.84973088207369889236
2022/09/14 09:58:12, 0.00935893793783789215, 106.84973088207278373197
2022/09/14 12:46:38, 0.00936392738871102698, 106.79279734757245210584
2022/09/14 13:17:13, 0.00938389848056068393, 106.56551773994153728425
2022/09/14 13:26:41, 0.00938389848056074065, 106.56551773994089310262
2022/09/14 14:30:55, 0.0093838984805682468, 106.565517739855651752
2022/09/14 14:33:32, 0.00938449878993762381, 106.55870093693588998985
2022/09/14 14:56:36, 0.00938168257775259215, 106.59068794028125697362
2022/09/14 15:05:44, 0.00938368634581675496, 106.56792684101166189112
2022/09/14 15:18:14, 0.00938468822984883636, 106.55654993624732018934
2022/09/14 15:50:34, 0.00938468822984886732, 106.55654993624696860646
2022/09/14 15:56:59, 0.00938429642814232079, 106.56099875544491428831
2022/09/14 16:03:49, 0.00938429642815048243, 106.56099875535223682478
2022/09/14 16:26:20, 0.00938429642815049064, 106.56099875535214355922
2022/09/14 17:34:32, 0.00938362829773389422, 106.56858608108930409186
2022/09/14 17:37:46, 0.00938359713104438047, 106.56894003810471345817
2022/09/14 17:39:48, 0.00938337748833541526, 106.57143456533764411551
2022/09/14 19:14:46, 0.00938205918866389617, 106.58640921902034068233
2022/09/14 19:37:33, 0.00938205918866762959, 106.58640921897792649251
2022/09/14 19:41:03, 0.00937066501893669477, 106.71601193502824557406
2022/09/14 20:04:32, 0.0093706650189447598, 106.71601193493639850039
2022/09/14 20:12:08, 0.00937460425329161693, 106.67116957485211946865
2022/09/14 20:33:07, 0.00937414190705830837, 106.67643075117572693855
2022/09/14 20:56:07, 0.00937403964636868594, 106.67759447629174990887
2022/09/14 21:00:16, 0.00937403964637342689, 106.67759447623779738436
2022/09/14 21:05:34, 0.00937363364480591847, 106.68221501851804533016
2022/09/14 21:05:58, 0.0093736336448107609, 106.68221501846293310601
2022/09/14 21:09:12, 0.00936416624803831316, 106.79007329771496542886
2022/09/14 21:09:12, 0.00940551173835864767, 106.32063707088729077199
2022/09/14 21:38:17, 0.00940551173836118582, 106.32063707085859929323
2022/09/14 22:18:49, 0.00940754380763214984, 106.29767136334993675873
2022/09/14 22:24:32, 0.00940754380763598869, 106.29767136330656084715
2022/09/14 22:26:16, 0.00939297336920487015, 106.46256096908870088345
2022/09/14 23:24:08, 0.00938824612015678696, 106.51616789774783343512
2022/09/14 23:30:36, 0.00937365875007504866, 106.68192929383029482801
2022/09/14 23:30:36, 0.00937365875007581393, 106.68192929382158524791
2022/09/14 23:45:12, 0.00936740265005997053, 106.75317773316789740373
2022/09/15 00:41:20, 0.00936841733676711624, 106.74161537140522337493
2022/09/15 01:16:06, 0.00936841733676721401, 106.74161537140410946262
2022/09/15 01:18:19, 0.00936841733676867476, 106.74161537138746597691
2022/09/15 01:58:43, 0.00936943409028052076, 106.73003197037912143766
2022/09/15 02:03:51, 0.00929614870687830763, 107.57142893595179037789
2022/09/15 02:28:20, 0.00929716152520560643, 107.55971027166649467898
2022/09/15 02:38:07, 0.00929716152520566149, 107.55971027166585763891
2022/09/15 02:47:13, 0.0092971615252056722, 107.55971027166573372756
2022/09/15 02:50:29, 0.00929756414021366186, 107.55505258359202750625
2022/09/15 03:15:19, 0.00933795817136185298, 107.08979218463980843409
2022/09/15 03:25:12, 0.00934807032712497224, 106.97394916877492873935
2022/09/15 03:50:58, 0.00934455201695350399, 107.01422584900098955832
2022/09/15 03:57:45, 0.00935264262885710963, 106.92165195263103160681
2022/09/15 04:02:11, 0.00937288446210918387, 106.69074221949489465415
2022/09/15 04:07:31, 0.00937288446210925498, 106.69074221949408519914
2022/09/15 05:07:54, 0.00937237271488369258, 106.69656771245995015956
2022/09/15 05:30:14, 0.00937275328750363945, 106.69223538970823456399
2022/09/15 07:01:25, 0.00937275328750364094, 106.69223538970821756582
2022/09/15 08:12:13, 0.00937235113899784833, 106.69681333630937667358
2022/09/15 08:15:17, 0.00937235113900493536, 106.69681333622869646895
2022/09/15 08:16:30, 0.00936561723677390297, 106.77352861203003460872
2022/09/15 09:28:40, 0.00937371301049764888, 106.68131175768844713024
2022/09/15 09:30:45, 0.00937371301049769978, 106.68131175768786791756
2022/09/15 09:40:14, 0.00933913898342891895, 107.076252080022500113
2022/09/15 10:55:18, 0.00931410667878632832, 107.36402689885281398386
2022/09/15 11:22:16, 0.00931322773488313317, 107.37415947152810360026
2022/09/15 12:28:41, 0.00931247971546431493, 107.3827842373067193756
2022/09/15 12:53:54, 0.00935520566566477042, 106.8923587292338935165
2022/09/15 13:04:44, 0.00934670196864570167, 106.98961016993846122
2022/09/15 13:58:18, 0.00934636497571878859, 106.99346779180258965153
2022/09/15 14:57:53, 0.00934440314930380633, 107.01593071511515568141
2022/09/15 14:58:02, 0.00934288175724789264, 107.03335715709274803006
2022/09/15 15:06:20, 0.00934288175725625515, 107.03335715699694589009
2022/09/15 15:09:46, 0.00933645116643641965, 107.10707764368725093545
2022/09/15 15:16:08, 0.00933645116643649067, 107.10707764368643622167
2022/09/15 15:55:12, 0.00933645116643654473, 107.10707764368581602627
2022/09/15 16:36:18, 0.00933872092823831801, 107.0810454327006803165
2022/09/15 16:40:29, 0.00934053874295174529, 107.06020578894205642455
2022/09/15 16:44:38, 0.00934053874295153735, 107.06020578894443979208
2022/09/15 16:53:10, 0.00933105203167126169, 107.16905195746641541851
2022/09/15 17:32:06, 0.00934695124528435215, 106.98675683202176428039
2022/09/15 19:25:07, 0.00934729439732164215, 106.98282920098657639651
2022/09/15 19:26:10, 0.00934729439733037318, 106.98282920088664698429
2022/09/15 19:36:19, 0.0091026426009869019, 109.85820753761997932408
2022/09/15 19:37:11, 0.00916581544076494848, 109.1010403234284765992
2022/09/15 20:20:06, 0.00917594577168328897, 108.98059174303012169316
2022/09/15 20:42:10, 0.00917594577168956811, 108.98059174295554572273
2022/09/15 20:51:31, 0.0092063731725125009, 108.62040689222802060887
2022/09/15 21:17:18, 0.00920637317251556436, 108.62040689219187668601
2022/09/15 21:43:49, 0.00920637317251557852, 108.62040689219170962648
2022/09/15 21:49:37, 0.00920581223031153944, 108.62702551192035306791
2022/09/15 21:51:51, 0.00920784336554668317, 108.60306374690687770359
2022/09/15 21:54:39, 0.00920784336554673448, 108.60306374690627248779
2022/09/15 22:17:26, 0.00920784336555158613, 108.60306374684904908743
2022/09/15 23:40:22, 0.00920833082017494307, 108.59731470648897174261
2022/09/16 00:10:32, 0.00921848905880823896, 108.47764678361287039584
2022/09/16 02:27:04, 0.00921804727211827095, 108.48284571339629716351
2022/09/16 02:44:02, 0.00920520525827401859, 108.63418815144384838114
2022/09/16 05:42:41, 0.00920410993043339971, 108.64711607729704406741
2022/09/16 05:44:04, 0.00920421145918968071, 108.64591762519522592176
2022/09/16 06:09:19, 0.00920421145919442436, 108.64591762513923214855
2022/09/16 06:11:27, 0.00917967353325212382, 108.93633595766074562961
2022/09/16 08:11:24, 0.00918170416142581297, 108.91224356816039155103
2022/09/16 08:52:25, 0.00915159873612337295, 109.27052516548612069191
2022/09/16 09:05:42, 0.00914919114549256762, 109.29927947703432907973
2022/09/16 10:01:13, 0.00912260636653009341, 109.61779559719877632255
2022/09/16 10:46:52, 0.00912260636653011724, 109.61779559719849004341
2022/09/16 10:50:45, 0.00912462732516162691, 109.59351701328653861585
2022/09/16 11:33:42, 0.00913474785701165828, 109.47209661976811619361
2022/09/16 12:14:59, 0.00913980812293667397, 109.41148725983255470893
2022/09/16 12:52:34, 0.00913980812293699703, 109.41148725982868735676
2022/09/16 12:54:53, 0.00916516314447065719, 109.10880518294974241467
2022/09/16 13:17:27, 0.00916609414545285503, 109.09772299208634705329
2022/09/16 16:21:34, 0.00916436527945020484, 109.11830437863043313125
2022/09/16 17:03:02, 0.00916046922224408044, 109.16471369957024988965
2022/09/16 17:22:10, 0.00915930897550084002, 109.17854203573463544191
2022/09/16 18:16:37, 0.00915584316236678312, 109.21987000719879684608
2022/09/16 19:05:57, 0.00915640084109118467, 109.21321787402529336807
2022/09/16 19:06:49, 0.00915506988987639684, 109.22909513839889002795
2022/09/16 19:28:37, 0.00915462750293592307, 109.23437350993213902802
2022/09/16 19:45:00, 0.00915503230777406953, 109.22954353212297611214
2022/09/16 20:25:05, 0.00915503230778301086, 109.22954353201629629578
2022/09/16 20:27:45, 0.00915354885668234151, 109.24724559371009374077
2022/09/16 20:47:25, 0.00917544228230289826, 108.98657189841915860633
2022/09/16 21:40:33, 0.00917544228230296781, 108.98657189841833247871
2022/09/16 21:45:04, 0.00917645549953856483, 108.97453815912741961562
2022/09/16 21:51:05, 0.00917645549954617597, 108.9745381590370338017
2022/09/16 22:29:30, 0.00918136905457148436, 108.91621870946263834529
2022/09/16 23:05:32, 0.0091813690545715391, 108.91621870946198900548
2022/09/17 00:51:12, 0.00918136905457536823, 108.91621870941656494441
2022/09/17 01:21:31, 0.00918106790939232531, 108.91979123441510412394
2022/09/17 02:05:29, 0.00918113973055115562, 108.91893918925997163174
2022/09/17 02:13:41, 0.00919548801745713184, 108.74898625299218594448
2022/09/17 02:17:48, 0.00919927169835680242, 108.7042575531954962324
2022/09/17 02:18:19, 0.0092530898508422769, 108.07200795839818244672
2022/09/17 02:40:03, 0.00925308985085253889, 108.07200795827832692559
2022/09/17 02:43:40, 0.00925068667831450697, 108.10008324508531906229
2022/09/17 03:03:50, 0.00925097296226540806, 108.09673794086160413567
2022/09/17 03:08:17, 0.00925097296226541474, 108.09673794086152607464
2022/09/17 03:20:26, 0.00925097296226542295, 108.09673794086143016297
2022/09/17 03:34:46, 0.00925179565591554889, 108.08712569873993311508
2022/09/17 03:38:35, 0.00924326632776121877, 108.18686431187217793437
2022/09/17 03:48:23, 0.00924532227205888182, 108.16280607353080025612
2022/09/17 07:49:09, 0.00925486270186907032, 108.0513058068429811892
2022/09/17 09:18:26, 0.00925794863493197958, 108.01528928631253372417
2022/09/17 10:03:13, 0.00925794863493207349, 108.01528928631143805634
2022/09/17 10:52:35, 0.00926000606051480698, 107.99129001265527577917
2022/09/17 11:27:28, 0.0092596933160168883, 107.99493739930426754527
2022/09/17 12:51:05, 0.00933184599215718868, 107.15993393380421655226
2022/09/17 13:19:00, 0.0093318459921621553, 107.15993393374718361025
2022/09/17 13:23:51, 0.00933089059602776017, 107.17090611111746846416
2022/09/17 14:28:09, 0.00933089059603353463, 107.17090611105114524936
2022/09/17 14:32:43, 0.00868487684008289321, 115.14268059447293826549
2022/09/17 14:33:29, 0.00895890093849859896, 111.62083461630368660897
2022/09/17 14:36:22, 0.00885262537262764377, 112.96084019233484769669
2022/09/17 14:36:54, 0.00886522495090871398, 112.80029616140725162616
2022/09/17 14:40:29, 0.00887419969917817393, 112.68621778847375623332
2022/09/17 14:40:59, 0.00886526079588282235, 112.79984007514104722624
2022/09/17 14:49:50, 0.00951739082912066538, 105.07081383484515409032
2022/09/17 14:50:37, 0.00951589876376259786, 105.0872886340584389539
2022/09/17 14:50:37, 0.00940407598435026304, 106.33686942386939827875
2022/09/17 15:10:22, 0.00933127977107298561, 107.16643638742941213835
2022/09/17 15:32:23, 0.00936643636564541098, 106.76419087923768960326
2022/09/17 15:35:45, 0.0093599352772017204, 106.8383456064841041509
2022/09/17 15:53:48, 0.00936407424224616254, 106.79112255309605281493
2022/09/17 15:59:45, 0.00936614406717749683, 106.76752277432688169851
2022/09/17 16:00:25, 0.00936614406717751513, 106.76752277432667316793
2022/09/17 16:05:13, 0.00936614406717755847, 106.76752277432617902772
2022/09/17 16:47:23, 0.00936821342129588157, 106.74393878845604880177
2022/09/17 17:01:11, 0.00936821342129576902, 106.74393878845733120134
2022/09/17 17:47:21, 0.00937113062974173296, 106.71070967960243441767
2022/09/17 18:13:35, 0.0094229476838887297, 106.12390448795453997527
2022/09/17 18:32:17, 0.00942294768389578652, 106.12390448787506409864
2022/09/17 18:35:51, 0.00941771087432274635, 106.18291571537682902511
2022/09/17 18:38:35, 0.00938608725486014504, 106.54066735659173676313
2022/09/17 18:46:52, 0.00948965833069798622, 105.37787190557868038613
2022/09/17 20:30:38, 0.00948949487237271084, 105.37968705914527500317
2022/09/17 21:26:11, 0.00948456924796781217, 105.43441392599485030261
2022/09/17 22:15:10, 0.00948550370125693115, 105.42402717817602629843
2022/09/17 22:49:12, 0.0094855037012612276, 105.42402717812827456844
2022/09/17 23:05:23, 0.00948550370127134104, 105.42402717801587150873
2022/09/18 00:10:08, 0.00948108071197578822, 105.47320821105079251353
2022/09/18 00:24:31, 0.00948033013030690712, 105.48155879120498080997
2022/09/18 00:32:41, 0.00948033013030697399, 105.48155879120423678768
2022/09/18 00:48:57, 0.00963628700821275601, 103.77441011747845297005
2022/09/18 00:52:41, 0.00957319243596661317, 104.45836189848085633417
2022/09/18 01:55:02, 0.00957422720749265904, 104.4470721582013115673
2022/09/18 02:24:53, 0.00957422720750185368, 104.44707215810100548419
2022/09/18 03:12:39, 0.00957373714160433985, 104.45241865418740985314
2022/09/18 03:45:22, 0.0095737371416091927, 104.45241865413446378349
2022/09/18 03:46:20, 0.00942650446093881362, 106.08386217221468595926
2022/09/18 04:04:27, 0.00936399773745426535, 106.79199504717779669218
2022/09/18 05:04:37, 0.00936152832791579812, 106.82016493162017577444
2022/09/18 05:37:57, 0.00936212485740034447, 106.81335863722692738524
2022/09/18 07:19:25, 0.00932643569362401831, 107.22209779279839266469
2022/09/18 07:44:30, 0.00934697799753487021, 106.98645062219419870935
2022/09/18 08:25:22, 0.00934470197853038337, 107.01250850990406456642
2022/09/18 08:37:50, 0.0093337700772730486, 107.13784373528940545148
2022/09/18 09:10:51, 0.00933685118455621852, 107.10248886199101406272
2022/09/18 09:38:16, 0.00933685118455652328, 107.1024888619875181407
2022/09/18 09:58:45, 0.00934714626992804876, 106.98452459412488360776
2022/09/18 11:11:10, 0.00934878976699532996, 106.96571694556317795483
2022/09/18 11:43:10, 0.00935592169797854348, 106.88417798708829713673
2022/09/18 12:06:55, 0.00935190419423286102, 106.93009458081068841116
2022/09/18 13:06:15, 0.00935190419424195773, 106.93009458070667627907
2022/09/18 13:30:42, 0.00935248244727835439, 106.92348321819174634772
2022/09/18 14:39:50, 0.00935248244727844989, 106.92348321819065459338
2022/09/18 16:28:47, 0.00935040104793520573, 106.94728438635518632842
2022/09/18 16:51:28, 0.00935245506536649038, 106.92379626640991054546
2022/09/18 17:40:59, 0.00935197717899640745, 106.92926007624340763754
2022/09/18 17:44:33, 0.00935249146976323738, 106.92338006754850956927
2022/09/18 18:08:33, 0.00935249146976803449, 106.92338006749366610398
2022/09/18 18:36:55, 0.00935249146976804624, 106.92338006749353173233
2022/09/18 18:38:20, 0.0093524914697703702, 106.92338006746696285058
2022/09/18 18:40:29, 0.00935203411744386867, 106.92860905359096013646
2022/09/18 18:48:23, 0.00935172197712172257, 106.93217810007868463467
2022/09/18 19:08:15, 0.00935295446326643646, 106.91808710578912216504
2022/09/18 19:24:05, 0.00936066752760581337, 106.82998803780513382495
2022/09/18 20:46:24, 0.00935970566984427705, 106.84096650836645279575
2022/09/18 21:10:08, 0.00935970566984407375, 106.84096650836877343345
2022/09/18 21:15:54, 0.00936340410670466411, 106.79876555620942914457
2022/09/18 21:25:53, 0.00936340410670712976, 106.79876555618130599898
2022/09/18 22:05:19, 0.00932861322893600666, 107.19706943130034428459
2022/09/18 23:35:21, 0.00932861322893602655, 107.19706943130011574431
2022/09/18 23:36:33, 0.009349138114821057, 106.96173141508243219475
2022/09/19 00:56:13, 0.00935427285199580567, 106.90301809901154966489
2022/09/19 01:52:41, 0.00935427285199583997, 106.90301809901115767071
2022/09/19 02:09:49, 0.00936391357917940066, 106.79295484139167248688
2022/09/19 02:20:29, 0.00936278730381074577, 106.80580125888262404046
2022/09/19 03:10:56, 0.00936326964425275678, 106.80029925377694271205
2022/09/19 04:55:50, 0.00936326964425456811, 106.80029925375628210911
2022/09/19 05:45:19, 0.00936712975265395977, 106.75628782836846117741
2022/09/19 05:54:25, 0.00936506496486248518, 106.77982520697696074892
2022/09/19 05:56:28, 0.00936506496487201556, 106.77982520686829595588
2022/09/19 06:00:58, 0.00936506496487207974, 106.77982520686756416985
2022/09/19 09:33:23, 0.00935536487459095049, 106.89053964276551247137
2022/09/19 09:46:05, 0.00934375678561041198, 107.02333364884044062715
2022/09/19 11:17:04, 0.00934361860687475263, 107.02491637064789595321
2022/09/19 11:17:47, 0.00934669614044409342, 106.9896768841023421537
2022/09/19 12:44:44, 0.00935285272629201305, 106.91925012235867681731
2022/09/19 14:50:05, 0.00937213726208045291, 106.69924821160987123358
2022/09/19 14:53:01, 0.00937213726208053014, 106.69924821160899201255
2022/09/19 14:59:38, 0.00935648425141179594, 106.87775163508776536525
2022/09/19 15:18:10, 0.00935330984342937841, 106.91402473986164364511
2022/09/19 15:21:42, 0.0093533098434294525, 106.91402473986079677562
2022/09/19 15:23:22, 0.00935019389570223962, 106.94965378842507048486
2022/09/19 15:26:36, 0.00934195726329832991, 107.04394933690092048521
2022/09/19 17:15:35, 0.00933843192235740001, 107.08435937792426823569
2022/09/19 18:10:06, 0.00933843192236301435, 107.08435937785988828142
2022/09/19 18:16:04, 0.00933636822074370047, 107.10802919899657821245
2022/09/19 19:22:49, 0.00933349967847752961, 107.14094760253089981449
2022/09/19 19:25:33, 0.00933349967848365303, 107.14094760246060794233
2022/09/19 19:28:10, 0.00932549970688233977, 107.23285951764997927059
2022/09/19 20:40:58, 0.00932378482343729267, 107.25258239403914996439
2022/09/19 21:21:47, 0.00932521863256616337, 107.23609165663225522883
2022/09/19 21:59:28, 0.00941855980965389771, 106.17334499219438925411
2022/09/19 22:04:49, 0.00941896950298339383, 106.16872681064068372517
2022/09/19 22:12:07, 0.00941945333941438823, 106.16327338399135403336
2022/09/19 22:15:14, 0.00941945333941448469, 106.16327338399026690102
2022/09/19 22:20:11, 0.00942047761168113565, 106.15173043456175055332
2022/09/19 22:30:32, 0.00942047761168121791, 106.1517304345608237114
2022/09/19 22:43:06, 0.00945523245619117867, 105.76154575080926475025
2022/09/19 23:33:28, 0.00945460078745392499, 105.76861175640339430635
2022/09/19 23:57:49, 0.00945387448011504404, 105.77673758027629498375
2022/09/20 00:35:17, 0.00945796212348928371, 105.73102185686005552747
2022/09/20 01:05:44, 0.0094579621234893473, 105.73102185685934471452
2022/09/20 01:08:36, 0.00947354489878809788, 105.55710778632873553589
2022/09/20 01:14:43, 0.0094739557118753522, 105.55253058091949105518
2022/09/20 02:44:19, 0.00928275480895222332, 107.72664156071504200967
2022/09/20 02:53:58, 0.00928478814376710769, 107.7030498182450733726
2022/09/20 04:20:01, 0.00933773299753658891, 107.09237459068625578659
2022/09/20 04:58:41, 0.00935507446718255742, 106.89385782101286749015
2022/09/20 06:18:48, 0.00935507446718262103, 106.89385782101214070392
2022/09/20 06:50:53, 0.0093536425456178995, 106.91022188660516391961
2022/09/20 07:22:02, 0.00935392976527309585, 106.90693912547291387343
2022/09/20 07:25:31, 0.00935392976527306152, 106.90693912547330621811
2022/09/20 08:15:27, 0.00934529418678674752, 107.00572716200777176201
2022/09/20 08:27:54, 0.00934835441089557288, 106.97069837601502996242
2022/09/20 09:15:45, 0.00936035927407253051, 106.83350614221854404565
2022/09/20 09:31:53, 0.0093598829088315869, 106.83894336503318731414
2022/09/20 10:02:37, 0.0093250906616010954, 107.23756328909540387179
2022/09/20 10:27:21, 0.00933527575455978249, 107.12056357966217869092
2022/09/20 10:27:28, 0.00933731343858233451, 107.09718663485585912192
2022/09/20 11:49:29, 0.00933935134463712173, 107.07381734537954273404
2022/09/20 12:10:11, 0.00933925560557210882, 107.07491498609021060788
2022/09/20 12:39:10, 0.00934129372319742913, 107.05155298956922708024
2022/09/20 14:18:40, 0.0093453763040180302, 107.00478690944221627535
2022/09/20 14:24:19, 0.00934466453317198797, 107.01293732377102788111
2022/09/20 15:29:19, 0.0093446849139154414, 107.01270392871898650807
2022/09/20 15:41:44, 0.00934487594164558097, 107.01051637758879976654
2022/09/20 16:27:41, 0.00935178636502439884, 106.93144186227258806431
2022/09/20 17:35:53, 0.00933103655654514865, 107.16922969276778377671
2022/09/20 17:51:27, 0.00934437847541411175, 107.01621329134823260986
2022/09/20 18:17:02, 0.00934671976494258422, 106.98940646009010633304
2022/09/20 18:38:57, 0.0093371818972205429, 107.09869541019397189253
2022/09/20 18:49:14, 0.00933718189722058287, 107.09869541019351334808
2022/09/20 19:14:56, 0.00935053663929835001, 106.94573355257591639598
2022/09/20 20:14:36, 0.00934562441286310015, 107.00194613252628160273
2022/09/20 20:17:28, 0.00934603158836718944, 106.9972844137055068439
2022/09/20 20:26:42, 0.00934806759886870442, 106.97398038938220672073
2022/09/20 21:56:59, 0.00934806759886876457, 106.97398038938151840065
2022/09/20 22:18:53, 0.00934806759887491495, 106.97398038931113695689
2022/09/20 23:12:43, 0.00934751158558376049, 106.98034346833592104185
2022/09/20 23:45:45, 0.00936278772981973675, 106.80579639919414897048
2022/09/21 00:41:34, 0.00936401215539151208, 106.79183061763013141362
2022/09/21 01:34:09, 0.00936690583938500183, 106.75883980762386862658
2022/09/21 01:59:42, 0.00936710963674985564, 106.7565170879086765881
2022/09/21 02:12:02, 0.0093671096367525604, 106.75651708787785058324
2022/09/21 02:52:54, 0.00936660452203633105, 106.76227416747992108924
2022/09/21 03:50:19, 0.00936660452204250389, 106.76227416740956200412
2022/09/21 04:25:25, 0.00936456974910015336, 106.78547192155737299101
2022/09/21 04:41:09, 0.00936552890611605478, 106.7745356428253711464
2022/09/21 05:04:03, 0.00936961391734973333, 106.72798354565047193355
2022/09/21 05:18:25, 0.00936961391734973471, 106.72798354565045619686
2022/09/21 05:53:32, 0.00932860055581043346, 107.19721506106698022582
2022/09/21 07:36:41, 0.00931997307171953661, 107.29644735073250921536
2022/09/21 08:40:51, 0.00931997307172887619, 107.29644735062498703235
2022/09/21 08:45:08, 0.0093191088210005505, 107.30639798373279756455
2022/09/21 09:15:38, 0.00933244886682566878, 107.15301141962100563782
2022/09/21 10:05:52, 0.0093395631780696793, 107.07138877202628634129
2022/09/21 10:34:06, 0.00933593626001492214, 107.1129849378814894845
2022/09/21 13:16:43, 0.00931938423011600498, 107.30322683428541189
2022/09/21 13:29:08, 0.00931958789769851036, 107.30088186055435653628
2022/09/21 14:13:58, 0.00931979156750314355, 107.29853696373051437974
2022/09/21 14:14:59, 0.00931926641695605962, 107.30458335009471214703
2022/09/21 14:38:40, 0.00931967374028199367, 107.29989352285438577021
2022/09/21 14:49:22, 0.00931899632594798276, 107.30769334199454757964
2022/09/21 15:43:23, 0.00931899632594801458, 107.30769334199418115346
2022/09/21 16:35:56, 0.00931899632594806902, 107.30769334199355428649
2022/09/21 16:44:21, 0.00933805618212355503, 107.08866818710779274868
2022/09/21 17:38:16, 0.00934417145843207992, 107.0185841996307489802
2022/09/21 18:11:49, 0.0092931356167604872, 107.60630655130716878506
2022/09/21 18:15:52, 0.00929178348205027606, 107.62196535592812380424
2022/09/21 19:34:34, 0.00929105594472720354, 107.63039270767852315579
2022/09/21 19:43:41, 0.00929105594473123596, 107.63039270763181041427
2022/09/21 20:19:21, 0.00927879026640434026, 107.77266985122984681467
2022/09/21 20:21:59, 0.00927879026640435633, 107.77266985122966020761
2022/09/21 20:27:54, 0.00927801094457029358, 107.78172239441290057488
2022/09/21 21:43:28, 0.00928146263504084436, 107.74163936453743652475
2022/09/21 21:44:41, 0.00928156431728419906, 107.7404590234635835004
2022/09/21 22:08:55, 0.00928359502274557502, 107.71689173751303868525
2022/09/21 22:36:20, 0.00928284320168859126, 107.72561577018724901119
2022/09/22 00:27:53, 0.00926881314548065469, 107.88867833500195141242
2022/09/22 00:28:30, 0.00927490173401208391, 107.81785388980350131544
2022/09/22 01:42:51, 0.00929521145708883869, 107.58227552073240922222
2022/09/22 05:39:24, 0.00929459210315099203, 107.58944436743883768373
2022/09/22 07:15:10, 0.00929459210315108176, 107.589444367437799018
2022/09/22 07:32:41, 0.00926635663809689211, 107.91727957983907541552
2022/09/22 07:55:35, 0.00926696467640823174, 107.91019874563592564418
2022/09/22 07:57:08, 0.0092707336357596268, 107.86632852256053903572
2022/09/22 07:58:52, 0.00926181396569524255, 107.97021012340475317204
2022/09/22 08:05:54, 0.00926181396569529416, 107.9702101234041514874
2022/09/22 10:11:00, 0.00926637967266928187, 107.91701131666873290619
2022/09/22 12:27:18, 0.00926637967266932789, 107.91701131666819691415
2022/09/22 12:43:05, 0.00926688812007799926, 107.91109022168522892781
2022/09/22 12:44:33, 0.0092668881200847828, 107.91109022160623594897
2022/09/22 12:46:48, 0.00925907626797433717, 108.00213445253064205479
2022/09/22 14:55:10, 0.00925828564334935598, 108.01135745021488811421
2022/09/22 14:58:09, 0.00907352638406056642, 110.21073369629438333075
2022/09/22 14:59:19, 0.00907577283584929214, 110.18345413516754895604
2022/09/22 15:28:34, 0.00907047026852383234, 110.24786702296796523093
2022/09/22 15:35:36, 0.00907087121542196536, 110.24299389234369976882
2022/09/22 16:16:47, 0.00909092985797772539, 109.99974871904354336967
2022/09/22 16:23:47, 0.00909092985798104537, 109.99974871900337182986
2022/09/22 16:26:00, 0.00909092985798721142, 109.9997487189287628814
2022/09/22 16:33:29, 0.00910515582843250488, 109.82788420570663337605
2022/09/22 16:34:09, 0.00904007749572249768, 110.618520745333320357
2022/09/22 16:41:39, 0.00885044498217793507, 112.98866915886053163863
2022/09/22 16:51:21, 0.008858223732928554, 112.88944941441405103381
2022/09/22 16:59:01, 0.00889316991094510817, 112.44584439675082219418
2022/09/22 17:32:10, 0.00889316991095501242, 112.44584439662559215271
2022/09/22 17:35:52, 0.00889759079961564162, 112.38997415381229132821
2022/09/22 18:45:47, 0.00898504534821947479, 111.29604373094960635335
2022/09/22 18:52:26, 0.00898163315726916806, 111.33832594695353339305
2022/09/22 19:37:15, 0.00898163315727862383, 111.33832594683631754512
2022/09/22 20:30:33, 0.00897350971369715149, 111.4391171242174653998
2022/09/22 21:17:22, 0.0089710979041224652, 111.46907666011231588655
2022/09/22 22:09:53, 0.00896808383419885905, 111.50654013587646796776
2022/09/22 22:15:55, 0.00893002591055814645, 111.98175794962478217567
2022/09/22 22:22:31, 0.00893016627443390962, 111.97999782634403403378
2022/09/22 23:15:20, 0.00893016627443951572, 111.97999782627373622471
2022/09/22 23:24:51, 0.00884640745766797463, 113.04023749586735649677
2022/09/22 23:26:24, 0.00884642748285664665, 113.03998161267747320404
2022/09/22 23:28:11, 0.00884370157456709658, 113.07482410711608367699
2022/09/23 01:06:28, 0.00884281629321400378, 113.08614437319049000511
2022/09/23 02:43:20, 0.00884281629321679537, 113.08614437315478984701
2022/09/23 02:46:45, 0.00884482125643160656, 113.06050976132946534465
2022/09/23 02:49:12, 0.00881980485012707163, 113.38119346094063145313
2022/09/23 03:17:02, 0.00881989337891187305, 113.38005540871650464248
2022/09/23 04:09:56, 0.00884860888061993885, 113.01211450199609230538
2022/09/23 04:49:50, 0.00885462639315327281, 112.9353126376102413454
2022/09/23 04:59:22, 0.00888187114541775294, 112.58888849292866667604
2022/09/23 05:25:03, 0.00888066470299721125, 112.60418374567181596182
2022/09/23 06:01:13, 0.00888267393674491419, 112.57871302281004041267
2022/09/23 06:11:38, 0.00882162856405597504, 113.35775392703949658576
2022/09/23 06:49:42, 0.00883765519853846332, 113.15218545360041540988
2022/09/23 07:05:42, 0.00883865734476600547, 113.13935601227609192152
2022/09/23 07:09:21, 0.00879497344775554834, 113.70130972427177626871
2022/09/23 07:49:51, 0.00878678769160011291, 113.80723366697114047631
2022/09/23 08:02:49, 0.00881308696314300096, 113.46761970942485310536
2022/09/23 09:02:14, 0.00881155183042322522, 113.48738783415511904413
2022/09/23 09:35:55, 0.00881295276794975033, 113.46934748552391165951
2022/09/23 09:39:26, 0.00880861241753486857, 113.52525830394688684869
2022/09/23 09:58:57, 0.00880861241754082873, 113.5252583038700723536
2022/09/23 10:04:40, 0.00852090974639053185, 117.35836075761760826559
2022/09/23 10:05:18, 0.00860161711908606624, 116.25720909863648851761
2022/09/23 10:56:19, 0.00860161711908607384, 116.25720909863638583969
2022/09/23 11:34:43, 0.00860161711909525499, 116.2572090985122958113
2022/09/23 11:43:29, 0.00819797095354403187, 121.98140316265624486329
2022/09/23 11:44:06, 0.00830363523983898128, 120.42918205296688261321
2022/09/23 11:44:46, 0.00819829518023381216, 121.97657903450609747223
2022/09/23 11:45:20, 0.00820716562445050625, 121.84474467297629631073
2022/09/23 11:46:17, 0.00821816256319341386, 121.68170102629607382877
2022/09/23 12:05:03, 0.0082351695661599902, 121.43040795531475086971
2022/09/23 12:21:52, 0.00823516956616003724, 121.43040795531405727047
2022/09/23 13:06:20, 0.00818445874531157225, 122.18278949391066096738
2022/09/23 13:08:20, 0.00821336782567845837, 121.75273544593698228775
2022/09/23 13:09:43, 0.0082326138278392015, 121.4681048950000486938
2022/09/23 13:45:00, 0.00823193411140287905, 121.4781345995954369827
2022/09/23 13:59:18, 0.00823278532658249312, 121.46557456941603951851
2022/09/23 14:19:37, 0.0082327853265909187, 121.46557456929172951695
2022/09/23 14:23:37, 0.00823071426064542849, 121.49613852851489105155
2022/09/23 14:24:18, 0.00821053985145040643, 121.79467100733312029967
2022/09/23 14:25:26, 0.00822753917081894599, 121.54302510606738645499
2022/09/23 15:27:59, 0.00822265053546619255, 121.61528641972182025165
2022/09/23 16:07:10, 0.00821928685730806715, 121.66505651410177963103
2022/09/23 16:43:55, 0.00821928685731251035, 121.66505651403600972454
2022/09/23 16:46:45, 0.00821928685731258973, 121.66505651403483474266
2022/09/23 17:04:06, 0.00815617918546460602, 122.60642848334337016884
2022/09/23 17:08:05, 0.0081560304547055316, 122.6086642949035404714
2022/09/23 17:13:22, 0.00815665305099799857, 122.59930559111449130113
2022/09/23 18:21:42, 0.00815540611323618898, 122.61805066666199609573
2022/09/23 19:14:40, 0.00815540611324547754, 122.61805066652234080705
2022/09/23 19:33:36, 0.00815540611325539786, 122.61805066637318690917
2022/09/23 19:34:58, 0.00817032599168854546, 122.39413715159876205541
2022/09/23 19:38:06, 0.00817032599168850928, 122.39413715159930400777
2022/09/23 19:45:02, 0.00825616800079303083, 121.12156631308215436382
2022/09/23 20:02:50, 0.00822121955271416332, 121.6364547361904226996
2022/09/23 20:42:13, 0.00822121955271421694, 121.63645473618962944836
2022/09/23 21:15:14, 0.00822121955271541224, 121.6364547361719444755
2022/09/23 21:20:42, 0.00822121955272287334, 121.6364547360615542968
2022/09/23 23:38:06, 0.00822191086827748944, 121.62622728717350608598
2022/09/24 00:58:20, 0.00819250959148304861, 122.06271946750019662252
2022/09/24 01:01:18, 0.00819407875825343903, 122.03934444647065550907
2022/09/24 01:15:35, 0.00819407875825344889, 122.03934444647050865776
2022/09/24 01:58:51, 0.00819393117293682968, 122.04154256296795026577
2022/09/24 02:45:28, 0.00819393117294714363, 122.04154256281433284349
2022/09/24 02:49:21, 0.00749571373652190232, 133.40957714642015405161
2022/09/24 02:49:21, 0.00778379908803253941, 128.47196962438088022042
2022/09/24 02:49:35, 0.00778390568457933468, 128.47021026746201667666
2022/09/24 02:51:25, 0.00777528722405683037, 128.61261213682090174741
2022/09/24 03:16:49, 0.00764744228206790895, 130.7626737301238834831
2022/09/24 03:43:10, 0.00772913404884534898, 129.38059990684072054508
2022/09/24 03:50:35, 0.00773019627495507836, 129.36282138655155811305
2022/09/24 04:04:02, 0.00773019627495511485, 129.3628213865509475476
2022/09/24 04:49:28, 0.00773015307965466802, 129.36354425269329454162
2022/09/24 04:56:02, 0.00774697942003334796, 129.08256828642709358751
2022/09/24 05:06:42, 0.00774908399538585438, 129.04751072455067035235
2022/09/24 05:32:25, 0.00795987196117262151, 125.63016149981932248014
2022/09/24 05:33:00, 0.00784528291369441046, 127.46512917391929887227
2022/09/24 07:59:51, 0.00787236514958257146, 127.0266280843215891451
2022/09/24 08:03:18, 0.00787447931102715863, 126.99252363259540180296
2022/09/24 08:17:47, 0.00786595142474875511, 127.13020281992661983631
2022/09/24 08:39:51, 0.00791028529030410154, 126.41769080386178918368
2022/09/24 08:57:45, 0.00791658088041743169, 126.31715826634379256993
2022/09/24 08:58:17, 0.00791815516829501537, 126.29204388467749536867
2022/09/24 10:38:27, 0.00788501668639929745, 126.82281341583960906916
2022/09/24 10:45:53, 0.00788711157624565152, 126.78912810258613971819
2022/09/24 11:31:23, 0.00781537615302175614, 127.95289445068585165805
2022/09/24 11:57:05, 0.00784673122448956715, 127.44160229153896883699
2022/09/24 12:43:54, 0.0078416571591789816, 127.52406534752146756354
2022/09/24 12:44:49, 0.007843746259577771, 127.49010063640559650097
2022/09/24 14:26:41, 0.0078169397290568179, 127.92730079302514209203
2022/09/24 15:19:14, 0.00781670594235070679, 127.93112691908062639508
2022/09/24 15:24:33, 0.00792114406928831713, 126.24438985741689324302
2022/09/24 15:57:47, 0.00792114406929720634, 126.24438985727522018168
2022/09/24 15:59:03, 0.00792054427479672268, 126.25394989357149505171
2022/09/24 16:16:22, 0.00792054427479712714, 126.25394989356504795091
2022/09/24 16:36:19, 0.00792054427479713851, 126.25394989356486672096
2022/09/24 16:39:42, 0.00792495329933058019, 126.18370887869709897311
2022/09/24 17:29:53, 0.00792460614624710056, 126.18923660623506385382
2022/09/24 17:31:45, 0.00794130275754971968, 125.92392338263513217287
2022/09/24 17:40:10, 0.00794962563665718202, 125.79208703725827907924
2022/09/24 17:48:46, 0.00796631066915881106, 125.52862190919216166794
2022/09/24 18:02:16, 0.00797678363708191649, 125.363811467979350932
2022/09/24 18:23:55, 0.0079600364352775353, 125.62756566894205622417
2022/09/24 18:26:39, 0.00796003643527760649, 125.62756566894093265992
2022/09/24 21:13:21, 0.00798093987984917907, 125.29852561912766094279
2022/09/24 21:20:16, 0.00798093987984918359, 125.29852561912759006319
2022/09/24 21:24:15, 0.00798251067778682882, 125.27386938331694377812
2022/09/24 22:16:37, 0.00798084159252020369, 125.3000687217271661318
2022/09/24 23:20:19, 0.00797977314741769758, 125.31684567043187106772
2022/09/25 00:00:04, 0.00798003490211176692, 125.31273512793392816828
2022/09/25 00:26:48, 0.0079807667326632502, 125.30124404053236078049
2022/09/25 00:45:40, 0.00798076673266330388, 125.30124404053151806982
2022/09/25 00:47:52, 0.00798040910161983572, 125.3068592432214374595
2022/09/25 00:56:03, 0.00797999322430043733, 125.3133896097592951105
2022/09/25 02:54:14, 0.00799045725688460032, 125.14928343285951537581
2022/09/25 03:36:58, 0.00799045725688468065, 125.14928343285825720581
2022/09/25 03:59:25, 0.00799118854792392878, 125.13783074981944322215
2022/09/25 07:58:41, 0.00798263428914690847, 125.27192951324197786986
2022/09/25 09:27:09, 0.00798349294561797656, 125.25845601816251243719
2022/09/25 11:34:53, 0.00798349294562382221, 125.25845601807079606103
2022/09/25 12:19:56, 0.00798369363448036024, 125.25530735312185332988
2022/09/25 12:29:07, 0.00798369363448040905, 125.25530735312108756614
2022/09/25 12:31:27, 0.00798369363448044708, 125.25530735312049093802
2022/09/25 13:09:02, 0.00800645245697101574, 124.89926161109284817776
2022/09/25 13:54:11, 0.00800645245697108746, 124.89926161109172941083
2022/09/25 14:05:47, 0.00800594368619345769, 124.90719885084084784093
2022/09/25 14:36:53, 0.00800678330581761135, 124.89410064006786130386
2022/09/25 15:19:06, 0.00813244039459390363, 122.96431962351140768678
2022/09/25 15:36:42, 0.00812556273526501236, 123.06839939343417716175
2022/09/25 15:40:00, 0.00812527022733915274, 123.0728298285136544673
2022/09/25 16:11:03, 0.00812357216388070263, 123.09855563864297740611
2022/09/25 17:03:59, 0.00812566226193153796, 123.06689199783349423572
2022/09/25 17:35:54, 0.00812566226194018862, 123.06689199770247605642
2022/09/25 17:43:46, 0.00812676983403205262, 123.05011959516213381509
2022/09/25 17:45:51, 0.00823145910474074615, 121.48514464757162776425
2022/09/25 17:48:39, 0.00819298497263987483, 122.05563702844048987022
2022/09/25 17:57:19, 0.00819080156472318622, 122.08817319014072450335
2022/09/25 17:58:03, 0.00818794396972740285, 122.13078200061162648382
2022/09/25 18:20:02, 0.00813580260895676065, 122.913503198700171363
2022/09/25 20:35:41, 0.00813580260896206482, 122.91350319862003740665
2022/09/25 20:59:48, 0.00813550586033485762, 122.91798656006867845257
2022/09/25 21:06:30, 0.00813550586033493674, 122.91798656006748297644
2022/09/25 21:38:59, 0.00813550586034126297, 122.91798655997190106754
2022/09/25 21:49:25, 0.00771795649274625075, 129.56797578994564268129
2022/09/25 21:49:51, 0.00784398660914679003, 127.48619418012653795778
2022/09/25 21:50:28, 0.00785900247252396021, 127.2426117049998472601
2022/09/25 21:52:14, 0.00784403159235861485, 127.4854630843360605584
2022/09/25 22:02:05, 0.00784455884670275007, 127.47689443624011832601
2022/09/25 23:51:24, 0.00784120470515224123, 127.53142375468495810949
2022/09/26 00:29:13, 0.00784966924444332046, 127.39390270588625025393
2022/09/26 00:30:23, 0.00786697207634704454, 127.113709098652440798
2022/09/26 00:48:10, 0.00789290836543788806, 126.6960103551793014326
2022/09/26 00:51:49, 0.00791407785227684457, 126.35710927613689083099
2022/09/26 00:55:05, 0.00791407785227684887, 126.35710927613682224075
2022/09/26 03:35:10, 0.0079152189822235594, 126.33889248621621430799
2022/09/26 03:51:59, 0.0079152189822256972, 126.33889248618209177068
2022/09/26 04:05:50, 0.00793213567329348279, 126.06945231243030774772
2022/09/26 04:13:40, 0.00793133061340169999, 126.08224883606333687383
2022/09/26 04:28:25, 0.00793133061340170545, 126.08224883606324998702
2022/09/26 04:29:59, 0.00793133061340873176, 126.08224883595155471974
2022/09/26 04:37:11, 0.00772011747025085497, 129.53170775619121856933
2022/09/26 04:38:25, 0.00775875020571737578, 128.88673735920845730112
2022/09/26 05:43:46, 0.00775875020571745178, 128.88673735920719472307
2022/09/26 05:57:41, 0.00779381157743655255, 128.30692531688173820945
2022/09/26 06:33:33, 0.00769901944312413881, 129.88667029449869949655
2022/09/26 06:58:50, 0.00768415222558896223, 130.13797366870274989673
2022/09/26 07:25:58, 0.00768415222558902105, 130.13797366870175370168
2022/09/26 07:33:44, 0.00767584533713095941, 130.27881048653009921609
2022/09/26 07:59:21, 0.00780235079380650908, 128.16650089531965931356
2022/09/26 08:03:22, 0.00780401646147753806, 128.13914539214971568005
2022/09/26 08:10:14, 0.00784664660454220847, 127.44297664955720466971
2022/09/26 08:38:26, 0.00784664660454221152, 127.44297664955715526293
2022/09/26 10:25:27, 0.00779644197430094685, 128.26363657887200509969
2022/09/26 11:09:05, 0.00779465727349842531, 128.29300441469910913698
2022/09/26 11:22:49, 0.00779284029741897244, 128.32291716939265214887
2022/09/26 11:26:47, 0.00779284029741900639, 128.32291716939209301132
2022/09/26 11:50:16, 0.00789905690430723477, 126.5973915765457156793
2022/09/26 12:00:45, 0.00788106050668353082, 126.88647665526109370739
2022/09/26 12:12:13, 0.00785953206175080776, 127.2340378718727000924
2022/09/26 12:26:09, 0.00784138912082126258, 127.52842444009023713282
2022/09/26 13:48:39, 0.0078298449029714977, 127.71645063116012180518
2022/09/26 14:17:42, 0.00782767685744920478, 127.75182448268166548194
2022/09/26 14:18:22, 0.00784831466232683408, 127.4158902930026462385
2022/09/26 14:22:30, 0.00784831466233507605, 127.41589029286883944428
2022/09/26 14:25:12, 0.00780584776741618182, 128.10908306132782519759
2022/09/26 14:47:08, 0.0078288105264821606, 127.73332508397611251805
2022/09/26 15:25:17, 0.00784053875247014896, 127.54225590492128232653
2022/09/26 17:56:15, 0.00785758263580376644, 127.26560398403092050151
2022/09/26 17:59:37, 0.00785631344417691085, 127.28616381022815221542
2022/09/26 18:01:45, 0.00785631344416725326, 127.28616381038462220124
2022/09/26 18:11:28, 0.00790969008949961081, 126.42720368115747577632
2022/09/26 18:29:39, 0.00789759608020604318, 126.62080838830524820346
2022/09/26 18:45:42, 0.00789646654931097777, 126.63892055456842681694
2022/09/26 18:48:08, 0.00787960715328365962, 126.90988021950702847849
2022/09/26 19:20:57, 0.00792749384814509511, 126.14327038979459678728
2022/09/26 19:25:15, 0.00795954506156271329, 125.63532114782299059571
2022/09/26 19:27:27, 0.00795390630484817673, 125.72438769997403026221
2022/09/26 19:46:13, 0.00793692659941380007, 125.99335365831117738451
2022/09/26 20:08:59, 0.00789789743022644358, 126.61597707927293560291
2022/09/26 20:11:26, 0.00788087959202296956, 126.88938948035705583374
2022/09/26 20:32:11, 0.00787753867716576115, 126.94320408716639408459
2022/09/26 22:17:14, 0.00793420377215040482, 126.03659153676743873501
2022/09/26 22:52:59, 0.00794269557866739817, 125.90184152163830314512
2022/09/26 23:05:03, 0.00805350228327344895, 124.16958049132596962031
2022/09/26 23:17:03, 0.00805387704030194802, 124.16380272457064799173
2022/09/26 23:21:26, 0.00802155261930123395, 124.66414514240399908235
2022/09/26 23:22:06, 0.00802206976857936307, 124.65610856649169626554
2022/09/26 23:56:04, 0.00803918201357770281, 124.39076491999548735796
2022/09/27 00:39:02, 0.00803873369053452939, 124.39770223729177570091
2022/09/27 01:10:02, 0.00800859488067480185, 124.86584911581147350429
2022/09/27 01:13:59, 0.00801925953339214124, 124.69979252273940194406
2022/09/27 01:28:03, 0.00802107322824728888, 124.67159587552017550452
2022/09/27 02:29:27, 0.00806416466035265503, 124.00540441795354782048
2022/09/27 02:31:00, 0.00807486618105450779, 123.84106158269592963391
2022/09/27 02:39:47, 0.00807486618105452735, 123.8410615826956297609
2022/09/27 02:45:07, 0.00806382971710298125, 124.01055516822854032665
2022/09/27 03:18:59, 0.00806469499210313691, 123.99724986241752552686
2022/09/27 03:52:26, 0.00805681618912127401, 124.11850742607870746232
2022/09/27 04:54:23, 0.00848516287484400612, 117.85277604566716251329
2022/09/27 04:55:34, 0.00833875008173982159, 119.92204949154166625255
2022/09/27 05:34:23, 0.00834106100116055446, 119.88882467840272238186
2022/09/27 07:28:33, 0.00833174682295384254, 120.02285009969510802938
2022/09/27 07:29:02, 0.00830801400584464774, 120.3657094579408301156
2022/09/27 09:21:58, 0.00832520266557777631, 120.11719596145100330551
2022/09/27 09:54:39, 0.00834291861656330185, 119.86213050366898606164
2022/09/27 10:04:20, 0.00834737221643933658, 119.79818008242131532451
2022/09/27 10:16:47, 0.00834700750243942737, 119.80341454200781191921
2022/09/27 10:39:34, 0.00834727432606216716, 119.79958498282046275159
2022/09/27 13:25:34, 0.00834270696529989491, 119.86517135976776401045
2022/09/27 13:52:58, 0.00833196907298054269, 120.01964856577129784028
2022/09/27 14:47:05, 0.00833620777803640087, 119.9586222688358478533
2022/09/27 14:52:52, 0.00833620777804084646, 119.95862226877187552774
2022/09/27 15:37:10, 0.00833658403681522488, 119.95320812264299951715
2022/09/27 16:08:19, 0.00832400603749136338, 120.13446356189497847784
2022/09/27 16:15:02, 0.00832004575715948623, 120.19164667928533451189
2022/09/27 16:35:27, 0.0083205759500004053, 120.1839879846239838278
2022/09/27 18:20:44, 0.00833116807939787566, 120.0311877602010520908
2022/09/27 18:22:00, 0.00836715390319962471, 119.51495234449996249666
2022/09/27 18:27:16, 0.00836747245559953457, 119.51040237136333452296
2022/09/27 18:57:20, 0.00828092001187972882, 120.75952896120353099429
2022/09/27 19:58:54, 0.00828653806849684232, 120.67765715114822942044
2022/09/27 20:00:16, 0.0082552690352611514, 121.13475596357296535027
2022/09/27 20:52:30, 0.0082044617269020627, 121.88490034892170538948
2022/09/27 21:07:06, 0.0082044617269042651, 121.88490034888898679109
2022/09/27 21:12:44, 0.00820446172690434734, 121.88490034888776505038
2022/09/27 21:28:19, 0.00820314802755994784, 121.90441969842803667529
2022/09/27 21:29:42, 0.00821735019101702049, 121.69373055235887214752
2022/09/27 22:37:52, 0.00821770171831583239, 121.68852487930699337008
2022/09/28 01:03:01, 0.00821585685170885833, 121.71584997759605020262
2022/09/28 01:24:20, 0.0082167408661515271, 121.70275493528734767031
2022/09/28 01:27:51, 0.00821674086615157692, 121.70275493528660966806
2022/09/28 01:40:41, 0.00823411448040417176, 121.44596755119622408355
2022/09/28 02:36:19, 0.00823189426359707243, 121.47872263400917840681
2022/09/28 02:52:20, 0.00823221073968226463, 121.47405255062707526211
2022/09/28 03:07:39, 0.00823431755026702497, 121.44297252266785530981
2022/09/28 03:11:03, 0.00823431755026706335, 121.44297252266728922282
2022/09/28 03:25:10, 0.00840905739518650319, 118.91939286470064032659
2022/09/28 03:53:13, 0.0084901594967222368, 117.7834174241445229279
2022/09/28 04:01:48, 0.00849015949672230796, 117.7834174241435358427
2022/09/28 04:05:39, 0.00850813281277085962, 117.53460154018542162104
2022/09/28 04:36:59, 0.00851059584953790562, 117.50058605524034609448
2022/09/28 04:43:47, 0.00852890923768521287, 117.24828722311562858971
2022/09/28 04:46:37, 0.00851750587570295869, 117.40526095234057608447
2022/09/28 04:48:06, 0.00848529683706560915, 117.85091543666263156533
2022/09/28 04:56:19, 0.00867874398020934911, 115.22404650723179277172
2022/09/28 04:57:12, 0.00863487097785297258, 115.80948951812203555587
2022/09/28 05:33:12, 0.00863353387409687183, 115.82742531424966593142
2022/09/28 08:04:03, 0.00863353387410492195, 115.82742531414166547685
2022/09/28 08:04:53, 0.00862374640077892303, 115.95888301048335049203
2022/09/28 08:33:42, 0.00862844828104588777, 115.89569380588396038045
2022/09/28 09:26:34, 0.00862804291753708155, 115.90113882806867780195
2022/09/28 09:58:47, 0.00862182762245985451, 115.9846895332261976775
2022/09/28 11:08:46, 0.008623702457085393, 115.95947390072364511007
2022/09/28 13:03:39, 0.00860210020444999845, 116.25068020978000856158
2022/09/28 13:04:41, 0.00858052508307042145, 116.54298429510142767166
2022/09/28 13:06:09, 0.00834576419189104101, 119.82126226039620218711
2022/09/28 13:16:04, 0.00834555286408740071, 119.82429639900814019922
2022/09/28 13:19:59, 0.00834767297966455991, 119.79386380324923374256
2022/09/28 13:39:20, 0.00836888894089667384, 119.49017450969498544008
2022/09/28 13:46:17, 0.00838673750734720369, 119.23587677853870181442
2022/09/28 13:46:54, 0.00838684392685761704, 119.23436381087874058754
2022/09/28 13:59:38, 0.00840474985195679862, 118.98034059481013987168
2022/09/28 14:02:13, 0.00842603793140120555, 118.67974107656376151613
2022/09/28 14:02:55, 0.00844406952601526065, 118.42631055074909832825
2022/09/28 14:07:18, 0.00846519372637643016, 118.13078735388317664098
2022/09/28 14:14:50, 0.00850156701855296132, 117.62537398313757753874
2022/09/28 14:19:29, 0.00848036144898165814, 117.91950213632490459455
2022/09/28 14:23:29, 0.00849960524107940021, 117.65252286858040506661
2022/09/28 14:29:52, 0.00846384579488264164, 118.14960057573518716593
2022/09/28 14:37:13, 0.00845229617902496534, 118.31104575837963242112
2022/09/28 14:43:10, 0.00855912822072911541, 116.83432870863269880349
2022/09/28 15:09:02, 0.00863288999491633682, 115.83606423675866769557
2022/09/28 15:33:04, 0.00860032377165306822, 116.27469227333403070224
2022/09/28 16:17:58, 0.00860058039885483236, 116.27122282737453881215
2022/09/28 16:35:42, 0.00857823855222291923, 116.5740488460612120153
2022/09/28 17:05:06, 0.00855149480753986448, 116.93861979759359191256
2022/09/28 17:34:55, 0.00851919896507765963, 117.38192805441587233332
2022/09/28 18:19:29, 0.00851596431399792621, 117.42651367811303836929
2022/09/28 18:32:48, 0.00850027693912259864, 117.64322588096998246066
2022/09/28 18:42:49, 0.0084495430537705327, 118.34959519541816896656
2022/09/28 18:46:49, 0.00844136263997715471, 118.46428623551071026285
2022/09/28 19:16:23, 0.00844136263997923261, 118.46428623548154951678
2022/09/28 19:18:58, 0.0084394139606660592, 118.49163990067831125721
2022/09/28 19:44:44, 0.00848182714964427114, 117.89912507730602847263
2022/09/28 19:48:57, 0.00850296723210102395, 117.60600419871393166447
2022/09/28 19:51:56, 0.0085029672321045266, 117.60600419866548581275
2022/09/28 20:04:14, 0.00850296723210461237, 117.60600419866429956207
2022/09/28 20:13:16, 0.00854555564883044488, 117.0198921046007363583
2022/09/28 20:31:06, 0.00854409582045232349, 117.03988590650661860949
2022/09/28 20:32:02, 0.00856179967033156093, 116.79787410411044901772
2022/09/28 20:35:55, 0.00853027309454822535, 117.22954106113074390792
2022/09/28 20:41:20, 0.00856174316545478972, 116.79864493422715008526
2022/09/28 21:14:08, 0.00851654241993950119, 117.41854272441980998342
2022/09/28 21:33:45, 0.00851675526390600293, 117.41560829368886780709
2022/09/28 22:12:27, 0.0085140367879739524, 117.45309832493283921984
2022/09/28 22:27:01, 0.0084695168548647214, 118.07048939581718441774
2022/09/28 22:38:05, 0.00848034577120098654, 117.91972013640901377437
2022/09/28 22:41:57, 0.00847493771473791107, 117.99496747462823982877
2022/09/28 23:08:23, 0.00847493771473865319, 117.99496747461790733033
2022/09/28 23:29:06, 0.00841188309219516024, 118.87944578400465709572
2022/09/29 00:17:21, 0.00841220451726472854, 118.87490347478560010675
2022/09/29 00:25:17, 0.00840120384550046336, 119.03056018996400932322
2022/09/29 00:26:00, 0.00840120384549287011, 119.03056019007159255905
2022/09/29 00:45:45, 0.00841178204803352364, 118.88087378985008620995
2022/09/29 01:00:16, 0.00841209949663699718, 118.87638756528992869444
2022/09/29 01:05:39, 0.0084120994966370532, 118.87638756528913701517
2022/09/29 02:38:56, 0.00841209949663708301, 118.8763875652887158345
2022/09/29 02:51:19, 0.00841254591174079445, 118.87007934237492024906
2022/09/29 03:14:55, 0.00841228675808336399, 118.87374132118122099001
2022/09/29 03:25:12, 0.00839085240469841906, 119.17740317301429563553
2022/09/29 03:34:12, 0.00841200167106212733, 118.87777001282224793405
2022/09/29 03:44:10, 0.00842470398446602556, 118.6985325352510865708
2022/09/29 04:14:10, 0.00853732371265793488, 117.13272609276155012587
2022/09/29 04:43:28, 0.00843321500138561395, 118.57873893120187795018
2022/09/29 04:47:50, 0.00842964064733494362, 118.62901893880292790643
2022/09/29 05:20:38, 0.00842822154329070138, 118.64899313142183908868
2022/09/29 06:04:07, 0.00840653648603912896, 118.95505380375332524285
2022/09/29 06:37:31, 0.00840653648604486773, 118.95505380367211987296
2022/09/29 07:44:50, 0.00838001110490566082, 119.33158410907113509028
2022/09/29 07:45:43, 0.00838018920869431013, 119.32904796021983009181
2022/09/29 08:39:56, 0.00837089275296133393, 119.46157112647684985647
2022/09/29 08:55:11, 0.00856196975484725796, 116.79555390088382666903
2022/09/29 08:57:54, 0.00856196975484734534, 116.79555390088263462901
2022/09/29 09:32:05, 0.0085608132843863737, 116.81133167848065089273
2022/09/29 10:34:06, 0.00854826501015808055, 116.98280280404026623507
2022/09/29 12:50:15, 0.00855874286552641171, 116.83958914432163776749
2022/09/29 12:56:22, 0.00855979606814485557, 116.82521312878983619015
2022/09/29 14:50:55, 0.00853506526880849405, 117.16372031207691870499
2022/09/29 15:12:41, 0.00853435626081511981, 117.1734539125613671215
2022/09/29 15:33:40, 0.00853751155127986034, 117.13014898938435617684
2022/09/29 15:36:07, 0.00853751155127989694, 117.13014898938385400877
2022/09/29 16:13:15, 0.00852697189833979852, 117.27492618976497460943
2022/09/29 18:01:18, 0.00852697189833981897, 117.27492618976469340013
2022/09/29 18:13:53, 0.00855639296955929121, 116.87167753487441511293
2022/09/29 18:28:24, 0.00855531326695282727, 116.88642704210095313357
2022/09/29 19:15:58, 0.00855615455817769434, 116.87493408405444390746
2022/09/29 19:27:18, 0.00855615455817775544, 116.87493408405360938292
2022/09/29 19:55:54, 0.00855390237572076116, 116.90570643387064693505
2022/09/29 21:00:10, 0.00857915255086531247, 116.56162937668450351557
2022/09/29 21:07:38, 0.00858125840722304967, 116.53302494168875895255
2022/09/29 21:19:10, 0.00858697026662849496, 116.45550979561390035472
2022/09/29 21:39:53, 0.00858697026662855773, 116.45550979561304905235
2022/09/29 21:41:14, 0.00857619743065856649, 116.60179328721563332607
2022/09/29 22:01:42, 0.00857800502168080782, 116.57722249783156367892
2022/09/29 22:21:47, 0.00858220803595100704, 116.52013046187927033794
2022/09/29 22:25:07, 0.00850069958020911472, 117.63737684932988683655
2022/09/29 22:29:30, 0.00851856244942546243, 117.39069895149331992722
2022/09/29 22:32:33, 0.00850963973799373813, 117.51378798507907598171
2022/09/29 22:40:26, 0.00855152604145476736, 116.93819268658651404649
2022/09/29 23:13:28, 0.00852949802157340111, 117.24019367502404901883
2022/09/29 23:20:33, 0.00852433900617241264, 117.31114861526590905345
2022/09/29 23:42:11, 0.00853690839901384319, 117.13842450453338067513
2022/09/30 00:10:35, 0.00853690839901391881, 117.13842450453234302072
2022/09/30 00:15:46, 0.00853690839901395815, 117.13842450453180326798
2022/09/30 00:27:05, 0.008535726722215301, 117.15464102164545481954
2022/09/30 01:12:16, 0.00853572672221536817, 117.15464102164453287325
2022/09/30 02:07:19, 0.00853782209266039598, 117.1258886806340978778
2022/09/30 02:31:06, 0.00853782209266916448, 117.12588868051380752191
2022/09/30 02:37:43, 0.00853620001630580261, 117.14814532108027769498
2022/09/30 02:38:23, 0.00851834056756301269, 117.39375669105081289107
2022/09/30 04:37:28, 0.0084873160953940948, 117.82287695667196859838
2022/09/30 04:39:43, 0.0084878497417597432, 117.81546922067390758712
2022/09/30 04:57:45, 0.00849830064627297807, 117.67058399358474656301
2022/09/30 05:04:48, 0.00850875797114833222, 117.52596599771907087038
2022/09/30 05:12:25, 0.00850835360437167604, 117.53155151969590600333
2022/09/30 05:13:54, 0.00854975486719492798, 116.96241769889339595903
2022/09/30 05:48:26, 0.00854941349099384297, 116.9670879825176266967
2022/09/30 05:55:59, 0.00854871982595712024, 116.97657899181873682766
2022/09/30 06:18:43, 0.00854128572459593838, 117.07839220509238785364
2022/09/30 06:50:08, 0.00853664069067216309, 117.14209795577813006468
2022/09/30 07:01:01, 0.00853873572920276895, 117.11335632275931843395
2022/09/30 07:31:37, 0.00853873572921266041, 117.11335632262365162255
2022/09/30 07:35:14, 0.00853728942179197493, 117.13319656792193510794
2022/09/30 08:10:02, 0.00852833081043126394, 117.25623949493952763161
2022/09/30 08:48:50, 0.00851003100493285489, 117.50838503647615248682
2022/09/30 09:09:22, 0.00851003100493285772, 117.50838503647611335021
2022/09/30 11:15:19, 0.00847725947405479688, 117.96265090865331394901
2022/09/30 11:22:56, 0.00847725947405479721, 117.96265090865330937206
2022/09/30 12:34:37, 0.00829432431489591073, 120.56437173599347708782
2022/09/30 12:46:20, 0.00829287503880643622, 120.58544175819709630712
2022/09/30 13:06:00, 0.00829374417023673779, 120.57280517388515736004
2022/09/30 15:07:42, 0.0083355918031239602, 119.96748684661194018466
2022/09/30 15:56:12, 0.00834608257166618832, 119.81669141338998613976
2022/09/30 17:10:25, 0.00834695952621479927, 119.80410314191167271407
2022/09/30 17:15:22, 0.00834695952621562985, 119.80410314189975140449
2022/09/30 17:19:32, 0.00834676142645466897, 119.80694653983362806937
2022/09/30 17:28:05, 0.00834653686635208983, 119.81016989589560603471
2022/09/30 17:50:31, 0.00834653686635213179, 119.81016989589500371927
2022/09/30 18:17:15, 0.00834342222127538475, 119.85489568657342791919
2022/09/30 18:19:01, 0.00834656468955033607, 119.80977050977294130453
2022/09/30 18:53:11, 0.00834656468955639851, 119.80977050968591885357
2022/09/30 18:56:13, 0.00834416931105536248, 119.84416455633028914205
2022/09/30 19:18:22, 0.0083426297811219336, 119.86628032600027387974
2022/09/30 19:24:14, 0.00833200772842138877, 120.01909174770574601433
2022/09/30 20:04:52, 0.00833179491751197274, 120.02215727828048841332
2022/09/30 20:05:39, 0.00833128420460922557, 120.02951471116024251789
2022/09/30 20:07:37, 0.00832239681423271178, 120.15769282832443049506
2022/09/30 20:11:58, 0.00832216312780238185, 120.16106685763418116828
2022/09/30 20:15:30, 0.0083209523648434734, 120.17855122270143408815
2022/09/30 20:16:28, 0.00831870147335318698, 120.21106938423525460541
2022/09/30 20:18:35, 0.00831710941340196156, 120.23408017076551617714
2022/09/30 20:25:35, 0.00831664249591434259, 120.24083041819614578938
2022/09/30 20:26:26, 0.00831602707386813348, 120.24972876078648918743
2022/09/30 20:32:06, 0.00831108495458834661, 120.32123428697771554847
2022/09/30 20:33:06, 0.00831071964723614532, 120.32652314683302114098
2022/09/30 20:33:48, 0.00830935515502237973, 120.3462821535044476039
2022/09/30 20:35:01, 0.00830735074376862477, 120.37531950244231407394
2022/09/30 20:36:47, 0.00830726599806866871, 120.37654749859785308575
2022/09/30 20:37:30, 0.008300852848978937, 120.46954911663167220773
2022/09/30 20:39:01, 0.00830207083366216298, 120.45187520507887571981
2022/09/30 20:46:22, 0.00830120214686034571, 120.4644800004318437173
2022/09/30 20:47:07, 0.00830082124488039721, 120.47000778588728044715
2022/09/30 20:48:12, 0.00830056732479940771, 120.47369304653716476639
2022/09/30 20:50:32, 0.00829673877644857206, 120.52928589708486319277
2022/09/30 20:59:13, 0.00829061015986700359, 120.61838401723158726385
2022/09/30 21:01:32, 0.00829061015986367299, 120.61838401728004346353
2022/09/30 21:02:53, 0.0082899554365334417, 120.62791020480608079571
2022/09/30 21:05:34, 0.00827963795686123878, 120.77822788994194350447
2022/09/30 21:11:28, 0.00827679296835071961, 120.81974308453261134081
2022/09/30 21:13:08, 0.00827346514085567688, 120.8683402872929438131
2022/09/30 21:15:50, 0.00827234929415797132, 120.88464406431816872978
2022/09/30 21:16:43, 0.00827085483453570399, 120.90648669402458443368
2022/09/30 21:19:20, 0.00827913238216041666, 120.78560335075265100608
2022/09/30 21:32:02, 0.00827748858520793749, 120.80958973317377972304
2022/09/30 21:32:57, 0.00827701469397367587, 120.81650655133902663868
2022/09/30 21:35:37, 0.00827638264926298608, 120.82573297756481177461
2022/09/30 21:36:47, 0.00827461120197321042, 120.85159962096277876335
2022/09/30 21:39:13, 0.00826524696578670014, 120.98852026314719006822
2022/09/30 21:39:44, 0.00826443042806315077, 121.00047410458504817412
2022/09/30 21:43:06, 0.00826365266052259292, 121.01186256015267431059
2022/09/30 21:44:18, 0.00825707755866765866, 121.10822417433577955751
2022/09/30 21:47:09, 0.00824931519479320052, 121.22218346453528668744
2022/09/30 21:48:28, 0.00823394871437461624, 121.44841250398192024867
2022/09/30 21:50:15, 0.0082278893285680603, 121.53785254839285446234
2022/09/30 21:51:35, 0.00822451110700852269, 121.58777427485620699712
2022/09/30 21:52:37, 0.00822405198575754713, 121.59456211266718892886
2022/09/30 21:57:04, 0.00822236191610972237, 121.61955533004971823254
2022/09/30 21:59:15, 0.00822123549262891955, 121.63621889880059445428
2022/09/30 22:00:13, 0.00822018760571962934, 121.65172474946888382871
2022/09/30 22:02:11, 0.00821945777973491658, 121.66252650697972422596
2022/09/30 22:06:15, 0.00821233144987579701, 121.76810033831792828666
2022/09/30 22:08:01, 0.00821183170492235595, 121.77551074269795251061
2022/09/30 22:09:27, 0.00821068662820151837, 121.7924937684586267736
2022/09/30 22:14:17, 0.00820463211589248492, 121.88236911475729508478
2022/09/30 22:15:03, 0.00820161776387065761, 121.927164711960642757
2022/09/30 22:16:00, 0.00820126446597965296, 121.93241714715860547951
2022/09/30 22:18:24, 0.00820057871761849178, 121.94261337331657684303
2022/09/30 22:20:09, 0.00820014237710715923, 121.9491021023929262437
2022/09/30 22:22:00, 0.00819550521891542233, 122.01810300748464531277
2022/09/30 22:23:26, 0.00819328438683467667, 122.05117664496587030172
2022/09/30 22:25:54, 0.00817815697794318771, 122.27693876469227546168
2022/09/30 22:29:24, 0.00817743274497496791, 122.28776820139547579724
2022/09/30 22:35:23, 0.00817583977122375295, 122.31159464739862743344
2022/09/30 22:43:01, 0.00817669013207667228, 122.29887446474938357746
2022/09/30 22:43:43, 0.00817621432489468154, 122.30599153390968367281
2022/09/30 22:47:05, 0.0081756144533177582, 122.31496552460207074587
2022/09/30 22:48:10, 0.00817518998436625448, 122.32131631342394868073
2022/09/30 22:54:43, 0.00817233662381153915, 122.36402463970025871725
2022/09/30 22:56:04, 0.00817153054334306953, 122.3760952364853065411
2022/09/30 22:57:55, 0.00816677916097979445, 122.44729290317026545014
2022/09/30 23:00:03, 0.00816314612008305909, 122.50178856161711250743
2022/09/30 23:16:16, 0.00816395304209387653, 122.48968053146980528581
2022/09/30 23:18:34, 0.0081637879370750646, 122.4921577713447623449
2022/09/30 23:24:12, 0.00816378793707512292, 122.49215777134388725281
2022/09/30 23:25:09, 0.00816310693695830273, 122.50237657337552214121
2022/09/30 23:26:06, 0.00816118821331385719, 122.53117730683350787495
2022/09/30 23:33:50, 0.00816100256631684663, 122.53396465372163027662
2022/09/30 23:36:49, 0.00816044566333663835, 122.54232688452465880158
2022/09/30 23:37:23, 0.00815061643718951417, 122.69010665711301786808
2022/09/30 23:39:20, 0.00815268698516327048, 122.65894689932995315477
2022/09/30 23:40:44, 0.00815233687209663691, 122.6642146527021128727
2022/09/30 23:41:07, 0.00815630261248871727, 122.60457311488494187787
2022/09/30 23:43:19, 0.00817185763545353412, 122.37119693097792034907
2022/09/30 23:44:32, 0.00817150628774320636, 122.37645848721220440012
2022/09/30 23:52:27, 0.00817150628774326037, 122.37645848721139554328
2022/09/30 23:55:16, 0.00816915083933866631, 122.41174384790219028709
2022/09/30 23:56:09, 0.00816886164402531009, 122.41607748754051947949
2022/09/30 23:59:19, 0.00816700289797318139, 122.44393843036001045028
2022/10/01 00:00:23, 0.00816824628319943923, 122.42529979254098753028
2022/10/01 00:02:56, 0.00816077378519762625, 122.53739980072041583878
2022/10/01 00:07:22, 0.00815821724244246381, 122.57579937900906472323
2022/10/01 00:08:18, 0.00814733519817634027, 122.73951858809431548438
2022/10/01 00:09:57, 0.00814100228780048855, 122.83499803194097675479
2022/10/01 00:12:41, 0.00813393865429224049, 122.94166977424950049504
2022/10/01 00:13:42, 0.00813354877993977274, 122.94756287272242746169
2022/10/01 00:17:22, 0.00813073841029065268, 122.99005939415687210904
2022/10/01 00:18:10, 0.00812659731106550894, 123.05273187812061208242
2022/10/01 00:19:05, 0.00812276654004177533, 123.11076467240889172424
2022/10/01 00:20:10, 0.00812231603934262687, 123.11759295701256619256
2022/10/01 00:21:20, 0.00812104664814033095, 123.13683732243968393818
2022/10/01 00:24:29, 0.00812084193552214415, 123.13994139275205588648
2022/10/01 00:25:01, 0.00811990052493118013, 123.15421807565499181018
2022/10/01 00:27:19, 0.00811652447130115, 123.2054438492552511155
2022/10/01 00:28:01, 0.00811161760673654794, 123.27997305611627345237
2022/10/01 00:34:33, 0.0081104528808337264, 123.29767704626667797754
2022/10/01 00:36:42, 0.0081091454174910537, 123.31755672343055936828
2022/10/01 00:38:31, 0.00810885945207348408, 123.32190561575142253813
2022/10/01 00:41:56, 0.00806246875139875973, 124.03148847262319603853
2022/10/01 00:55:04, 0.00805987731952807188, 124.07136738634041238017
2022/10/01 00:56:26, 0.00805273710972638422, 124.18137912290272004632
2022/10/01 00:57:39, 0.00804792838678803891, 124.25557881971960287128
2022/10/01 01:02:20, 0.00804958900648259617, 124.22994505615969141295
2022/10/01 01:05:03, 0.00804928598643512687, 124.23462176461699609624
2022/10/01 01:22:26, 0.00808044807777748847, 123.75551335453269258502
2022/10/01 01:25:21, 0.00807955415576856968, 123.76920566663059158578
2022/10/01 01:28:16, 0.00808776820029463805, 123.64350402173617179947
2022/10/01 01:31:55, 0.00808545828966946006, 123.67882736809972365426
2022/10/01 01:42:26, 0.00808509223657712827, 123.68442693528947645199
2022/10/01 01:43:40, 0.00808360794278088093, 123.70713758985015550903
2022/10/01 01:44:15, 0.00807528241646813398, 123.8346782721399224693
2022/10/01 01:59:37, 0.00807303373764361577, 123.86917142896560749597
2022/10/01 02:12:31, 0.00807283084055636044, 123.87228467320174407155
2022/10/01 02:13:40, 0.00807256475761431043, 123.87636767568409797359
2022/10/01 02:19:32, 0.00806696809227209342, 123.96231007259953736276
2022/10/01 02:23:31, 0.00806445554439276435, 124.00093155641516860691
2022/10/01 02:30:36, 0.00806093185197437175, 124.055136349412139389
2022/10/01 02:34:19, 0.00805828048165625415, 124.09595350725066371162
2022/10/01 02:49:31, 0.0080568035683925868, 124.11870185380602984847
2022/10/01 02:50:18, 0.00805530683802538627, 124.14176394615552985973
2022/10/01 02:55:33, 0.00805134454040642184, 124.20285766947457518449
2022/10/01 03:03:57, 0.00805118287613930468, 124.20535160909411853318
2022/10/01 03:04:51, 0.00805065750089718177, 124.21345708577938513082
2022/10/01 03:09:54, 0.00805027360537962475, 124.21938048562055659151
2022/10/01 03:15:08, 0.00804871809938941222, 124.24338728869899089204
2022/10/01 03:20:27, 0.0080482333585886966, 124.25087040162012353841
2022/10/01 03:30:19, 0.00804310586839105676, 124.33008048917302663603
2022/10/01 03:46:58, 0.00803685208801331783, 124.4268264550326641413
2022/10/01 03:49:03, 0.0080363684302802399, 124.43431491170801634429
2022/10/01 03:51:21, 0.00803573363604262516, 124.44414477785902907391
2022/10/01 03:53:57, 0.00803573363604266502, 124.44414477785841181047
2022/10/01 03:58:01, 0.00803563343419098903, 124.44569655767005925062
2022/10/01 04:13:44, 0.00803604447791203546, 124.4393311595787621208
2022/10/01 04:34:05, 0.00804633613944668089, 124.28016710581601328334
2022/10/01 04:36:09, 0.00803724475784016136, 124.42074742398771217945
2022/10/01 04:36:59, 0.00803527128653822908, 124.45130529386543083202
2022/10/01 04:37:47, 0.00803343942856910959, 124.47968381310329805771
2022/10/01 04:39:24, 0.00803289603086719687, 124.48810443424154533913
2022/10/01 04:41:09, 0.00803239293403142939, 124.49590155920118351957
2022/10/01 04:43:04, 0.00803032067357570997, 124.5280282879069494848
2022/10/01 04:54:29, 0.00802740477310047609, 124.5732622517007547663
2022/10/01 05:21:54, 0.00802670117320154981, 124.58418202220645716082
2022/10/01 05:23:24, 0.00802581677890645032, 124.59791041183648913133
2022/10/01 05:59:19, 0.0080247717741613364, 124.61413584618851533353
2022/10/01 06:05:35, 0.00802232119303257348, 124.6522017678007029415
2022/10/01 06:21:14, 0.00802519406787433078, 124.60757852611961748293
2022/10/01 06:22:09, 0.00802502937444545888, 124.61013578147823846044
2022/10/01 06:23:20, 0.00802502937443550809, 124.61013578163275113457
2022/10/01 06:27:21, 0.00802452718054962335, 124.61793417858509555037
2022/10/01 06:30:46, 0.00804505814013249195, 124.29990965652999773042
2022/10/01 06:31:15, 0.00804356621824137662, 124.32296482276455630061
2022/10/01 06:33:25, 0.00804273979164673252, 124.33573954967555835704
2022/10/01 06:40:45, 0.00804092613120277232, 124.36378393273694736416
2022/10/01 06:42:20, 0.00804082539029912397, 124.36534204640891289834
2022/10/01 07:00:20, 0.00803844845434297606, 124.40211636360305158808
2022/10/01 07:22:08, 0.00803844845434304365, 124.40211636360200562912
2022/10/01 07:43:21, 0.00803768324057869663, 124.41395985244151779251
2022/10/01 08:03:22, 0.00805823053814884589, 124.09672263232644592993
2022/10/01 08:05:43, 0.00805734124031434272, 124.11041932747865009132
2022/10/01 08:19:12, 0.00805749077851223184, 124.10811597412018432186
2022/10/01 08:24:25, 0.00805635912640190924, 124.12554906134317165771
2022/10/01 08:40:07, 0.0080521377440677887, 124.19062263766227976397
2022/10/01 08:43:52, 0.00805181471290737333, 124.19560504751319713663
2022/10/01 08:44:39, 0.0080513100156431496, 124.2033902628352138006
2022/10/01 08:45:57, 0.00806160121672696032, 124.04483589750221724915
2022/10/01 08:49:51, 0.0080612576110766241, 124.05012322468685471128
2022/10/01 08:54:50, 0.00805865096624869577, 124.09024837881771098521
2022/10/01 09:09:45, 0.00805588405395176972, 124.1328690064072467237
2022/10/01 09:11:47, 0.00967037756168396573, 103.4085787882995022716
2022/10/01 09:12:18, 0.00966785472143441392, 103.43556340197368912784
2022/10/01 09:12:18, 0.00915674888270348849, 109.20906675609897749093
2022/10/01 09:20:05, 0.00914512944558366461, 109.34782344528941166398
2022/10/01 09:22:18, 0.00911175694636756886, 109.74831812196803690977
2022/10/01 09:26:08, 0.0091105671471931815, 109.76265075968227053059
2022/10/01 09:29:40, 0.00911003302750336121, 109.76908612526224377885
2022/10/01 09:30:17, 0.00911003302749653137, 109.76908612534453828851
2022/10/01 09:36:57, 0.00910870101177659064, 109.78513826583015171718
2022/10/01 09:36:57, 0.00908424809729610118, 110.08065712093959200272
2022/10/01 09:45:54, 0.00908376193009904596, 110.08654868931559198221
2022/10/01 09:52:33, 0.00908256877611896382, 110.10101047947208663851
2022/10/01 09:52:33, 0.00907991816459515352, 110.13315118843772295375
2022/10/01 09:56:25, 0.0090795427552158353, 110.13770483381884746778
2022/10/01 10:08:38, 0.00907946158922471522, 110.13868941158094041563
2022/10/01 10:10:26, 0.00907709929505364484, 110.16735275165788408188
2022/10/01 10:18:58, 0.00907566470692860321, 110.18476687846053535442
2022/10/01 10:22:04, 0.00906752710328187063, 110.28365160751086402753
2022/10/01 10:30:51, 0.0090672406124479445, 110.28713615773599848955
2022/10/01 10:30:51, 0.00908258665790442742, 110.10079371273779887691
2022/10/01 10:32:44, 0.00908358360173245063, 110.08870990181416343215
2022/10/01 10:58:18, 0.00908338473370080631, 110.09112014047368090512
2022/10/01 11:04:01, 0.009083384733707451, 110.09112014039314684089
2022/10/01 11:06:24, 0.00908318601824589409, 110.09352863535384350097
2022/10/01 11:09:02, 0.00908292087695496241, 110.09674239673094225871
2022/10/01 11:10:11, 0.00908258239348021606, 110.10084540690032430165
2022/10/01 11:14:00, 0.00908203009423975132, 110.10754089377515027704
2022/10/01 11:14:00, 0.00908203009424761847, 110.10754089367977148342
2022/10/01 11:18:31, 0.00908402434065518398, 110.08336861500253752711
2022/10/01 11:26:36, 0.00908260922360712183, 110.10052016779975592393
2022/10/01 11:40:15, 0.00908024527432944849, 110.12918371567306488713
2022/10/01 11:46:10, 0.00907553549253540827, 110.1863356517635802514
2022/10/01 11:48:25, 0.00907454151287211394, 110.19840490910902511216
2022/10/01 11:50:36, 0.0090737253136917481, 110.20831746923785298392
2022/10/01 11:51:14, 0.00907295333479284006, 110.21769462488177676562
2022/10/01 11:53:12, 0.00907156402110052929, 110.23457450931197000839
2022/10/01 11:54:20, 0.00906581169175336584, 110.30451922023055210772
2022/10/01 11:56:25, 0.0090649085668444053, 110.31550871429374327654
2022/10/01 12:20:38, 0.00906117766173758115, 110.36093070138952852187
2022/10/01 12:26:06, 0.0090601871945657158, 110.37299544978477106103
2022/10/01 12:38:17, 0.00905919721023950485, 110.38505695291760219276
2022/10/01 12:39:03, 0.00905739307251194459, 110.40704449880561735888
2022/10/01 12:55:25, 0.00905486378763208533, 110.43788437390812330919
2022/10/01 12:56:10, 0.00905376442917698077, 110.45129435634140302183
2022/10/01 12:58:33, 0.00905257734702195104, 110.46577805037727681613
2022/10/01 13:04:26, 0.00905226962312150249, 110.46953323681150776155
2022/10/01 13:08:52, 0.00905213774626140928, 110.47114262186370155597
2022/10/01 13:10:46, 0.00905158829035606299, 110.47784851918656217517
2022/10/01 13:34:02, 0.00903934166807429051, 110.62752540175157203038
2022/10/01 13:38:20, 0.00902900668107235967, 110.75415439622110358893
2022/10/01 13:47:19, 0.00901761018438957192, 110.89412599927026993998
2022/10/01 13:52:28, 0.00901715127754413208, 110.89976969670571906861
2022/10/01 13:55:16, 0.00901178026691795857, 110.96586583130276390195
2022/10/01 13:57:01, 0.00901675216059562555, 110.90467855711167060721
2022/10/01 14:05:01, 0.00901627160330619358, 110.91058965363333999763
2022/10/01 14:07:49, 0.00901430608716699063, 110.93477305187439578353
2022/10/01 14:18:16, 0.00908654415434675916, 110.05284110369141879092
2022/10/01 14:22:29, 0.00908442308301783515, 110.07853672836658802334
2022/10/01 14:27:55, 0.00908442308301787559, 110.07853672836609794708
2022/10/01 14:37:42, 0.0090834070402685353, 110.0908497843158111049
2022/10/01 14:44:49, 0.00908334078254031337, 110.09165283352197454422
2022/10/01 14:46:35, 0.00908261199535242056, 110.10048656836830167884
2022/10/01 14:47:44, 0.00908205994226945646, 110.10717902728536179384
2022/10/01 14:53:51, 0.00908146289576349188, 110.11441785072982299094
2022/10/01 14:55:37, 0.00908106550098021642, 110.11923654686328555775
2022/10/01 15:01:33, 0.00908106550098009143, 110.11923654686480121215
2022/10/01 15:09:49, 0.00908084475541819574, 110.12191342697912743728
2022/10/01 15:14:18, 0.00908084475541827567, 110.12191342697815817255
2022/10/01 15:15:21, 0.00908184101988058339, 110.10983321674011674729
2022/10/01 15:16:16, 0.00908073724463363211, 110.12321720804791442145
2022/10/01 15:21:43, 0.00907837584179287592, 110.15186167953489125644
2022/10/01 15:31:08, 0.00908084327857091898, 110.12193133646649189382
2022/10/01 15:32:17, 0.00909901426883229091, 109.90201470783423461679
2022/10/01 15:33:13, 0.00909888145872397481, 109.90361887187832277837
2022/10/01 15:33:13, 0.00907305940791581344, 110.21640606999084475773
2022/10/01 15:46:29, 0.00907068933917738881, 110.24520437282321680255
2022/10/01 15:53:50, 0.00906936756780664947, 110.26127153007666869756
2022/10/01 16:00:28, 0.00906672489193673256, 110.29340935328535852085
2022/10/01 16:05:47, 0.0090664827044993832, 110.29635555403799868959
2022/10/01 16:07:31, 0.00906612178743169763, 110.30074638819579197917
2022/10/01 16:15:24, 0.00906579156720410303, 110.30476407791501385467
2022/10/01 16:21:08, 0.00906422876961782859, 110.32378213487683137989
2022/10/01 16:21:08, 0.00906321646871485336, 110.33610456639551880799
2022/10/01 16:24:19, 0.00906244635343113425, 110.34548078967549882288
2022/10/01 16:36:37, 0.00904443889778385048, 110.56517837110149167497
2022/10/01 16:38:58, 0.00901342694221357808, 110.94559332550747525904
2022/10/01 16:46:01, 0.00901541453369400457, 110.92113360540691913312
2022/10/01 16:53:39, 0.00901473803674923159, 110.92945750874042882693
2022/10/01 16:56:54, 0.00901162234045935137, 110.96781048072935379401
2022/10/01 16:58:17, 0.00901251894672037262, 110.95677089964918899868
2022/10/01 17:00:36, 0.00901206989220144467, 110.96229966717697487029
2022/10/01 17:05:44, 0.00900174035928470048, 111.08962934801447198258
2022/10/01 17:09:36, 0.00901165624791760964, 110.96739295077721475239
2022/10/01 17:14:27, 0.0090132486792598845, 110.94778759417455426303
2022/10/01 17:15:57, 0.00903121061621137762, 110.72712646131413884731
2022/10/01 17:19:48, 0.00902773262700889369, 110.76978476392075010284
2022/10/01 17:23:02, 0.009026814248591614, 110.78105436322925183338
2022/10/01 17:33:30, 0.00902585228824469279, 110.7928612240202645393
2022/10/01 17:36:41, 0.00902371960773173454, 110.81904618835635725009
2022/10/01 17:43:58, 0.00902308589731086376, 110.82682924453023803857
2022/10/01 17:50:49, 0.00902229824072409143, 110.8365045489500729264
2022/10/01 17:58:32, 0.00902225454474644031, 110.83704134486972683771
2022/10/01 18:04:01, 0.00902104293636758943, 110.85192777085480919533
2022/10/01 18:09:18, 0.00901973246874047636, 110.86803333310404813863
2022/10/01 18:16:13, 0.0090197324687405373, 110.86803333310329905871
2022/10/01 18:19:09, 0.00901789832728963929, 110.89058267310865530941
2022/10/01 18:30:00, 0.00901764689277310216, 110.89367457949781305099
2022/10/01 18:34:30, 0.00901557335613009241, 110.91917956832497832731
2022/10/01 18:36:40, 0.00902152658908425659, 110.84598489239795950489
2022/10/01 18:39:44, 0.00902119892988576149, 110.85001093226788431215
2022/10/01 18:49:49, 0.00904105685979366827, 110.60653809700978238403
2022/10/01 18:54:48, 0.00904083770899277686, 110.60921921044064010555
2022/10/01 19:16:44, 0.00903696113528866546, 110.6566671062768980545
2022/10/01 19:22:32, 0.00913643186891659062, 109.45191890524995901774
2022/10/01 19:22:55, 0.00913428450818866237, 109.47764973857826403086
2022/10/01 19:27:09, 0.00914024407017600527, 109.40626883946480001719
2022/10/01 19:29:38, 0.00912041689699001236, 109.64411071274904304032
2022/10/01 19:30:37, 0.00911449453423569187, 109.7153546193723553343
2022/10/01 19:40:08, 0.00910700209478908077, 109.80561875265057968949
2022/10/01 19:45:10, 0.00909770172475236809, 109.91787049681705984821
2022/10/01 19:52:11, 0.00909759172121036783, 109.91919956888957163052
2022/10/01 20:02:03, 0.00909664577303978475, 109.93062992116868447266
2022/10/01 20:04:33, 0.00909664577303984861, 109.93062992116791286066
2022/10/01 20:35:43, 0.00909512816989391424, 109.94897282592819366927
2022/10/01 20:35:43, 0.00909339109075449623, 109.96997599902283185677
2022/10/01 20:47:48, 0.00909213806440966831, 109.9851314306815586924
2022/10/01 20:48:46, 0.0090918962821526459, 109.98805628293360399676
2022/10/01 20:55:46, 0.00909180823186022257, 109.98912147043776287655
2022/10/01 21:14:34, 0.00909137450080461222, 109.99436882855251276802
2022/10/01 21:15:48, 0.00908755166631349748, 110.0406398465809323867
2022/10/01 21:18:14, 0.00908695868416209803, 110.04782070187317971345
2022/10/01 21:27:40, 0.00908876447005198177, 110.0259560356151088585
2022/10/01 21:30:54, 0.0090954861497595074, 109.94464545761975278868
2022/10/01 21:31:04, 0.00909344133781229205, 109.96936834483179960869
2022/10/01 21:38:01, 0.00911154178202676308, 109.75090977166774384889
2022/10/01 21:45:40, 0.00909406438930018966, 109.96183413618346160133
2022/10/01 21:50:21, 0.00911389148669754104, 109.72261425973532521876
2022/10/01 21:51:30, 0.00921335066355654333, 108.53814605749298387462
2022/10/01 21:53:44, 0.0092333071071513138, 108.30355672080778946262
2022/10/01 21:55:30, 0.00925154616455711939, 108.09004054165804219824
2022/10/01 22:05:08, 0.00925035065485876175, 108.10401003282490386741
2022/10/01 22:11:43, 0.00923051742018713474, 108.33628869092438334662
2022/10/01 22:15:10, 0.00923016888506707323, 108.34037951546465775672
2022/10/01 22:19:05, 0.00923016888506092734, 108.34037951553679597947
2022/10/01 22:23:52, 0.00922585437084084303, 108.3910454039456233928
2022/10/01 22:32:05, 0.00923184267038276715, 108.32073679160071521415
2022/10/01 22:32:05, 0.0091506978820934597, 109.28128246446095536799
2022/10/01 22:34:06, 0.0091203372965132607, 109.64506766458119552781
2022/10/01 22:42:10, 0.00911987365400391432, 109.65064187714576783488
2022/10/01 22:47:55, 0.00911837257800296973, 109.6686926801374132138
2022/10/01 22:53:39, 0.00911795322600634875, 109.67373655172813985879
2022/10/01 22:54:31, 0.0091176221790842111, 109.67771863743115065134
2022/10/01 22:54:31, 0.00911634230063407355, 109.69311671529122991002
2022/10/01 22:57:00, 0.0091140921337579273, 109.72019871250516643702
2022/10/01 22:58:44, 0.00914389129318414574, 109.36262997192450741836
2022/10/01 23:05:48, 0.00922340864892280934, 108.4197868774673430189
2022/10/01 23:07:24, 0.00922340864892289359, 108.41978687746635272687
2022/10/01 23:09:13, 0.00919249897637434688, 108.78434716937159866976
2022/10/01 23:15:59, 0.00919195058415078571, 108.79083724886960253872
2022/10/01 23:20:26, 0.00919001076642826682, 108.81380070337543929232
2022/10/01 23:56:12, 0.00918999096119995704, 108.81403520656214357706
2022/10/01 23:57:03, 0.00918981261878441735, 108.81614690988933571907
2022/10/02 00:05:59, 0.00918687071829024377, 108.85099297294875429619
2022/10/02 00:15:43, 0.00918464294670769232, 108.87739521311036744674
2022/10/02 00:17:59, 0.00918444248705140678, 108.87977157131092849028
2022/10/02 00:21:16, 0.00918390796005927113, 108.88610865319976462761
2022/10/02 00:23:02, 0.00918207818397167525, 108.90780713952204204535
2022/10/02 00:31:45, 0.00918136582233801931, 108.91625705263007240989
2022/10/02 00:35:49, 0.00917720461648545522, 108.96564278447619831444
2022/10/02 00:38:47, 0.00917386879633232784, 109.00526508508553944138
2022/10/02 00:39:47, 0.00917331300329054786, 109.01186950028754346701
2022/10/02 00:40:16, 0.00917280172328279888, 109.01794567975421250446
2022/10/02 00:42:13, 0.00917224603265516024, 109.02455041434626108563
2022/10/02 00:46:08, 0.00913122486278886792, 109.51433296480873100985
2022/10/02 00:52:09, 0.00912994449664138527, 109.52969104772411638447
2022/10/02 00:58:16, 0.00912941476878277029, 109.53604643086344630735
2022/10/02 01:07:09, 0.00913849425212799021, 109.42721770242837899851
2022/10/02 01:09:14, 0.00913650579351346532, 109.45103331625509648969
2022/10/02 01:11:49, 0.00913501198122471817, 109.46893140975732040827
2022/10/02 01:18:19, 0.0091326825813138481, 109.49685276986137933678
2022/10/02 01:24:21, 0.00913168901495522067, 109.50876649021580034485
2022/10/02 01:28:56, 0.00912866370862747797, 109.54505850126809041072
2022/10/02 01:37:25, 0.00912674350495000343, 109.5681060235381326474
2022/10/02 01:45:25, 0.00912616998478747458, 109.57499166319631846932
2022/10/02 01:49:24, 0.00912502310667263849, 109.58876359104820216335
2022/10/02 01:54:05, 0.00912095958547807784, 109.63758699163062891469
2022/10/02 02:08:56, 0.009120959585478116, 109.63758699163017021901
2022/10/02 02:28:39, 0.00912060849886421507, 109.64180735578437698101
2022/10/02 02:31:42, 0.0091206084988642517, 109.64180735578393659151
2022/10/02 02:37:10, 0.00912003803735856205, 109.6486654884205007478
2022/10/02 02:38:34, 0.00911898501829677935, 109.66132721937264871354
2022/10/02 02:40:48, 0.00911786638545587528, 109.67478110834390984119
2022/10/02 02:56:32, 0.00911944331198130713, 109.65581623674111630889
2022/10/02 03:05:13, 0.00911878521831519085, 109.66372998801286112395
2022/10/02 03:10:29, 0.00911819193092074349, 109.67086540577143402824
2022/10/02 03:12:10, 0.00913276831692865937, 109.49582484714765827175
2022/10/02 03:20:58, 0.00913113120031332952, 109.5154563068467984228
2022/10/02 03:24:11, 0.00913113120032188076, 109.51545630674423791509
2022/10/02 03:30:12, 0.00912801027441699498, 109.55290035142624669752
2022/10/02 03:30:50, 0.00912451268470752216, 109.59489394715593817658
2022/10/02 03:36:41, 0.00912442275229770025, 109.59597413964420955274
2022/10/02 03:41:18, 0.00912402756716145441, 109.60072102358921773689
2022/10/02 04:11:57, 0.00912216176198566165, 109.62313825295787551437
2022/10/02 04:21:55, 0.0091201832308629071, 109.64691987941396816536
2022/10/02 04:34:21, 0.00910673654646706562, 109.80882063486808099442
2022/10/02 04:48:35, 0.00910693373792341034, 109.80644295629001947119
2022/10/02 05:13:50, 0.00910660560660489342, 109.8103995274280917785
2022/10/02 05:15:54, 0.0091061243794194001, 109.81620262733104418738
2022/10/02 05:45:23, 0.00912188214306733553, 109.62649860149790823165
2022/10/02 06:08:50, 0.009149688328175839, 109.29334029013517763862
2022/10/02 06:14:11, 0.0091489033572499307, 109.30271759921508753112
2022/10/02 06:23:52, 0.00914833067356640775, 109.30955992763186138963
2022/10/02 06:27:55, 0.00914729557417011142, 109.32192929501187800078
2022/10/02 07:00:52, 0.00914599644285088808, 109.33745778806482291236
2022/10/02 07:05:22, 0.0091240116450425852, 109.60091228547885345499
2022/10/02 07:10:05, 0.00912401164504266338, 109.60091228547791436503
2022/10/02 07:14:42, 0.0091240116450437131, 109.60091228546530469786
2022/10/02 07:16:16, 0.00922291425438805229, 108.42559872268386356624
2022/10/02 07:16:35, 0.0092220253758718584, 108.43604948391926529292
2022/10/02 07:16:35, 0.00922015914937629564, 108.45799771988162765326
2022/10/02 07:18:32, 0.00922070705365619558, 108.45155302959981914153
2022/10/02 07:54:29, 0.00922028497200902163, 108.45651767117871518172
2022/10/02 08:06:03, 0.00921924099985221813, 108.46879911437717293694
2022/10/02 08:14:34, 0.00921943847000843717, 108.46647583289146346133
2022/10/02 08:17:40, 0.00921943847000851585, 108.46647583289053782114
2022/10/02 08:23:30, 0.00921901648062911053, 108.471440755224626101
2022/10/02 08:34:58, 0.00921850569015618923, 108.47745107624454810242
2022/10/02 08:35:26, 0.00921486621772678916, 108.52029496383611208324
2022/10/02 09:00:04, 0.00920806282144352285, 108.60047540848909328974
2022/10/02 09:16:08, 0.00920599261470802031, 108.62489704829252282047
2022/10/02 09:20:34, 0.00920570454606807432, 108.62829618262280505474
2022/10/02 09:34:28, 0.00920607941858129894, 108.62387282708286736158
2022/10/02 09:42:12, 0.00920805255754843553, 108.60059646165196996371
2022/10/02 09:45:14, 0.00920805255754847782, 108.60059646165147115612
2022/10/02 09:48:23, 0.00920049876934972832, 108.68975966078824578214
2022/10/02 09:50:01, 0.00919948044650063773, 108.70179091259299817043
2022/10/02 10:34:18, 0.00919784262979994766, 108.72114693070693680912
2022/10/02 10:38:40, 0.00919671411896993755, 108.73448789033395693004
2022/10/02 10:59:32, 0.00919671411896997318, 108.73448789033353567446
2022/10/02 11:12:24, 0.00919720711820710275, 108.72865937968996340082
2022/10/02 11:14:53, 0.00919720711820714924, 108.7286593796894137976
2022/10/02 11:30:26, 0.00919614512964858664, 108.74121557477128640023
2022/10/02 11:36:09, 0.00919322560961021664, 108.77574884648120555196
2022/10/02 11:39:29, 0.00924258024836000098, 108.19489505405587602725
2022/10/02 11:44:02, 0.00924258024836003284, 108.19489505405550305275
2022/10/02 11:44:53, 0.00924175775566391485, 108.20452412173850681316
2022/10/02 11:50:16, 0.00924151669392808128, 108.20734659896532064263
2022/10/02 11:53:43, 0.00924062767099320679, 108.21775701871963730239
2022/10/02 11:53:43, 0.0092398721024133699, 108.22660626858776178659
2022/10/02 11:56:51, 0.00923902775312631399, 108.23649703418400545164
2022/10/02 12:04:57, 0.00923856118873724283, 108.24196317702619617898
2022/10/02 12:11:36, 0.00923856118873726638, 108.24196317702592024281
2022/10/02 12:37:42, 0.00923827239686536584, 108.24534686153111937033
2022/10/02 12:44:25, 0.00925667073311143098, 108.03020101200807056001
2022/10/02 12:45:09, 0.0092547326253840799, 108.05282448216585640879
2022/10/02 13:02:50, 0.00925437625810054107, 108.05698537755907127592
2022/10/02 13:04:32, 0.00925338478388297554, 108.06856338036906015069
2022/10/02 13:14:50, 0.00925377928333119937, 108.06395629094985464287
2022/10/02 13:16:30, 0.00925377928333127101, 108.06395629094901805619
2022/10/02 13:17:28, 0.00925360117633994627, 108.0660362321263880727
2022/10/02 13:18:09, 0.00925197618749404712, 108.08501662074164491739
2022/10/02 13:21:09, 0.0092519761874921958, 108.08501662076327270246
2022/10/02 13:21:09, 0.00925010688560266178, 108.10685891170090279416
2022/10/02 13:33:56, 0.00924901672127943306, 108.1196012652108393317
2022/10/02 13:39:55, 0.00924752640044768956, 108.13702569711919741325
2022/10/02 14:06:18, 0.00924592483585119, 108.15575702308193173523
2022/10/02 14:16:40, 0.00926564728732592234, 107.92554141013512277294
2022/10/02 14:16:40, 0.00929917586250109137, 107.53641126763695916659
2022/10/02 14:17:47, 0.00927940576757375162, 107.76552131112011086453
2022/10/02 14:17:47, 0.00924609391406582804, 108.15377923846604445752
2022/10/02 14:18:35, 0.00922632339036054738, 108.38553535255194210126
2022/10/02 14:38:20, 0.00922290623796299851, 108.42569296474419092667
2022/10/02 14:47:17, 0.00922153250098402216, 108.44184520233386597138
2022/10/02 14:55:33, 0.00922231980063419103, 108.43258763714017226332
2022/10/02 15:04:27, 0.00922103548448205239, 108.44769024941782029696
2022/10/02 15:12:16, 0.0092212323009065867, 108.44537556023665777555
2022/10/02 15:17:38, 0.00922214291270376349, 108.43466745917281665801
2022/10/02 15:25:18, 0.00922032728644024359, 108.45601993658481212281
2022/10/02 15:35:02, 0.0092198402585007903, 108.46174900676716343217
2022/10/02 15:48:05, 0.00921886631841192245, 108.47320760067859031861
2022/10/02 15:48:41, 0.0092222120885273987, 108.43385409060569918374
2022/10/02 15:55:46, 0.0092217691986619354, 108.43906179576674611416
2022/10/02 15:59:51, 0.00922176919866200596, 108.43906179576591639419
2022/10/02 16:11:31, 0.0092189797328215967, 108.47187313361585197769
2022/10/02 16:14:15, 0.00921838215494677903, 108.4789047786849266893
2022/10/02 16:23:10, 0.009217673989768088, 108.48723887501682974157
2022/10/02 16:33:41, 0.00921663022944789218, 108.49952478346344986241
2022/10/02 16:37:42, 0.00921658598186678839, 108.50004567498792805999
2022/10/02 16:46:18, 0.00921645324102064625, 108.50160835723593827228
2022/10/02 16:54:02, 0.00921402016682935231, 108.53025952775955527114
2022/10/02 16:59:30, 0.00921315776295676895, 108.54041857621149211833
2022/10/02 17:04:04, 0.00921315776295682093, 108.54041857621087976539
2022/10/02 17:06:38, 0.00921241602372295516, 108.54915772636550486678
2022/10/02 17:09:04, 0.00922225323660467302, 108.43337027775727700521
2022/10/02 17:21:41, 0.0092213041129783318, 108.44453102816237182495
2022/10/02 17:24:58, 0.00922083612521740922, 108.45003494478891004491
2022/10/02 17:27:57, 0.00922063689750527862, 108.45237819423932276413
2022/10/02 17:42:24, 0.00922063689751207536, 108.45237819415938001624
2022/10/02 17:46:37, 0.00921934864969930608, 108.46753257700212120685
2022/10/02 17:51:10, 0.00922328462667082849, 108.42124476006254606658
2022/10/02 17:56:00, 0.00922213309239844736, 108.43478292720289518904
2022/10/02 17:58:03, 0.00922242437067211345, 108.43135815567786816999
2022/10/02 18:04:43, 0.00922200583004859942, 108.43627931156166484287
2022/10/02 18:08:31, 0.00922105380409547739, 108.44747479467648470688
2022/10/02 18:15:20, 0.00905988832977965223, 110.37663639992362303994
2022/10/02 18:16:03, 0.00905962962286556962, 110.37978831674346441237
2022/10/02 18:48:13, 0.00906158023353724359, 110.356027781883232088
2022/10/02 18:51:32, 0.00906125676108541737, 110.35996731652192747586
2022/10/02 18:57:46, 0.0090612567610854278, 110.35996731652180038795
2022/10/02 19:00:35, 0.00906034941448831242, 110.37101928993049543564
2022/10/02 19:06:45, 0.00903493523187059768, 110.6814796494074568938
2022/10/02 19:13:25, 0.00903386188758342295, 110.69463009772690945563
2022/10/02 19:33:41, 0.00903361467635267477, 110.69765933427552008769
2022/10/02 19:35:25, 0.00903307810535154291, 110.70423485074944021925
2022/10/02 19:43:22, 0.00903231035048318463, 110.71364481475161763544
2022/10/02 20:01:51, 0.00903173098142411264, 110.72074689300823100477
2022/10/02 20:02:57, 0.00903138767793673393, 110.72495563920416763445
2022/10/02 20:29:55, 0.00903117312320774613, 110.72758614606360393167
2022/10/02 20:48:03, 0.00903117312320778105, 110.72758614606317581112
2022/10/02 20:59:50, 0.0090311731232090192, 110.7275861460479954358
2022/10/02 21:13:41, 0.00903082976679257463, 110.73179606121221038234
2022/10/02 21:20:29, 0.00902596072367684505, 110.79153018878157829668
2022/10/02 21:45:26, 0.00902156851599554371, 110.84546974586142576912
2022/10/02 22:03:28, 0.00900403171270984733, 111.06135916740798247094
2022/10/02 22:27:41, 0.00900403171270993153, 111.0613591674069439093
2022/10/02 22:30:34, 0.00900350643270435097, 111.06783867756215756212
2022/10/02 22:43:12, 0.00899449908621416144, 111.17906516136030787695
2022/10/02 23:36:40, 0.00899449908621504572, 111.17906516134937745922
2022/10/03 00:11:19, 0.0089944990862151246, 111.17906516134840238842
2022/10/03 00:40:51, 0.00895557748925018897, 111.66225753731104077842
2022/10/03 00:54:01, 0.00897496935611028145, 111.42099324486120629457
2022/10/03 00:57:01, 0.00897496935611031541, 111.42099324486078475593
2022/10/03 01:04:47, 0.00895562593047606207, 111.66165355310258271304
2022/10/03 01:06:53, 0.00895520475345003055, 111.66690517207278431239
2022/10/03 01:08:37, 0.00895520475344638184, 111.66690517211828196576
2022/10/03 01:15:28, 0.00895452804682123494, 111.67534400151772176475
2022/10/03 01:16:23, 0.00894069388175444762, 111.84814212694734303337
2022/10/03 01:26:44, 0.00894489908272791146, 111.79555976555876485507
2022/10/03 02:13:20, 0.00894290274956688834, 111.82051600062751098139
2022/10/03 02:14:36, 0.00894338419176805047, 111.81449645431214864741
2022/10/03 02:32:03, 0.0089402121923703908, 111.85416838913550527304
2022/10/03 03:13:33, 0.00894069427864615093, 111.84813716182961756239
2022/10/03 03:41:11, 0.00893876239333191189, 111.87231028156363370431
2022/10/03 04:03:44, 0.00894358273443833406, 111.81201423333185059022
2022/10/03 04:37:06, 0.008912450910343605, 112.20258154122574930287
2022/10/03 04:44:13, 0.00892206292798825335, 112.08170218829424789816
2022/10/03 04:44:51, 0.00891861034433054683, 112.12509139786423735882
2022/10/03 04:57:15, 0.00891821290288607127, 112.13008826873650586909
2022/10/03 05:11:23, 0.00891767427768369426, 112.13686089684621838672
2022/10/03 05:30:28, 0.00891767427769220391, 112.13686089673921228184
2022/10/03 05:31:17, 0.00891692100571983634, 112.14633384758498188976
2022/10/03 06:08:51, 0.00891568668310682749, 112.16185982564524688841
2022/10/03 06:12:04, 0.00891384613588998439, 112.18501921114404384822
2022/10/03 06:12:46, 0.00891304861993575734, 112.19505722916248475688
2022/10/03 07:06:16, 0.00891497160529092886, 112.17085642836057699691
2022/10/03 07:14:17, 0.00891380743422173068, 112.18550629227391847055
2022/10/03 07:17:03, 0.00891355649643165605, 112.18866458077959598546
2022/10/03 08:16:46, 0.00891343103151370447, 112.19024374166017712329
2022/10/03 08:45:56, 0.00891213471577095647, 112.20656238851452597983
2022/10/03 08:57:34, 0.00896991152281065388, 111.48381981884449725483
2022/10/03 08:59:25, 0.00896953156278532145, 111.4885424060505307885
2022/10/03 09:00:06, 0.0089689827742724346, 111.49536409730925919306
2022/10/03 09:07:10, 0.00896898277427251188, 111.49536409730829851238
2022/10/03 09:12:28, 0.00896138093720962663, 111.58994434080799254732
2022/10/03 09:13:20, 0.00896253403401820243, 111.57558746269738887118
2022/10/03 09:18:33, 0.00902028345073187304, 110.86126122997427884373
2022/10/03 09:21:44, 0.00902028345073194496, 110.86126122997339500377
2022/10/03 09:32:38, 0.00902013546172091785, 110.86308007720471045875
2022/10/03 09:42:23, 0.00901998747635358281, 110.86489893933419002461
2022/10/03 10:01:36, 0.00901067173505124172, 110.97951733276777928942
2022/10/03 10:45:18, 0.00900963298226566968, 110.99231255794485015759
2022/10/03 10:55:02, 0.00900885218145245395, 111.00193230596162413155
2022/10/03 11:09:23, 0.00901212876775257942, 110.96157475892095207744
2022/10/03 11:26:38, 0.00901179097150374053, 110.96573402136249600361
2022/10/03 12:41:15, 0.00901086212976631644, 110.97717239470553753487
2022/10/03 12:44:41, 0.00901086212976986373, 110.9771723946618493654
2022/10/03 12:47:54, 0.0088716789869467731, 112.71823534996438683757
2022/10/03 12:53:42, 0.00886478584208184712, 112.80588361795724957755
2022/10/03 12:53:42, 0.0088253736544865104, 113.30965001030127225636
2022/10/03 13:15:32, 0.00882464519044211454, 113.31900358816579473339
2022/10/03 13:34:25, 0.00882375034385712887, 113.33049565439877040742
2022/10/03 13:38:12, 0.00869720499106893794, 114.97946765965488472382
2022/10/03 13:38:42, 0.00875667328270110836, 114.19861946608303220751
2022/10/03 13:44:13, 0.0087561178746704518, 114.20586318199106435254
2022/10/03 14:27:28, 0.00875527493733891622, 114.21685865457705778848
2022/10/03 14:37:12, 0.00875502814834679804, 114.22007822885513586022
2022/10/03 14:38:53, 0.00875405323159179682, 114.2327986299170121381
2022/10/03 14:58:55, 0.0087554972506750468, 114.21395854163511194606
2022/10/03 15:00:24, 0.00875549725067511434, 114.21395854163423080431
2022/10/03 15:04:21, 0.008754304568937085, 114.22951898981237633136
2022/10/03 15:06:03, 0.00875270100203568153, 114.25044677836275633515
2022/10/03 15:32:55, 0.00874222963605152214, 114.38729496147800817338
2022/10/03 15:33:57, 0.00874136790899315837, 114.39857130040202637591
2022/10/03 16:05:41, 0.00874077147133200325, 114.40637743244994521062
2022/10/03 16:11:45, 0.00872121458755469924, 114.66292796269623093833
2022/10/03 16:16:43, 0.00872313622310958945, 114.63766865760625649651
2022/10/03 16:22:33, 0.00872287035834950445, 114.6411627042929855994
2022/10/03 16:24:37, 0.0087246914674430103, 114.61723359864266756026
2022/10/03 16:25:20, 0.00872405733286561992, 114.62556490003335387876
2022/10/03 16:56:39, 0.0087268886804222885, 114.58837583701258431869
2022/10/03 17:01:09, 0.0087263156946758646, 114.59589991800595615768
2022/10/03 17:03:11, 0.00872436977881720926, 114.62145981340708380306
2022/10/03 17:11:10, 0.00872436977881722294, 114.62145981340690416197
2022/10/03 17:13:42, 0.0087236541152167011, 114.63086302971325065247
2022/10/03 17:14:33, 0.00872244791025607754, 114.64671503789370885061
2022/10/03 17:29:47, 0.00872161018250624272, 114.6577270795471285614
2022/10/03 17:34:54, 0.00871993512288233594, 114.67975230410366043759
2022/10/03 17:46:31, 0.00871987373288653161, 114.68055967697721922926
2022/10/03 17:47:14, 0.00872021122124460811, 114.6761213264824070978
2022/10/03 17:47:15, 0.00872001425971359669, 114.67871154981853919099
2022/10/03 17:57:26, 0.00872001425971360929, 114.67871154981837358001
2022/10/03 18:06:27, 0.0087179304943557495, 114.70612212926337131028
2022/10/03 18:11:36, 0.00871634121321096019, 114.72703689988015649338
2022/10/03 18:17:51, 0.00871268609855169894, 114.77516677276241998619
2022/10/03 18:52:40, 0.00871268609855170658, 114.77516677276231943881
2022/10/03 18:58:15, 0.00871106937693407144, 114.79646834726022704518
2022/10/03 19:27:52, 0.00871587471455568049, 114.73317742050382255544
2022/10/03 19:41:02, 0.00871587471455573279, 114.73317742050313405946
2022/10/03 19:56:30, 0.00871391587088214342, 114.75896885136740829449
2022/10/03 19:57:41, 0.00871477945637990129, 114.74759688472915498627
2022/10/03 20:22:21, 0.00871477945637990199, 114.74759688472914573825
2022/10/03 20:45:12, 0.00871467778127322811, 114.74893565759564199349
2022/10/03 20:48:05, 0.00871398410557270274, 114.75807023339500780954
2022/10/03 21:01:26, 0.00871465576858608864, 114.74922550638454344153
2022/10/03 21:26:35, 0.00870998527614185046, 114.81075665410964592775
2022/10/03 21:46:44, 0.00870998527614185524, 114.8107566541095829261
2022/10/03 22:02:20, 0.00871081023735030767, 114.79988344966912866553
2022/10/03 22:07:09, 0.00871081023735037515, 114.79988344966823931804
2022/10/03 22:27:07, 0.00871292325628241883, 114.77204269863779163963
2022/10/03 22:29:47, 0.00871013072114024141, 114.8088395014455313381
2022/10/03 22:56:35, 0.00870937676325215486, 114.81877833318024373672
2022/10/03 22:57:49, 0.00870868402343362051, 114.82791169241716578431
2022/10/03 23:03:44, 0.0087095215751082163, 114.81686925927098852549
2022/10/03 23:06:56, 0.00870910018807354376, 114.82242463686714986313
2022/10/03 23:09:51, 0.00874258893511489973, 114.38259392289012743178
2022/10/03 23:17:19, 0.0088103692401363093, 113.50262091677425962057
2022/10/03 23:25:15, 0.00898184792955070888, 111.33566364555696997858
2022/10/03 23:56:30, 0.00897969312696224987, 111.36238019063476450295
2022/10/03 23:58:59, 0.00897969312695896817, 111.36238019067546278727
2022/10/04 00:10:30, 0.00895026367762880941, 111.72855191959324388986
2022/10/04 00:25:29, 0.00895074963584510621, 111.72248590166075332266
2022/10/04 00:51:48, 0.00895019776519046155, 111.72937472837169759191
2022/10/04 01:12:34, 0.00894712096097087158, 111.76779707821093569468
2022/10/04 01:16:51, 0.00894721813446039261, 111.76658319623164912548
2022/10/04 01:30:57, 0.00894683629093920356, 111.77135330091347266208
2022/10/04 01:38:58, 0.0089224509626695535, 112.07682778912184814735
2022/10/04 01:55:53, 0.00892181721225794214, 112.08478902998271932963
2022/10/04 03:02:44, 0.00894255603518958214, 111.82485142558013680696
2022/10/04 03:07:37, 0.0089403518978299559, 111.85242051185084620192
2022/10/04 04:46:37, 0.00894035189783474786, 111.85242051179089418563
2022/10/04 04:50:44, 0.00894007321152350214, 111.85590725487887651478
2022/10/04 05:06:13, 0.00894007321152459112, 111.85590725486525145614
2022/10/04 05:10:04, 0.00893939479312238876, 111.86439609640686500031
2022/10/04 05:10:57, 0.00894085189228600032, 111.84616544904197377987
2022/10/04 05:14:02, 0.00893871568750345485, 111.8728948273883104711
2022/10/04 05:15:33, 0.00893796765674646846, 111.88225762320698008642
2022/10/04 05:24:06, 0.00893970918501552056, 111.86046204681588455861
2022/10/04 05:32:51, 0.0089395752689429172, 111.86213773199177305048
2022/10/04 06:26:07, 0.00894054798097824392, 111.84996737644972063382
2022/10/04 06:52:05, 0.00893875223329135921, 111.87243743881998418483
2022/10/04 07:15:03, 0.00894040310791578131, 111.85177982798177991324
2022/10/04 07:34:33, 0.00893449928375715173, 111.92569032021660183629
2022/10/04 08:18:52, 0.00894032519057461876, 111.85275464635837360463
2022/10/04 08:21:37, 0.00893816472459531488, 111.87979085329243434602
2022/10/04 08:40:27, 0.00893816472459537303, 111.87979085329170640875
2022/10/04 08:59:40, 0.00893727543806373056, 111.89092323830750983699
2022/10/04 09:01:02, 0.0089372754380711065, 111.8909232382151661989
2022/10/04 09:06:45, 0.00886717567903050313, 112.77548073901874870976
2022/10/04 09:11:25, 0.00879789784768020552, 113.6635156844513710874
2022/10/04 09:17:58, 0.00879636463631245153, 113.68332729999387329771
2022/10/04 09:21:09, 0.00879220808076896171, 113.73707159948613802944
2022/10/04 09:22:19, 0.00872380641890911401, 114.62886175837989525853
2022/10/04 09:27:17, 0.00872351605919887756, 114.63267714690661209654
2022/10/04 09:34:19, 0.00865504186316745306, 115.53959135144307289048
2022/10/04 11:04:59, 0.00863947392362497109, 115.74778844640781245936
2022/10/04 11:22:21, 0.00863906513152165828, 115.75326551842572870757
2022/10/04 11:40:13, 0.00865070446098372741, 115.5975220873842624509
2022/10/04 11:47:37, 0.00864683500585837347, 115.6492519311960377333
2022/10/04 12:08:32, 0.00864702901740065345, 115.64665713364354353247
2022/10/04 12:09:46, 0.00864672201877247552, 115.65076312491009660314
2022/10/04 12:42:28, 0.00864424616098234748, 115.68388745264031495834
2022/10/04 13:22:49, 0.00863839836021453288, 115.76220015572020940735
2022/10/04 13:33:44, 0.0086379481059161524, 115.7682342772003321911
2022/10/04 14:07:29, 0.00863772333257323589, 115.77124683178446653873
2022/10/04 14:08:06, 0.00865712451467504615, 115.51179589768624259444
2022/10/04 14:16:02, 0.00865655047631729754, 115.51945578505120476768
2022/10/04 14:18:40, 0.00865703576779075615, 115.51298005728308786934
2022/10/04 14:21:43, 0.00869590315599192245, 114.9966808578070244493
2022/10/04 14:24:44, 0.00869575867619355006, 114.99859152459097243155
2022/10/04 14:27:02, 0.00869770430809933022, 114.97286692866723283854
2022/10/04 14:29:49, 0.00869926097006197428, 114.95229346969181852089
2022/10/04 15:06:30, 0.00869880663991317027, 114.95829731536391506884
2022/10/04 15:23:12, 0.00870075261208831503, 114.93258624669533643347
2022/10/04 15:37:01, 0.00869936872556334002, 114.95086960292553578666
2022/10/04 15:40:17, 0.00869883178396212061, 114.95796502740540150002
2022/10/04 15:40:54, 0.00869827424340356974, 114.96533358422917118166
2022/10/04 15:44:26, 0.00877628047600750008, 113.94348696281859978413
2022/10/04 15:51:29, 0.00877628047600755645, 113.94348696281786788921
2022/10/04 16:07:01, 0.00877823495407193307, 113.91811739285162911369
2022/10/04 16:13:00, 0.00880025019993459313, 113.6331328406358704878
2022/10/04 16:13:53, 0.00880025019993461612, 113.63313284063557360556
2022/10/04 16:27:06, 0.00879961301830841849, 113.64136103705997114509
2022/10/04 16:37:49, 0.00880176340978718209, 113.61359689446356160846
2022/10/04 16:44:57, 0.00880176340978720557, 113.6135968944632585058
2022/10/04 17:18:50, 0.00880567340777880874, 113.56314885771416247067
2022/10/04 17:28:52, 0.00882523641530227815, 113.31141206212643267207
2022/10/04 18:04:44, 0.00900108226656011048, 111.09775140208378418421
2022/10/04 18:21:53, 0.00897669081818317872, 111.39962601523500071539
2022/10/04 18:43:27, 0.00894991417045423123, 111.73291508216189084326
2022/10/04 18:45:02, 0.00895582851688140416, 111.6591276971234026077
2022/10/04 18:50:02, 0.00895541919843441809, 111.6642312148625606406
2022/10/04 19:15:28, 0.00894517413149467331, 111.79212224378546547858
2022/10/04 19:31:31, 0.0089445748318393997, 111.79961248022292263464
2022/10/04 19:46:35, 0.00894200207940645939, 111.83177895954780435169
2022/10/04 19:55:53, 0.00894200207940652067, 111.83177895954703792928
2022/10/04 20:06:04, 0.00894270879029237984, 111.82294128659703635395
2022/10/04 20:25:05, 0.00894060301567891253, 111.84927887373199991992
2022/10/04 20:56:01, 0.00893884231698207712, 111.8713100129524362793
2022/10/04 22:06:28, 0.00893847543032093414, 111.875901857694674347
2022/10/04 22:16:11, 0.00893706733276050064, 111.89352868969801553731
2022/10/04 22:25:11, 0.008936938508469272, 111.8951416139128192562
2022/10/04 22:44:15, 0.0089803137506083879, 111.35468400892487278977
2022/10/04 22:54:44, 0.00898031375060839349, 111.35468400892480348679
2022/10/04 23:20:01, 0.00897973816554637504, 111.36182164384463216185
2022/10/04 23:33:08, 0.00898427869028846467, 111.3055409869406314989
2022/10/04 23:35:51, 0.00898427869028850682, 111.30554098694010930128
2022/10/04 23:41:46, 0.00898586192177527227, 111.28592990915190628083
2022/10/04 23:50:26, 0.00898586192177531456, 111.28592990915138255962
2022/10/05 00:04:37, 0.00898586192177943413, 111.28592990910036354164
2022/10/05 00:05:53, 0.00898122093692492186, 111.3434361567314662947
2022/10/05 00:09:01, 0.00897985856114237785, 111.36032858325826766438
2022/10/05 00:11:27, 0.00897809875264042079, 111.38215646223586461002
2022/10/05 00:13:31, 0.00897809875264027315, 111.38215646223769626782
2022/10/05 00:34:21, 0.00897745479834732365, 111.39014592243804554949
2022/10/05 00:43:58, 0.0089773890006035437, 111.39096233133828633288
2022/10/05 01:09:15, 0.00897258306834934807, 111.45062602178462646576
2022/10/05 01:18:46, 0.00897168238606725238, 111.46181473755349763118
2022/10/05 01:32:05, 0.00897088022054269913, 111.47178152151321010689
2022/10/05 02:09:32, 0.00896927241247043768, 111.49176365851581334235
2022/10/05 02:48:30, 0.00896986007205519943, 111.48445928553679246351
2022/10/05 02:59:12, 0.00896943135418909606, 111.48978798226250629695
2022/10/05 03:15:47, 0.0089673310809208735, 111.5159004363768804129
2022/10/05 03:56:33, 0.00896680477073868867, 111.52244590662807892886
2022/10/05 04:43:54, 0.00896641912049570833, 111.52724254370065815906
2022/10/05 05:05:54, 0.00897524570460994663, 111.41756258398262936385
2022/10/05 05:48:20, 0.00897468814987885532, 111.42448442774008629709
2022/10/05 06:17:37, 0.00897208062162315256, 111.45686738368702940326
2022/10/05 06:41:24, 0.00894512349657603726, 111.79275505617940629833
2022/10/05 07:01:27, 0.00892531341415873797, 112.04088345106654627656
2022/10/05 07:39:56, 0.00892505860338720746, 112.04408222266276759227
2022/10/05 07:49:50, 0.00891992734557850065, 112.10853645525350843149
2022/10/05 08:05:37, 0.00887902182505581418, 112.6250188030947797552
2022/10/05 08:11:12, 0.00887242680301768126, 112.70873484804416339381
2022/10/05 08:38:42, 0.00885822097365204692, 112.88948457872148853973
2022/10/05 09:03:10, 0.00885822097365206791, 112.88948457872122109667
2022/10/05 10:25:19, 0.00885919238273671036, 112.8771062640687405834
2022/10/05 10:38:44, 0.00886890940209697555, 112.75343502365226592242
2022/10/05 10:44:28, 0.0088689094021016258, 112.75343502359314568342
2022/10/05 10:49:40, 0.00881704912006774423, 113.41663025603249419979
2022/10/05 10:54:59, 0.00882682373596059997, 113.29103536145016663593
2022/10/05 10:59:46, 0.008789039740605371, 113.77807240761458373898
2022/10/05 11:28:39, 0.00875350219113866099, 114.23998968233757648535
2022/10/05 11:35:00, 0.00875258886875184143, 114.25191049132466580244
2022/10/05 11:46:30, 0.00874850142779483309, 114.30529082648412452283
2022/10/05 12:04:52, 0.00874748519968741634, 114.31857010009392380208
2022/10/05 12:18:21, 0.00874640694728533756, 114.33266323268603303915
2022/10/05 12:23:26, 0.00874640694728534117, 114.33266323268598586091
2022/10/05 12:37:15, 0.0087464069472849191, 114.33266323269150317534
2022/10/05 13:06:43, 0.00875126552604185448, 114.26918735629932057024
2022/10/05 13:36:48, 0.0087532061499701851, 114.24385337975916043414
2022/10/05 13:52:06, 0.00875371733443239931, 114.23718196457403691879
2022/10/05 13:53:38, 0.00875381437408937864, 114.23591559811041401099
2022/10/05 14:14:15, 0.00875342057332347809, 114.24105486803113325377
2022/10/05 14:40:46, 0.00881370317583507375, 113.45968658687587285403
2022/10/05 15:04:10, 0.00885269452529578947, 112.95995780071126241102
2022/10/05 15:07:58, 0.00886103421616107701, 112.8536438981539615458
2022/10/05 16:04:01, 0.00882998650155619811, 113.25045625197273562469
2022/10/05 16:10:22, 0.00883027874673454697, 113.24670813702249283691
2022/10/05 16:12:05, 0.00864561032600819699, 115.66563403762778959967
2022/10/05 16:41:24, 0.00864753823998206022, 115.63984711585092150986
2022/10/05 16:48:22, 0.00864075382500693964, 115.73064344292864643222
2022/10/05 17:19:29, 0.00864094684088272735, 115.72805832674740508468
2022/10/05 17:40:44, 0.00864819486985401528, 115.63106695083992349022
2022/10/05 18:05:22, 0.0086463269806950122, 115.65604703971276793502
2022/10/05 18:11:35, 0.00864729235970785868, 115.64313526156575308058
2022/10/05 18:15:12, 0.0086463162011699097, 115.65619123028286886211
2022/10/05 18:32:59, 0.00864631620117415549, 115.65619123022607576232
2022/10/05 18:35:55, 0.00877310472396433969, 113.98473305219201792277
2022/10/05 18:39:22, 0.00877504705538709658, 113.95950285942787638724
2022/10/05 19:34:19, 0.00877504705538838457, 113.95950285941114963264
2022/10/05 19:36:46, 0.00871488726584864574, 114.746177373829877703
2022/10/05 19:38:13, 0.00865534433120557518, 115.53555372657406501697
2022/10/05 19:40:19, 0.00865534433119882554, 115.53555372666416228892
2022/10/05 19:41:09, 0.00859641558779857615, 116.32755417494726453197
2022/10/05 19:42:25, 0.00864391644687941765, 115.68830010625737451847
2022/10/05 19:43:59, 0.00858567041908550668, 116.47314084838978826013
2022/10/05 19:45:01, 0.00861003583730020452, 116.1435351601932230084
2022/10/05 19:57:57, 0.00861024629138079312, 116.14069634698378938329
2022/10/05 20:28:38, 0.00861024629138087611, 116.14069634698266997756
2022/10/05 20:30:47, 0.00851041312651375068, 117.50310885432246150502
2022/10/05 20:42:31, 0.00851526557071787097, 117.43614943012235345015
2022/10/05 21:08:02, 0.00852011142547599155, 117.36935704970937956541
2022/10/05 21:15:49, 0.00851777438786243535, 117.40155989867130353916
2022/10/05 21:18:34, 0.00851777438785853469, 117.40155989872506677333
2022/10/05 21:26:32, 0.00851610715624110365, 117.42454406144258634605
2022/10/05 21:40:32, 0.00851776284553746803, 117.40171898820931882579
2022/10/05 22:15:09, 0.00851663549814075582, 117.41725945865680841059
2022/10/05 22:42:39, 0.00852729855069760962, 117.27043377860753072159
2022/10/05 22:43:23, 0.0085254225332945257, 117.29623911245188759595
2022/10/05 23:13:44, 0.00852497883485675823, 117.30234401418341996936
2022/10/05 23:35:10, 0.00852497883485867791, 117.30234401415700550982
2022/10/05 23:48:28, 0.00852497883485874144, 117.30234401415613133192
2022/10/05 23:48:28, 0.00852241321612398251, 117.33765714481546948971
2022/10/06 00:24:58, 0.00852241321612404905, 117.33765714481455328012
2022/10/06 00:45:07, 0.00852217056766181316, 117.34099805448568692857
2022/10/06 01:04:08, 0.00852140047954402983, 117.35160228656555648833
2022/10/06 01:05:52, 0.00852140047954654655, 117.35160228653089765769
2022/10/06 01:35:12, 0.00852529019650605562, 117.29805988420580658969
2022/10/06 01:54:26, 0.0085249867472636387, 117.30223514083248248736
2022/10/06 02:26:00, 0.00851974974433260324, 117.37433962367344795508
2022/10/06 02:59:54, 0.0085125794528665548, 117.47320604018052563953
2022/10/06 03:06:11, 0.00853202776272454441, 117.2054320274115699553
2022/10/06 03:06:11, 0.00857956720950545488, 116.55599584231734209707
2022/10/06 04:09:32, 0.00858054286123017063, 116.54274282788589681032
2022/10/06 04:13:26, 0.00857676886116876104, 116.59402464808051804538
2022/10/06 04:25:21, 0.00857813456577966751, 116.57546198788383078856
2022/10/06 04:48:13, 0.00857778393882609284, 116.58022714627320904533
2022/10/06 07:26:28, 0.00857738103666686907, 116.58570322633065789946
2022/10/06 07:30:24, 0.00855510452442290738, 116.88927904331548070247
2022/10/06 07:32:47, 0.00857137897048409102, 116.66734179454001991989
2022/10/06 07:59:57, 0.00856839875488199599, 116.70792041864676301131
2022/10/06 09:27:56, 0.00857424966118232149, 116.6282811342943654351
2022/10/06 09:35:19, 0.0085547145953019849, 116.89460692811103577028
2022/10/06 09:38:17, 0.00855861185350413661, 116.84137768095790567626
2022/10/06 09:52:17, 0.00856112185126196729, 116.80712147002010414138
2022/10/06 10:31:28, 0.0085659953837411291, 116.74066529361799636007
2022/10/06 12:05:21, 0.00855640669473873025, 116.87149006310002015196
2022/10/06 12:34:58, 0.00855886770162132774, 116.83788497052799360856
2022/10/06 12:53:55, 0.00860961347682336432, 116.14923279563576842577
2022/10/06 13:24:28, 0.00860854596567909512, 116.16363599460827660522
2022/10/06 13:31:04, 0.00860854596567912834, 116.16363599460782837446
2022/10/06 13:50:32, 0.00860854596568560187, 116.1636359945204746775
2022/10/06 14:14:37, 0.0086114782546343628, 116.12408118917781364091
2022/10/06 14:19:22, 0.00863397329360719137, 115.82153036544888076584
2022/10/06 14:30:22, 0.00863078389719134833, 115.86433073888254179623
2022/10/06 15:53:11, 0.00863247814335987032, 115.84159072203422664093
2022/10/06 16:24:19, 0.00863190021192413234, 115.84934666165360192493
2022/10/06 16:52:32, 0.00863190021193018957, 115.84934666157230740945
2022/10/06 16:54:32, 0.00863152925365965753, 115.85432553287273461098
2022/10/06 16:57:23, 0.00862986019795026063, 115.87673230645348111052
2022/10/06 17:06:23, 0.0086291185684320465, 115.88669133117554821765
2022/10/06 18:06:56, 0.00862880958437197103, 115.89084105079168991119
2022/10/06 18:17:37, 0.00862292285299658074, 115.96995787251960137284
2022/10/06 18:47:25, 0.00862487898720402835, 115.94365572938608549116
2022/10/06 18:48:14, 0.00862385120343803993, 115.95747380257831618309
2022/10/06 19:15:38, 0.00858575939305382672, 116.47193384070769962323
2022/10/06 19:30:33, 0.00858858973143325217, 116.43355094028008250146
2022/10/06 19:35:41, 0.00858858973143328382, 116.43355094027965343702
2022/10/06 19:46:12, 0.00862337155205378749, 115.96392361892776668631
2022/10/06 19:48:31, 0.00862337155205384495, 115.96392361892699400864
2022/10/06 19:54:48, 0.00861326038992525209, 116.10005441954115085679
2022/10/06 19:56:11, 0.00861317607878447174, 116.10119087930271116812
2022/10/06 19:59:02, 0.00861148995550257419, 116.1239234054984290722
2022/10/06 20:45:37, 0.00878282725464892759, 113.85855271953343194499
2022/10/06 20:45:55, 0.00876275283358587388, 114.11938907682076706818
2022/10/06 20:49:28, 0.00889417864427116684, 112.43309135061171977309
2022/10/06 20:54:23, 0.00886943717576733842, 112.74672565832624049183
2022/10/06 21:06:13, 0.0088093732915163512, 113.51545301900479539055
2022/10/06 21:07:50, 0.00882686638226420261, 113.2904880048141593854
2022/10/06 21:18:17, 0.00882751462591638247, 113.28216858051257058618
2022/10/06 21:23:59, 0.00882751462591646661, 113.2821685805114908213
2022/10/06 21:46:00, 0.00882933500923166677, 113.25881269137849930664
2022/10/06 21:46:00, 0.00882734951846886655, 113.28428741920410124115
2022/10/06 22:51:32, 0.00882910157523521941, 113.26180715882845921562
2022/10/07 00:14:56, 0.00882910157524421349, 113.26180715871308105817
2022/10/07 00:19:41, 0.00882421188198393595, 113.32456806048171582264
2022/10/07 01:33:43, 0.00882246605206938467, 113.34699324407618091757
2022/10/07 01:53:11, 0.00882246605206944501, 113.34699324407540564396
2022/10/07 02:25:03, 0.00882216796105380869, 113.35082310998643896845
2022/10/07 03:49:02, 0.00881978377675221608, 113.38146436603897074942
2022/10/07 03:57:25, 0.00882374012577050376, 113.33062689362446815722
2022/10/07 03:59:56, 0.00882374012577056617, 113.33062689362366652618
2022/10/07 04:15:00, 0.00884127163809031086, 113.1059016094201932886
2022/10/07 04:16:37, 0.00884144721699236281, 113.10365548279264183427
2022/10/07 04:25:50, 0.00884144721699237831, 113.10365548279244351242
2022/10/07 04:49:21, 0.00883860747671398273, 113.139994352569662421
2022/10/07 05:01:00, 0.00883760428686957929, 113.15283730068615526899
2022/10/07 05:04:35, 0.00883684999855590704, 113.16249570417254604119
2022/10/07 07:34:31, 0.00883684999855592724, 113.16249570417228729661
2022/10/07 07:37:08, 0.00885568241834628986, 112.9218452920469567099
2022/10/07 07:50:08, 0.00885421691390241999, 112.94053553509099615764
2022/10/07 08:06:35, 0.00884818968208474605, 113.01746864951783886139
2022/10/07 08:37:33, 0.00884539244631958143, 113.053208895901857828
2022/10/07 09:05:31, 0.00884592657766791413, 113.04638256037095341176
2022/10/07 09:06:00, 0.00887561070801065145, 112.66830338755771390994
2022/10/07 09:27:39, 0.00887749333308477887, 112.64441013694536945118
2022/10/07 09:39:31, 0.00887708552859337883, 112.64958490925515398526
2022/10/07 10:04:16, 0.0088726890773591752, 112.70540320766376092048
2022/10/07 10:10:51, 0.00887135953114043727, 112.72229431010866661828
2022/10/07 11:26:35, 0.00887730391526810671, 112.64681366603844988504
2022/10/07 12:30:27, 0.00887730391526819297, 112.64681366603735524107
2022/10/07 13:25:43, 0.00890383058398883262, 112.31121151364151134547
2022/10/07 13:40:34, 0.00890318989396114419, 112.31929363634937395881
2022/10/07 14:37:50, 0.00887212631878939436, 112.71255210627461532176
2022/10/07 15:04:47, 0.00887212631879029546, 112.71255210626316760723
2022/10/07 15:16:19, 0.00887212631879032215, 112.71255210626282852422
2022/10/07 15:23:53, 0.00887212631879813653, 112.71255210616355370194
2022/10/07 15:26:02, 0.00889006838863895693, 112.48507393688306940296
2022/10/07 15:55:35, 0.00889206306768237946, 112.45984114017752210341
2022/10/07 15:58:37, 0.00889206306768241587, 112.45984114017706164938
2022/10/07 16:26:23, 0.00891401524408103134, 112.18289094401168045725
2022/10/07 16:32:36, 0.00891401524408916825, 112.18289094390927737711
2022/10/07 17:09:28, 0.00889912907787962105, 112.37054674099278739684
2022/10/07 17:45:53, 0.00889838338923573138, 112.37996344478572526557
2022/10/07 17:57:28, 0.00889744503197554465, 112.39181544884070507678
2022/10/07 18:22:07, 0.00889744503197583825, 112.39181544883699629644
2022/10/07 18:28:04, 0.00857268064313257786, 116.64962706864418562996
2022/10/07 18:28:04, 0.00863262397036492108, 115.83963386253318710405
2022/10/07 18:34:25, 0.00863316440348256315, 115.83238234135868120566
2022/10/07 18:38:39, 0.00863262565610358121, 115.83961124191265319208
2022/10/07 18:46:09, 0.0086426364207495633, 115.70543423522511815049
2022/10/07 18:51:12, 0.00864263642074961341, 115.70543423522444727641
2022/10/07 19:14:43, 0.00864169267191571326, 115.71807028614422578173
2022/10/07 19:46:58, 0.00864469937703023227, 115.67782248820505132774
2022/10/07 20:22:52, 0.0086442350087462868, 115.68403670055178237473
2022/10/07 20:23:39, 0.00864206027684349714, 115.71314801859364988341
2022/10/07 20:29:17, 0.00864206027684506227, 115.71314801857269342043
2022/10/07 20:39:32, 0.00865216960394943834, 115.57794700921396932906
2022/10/07 20:49:59, 0.00865267021876147216, 115.57126005238394758966
2022/10/07 21:50:58, 0.00865267021876155503, 115.57126005238284065402
2022/10/07 22:11:03, 0.0086547127564598253, 115.54398489465823616222
2022/10/07 22:13:56, 0.00867274559162721265, 115.30373967909466792884
2022/10/07 22:19:35, 0.0086733121937608034, 115.29620722281341423708
2022/10/07 22:47:37, 0.00867331219377075662, 115.29620722268110398754
2022/10/07 23:31:22, 0.00866497475865621685, 115.40714518539257424979
2022/10/08 00:02:52, 0.00866497475866358264, 115.40714518529447074567
2022/10/08 00:31:59, 0.00866497475866359215, 115.40714518529434413949
2022/10/08 01:11:56, 0.0086632959188679232, 115.429509665263179621
2022/10/08 01:58:51, 0.00866892586939637042, 115.35454508040814697083
2022/10/08 02:00:09, 0.00866892586939642935, 115.354545080407362818
2022/10/08 02:03:28, 0.00866892586939648342, 115.35454508040664340104
2022/10/08 02:11:22, 0.00866892586939652276, 115.35454508040611986082
2022/10/08 02:33:23, 0.00866717477562765263, 115.37785101692296124787
2022/10/08 03:29:38, 0.00866656362929454519, 115.38598720025777966233
2022/10/08 03:54:11, 0.00866569970515776973, 115.39749056903117891805
2022/10/08 03:59:04, 0.00866569970515783382, 115.3974905690303254542
2022/10/08 04:20:46, 0.00866521054014176912, 115.40400494223182210872
2022/10/08 04:24:34, 0.00866464175334584717, 115.41158059002849011558
2022/10/08 04:26:02, 0.00866384133350360879, 115.42224303357661042209
2022/10/08 04:27:19, 0.00866280937696001746, 115.43599269997135756426
2022/10/08 04:28:11, 0.00866230399616973468, 115.44272752863167528676
2022/10/08 04:37:15, 0.00866160568013079502, 115.45203475308742626367
2022/10/08 05:36:33, 0.00865879522664373008, 115.48950793095657502436
2022/10/08 05:47:48, 0.00865879522664378755, 115.48950793095580848593
2022/10/08 06:10:04, 0.00865805039703108003, 115.49944319369041821891
2022/10/08 07:41:43, 0.00866053971315369762, 115.46624495944426285894
2022/10/08 07:53:40, 0.00865461847270510184, 115.54524363538331096938
2022/10/08 08:27:51, 0.00865461847270518544, 115.54524363538219484326
2022/10/08 08:30:15, 0.0086546184727052355, 115.54524363538152656859
2022/10/08 08:38:45, 0.00867453827549869942, 115.27991095785556090402
2022/10/08 08:57:09, 0.00869448094160301743, 115.01549163389484210155
2022/10/08 09:58:35, 0.0087144482122927412, 114.7519585450498025863
2022/10/08 10:52:30, 0.00871444821229939241, 114.75195854496221946246
2022/10/08 10:54:47, 0.00866213018293224187, 115.44504398818527202335
2022/10/08 10:56:42, 0.00861028212076268607, 116.14021305859621206752
2022/10/08 11:00:42, 0.00860615441818239469, 116.19591648126600955588
2022/10/08 11:03:55, 0.00863136393092169409, 115.85654457431917227131
2022/10/08 11:04:09, 0.00863256434814850306, 115.84043392789515765777
2022/10/08 12:34:26, 0.00863228382635331846, 115.8441983739136273809
2022/10/08 13:36:43, 0.00864965891593493333, 115.61149517210887145298
2022/10/08 13:55:26, 0.00875008582068478307, 114.28459337347846100302
2022/10/08 14:01:29, 0.00874980628778685285, 114.28824446043098659661
2022/10/08 14:35:40, 0.00874980628779627808, 114.28824446030787613029
2022/10/08 14:53:20, 0.00872964984063311287, 114.55213190171618287643
2022/10/08 15:40:51, 0.00872655720726152531, 114.59272840930693744115
2022/10/08 16:07:56, 0.00872469922661630381, 114.61713166561840919568
2022/10/08 16:52:33, 0.00872469922662060503, 114.61713166556190360546
2022/10/08 17:22:27, 0.00872375711476192056, 114.62950960748876021226
2022/10/08 17:54:26, 0.00872311485330495225, 114.63794949588759013492
2022/10/08 18:14:01, 0.00872713845745069375, 114.5850962346382323745
2022/10/08 18:20:44, 0.0087271384574507199, 114.58509623463788904239
2022/10/08 18:57:25, 0.00872965768163160794, 114.55202901072931881418
2022/10/08 19:14:38, 0.00873589694045261712, 114.47021488650813005348
2022/10/08 19:40:59, 0.00873589694045270307, 114.47021488650700380195
2022/10/08 19:57:01, 0.0087379097305691936, 114.44384650731099913087
2022/10/08 20:19:13, 0.00873687983389931634, 114.45733705984767274898
2022/10/08 21:02:26, 0.00873223594268212208, 114.51820662702434823773
2022/10/08 21:17:07, 0.00873525885367792865, 114.47857662271289914096
2022/10/08 21:18:36, 0.00874532300623640108, 114.3468342206328205226
2022/10/08 21:26:00, 0.00874557506034242351, 114.34353865814812235682
2022/10/08 22:20:25, 0.00872754065596481247, 114.57981571435624153529
2022/10/08 22:36:42, 0.00872542087641879526, 114.60765207356203398868
2022/10/08 22:47:59, 0.00872443619130304343, 114.62058728756022874199
2022/10/08 22:52:51, 0.00872497916159007155, 114.61345425354075082091
2022/10/08 23:23:03, 0.00872446543111638868, 114.6202031397171004568
2022/10/08 23:39:13, 0.00872446543111684864, 114.62020313971105753219
2022/10/08 23:40:19, 0.00872271108056457033, 114.64325606612615426881
2022/10/09 00:02:09, 0.00873377476188252458, 114.49802946194305619359
2022/10/09 00:10:33, 0.00873313178763088732, 114.50645934558588685474
2022/10/09 00:50:54, 0.00873088423440435792, 114.53593624108136203008
2022/10/09 01:05:28, 0.00872996282146596312, 114.54802505471344256034
2022/10/09 01:16:20, 0.00872976998607084691, 114.55055535204160269129
2022/10/09 02:28:22, 0.0087327878746637695, 114.51096881687419669143
2022/10/09 03:47:19, 0.00873278787467028077, 114.51096881678881590822
2022/10/09 03:56:19, 0.00873321214076255747, 114.50540578677424032515
2022/10/09 04:10:43, 0.00873187976628526453, 114.52287786429544438592
2022/10/09 04:16:27, 0.00873357132579223808, 114.50069653026944138311
2022/10/09 04:19:54, 0.00873526304888351071, 114.47852164312487913752
2022/10/09 04:25:05, 0.00873695526334840568, 114.45634890623827125807
2022/10/09 04:29:33, 0.00875390453571467871, 114.23473901504671406903
2022/10/09 04:54:20, 0.00875559920847156024, 114.21262853517105231632
2022/10/09 06:20:49, 0.0087559026495038838, 114.20867042836077807173
2022/10/09 07:24:31, 0.00876084991437784124, 114.14417662364620019167
2022/10/09 08:59:38, 0.00876287298884704095, 114.11782428807896925262
2022/10/09 09:00:39, 0.00875653250710848779, 114.20045539580963777977
2022/10/09 10:23:33, 0.0087564676899094377, 114.20130073138456734496
2022/10/09 10:25:15, 0.00875646768991062134, 114.2013007313691303136
2022/10/09 10:50:59, 0.00875501812583904693, 114.22020898490874160666
2022/10/09 11:38:27, 0.00877525402877447507, 113.95681500740063672927
2022/10/09 13:06:36, 0.00877626941682680038, 113.94363054564998585964
2022/10/09 13:08:53, 0.00873232229644869205, 114.51707415869034008073
2022/10/09 13:22:38, 0.00873219319183001769, 114.51876728238402959885
2022/10/09 13:36:57, 0.00873980939608754918, 114.41897124754901387357
2022/10/09 13:55:32, 0.00873957240215291801, 114.42207398541130644532
2022/10/09 15:53:35, 0.00874159314383253867, 114.39562372054922107859
2022/10/09 16:25:28, 0.00874159314383654562, 114.39562372049678468565
2022/10/09 17:17:01, 0.00874159314383655753, 114.39562372049662886461
2022/10/09 17:22:49, 0.0087407891616965608, 114.40614588693534142335
2022/10/09 17:56:29, 0.00874078916170641226, 114.40614588680639798432
2022/10/09 18:44:12, 0.00874008221068225684, 114.41539975193657945559
2022/10/09 18:51:20, 0.00876290851473722148, 114.11736164062732901963
2022/10/09 18:52:03, 0.00876290851474496698, 114.11736164052646107692
2022/10/09 19:28:09, 0.00878317428407407446, 113.85405408762424167199
2022/10/09 19:46:23, 0.00881971159109830982, 113.38239234594642853742
2022/10/09 20:30:56, 0.00881958040923822509, 113.38407878820769735435
2022/10/09 20:59:56, 0.00881914315752136042, 113.38970035282341415499
2022/10/09 21:16:26, 0.00881965189190065208, 113.38315981817033613044
2022/10/09 21:22:36, 0.00881954706342346733, 113.38450748193318701595
2022/10/09 21:34:48, 0.00880595301877838395, 113.55954294413509831859
2022/10/09 21:38:55, 0.00880774654849222237, 113.53641870759640239158
2022/10/09 22:28:13, 0.00884712271128299761, 113.03109865591333824135
2022/10/09 22:30:00, 0.00882679989389772863, 113.29134137178463844401
2022/10/09 22:34:12, 0.00881180053780685823, 113.48418472587066811562
2022/10/09 22:49:07, 0.0088189103485994287, 113.39269370833490249394
2022/10/09 22:50:59, 0.00881891034859951479, 113.39269370833379554308
2022/10/09 23:16:51, 0.00881353955643528785, 113.46179291495216615336
2022/10/10 00:23:56, 0.00881353955643537607, 113.46179291495103047722
2022/10/10 00:25:41, 0.00881556986574371751, 113.43566158846792961523
2022/10/10 00:39:35, 0.0088155698657437406, 113.43566158846763248069
2022/10/10 00:45:51, 0.00881502399637999599, 113.44268607897868213755
2022/10/10 00:51:16, 0.00881382113278367798, 113.45816813554610861463
2022/10/10 01:42:13, 0.00881561607659971664, 113.4350669664951392218
2022/10/10 02:02:49, 0.00881536514573072758, 113.4382959149796520853
2022/10/10 02:48:48, 0.00881892345312328078, 113.39252521188890755182
2022/10/10 03:02:25, 0.00883415703995357989, 113.19699157229998904884
2022/10/10 04:07:19, 0.00883436024298799437, 113.19438787813975381731
2022/10/10 04:46:13, 0.00885876157334969775, 112.88259557728196356364
2022/10/10 04:56:04, 0.00887354282891314157, 112.69455946520551500525
2022/10/10 05:25:05, 0.00888371995624890069, 112.56545736750623660474
2022/10/10 06:38:51, 0.0088839235581146924, 112.56287759101516279193
2022/10/10 07:33:57, 0.00888257964571870383, 112.57990807681504201095
2022/10/10 07:55:34, 0.00887679440541447116, 112.65327936287924707464
2022/10/10 08:26:51, 0.00887830052614688011, 112.63416878657890572589
2022/10/10 08:46:10, 0.00888135386514878357, 112.59544605289158210919
2022/10/10 09:05:08, 0.00887939105631530454, 112.62033552275730481249
2022/10/10 09:08:49, 0.00887939105631615857, 112.62033552274647281578
2022/10/10 09:12:12, 0.00887517961691489596, 112.67377598692592104893
2022/10/10 10:17:29, 0.00887487106265836686, 112.67769333659044214358
2022/10/10 11:32:37, 0.00887441946074536245, 112.68342728483221870283
2022/10/10 12:24:54, 0.00887441946074785023, 112.68342728480063002366
2022/10/10 12:40:48, 0.00887441946074881477, 112.68342728478838268248
2022/10/10 12:45:14, 0.00887389054031652907, 112.69014368125508722637
2022/10/10 13:08:01, 0.00880552269149366987, 113.56509261693484354148
2022/10/10 13:53:13, 0.00881364567765344565, 113.46042677157417316122
2022/10/10 14:21:51, 0.00881364567766302818, 113.46042677145081466754
2022/10/10 14:37:00, 0.00881364567766809819, 113.46042677138554710965
2022/10/10 15:03:08, 0.00881252153779227259, 113.47489997176468144205
2022/10/10 15:44:10, 0.00881359801168038643, 113.46104039175955188898
2022/10/10 15:54:02, 0.00881359801168039024, 113.46104039175950284462
2022/10/10 15:55:11, 0.00881359801167967806, 113.46104039176867105886
2022/10/10 16:18:04, 0.00881431573960011072, 113.45180153999885631345
2022/10/10 17:18:59, 0.00881431573960017421, 113.45180153999803921234
2022/10/10 17:23:29, 0.00881431573960025001, 113.45180153999706357165
2022/10/10 17:43:57, 0.00881431573960503761, 113.45180153993544088065
2022/10/10 17:58:40, 0.00881236932340940239, 113.4768600021760914964
2022/10/10 18:20:00, 0.00881236932340943601, 113.47686000217565857723
2022/10/10 18:31:17, 0.00880646979124052366, 113.55287915648830798714
2022/10/10 18:38:39, 0.00881093094033859906, 113.49538508147364605957
2022/10/10 19:28:27, 0.00881006247086461437, 113.50657311535051864839
2022/10/10 20:22:28, 0.00880944923832410243, 113.51447439525046085454
2022/10/10 20:33:05, 0.00880944923832417059, 113.51447439524958254539
2022/10/10 22:06:52, 0.00880808427879674258, 113.53206535582880460475
2022/10/10 22:14:12, 0.00880869018046196448, 113.52425610541291916654
2022/10/10 22:20:20, 0.0088086033611691563, 113.52537502236575820816
2022/10/10 22:25:22, 0.00880433052062440771, 113.5804701626625755439
2022/10/10 22:29:23, 0.0088034413444801091, 113.59194215873490510762
2022/10/10 22:33:32, 0.00880344134448481576, 113.59194215867417450111
2022/10/10 22:34:51, 0.00879915040563457113, 113.64733569727891038267
2022/10/10 22:50:34, 0.00879915040563462428, 113.64733569727822397878
2022/10/10 23:47:52, 0.00880217478388011417, 113.60828710551767476296
2022/10/10 23:57:02, 0.00880217478388014885, 113.60828710551722711809
2022/10/11 00:03:52, 0.00881427652960097326, 113.45230622634782532022
2022/10/11 00:11:36, 0.00881427652960788447, 113.45230622625886809346
2022/10/11 00:16:00, 0.00830096263341298601, 120.46795584584441764153
2022/10/11 00:16:00, 0.00842249133882949333, 118.7297154453321081274
2022/10/11 00:17:54, 0.00851600043759133391, 117.42601557249802839469
2022/10/11 00:17:54, 0.00843057278783023354, 118.6159025213005493684
2022/10/11 00:19:23, 0.0084730562727431087, 118.02116825505929350626
2022/10/11 00:20:03, 0.00843070993900144063, 118.61397287242491630044
2022/10/11 00:24:05, 0.0084408783420332859, 118.47108315970757338065
2022/10/11 01:41:37, 0.00845614242356904084, 118.25723242465624268131
2022/10/11 01:48:51, 0.00845381145608712723, 118.28983946406265041684
2022/10/11 01:55:35, 0.00847010607083661975, 118.06227591919952996811
2022/10/11 02:07:26, 0.00849049637202851396, 117.77874416087691856113
2022/10/11 02:26:32, 0.00849049637203762665, 117.77874416075050886488
2022/10/11 02:43:00, 0.00845015943477252079, 118.34096240657737473709
2022/10/11 02:50:22, 0.00845015943477255832, 118.34096240657684911518
2022/10/11 02:52:42, 0.00846237204350301708, 118.17017673759092399782
2022/10/11 02:55:55, 0.0084587574893494603, 118.22067262941560469211
2022/10/11 03:15:41, 0.00845875748935001084, 118.22067262940791034935
2022/10/11 03:22:27, 0.00844824791166673226, 118.36773854837229452138
2022/10/11 03:26:50, 0.00834470970609822405, 119.83640356826442526981
2022/10/11 03:40:28, 0.00834271805842471626, 119.86501197774162870353
2022/10/11 04:21:55, 0.0083321561985384281, 120.0169531357817567972
2022/10/11 05:34:40, 0.00833270805772736982, 120.00900464437201057192
2022/10/11 06:20:48, 0.00833303135421656179, 120.00434865686593740076
2022/10/11 07:23:24, 0.00833087368842956714, 120.03542934384683755373
2022/10/11 07:43:27, 0.0083409785536613435, 119.89000973525360431809
2022/10/11 07:52:05, 0.00833531464602959497, 119.9714758789982033583
2022/10/11 08:10:05, 0.00833733566466614819, 119.94239409575732678454
2022/10/11 08:36:38, 0.00834194749579872416, 119.87608415224772106825
2022/10/11 09:00:49, 0.0083621767333528995, 119.58608767636508277249
2022/10/11 09:15:39, 0.00833684504513766129, 119.94945265094436017174
2022/10/11 09:26:56, 0.00834022608530972451, 119.9008264010224101579
2022/10/11 09:46:00, 0.00842128132312069922, 118.74677517950760383567
2022/10/11 10:29:54, 0.00841946600056479875, 118.77237819274019388112
2022/10/11 10:38:11, 0.00841906894333290845, 118.77797969476228894747
2022/10/11 11:37:55, 0.00842313143050308547, 118.72069292171466734731
2022/10/11 12:09:16, 0.00842333739001107688, 118.71779007520972371442
2022/10/11 12:29:37, 0.00842510489870664908, 118.69288418634544843266
2022/10/11 12:49:20, 0.00842510489871006874, 118.69288418629727225515
2022/10/11 13:48:31, 0.00844340168280659795, 118.43567765303790087092
2022/10/11 13:49:37, 0.0084535751217253413, 118.29314646178999699109
2022/10/11 14:07:09, 0.00845122127942005368, 118.32609358308303377467
2022/10/11 14:16:59, 0.00844985231029085587, 118.34526371332265154185
2022/10/11 14:26:02, 0.00845290443591025884, 118.30253229312819910592
2022/10/11 14:58:03, 0.00845187927340633219, 118.31688168411016563412
2022/10/11 15:01:55, 0.00845248969045933449, 118.30833714340288067015
2022/10/11 15:06:20, 0.00845452457305223104, 118.27986202646786247654
2022/10/11 15:15:09, 0.00845798443490951624, 118.23147792429083945428
2022/10/11 15:18:55, 0.00849874318040495493, 117.66445682293828271088
2022/10/11 15:19:54, 0.00845810627230089844, 118.22977482262885958678
2022/10/11 15:32:23, 0.00846329739060113559, 118.157256427092356725
2022/10/11 15:51:33, 0.00846848480807195301, 118.08487854247839103793
2022/10/11 16:08:29, 0.00847030153070895027, 118.05955152535185478865
2022/10/11 16:20:23, 0.00848177307497478664, 117.89987673101860867239
2022/10/11 16:26:16, 0.00849044976696047054, 117.77939066212671647271
2022/10/11 16:33:14, 0.00859272102789114411, 116.37757082466617983648
2022/10/11 16:34:18, 0.00856596392863744876, 116.74109397739032069104
2022/10/11 16:35:35, 0.00857211001496792903, 116.65739220027279546042
2022/10/11 16:51:41, 0.00857415919911263492, 116.62951162645696576248
2022/10/11 16:53:28, 0.00857415919911272263, 116.62951162645577270196
2022/10/11 17:20:28, 0.00857557326881174064, 116.61027999572595992553
2022/10/11 17:49:00, 0.00857690546994402677, 116.59216759521147431009
2022/10/11 17:50:39, 0.00857621921162541245, 116.60149715441735714726
2022/10/11 17:52:48, 0.00857908880403339004, 116.56249548668361975209
2022/10/11 18:21:11, 0.00858052377987724038, 116.54300199542209931433
2022/10/11 18:23:57, 0.00858052377987731016, 116.54300199542115151837
2022/10/11 18:46:35, 0.00858072876574203641, 116.54021788830227818462
2022/10/11 18:57:08, 0.00858072876575180961, 116.54021788816954216926
2022/10/11 19:08:12, 0.00857944135235848873, 116.55770567451923488309
2022/10/11 19:09:33, 0.00857669583892737887, 116.59501733304585507986
2022/10/11 19:57:06, 0.00857669583892744898, 116.59501733304490187283
2022/10/11 20:04:36, 0.00857591076576454669, 116.60569090714524305449
2022/10/11 20:06:15, 0.00859641499451354121, 116.32756220334015700927
2022/10/11 20:12:51, 0.00859437217125192639, 116.35521246624485412876
2022/10/11 20:18:18, 0.00859437217125596714, 116.35521246619014832864
2022/10/11 20:30:55, 0.00859539821615425176, 116.34132297914865403575
2022/10/11 20:38:43, 0.00859765573030639075, 116.31077486332003372794
2022/10/11 20:44:50, 0.00859960845832705682, 116.28436397376830493571
2022/10/11 21:00:48, 0.00859960845832991659, 116.28436397372963507883
2022/10/11 21:13:22, 0.00912044543673951311, 109.64376761377699411618
2022/10/11 21:13:44, 0.00901084919154450976, 110.97733174120456317055
2022/10/11 21:15:02, 0.00923883697123712602, 108.23873211674337493261
2022/10/11 21:16:10, 0.00917393688685957858, 109.00445602938085265709
2022/10/11 21:16:53, 0.0091625255400492103, 109.14021419411281418939
2022/10/11 21:18:22, 0.00915976959791450977, 109.17305171384216174719
2022/10/11 21:18:57, 0.00907781435051575968, 110.15867491751300217187
2022/10/11 21:21:41, 0.00907568939018115762, 110.18446720773453491575
2022/10/11 21:23:10, 0.00885434431808960897, 112.938910446138769756
2022/10/11 21:23:10, 0.00890781674016682988, 112.26095340408535595165
2022/10/11 21:26:57, 0.00890781674016683369, 112.26095340408530797776
2022/10/11 21:40:22, 0.00905464210108355486, 110.44058824592653573689
2022/10/11 21:55:42, 0.00905464210108577801, 110.4405882458994196638
2022/10/11 21:58:49, 0.00890803698626058651, 112.25817781654493831334
2022/10/11 22:04:22, 0.00890803698626449037, 112.2581778164957423215
2022/10/11 22:21:50, 0.00890679312492432975, 112.27385501990041908687
2022/10/11 22:29:37, 0.00890634489803321592, 112.27950539180551427756
2022/10/11 22:34:31, 0.00891158783527378724, 112.21344820749077981715
2022/10/11 22:35:21, 0.00891158783527495529, 112.21344820747607194391
2022/10/11 22:41:41, 0.00911022702947109505, 109.7667485963910360386
2022/10/11 22:42:57, 0.00932370267779911024, 107.25352733320462236098
2022/10/11 22:46:30, 0.00933007898677809857, 107.18022874373586977215
2022/10/11 22:48:40, 0.00923527016676503985, 108.28053559263477590186
2022/10/11 22:48:40, 0.00922900966106984681, 108.35398777598395450946
2022/10/11 23:16:55, 0.00923099637003514176, 108.33066766726429441682
2022/10/11 23:19:35, 0.00933812342551051551, 107.08789704665206520499
2022/10/11 23:21:13, 0.00930991874216908386, 107.41232310337154066529
2022/10/11 23:50:21, 0.00930991874217893868, 107.412323103257841567
2022/10/12 00:03:51, 0.00929616145223990699, 107.57128145177064824114
2022/10/12 00:06:11, 0.00931782504590676025, 107.32118225800894698884
2022/10/12 00:06:11, 0.00928745606045893694, 107.6721110162200101033
2022/10/12 00:15:58, 0.00935249375360123921, 106.92335395732752295256
2022/10/12 00:35:21, 0.00936552806165596112, 106.77454527034810941186
2022/10/12 00:45:48, 0.00937204861253498611, 106.70025747225785347959
2022/10/12 00:49:51, 0.00940468538642573358, 106.32997903825166381244
2022/10/12 01:07:20, 0.00940468538642582167, 106.32997903825066778826
2022/10/12 01:12:32, 0.00953623477507405071, 104.86319009404157693627
2022/10/12 01:12:32, 0.00975677508201041537, 102.49288228892396837094
2022/10/12 01:13:49, 0.00953688517027185198, 104.85603864846520724473
2022/10/12 01:21:35, 0.00958079285327120954, 104.37549535981939991823
2022/10/12 01:21:35, 0.00962039452592412956, 103.94584102609249028296
2022/10/12 01:31:51, 0.00959673548221534323, 104.20210100124137010994
2022/10/12 01:32:52, 0.009707032645219279, 103.01809384482710735203
2022/10/12 01:36:52, 0.00968418302040931036, 103.26116285622761152164
2022/10/12 01:37:38, 0.00968829334474718501, 103.21735360564630946401
2022/10/12 01:39:14, 0.00971948060877264471, 102.88615619001454726537
2022/10/12 01:44:53, 0.00967313917101770163, 103.37905640768228147185
2022/10/12 01:46:08, 0.00968153269490006242, 103.28943066285048533773
2022/10/12 01:49:38, 0.00968153269490007607, 103.28943066285033975008
2022/10/12 01:54:44, 0.00969257919624334006, 103.17171309650800080172
2022/10/12 01:57:26, 0.00969478925042412638, 103.14819375328371677458
2022/10/12 02:06:23, 0.00970584329844110288, 103.03071760499309618808
2022/10/12 02:08:43, 0.00970584329844163694, 103.03071760498742696579
2022/10/12 02:09:49, 0.00968342884046583342, 103.26920520354582924383
2022/10/12 02:10:37, 0.0096622000204317687, 103.49609797824425752319
2022/10/12 02:18:29, 0.00966216341237062021, 103.49649010486453046727
2022/10/12 02:25:51, 0.00970634887815251834, 103.02535098968516022903
2022/10/12 02:32:54, 0.00970634887816144827, 103.02535098959037594869
2022/10/12 03:08:09, 0.0098173708441397423, 101.86026542910186637823
2022/10/12 03:10:49, 0.00970667912222599526, 103.0218458247205208603
2022/10/12 03:14:56, 0.00970586671868406376, 103.03046899201409266761
2022/10/12 03:15:27, 0.0097280196187555121, 102.79584532004965113835
2022/10/12 03:23:50, 0.00972791423618452464, 102.79695890824580949035
2022/10/12 03:36:32, 0.0097284549348204525, 102.79124554720013322408
2022/10/12 04:12:49, 0.00973061817984550549, 102.76839369478549955004
2022/10/12 04:13:47, 0.00973061817984555571, 102.76839369478496912776
2022/10/12 04:13:47, 0.00974169937493003294, 102.65149451988526625918
2022/10/12 04:17:40, 0.00974169937493009823, 102.65149451988457824806
2022/10/12 04:45:29, 0.00974391634900294884, 102.62813884915232311515
2022/10/12 04:56:26, 0.00985508663381401745, 101.47044233673975957163
2022/10/12 05:01:46, 0.01039093528485587458, 96.23772765262393824446
2022/10/12 05:03:20, 0.01031134814659205543, 96.98052919787256606333
2022/10/12 05:05:35, 0.01024704316402597246, 97.58912732120363788595
2022/10/12 05:07:56, 0.01019443054606086004, 98.09277678451604903948
2022/10/12 05:15:03, 0.01030812749822489245, 97.0108295781367330005
2022/10/12 05:15:34, 0.01026180765149157105, 97.44871799995669509277
2022/10/12 05:16:50, 0.01021568066205769033, 97.88872940342824966309
2022/10/12 05:20:53, 0.01022146988493107814, 97.83328731166563056589
2022/10/12 05:21:37, 0.01034598207781723186, 96.65587978777722524181
2022/10/12 05:34:31, 0.01029866759705281083, 97.09993944130907674363
2022/10/12 05:37:32, 0.010299550494964779, 97.09161584176685603403
2022/10/12 05:46:36, 0.01029906364443247596, 97.09620549248527639543
2022/10/12 06:01:47, 0.01033327933113142809, 96.77469929485651353183
2022/10/12 06:12:34, 0.01033257166242634573, 96.78132730851779450715
2022/10/12 06:13:11, 0.0103319819940603131, 96.78685082638390101326
2022/10/12 06:24:46, 0.01034339908615839407, 96.68001704954096733088
2022/10/12 06:46:30, 0.01033976547009420813, 96.71399248777049447725
2022/10/12 06:47:11, 0.01033582856162474658, 96.75083076675997213111
2022/10/12 07:14:34, 0.01033719827239094189, 96.73801098222575126536
2022/10/12 07:16:54, 0.01033596124880988484, 96.74958873468523810237
2022/10/12 07:37:17, 0.01033409043298501102, 96.76710364447131409918
2022/10/12 07:38:01, 0.01033637314198652125, 96.74573336927855381228
2022/10/12 07:44:17, 0.01036835753180854329, 96.44729137977275160267
2022/10/12 07:46:23, 0.01039123372193406845, 96.23496369725336072427
2022/10/12 07:57:18, 0.01039123372193411843, 96.23496369725289782269
2022/10/12 08:20:20, 0.01039023994960741367, 96.24416807022672705616
2022/10/12 08:22:48, 0.0103876310206457149, 96.26834049192460611448
2022/10/12 08:32:40, 0.0103700681162177216, 96.4313820114742248388
2022/10/12 08:44:40, 0.01037160461724155229, 96.41709618756769755505
2022/10/12 09:08:15, 0.01034332583584084871, 96.68070172699013276503
2022/10/12 09:12:09, 0.01034481189085514012, 96.66681333123171265849
2022/10/12 09:15:40, 0.0098882014170091458, 101.13062606915090106496
2022/10/12 09:15:40, 0.00995278279582693103, 100.47441208294896696356
2022/10/12 09:16:07, 0.010006650641152334, 99.93353779010747866447
2022/10/12 09:18:05, 0.01005320051647435008, 99.47081015257609267191
2022/10/12 09:35:47, 0.01005240964745406124, 99.47863597592906641571
2022/10/12 10:02:54, 0.01005240964745413747, 99.4786359759283120912
2022/10/12 10:04:08, 0.01005240964746453631, 99.47863597582540513147
2022/10/12 10:18:09, 0.01005355728827511851, 99.46728021993191131721
2022/10/12 10:23:32, 0.01005355728827623318, 99.46728021992088303956
2022/10/12 10:29:09, 0.01007563560847774442, 99.24932171609993681863
2022/10/12 10:34:51, 0.01007355826269919187, 99.26978868061381457501
2022/10/12 10:52:20, 0.01007297585295677397, 99.27552836399033975742
2022/10/12 11:09:08, 0.0100955492600933285, 99.05355065255315104533
2022/10/12 11:45:22, 0.01009554926010365938, 99.05355065245178843906
2022/10/12 12:32:54, 0.01012952273694754187, 98.72133425916399483998
2022/10/12 12:47:10, 0.01010673350384336224, 98.94393669524605646255
2022/10/12 13:04:22, 0.01010627583802605136, 98.94841740192588034585
2022/10/12 13:20:55, 0.01010681925056926924, 98.94309725027235831008
2022/10/12 13:46:02, 0.01010681925057389114, 98.94309725022711112541
2022/10/12 13:53:47, 0.01010681925057337017, 98.94309725023221125855
2022/10/12 13:58:46, 0.01009650647300705557, 99.04415974708613326469
2022/10/12 14:01:22, 0.01009991234750540028, 99.0107602514978473537
2022/10/12 14:08:51, 0.01010263314326695367, 98.98409511845577586075
2022/10/12 14:16:48, 0.0099737908712473532, 100.262780011040766944
2022/10/12 14:40:15, 0.00997379087125062271, 100.26278001100789980489
2022/10/12 14:49:03, 0.00997830021915094241, 100.21746971300192079906
2022/10/12 14:54:27, 0.00999408138993789037, 100.05922115131130034536
2022/10/12 15:00:59, 0.00999408138993789905, 100.05922115131121344746
2022/10/12 15:06:36, 0.01010699233975939896, 98.94140278173055429758
2022/10/12 15:08:05, 0.01010879628558066329, 98.92374638377220125087
2022/10/12 15:29:40, 0.01011108324345573995, 98.90137148729700101352
2022/10/12 15:32:33, 0.01011108324345582674, 98.90137148729615202147
2022/10/12 15:55:04, 0.01011069386076834996, 98.9051803734473084275
2022/10/12 15:58:03, 0.01011633148080592352, 98.85006258418238480563
2022/10/12 16:06:17, 0.01010471645234136683, 98.96368737474961056649
2022/10/12 16:18:16, 0.0101160037045859225, 98.85326549916807416906
2022/10/12 16:34:14, 0.01011486194244160606, 98.86442402184799603668
2022/10/12 16:45:15, 0.01011486194244477568, 98.86442402181701554674
2022/10/12 16:55:18, 0.01010460982847726671, 98.9647316397863222517
2022/10/12 17:06:29, 0.01010435987192005489, 98.96717977939334640162
2022/10/12 17:25:36, 0.01012723137755503709, 98.74367067551137681383
2022/10/12 17:32:12, 0.01019500826595484936, 98.08721816728625110898
2022/10/12 17:55:00, 0.0102290040451520694, 97.76122832544382949102
2022/10/12 18:01:52, 0.01023420957436843289, 97.71150304606805661597
2022/10/12 18:04:12, 0.01023653351566026933, 97.68932016587050059681
2022/10/12 18:06:54, 0.01024583719460658453, 97.60061388896562405816
2022/10/12 18:08:38, 0.01024651665911828379, 97.59414182088006647601
2022/10/12 18:10:40, 0.01024651665912943731, 97.59414182077383345333
2022/10/12 18:18:21, 0.01024651665913903633, 97.59414182068240648558
2022/10/12 18:44:49, 0.01024651665914930499, 97.59414182058460139691
2022/10/12 18:48:53, 0.01023941151887161308, 97.66186251592321665951
2022/10/12 18:58:50, 0.01023988812178936409, 97.65731696541773387606
2022/10/12 19:01:18, 0.01025123908585563738, 97.54918323773864767083
2022/10/12 19:11:12, 0.01024013391783190323, 97.65497287673415811867
2022/10/12 19:28:04, 0.01023970862297398638, 97.65902886693306884184
2022/10/12 19:33:34, 0.0103535000286597108, 96.58569539111236803387
2022/10/12 19:35:02, 0.01030356239995894499, 97.053811214263577913
2022/10/12 19:36:22, 0.0103041998518103588, 97.04780714480306279745
2022/10/12 19:44:16, 0.01030185434782587407, 97.06990278027394096584
2022/10/12 19:47:31, 0.01036091078958591167, 96.51661135863967828546
2022/10/12 19:52:36, 0.0103371054873982471, 96.73887929450651853784
2022/10/12 20:05:35, 0.01033710548740383319, 96.73887929445424164513
2022/10/12 20:18:48, 0.01040567156406072989, 96.10143793638610854676
2022/10/12 20:25:14, 0.0104044968920959283, 96.11228782812924038957
2022/10/12 20:26:15, 0.01039926849886479953, 96.16060976876994464852
2022/10/12 20:29:36, 0.01036849381817035109, 96.44602364979394491673
2022/10/12 20:34:23, 0.01036899656883096211, 96.44134737260729845638
2022/10/12 20:38:09, 0.01036899656883107489, 96.44134737260624948605
2022/10/12 20:49:25, 0.01036899277802789654, 96.44138263062734856012
2022/10/12 20:55:47, 0.01035977140517611519, 96.52722641161405911198
2022/10/12 21:06:02, 0.01036182629744114281, 96.50808373876624474949
2022/10/12 21:07:21, 0.01036292232314134344, 96.49787664304975972579
2022/10/12 21:08:09, 0.01036292232315275809, 96.49787664294346835263
2022/10/12 21:10:44, 0.01036292232315278856, 96.49787664294318462891
2022/10/12 21:15:49, 0.0103443607006278799, 96.67102964993305034956
2022/10/12 21:38:54, 0.0103443607006279642, 96.6710296499322625313
2022/10/12 22:15:10, 0.01034436070063425399, 96.67102964987348266157
2022/10/12 22:17:11, 0.01034436070063429029, 96.6710296498731434023
2022/10/12 22:17:52, 0.01033109083599727414, 96.79519964296864596764
2022/10/12 22:24:45, 0.01033109083599732066, 96.79519964296821011118
2022/10/12 22:56:29, 0.01035509638372802727, 96.57080561523285438075
2022/10/12 22:59:07, 0.01035215111674288174, 96.59828075564569466409
2022/10/12 23:16:23, 0.01037468829463847279, 96.38843805233061641222
2022/10/12 23:22:41, 0.01037468829464128982, 96.38843805230444407181
2022/10/12 23:25:30, 0.01059276126269546533, 94.40409117136441956957
2022/10/12 23:27:32, 0.01054791961666454655, 94.80542479865987843783
2022/10/12 23:29:58, 0.01053807461775656243, 94.89399499174250048984
2022/10/12 23:31:40, 0.01053979948515242714, 94.87846532647181067524
2022/10/12 23:34:57, 0.01053906344542087024, 94.8850915623333823457
2022/10/12 23:44:36, 0.0104900582007959171, 95.32835574964937098205
2022/10/12 23:58:30, 0.01049434851240304991, 95.28938350180776068706
2022/10/13 00:02:56, 0.01051156704792829854, 95.13329415494598253511
2022/10/13 00:06:56, 0.010511567047939017, 95.13329415484897680133
2022/10/13 00:13:26, 0.01044807657656558851, 95.7113965112909154922
2022/10/13 00:19:08, 0.01044981881258229359, 95.6954391205263664607
2022/10/13 00:41:53, 0.01045250504400919185, 95.67084596368080045617
2022/10/13 01:17:33, 0.01045250504400930041, 95.6708459636798068881
2022/10/13 01:21:58, 0.01045376898246037798, 95.65927864656542440211
2022/10/13 01:25:56, 0.01044056726445216002, 95.78023632918687419781
2022/10/13 01:34:50, 0.01049934610332624608, 95.24402664306826975615
2022/10/13 01:39:06, 0.01057610331171015513, 94.55278286595141753392
2022/10/13 01:47:56, 0.01068094492054581705, 93.62467529220233593559
2022/10/13 01:58:49, 0.01064718744482791152, 93.92151731918370587835
2022/10/13 02:25:06, 0.010620476857229686, 94.15773071613721117232
2022/10/13 03:05:50, 0.01063261141683625613, 94.05027239277695454708
2022/10/13 03:34:51, 0.01162401143810763743, 86.02882105928121150959
2022/10/13 03:35:19, 0.01162329288743297605, 86.03413935143913392463
2022/10/13 03:35:19, 0.01142933300398948135, 87.49416957673239919494
2022/10/13 03:36:31, 0.01138390361163946294, 87.84332985545931869029
2022/10/13 03:38:00, 0.01138080465867211129, 87.86724928434699346386
2022/10/13 03:39:50, 0.01130250776268258544, 88.47594011850125300483
2022/10/13 03:39:50, 0.0112551182977026712, 88.84846640875504088782
2022/10/13 03:42:14, 0.01122164352267162511, 89.1135062328126886706
2022/10/13 03:46:12, 0.01108824185188196806, 90.18562305531544103493
2022/10/13 04:22:21, 0.01111287578479870308, 89.9857084129293941942
2022/10/13 04:25:14, 0.01117464219774318454, 89.48832385899198032379
2022/10/13 04:55:59, 0.01117284758967848375, 89.5026976760878353372
2022/10/13 05:34:10, 0.0111700729879575667, 89.52492979035123545571
2022/10/13 05:48:04, 0.01114250892919114992, 89.74639431342070086325
2022/10/13 05:48:52, 0.01114250892918116063, 89.74639431350115872085
2022/10/13 06:00:11, 0.01112077102014565529, 89.92182270352172131973
2022/10/13 06:00:47, 0.01104172284990349382, 90.56557691164473825821
2022/10/13 06:30:33, 0.01104172284990361414, 90.56557691164375145086
2022/10/13 06:38:11, 0.011072632066061496, 90.31276340022893761941
2022/10/13 06:55:07, 0.0110318608902204914, 90.6465382360358260486
2022/10/13 08:14:00, 0.01103186089022061577, 90.6465382360348040971
2022/10/13 08:27:25, 0.01124163236073001779, 88.95505278159276409305
2022/10/13 08:57:24, 0.01124163236073004743, 88.95505278159252949742
2022/10/13 09:30:39, 0.01126946500867396208, 88.73535693400821413165
2022/10/13 09:35:44, 0.01126946500867508413, 88.73535693399937912526
2022/10/13 09:37:37, 0.01125978818050141288, 88.81161740961531226316
2022/10/13 09:54:12, 0.01125934767117998619, 88.81509206431667263739
2022/10/13 10:15:11, 0.01125934767118659247, 88.81509206426456144431
2022/10/13 10:43:14, 0.01130724074752880566, 88.43890585937596877008
2022/10/13 10:47:21, 0.01126984156913330776, 88.73239200973999810912
2022/10/13 10:52:53, 0.01127028810345384199, 88.72887638902012461742
2022/10/13 11:18:55, 0.01126906610705118209, 88.73849798203674504994
2022/10/13 11:31:34, 0.01126718029432354878, 88.7533503394637311527
2022/10/13 11:34:52, 0.01125950658861253923, 88.81383852213951385488
2022/10/13 11:51:45, 0.01125875641605243375, 88.81975620098030967208
2022/10/13 11:58:51, 0.01125801390284733914, 88.82561423619163876523
2022/10/13 12:16:30, 0.01125053046718645053, 88.88469774084185866664
2022/10/13 12:23:36, 0.01124991363637317105, 88.88957127340110592575
2022/10/13 12:41:11, 0.01124727340757477027, 88.91043755782835870037
2022/10/13 12:41:14, 0.01124354377971217705, 88.93993029176419975711
2022/10/13 13:04:31, 0.01120806735246009079, 89.22144813668586112564
2022/10/13 13:11:12, 0.01118048157106392114, 89.44158564583557614801
2022/10/13 13:47:28, 0.01118048157107132005, 89.44158564577638632683
2022/10/13 14:36:00, 0.01118663048737632645, 89.39242260021556630321
2022/10/13 14:44:18, 0.01118786047297663977, 89.38259485943876931848
2022/10/13 14:50:20, 0.01123711533759060294, 88.99081035991343638111
2022/10/13 14:50:20, 0.01122447884949477594, 89.09099597483859261127
2022/10/13 14:57:38, 0.01120049940263588518, 89.28173325598888939768
2022/10/13 16:35:42, 0.01119951453162521896, 89.28958457763480168184
2022/10/13 17:43:12, 0.01119951453162522028, 89.28958457763479110398
2022/10/13 18:11:51, 0.01119394855482267811, 89.33398211564684740828
2022/10/13 18:11:51, 0.01112495860541229607, 89.88797491017177062476
2022/10/13 18:28:08, 0.01110150840386743429, 90.07784920935877843739
2022/10/13 18:29:56, 0.01109955056178882266, 90.09373797913834446155
2022/10/13 18:33:58, 0.01108806331581215654, 90.1870751922878947572
2022/10/13 18:45:07, 0.01109533785344110198, 90.12794501700194282442
2022/10/13 18:57:19, 0.01110758993224929774, 90.02853059029872103819
2022/10/13 19:35:12, 0.01123048247116041953, 89.04336946947501316855
2022/10/13 19:44:11, 0.01123107398089551759, 89.03867980043920039703
2022/10/13 19:47:05, 0.01123403176310857878, 89.01523701258337219747
2022/10/13 20:39:28, 0.01123477126936334806, 89.00937776338618711609
2022/10/13 20:50:36, 0.01123419690954656478, 89.01392845893797407988
2022/10/13 20:58:08, 0.01123669713054679414, 88.99412241712156346377
2022/10/13 21:02:58, 0.01123669713054690639, 88.99412241712067449091
2022/10/13 21:17:16, 0.01123669713055201976, 88.99412241708017683275
2022/10/13 21:20:47, 0.01123144930056873744, 89.0357044081000357627
2022/10/13 21:48:48, 0.01124377750809557686, 88.93808146594815892538
2022/10/13 21:51:36, 0.01124161482513841905, 88.95519154097035227936
2022/10/13 22:04:04, 0.01126628913120503312, 88.76037072670447376863
2022/10/13 22:14:43, 0.0112786364073802009, 88.66320039766932893456
2022/10/13 22:19:49, 0.01127863640738027716, 88.66320039766872945585
2022/10/13 22:28:56, 0.01127792306613619756, 88.66880844423057039728
2022/10/13 22:41:17, 0.01128039190205131683, 88.64940231537097478733
2022/10/13 22:57:54, 0.01127964441954794552, 88.65527695775333802513
2022/10/13 23:02:44, 0.01126053549404739046, 88.80572336267895925973
2022/10/13 23:19:50, 0.01124665962404657034, 88.91528982186783965976
2022/10/14 00:22:30, 0.01124665962404649134, 88.91528982186846426903
2022/10/14 00:35:56, 0.01124665962404653046, 88.91528982186815493087
2022/10/14 01:41:24, 0.0112589811540540618, 88.81798328971590885515
2022/10/14 01:42:04, 0.01127352922403280267, 88.70336698717287972432
2022/10/14 01:47:14, 0.01127236204278335159, 88.71255165550748921492
2022/10/14 02:02:41, 0.01126978476024263939, 88.73283929323863308375
2022/10/14 02:04:16, 0.01129771817819397146, 88.51344884227390198714
2022/10/14 02:07:14, 0.01129537034551277207, 88.53184706752555281618
2022/10/14 02:13:16, 0.01129783930358429663, 88.51249987975532145033
2022/10/14 02:14:03, 0.01129770317521435855, 88.51356638523355083614
2022/10/14 02:19:42, 0.01130019178148315475, 88.49407331640433403449
2022/10/14 02:20:41, 0.01129968115341427188, 88.49807232815976582295
2022/10/14 02:34:36, 0.01129339721771614609, 88.54731492409412758989
2022/10/14 03:02:20, 0.0112912299863153727, 88.56431063860798010393
2022/10/14 03:06:50, 0.01129122998631548427, 88.56431063860710500843
2022/10/14 03:19:18, 0.01128039716731112091, 88.64936093720602681772
2022/10/14 03:41:12, 0.01127777226994524107, 88.66999404350053201104
2022/10/14 03:51:53, 0.01140197277780898289, 87.70412098739997424908
2022/10/14 03:55:01, 0.01140446370518752679, 87.68496492694627067733
2022/10/14 03:59:27, 0.01140446370518754139, 87.68496492694615836154
2022/10/14 04:08:00, 0.01169201092123775779, 85.5284866509632415983
2022/10/14 04:09:06, 0.01166858163081237969, 85.70021889887390558062
2022/10/14 04:13:39, 0.0116685816308124693, 85.70021889887324750203
2022/10/14 04:19:59, 0.0116653150644554674, 85.72421700353616901786
2022/10/14 04:26:25, 0.01166531506445555513, 85.72421700353552429666
2022/10/14 04:28:58, 0.01166531506446243841, 85.72421700348494155948
2022/10/14 04:31:20, 0.01163408152638903886, 85.9543572676319248491
2022/10/14 04:34:48, 0.01168342798753873381, 85.59131798189505654344
2022/10/14 04:40:33, 0.01168335747061409654, 85.59183458309765735448
2022/10/14 04:57:50, 0.01168335747062568874, 85.59183458301273327798
2022/10/14 05:11:12, 0.01166793086161085204, 85.70499875776105927726
2022/10/14 05:12:28, 0.01166504801716586866, 85.72617948322507224018
2022/10/14 05:13:35, 0.01163943587266550727, 85.91481674369098368
2022/10/14 05:30:59, 0.01159769154518405697, 86.22405554623067550215
2022/10/14 06:00:19, 0.01159525173730313185, 86.24219832872587875095
2022/10/14 06:24:51, 0.0116198996183242506, 86.05926323348168119986
2022/10/14 06:42:25, 0.01161989961833352844, 86.05926323341296771777
2022/10/14 06:51:12, 0.01161829256676877244, 86.07116701986404931686
2022/10/14 06:54:51, 0.01161776750588521941, 86.07505697574249131264
2022/10/14 06:55:51, 0.01161920432502570188, 86.06441302062118462034
2022/10/14 07:03:34, 0.01164140882491624259, 85.90025614938360203595
2022/10/14 07:23:39, 0.01163141511515070007, 85.97406163394794310454
2022/10/14 07:35:41, 0.01163113460914716359, 85.97613505509275319383
2022/10/14 07:55:07, 0.01163113460915846846, 85.97613505500918873007
2022/10/14 08:12:15, 0.01163205590214231914, 85.96932549265227212679
2022/10/14 08:24:53, 0.01162253674800201187, 86.03973656369865836088
2022/10/14 08:26:38, 0.01162993833075427741, 85.98497872990384745284
2022/10/14 08:27:19, 0.01162993833074611936, 85.98497872996416333143
2022/10/14 08:28:01, 0.01165462626791591028, 85.80283717487414642334
2022/10/14 08:36:43, 0.01164857255927747624, 85.84742850775758975066
2022/10/14 08:42:35, 0.01165104214617584699, 85.82923205099074470142
2022/10/14 09:06:38, 0.01160198376407389151, 86.19215647383930705472
2022/10/14 11:37:22, 0.01162664189732827146, 86.00935754543138162028
2022/10/14 11:44:18, 0.01161231300557164374, 86.11548788946656720374
2022/10/14 11:51:25, 0.01162092533273107936, 86.05166726124950222957
2022/10/14 12:00:53, 0.011618932356829416, 86.06642755882958232881
2022/10/14 12:18:01, 0.01161893235682942062, 86.06642755882954809658
2022/10/14 13:00:20, 0.01161893235683813334, 86.06642755876500925887
2022/10/14 13:25:57, 0.01161893235683819395, 86.06642755876456032876
2022/10/14 13:44:47, 0.01160461574299676639, 86.17260770598861945627
2022/10/14 14:09:26, 0.01160240730850390589, 86.18901003992996952049
2022/10/14 14:53:33, 0.01154542096194769342, 86.61442517305160726625
2022/10/14 15:00:29, 0.01154910947483550101, 86.58676257064776289073
2022/10/14 15:03:34, 0.01154910947483563959, 86.58676257064672388044
2022/10/14 15:14:50, 0.01154910947483575673, 86.58676257064584564056
2022/10/14 15:22:13, 0.01154723447054643388, 86.60082226187604006007
2022/10/14 15:28:05, 0.01154723447054645429, 86.60082226187588696865
2022/10/14 15:29:15, 0.01154723447055247112, 86.6008222618307625809
2022/10/14 15:32:29, 0.0115472344705524762, 86.60082226183072445864
2022/10/14 16:02:59, 0.01154723447055788029, 86.60082226179019542412
2022/10/14 16:07:22, 0.01154555908078575497, 86.61338900982377540969
2022/10/14 16:34:16, 0.01156886247281435385, 86.43892192079367739738
2022/10/14 17:07:21, 0.01156886247281444243, 86.43892192079301556792
2022/10/14 17:12:12, 0.01156886247281596428, 86.43892192078164476633
2022/10/14 17:23:37, 0.01157478440340345628, 86.39469774538171294132
2022/10/14 17:40:00, 0.01164563392063890545, 85.86909109582741971826
2022/10/14 17:46:28, 0.01164697449608925053, 85.85920749940457497553
2022/10/14 18:04:31, 0.01164982248673753996, 85.8382178044709207899
2022/10/14 18:11:21, 0.01162578251312460534, 86.0157154041956042434
2022/10/14 18:40:13, 0.01162402738219555734, 86.02870305791718203615
2022/10/14 18:53:32, 0.0116268035311166055, 86.00816185839194386055
2022/10/14 19:33:24, 0.01162708754325200296, 86.00606095723160225019
2022/10/14 19:34:26, 0.01162708754325206938, 86.0060609572311108891
2022/10/14 19:42:33, 0.01162952271595044958, 85.98805165309595359019
2022/10/14 19:45:51, 0.01162952271595052488, 85.98805165309539682849
2022/10/14 20:14:23, 0.01163009086267866759, 85.98385101263756119041
2022/10/14 20:15:25, 0.01162615568382040401, 86.01295451355901365904
2022/10/14 20:22:34, 0.01162859073231094658, 85.99494324118072048165
2022/10/14 20:24:25, 0.01163258476318452982, 85.96541700386806947069
2022/10/14 20:43:32, 0.01163076835670062249, 85.97884244026648805656
2022/10/14 20:46:18, 0.01164294855734110842, 85.88889619111821129595
2022/10/14 21:04:15, 0.01164404508720447103, 85.88080795898758295637
2022/10/14 21:06:28, 0.0116489918022887232, 85.84433888978495721741
2022/10/14 21:20:50, 0.01164857314336214456, 85.8474242031817254467
2022/10/14 21:28:18, 0.01165244145422342418, 85.81892506634738567932
2022/10/14 21:44:05, 0.01165244145423156571, 85.8189250662874241792
2022/10/14 21:45:18, 0.01165731553931914639, 85.7830429850752495355
2022/10/14 21:59:04, 0.01165804673975643301, 85.77766261562377361317
2022/10/14 22:26:17, 0.01165558582152878109, 85.79577340101786870916
2022/10/14 22:53:09, 0.01169217121432520768, 85.52731410354335757663
2022/10/14 22:55:57, 0.01169217121433151543, 85.52731410349721687438
2022/10/14 23:08:05, 0.01184229750008754419, 84.44307365125791679593
2022/10/14 23:11:11, 0.01188602253884543896, 84.13243343026135887831
2022/10/14 23:15:51, 0.01191055390392096954, 83.95915152785620862497
2022/10/14 23:25:42, 0.0119065248333919876, 83.98756261738843822016
2022/10/14 23:40:07, 0.01191266057706797541, 83.94430392191420629152
2022/10/14 23:46:47, 0.01191315150465175186, 83.94084467149838730277
2022/10/14 23:49:10, 0.01186553880934587184, 84.27767302167109924884
2022/10/14 23:54:56, 0.01186737618970322172, 84.2646246326676790665
2022/10/15 00:00:31, 0.01186737618970335808, 84.26462463266671079175
2022/10/15 00:18:47, 0.01183778768864240992, 84.4752437112413487181
2022/10/15 00:58:08, 0.01186226718312618071, 84.30091689575821035131
2022/10/15 01:35:26, 0.01186561044336563629, 84.27716422791592316152
2022/10/15 01:57:06, 0.01187021025773976929, 84.24450606070494488441
2022/10/15 02:03:29, 0.01187168003592286147, 84.23407613531285815861
2022/10/15 02:41:25, 0.0118711478509373217, 84.23785235907427712392
2022/10/15 02:45:00, 0.01186950540074405283, 84.24950882429472711585
2022/10/15 03:17:07, 0.01187374338142090813, 84.2194384598812101695
2022/10/15 03:36:48, 0.01186996262419364348, 84.2462635865235105324
2022/10/15 03:43:09, 0.01187084447033569768, 84.24000520762621243007
2022/10/15 03:45:27, 0.01190761717387152549, 83.97985805205978412018
2022/10/15 03:51:57, 0.01190761717387163844, 83.97985805205898752868
2022/10/15 04:04:12, 0.0119076171738716498, 83.97985805205890738746
2022/10/15 04:09:03, 0.011907617173872885, 83.97985805205019596999
2022/10/15 04:38:25, 0.01190673804397916988, 83.98605867588275292205
2022/10/15 04:47:12, 0.01190380393355737652, 84.00675998879261819352
2022/10/15 04:58:58, 0.01202678770256891649, 83.14772196289791047295
2022/10/15 04:59:58, 0.01196855844538874495, 83.552251055370894709
2022/10/15 05:07:51, 0.01196561473398738817, 83.5728060974233608616
2022/10/15 05:15:23, 0.01195381018838874986, 83.65533534833462757577
2022/10/15 05:16:11, 0.01195334410654032754, 83.65859721656012333442
2022/10/15 05:18:49, 0.01195432749657751573, 83.65171527100095589858
2022/10/15 05:21:50, 0.01195404346251751632, 83.65370287765378746259
2022/10/15 05:43:21, 0.01196142008891613671, 83.6021135087993771772
2022/10/15 05:59:03, 0.0119621466585657186, 83.5970355942703074374
2022/10/15 06:01:51, 0.01196558986126341217, 83.57297981918401473236
2022/10/15 06:08:45, 0.01196996836206263448, 83.54240961650148802959
2022/10/15 06:19:13, 0.01194804490695599569, 83.69570149655305206946
2022/10/15 06:48:11, 0.01194507187164936043, 83.71653270445506857177
2022/10/15 06:50:12, 0.01194507187165694183, 83.7165327044019346486
2022/10/15 06:52:30, 0.01181039424331475267, 84.67117857357283141832
2022/10/15 07:16:56, 0.01181039424332577784, 84.67117857349378970221
2022/10/15 07:21:20, 0.01180574213794303471, 84.70454362932869426812
2022/10/15 07:32:28, 0.01180521125726827222, 84.70835279498421792036
2022/10/15 07:55:37, 0.01180521125727975012, 84.70835279490185819045
2022/10/15 09:06:46, 0.01178033587692726011, 84.88722311887395494553
2022/10/15 09:27:05, 0.01176963776026995235, 84.96438211341040164498
2022/10/15 09:30:23, 0.01173337870484764441, 85.22694316402231908611
2022/10/15 09:50:42, 0.01173337870485410658, 85.22694316397538025319
2022/10/15 09:59:31, 0.01173558524997865628, 85.21091864607423116796
2022/10/15 10:12:35, 0.01173803720975310479, 85.1931189286998156824
2022/10/15 12:04:20, 0.01175030084852234487, 85.10420395965901274383
2022/10/15 12:10:19, 0.01175014319720066897, 85.10534580023144190806
2022/10/15 12:31:29, 0.01174385048196698014, 85.15094785441357023109
2022/10/15 13:01:19, 0.01174385048197831489, 85.15094785433138550497
2022/10/15 14:14:48, 0.011740695164222307, 85.17383221457986748358
2022/10/15 14:53:07, 0.01173344438239448152, 85.22646610917218167633
2022/10/15 14:57:02, 0.01173468158213237899, 85.21748059381804158636
2022/10/15 15:09:10, 0.01176187488457583436, 85.02045888205881537966
2022/10/15 15:12:06, 0.01176484332541178674, 84.99900698550089159967
2022/10/15 15:40:12, 0.01178216669173520094, 84.87403260908427179788
2022/10/15 15:56:11, 0.01177346346093872347, 84.93677356011158477043
2022/10/15 16:11:21, 0.01177346346093872915, 84.93677356011154384856
2022/10/15 16:51:12, 0.01177275277784732175, 84.94190091901790386934
2022/10/15 17:08:29, 0.01184708782898230672, 84.40892938715576320871
2022/10/15 17:49:02, 0.01184752278283203043, 84.40583051244068756503
2022/10/15 18:09:29, 0.01184608808273888421, 84.41605304768206699032
2022/10/15 18:21:21, 0.01184267021943004108, 84.44041601017642527556
2022/10/15 18:29:21, 0.01184267021943835296, 84.44041601011716000394
2022/10/15 18:45:56, 0.01184888340730402485, 84.39613806846715280965
2022/10/15 18:54:35, 0.01183835360445352467, 84.47120549126065999379
2022/10/15 19:18:15, 0.01184331500954599782, 84.43581878840306604336
2022/10/15 19:25:23, 0.01184331500954685363, 84.4358187883969646029
2022/10/15 19:27:05, 0.01193259332560627703, 83.80407952511794093544
2022/10/15 19:57:06, 0.01193259332560640812, 83.80407952511702026525
2022/10/15 20:01:56, 0.01193334152075170647, 83.79882518748259880836
2022/10/15 20:03:25, 0.01193334152075171741, 83.79882518748252197976
2022/10/15 20:22:33, 0.01191817645830916107, 83.9054534473531874126
2022/10/15 20:25:08, 0.01191366901943246589, 83.937198386902746353
2022/10/15 20:55:15, 0.01191330739670409829, 83.93974626027505619985
2022/10/15 21:08:24, 0.01215497500109229203, 82.27083971050012175428
2022/10/15 21:10:54, 0.01223193428538215546, 81.75321880162942365098
2022/10/15 21:14:31, 0.01230768179237719151, 81.25006941756925490623
2022/10/15 21:16:33, 0.01228197726526172192, 81.42011488886195809493
2022/10/15 21:30:26, 0.0122661661802865264, 81.52506539550574687545
2022/10/15 21:37:55, 0.01213413938871158316, 82.41210752287073791283
2022/10/15 21:53:45, 0.01200702012291180804, 83.28461098285318771061
2022/10/15 21:56:36, 0.01200372194009923878, 83.30749454129163753917
2022/10/15 22:39:46, 0.01200310023512317486, 83.31180948350533200384
2022/10/15 22:48:25, 0.01200398059144575721, 83.30569950376437457824
2022/10/15 22:52:11, 0.01200222525692721481, 83.31788302530308923475
2022/10/15 22:56:57, 0.01201471439051629018, 83.23127520944994428741
2022/10/15 23:05:55, 0.01203221007465983503, 83.11025105072155220254
2022/10/15 23:25:53, 0.01203371894330042433, 83.0998301283024064859
2022/10/16 00:03:37, 0.01203872035582141907, 83.06530681364668787013
2022/10/16 00:57:29, 0.01198359699499311311, 83.44739900864587555564
2022/10/16 02:43:11, 0.01198210144881759951, 83.45781449702886307163
2022/10/16 04:14:29, 0.01198454674059524625, 83.44078600926147206348
2022/10/16 04:45:03, 0.01198454674059525661, 83.44078600926139991733
2022/10/16 05:16:24, 0.01210948757188148562, 82.57987747739412790841
2022/10/16 05:57:19, 0.01210967498312841497, 82.57859945813837801801
2022/10/16 06:27:44, 0.01207741012112467569, 82.79920860275280137579
2022/10/16 06:34:22, 0.01210234034589204152, 82.62864631297822062309
2022/10/16 06:45:33, 0.01222724289061814499, 81.78458618559799197488
2022/10/16 06:50:50, 0.01192787032341047573, 83.83726288818967055838
2022/10/16 06:55:53, 0.01192669487418436802, 83.84552556672890417384
2022/10/16 07:02:57, 0.01188966138520790708, 84.10668458936214061716
2022/10/16 07:09:01, 0.01190140268699313048, 84.02370933074010039521
2022/10/16 07:10:59, 0.01193730806157933267, 83.77098042887382383039
2022/10/16 07:43:35, 0.01193854034075213447, 83.7623337072879934464
2022/10/16 07:46:53, 0.0119385403407540232, 83.76233370727474187528
2022/10/16 07:51:16, 0.01192238184950673465, 83.87585741026849045824
2022/10/16 08:15:35, 0.0119196563991195397, 83.89503577249644950459
2022/10/16 09:20:57, 0.01191773583732610129, 83.90855558889136935703
2022/10/16 09:29:14, 0.01191979771952513222, 83.89404111799294672894
2022/10/16 09:36:37, 0.0119197977195341036, 83.89404111792980421334
2022/10/16 09:49:08, 0.01191857125466545306, 83.90267412367535345097
2022/10/16 10:03:31, 0.0119518600199911023, 83.66898527320138925921
2022/10/16 10:13:12, 0.01195334059505204844, 83.65862179263417022589
2022/10/16 10:18:56, 0.0119525980686176196, 83.66381888349193219089
2022/10/16 10:24:28, 0.01195013916609711417, 83.68103384411024571877
2022/10/16 10:30:42, 0.01192952607850822428, 83.82562671970360739562
2022/10/16 10:40:04, 0.0119319914440522109, 83.80830682697766549659
2022/10/16 11:39:11, 0.0119206655826388762, 83.8879333597268927685
2022/10/16 12:39:23, 0.01190599097567980406, 83.99132857085861800834
2022/10/16 14:05:37, 0.0119074687020097333, 83.98090518022699301028
2022/10/16 14:25:49, 0.01190746870200979574, 83.98090518022655264112
2022/10/16 14:30:50, 0.01190592195067721395, 83.99181551354950476097
2022/10/16 15:00:16, 0.01190413340697570188, 84.00443491451549976761
2022/10/16 15:08:14, 0.0119037669519162808, 84.00702097406392505883
2022/10/16 15:15:44, 0.0119031806590330953, 84.01115875201971305449
2022/10/16 15:46:31, 0.01188122590610872633, 84.16639898125752346715
2022/10/16 16:15:08, 0.01187830319978831695, 84.18710847672426677232
2022/10/16 16:20:33, 0.01187879522238625016, 84.18362142613961319879
2022/10/16 16:24:18, 0.01187879522238628769, 84.18362142613934720113
2022/10/16 16:29:39, 0.01187879522239680519, 84.18362142606481088068
2022/10/16 16:33:10, 0.01175904137643968291, 85.04094576991553476244
2022/10/16 16:39:41, 0.01175849757479931757, 85.04487870484312384899
2022/10/16 16:52:48, 0.0119898721818572002, 83.40372481311160948918
2022/10/16 16:52:48, 0.01223958176837790527, 81.70213810602521978696
2022/10/16 16:54:53, 0.01221983951946942281, 81.83413525249137850545
2022/10/16 16:57:51, 0.01219959458127639367, 81.96993706125061178293
2022/10/16 16:59:44, 0.01217895286910366903, 82.10886524874093868266
2022/10/16 17:00:23, 0.01208559558260280753, 82.74312946889420567337
2022/10/16 17:13:02, 0.01204855192936277094, 82.99752583237514715244
2022/10/16 17:22:11, 0.01185610469375332511, 84.34473428080254163438
2022/10/16 17:31:06, 0.01185857504496365229, 84.32716377881345177142
2022/10/16 17:36:56, 0.01185706671014866418, 84.33789101853353551462
2022/10/16 18:06:37, 0.01185706671015416427, 84.33789101849441397766
2022/10/16 18:41:48, 0.01185706671015430378, 84.33789101849342167981
2022/10/16 19:35:52, 0.01185891910061121335, 84.32471724581202403045
2022/10/16 20:01:59, 0.01187374343118213051, 84.21943810692915004831
2022/10/16 20:07:17, 0.01188857700767956343, 84.11435610452272524035
2022/10/16 20:14:54, 0.01191812120421722569, 83.90584244487714433994
2022/10/16 20:18:49, 0.0119379382224727181, 83.76655845961220888005
2022/10/16 20:22:05, 0.01191818058146651207, 83.90542441981959651897
2022/10/16 20:29:24, 0.01191818058147519258, 83.90542441975848465256
2022/10/16 20:34:41, 0.01219212154345990292, 82.02017970665818518563
2022/10/16 20:54:16, 0.01221732961005419311, 81.85094713144636542033
2022/10/16 20:59:23, 0.01217928806862725125, 82.10660544074902895037
2022/10/16 21:16:44, 0.01217809795960151399, 82.1146293384489683518
2022/10/16 21:45:48, 0.01224075403052469307, 81.69431372498018898103
2022/10/16 22:08:15, 0.01221546732644077758, 81.86342554700853509863
2022/10/16 22:09:55, 0.01226188809422301399, 81.55350891443329027449
2022/10/16 22:31:26, 0.01225056880285651763, 81.62886279752379453446
2022/10/16 22:39:09, 0.01222478139133974002, 81.80105377658682650394
2022/10/16 23:45:22, 0.01216243505821171606, 82.22037735155918527708
2022/10/16 23:55:19, 0.01216243505821176452, 82.22037735155885762861
2022/10/17 00:09:24, 0.01216306040441356052, 82.21615010948511330927
2022/10/17 02:02:57, 0.01216306040441734814, 82.21615010945951085725
2022/10/17 02:07:11, 0.01211239111869059185, 82.56008167180988819243
2022/10/17 02:23:29, 0.01211198454036570923, 82.56285307063362573005
2022/10/17 02:28:26, 0.01213701043584378276, 82.3926126854712994083
2022/10/17 02:39:12, 0.01213951444203689662, 82.37561763897118303151
2022/10/17 03:50:06, 0.01213892107566375061, 82.37964426713438049568
2022/10/17 04:15:32, 0.01213892107566384173, 82.37964426713376207984
2022/10/17 06:14:58, 0.01213892107566396918, 82.37964426713289717608
2022/10/17 06:48:59, 0.01210859649696586893, 82.58595455307942673174
2022/10/17 07:11:22, 0.01210478644498929721, 82.61194896287855811571
2022/10/17 07:12:23, 0.01210478644499605308, 82.61194896283245105974
2022/10/17 08:00:36, 0.01210452760800302991, 82.61371549426183006633
2022/10/17 08:05:43, 0.01210452760800307311, 82.61371549426153522857
2022/10/17 08:40:07, 0.01209194288639908054, 82.69969593759758024946
2022/10/17 09:17:56, 0.01208574317483955777, 82.74211900198477702743
2022/10/17 10:16:06, 0.01205181520285800404, 82.97505256825187337234
2022/10/17 10:37:06, 0.01202653494556266237, 83.14946944622335043105
2022/10/17 11:00:02, 0.01205149265357712036, 82.97727333411934710924
2022/10/17 11:01:23, 0.01208127599192949758, 82.77271379844458372847
2022/10/17 11:14:06, 0.01209327964119898076, 82.69055456166195263369
2022/10/17 12:34:29, 0.01208450445035202087, 82.75060049904405157204
2022/10/17 12:45:45, 0.012083314930266497, 82.75874673225495761384
2022/10/17 13:16:30, 0.01233464354199968904, 81.07246849858137638766
2022/10/17 13:16:30, 0.01224290143379460034, 81.67998455330674855721
2022/10/17 13:22:37, 0.01253779692322529923, 79.75882893330145838358
2022/10/17 13:35:36, 0.01253626444312706847, 79.76857895242023084983
2022/10/17 13:36:04, 0.01227956248058953588, 81.43612621220935237802
2022/10/17 13:40:45, 0.01227956248059807569, 81.43612621215271774995
2022/10/17 13:43:46, 0.01221175896986626994, 81.8882850920657276038
2022/10/17 13:55:22, 0.01224445381641569399, 81.66962895963038897189
2022/10/17 14:18:21, 0.01224125789500610608, 81.69095109155048058834
2022/10/17 15:43:26, 0.0123042388806629494, 81.2728044130853417982
2022/10/17 15:43:53, 0.01235389561405132045, 80.94612673127981056968
2022/10/17 15:51:16, 0.01235389561405282623, 80.94612673126994425749
2022/10/17 16:09:58, 0.01231567417998524288, 81.19734132177230422798
2022/10/17 16:31:41, 0.01231567417999063237, 81.1973413217367712375
2022/10/17 16:37:16, 0.01231894316769275132, 81.17579457810687706674
2022/10/17 16:47:32, 0.01231894316769666395, 81.17579457808109473168
2022/10/17 16:51:06, 0.01210318013246945017, 82.62291307367056702856
2022/10/17 16:51:44, 0.01218380228550613433, 82.07618414734135889302
2022/10/17 16:57:59, 0.01222535563716825557, 81.79721144141936779463
2022/10/17 17:48:17, 0.01222424091981662769, 81.80467045433531194256
2022/10/17 17:50:44, 0.01222681810384456791, 81.78742756347726153819
2022/10/17 18:03:30, 0.01222666057860132254, 81.78848129228068463961
2022/10/17 18:05:03, 0.01222756125075479764, 81.78245681969254452871
2022/10/17 18:06:43, 0.01235656956029980461, 80.9286100903669602026
2022/10/17 18:08:01, 0.01234498320001993788, 81.00456548198339715599
2022/10/17 18:21:03, 0.01234627608429145335, 80.9960828004106230003
2022/10/17 18:25:41, 0.01234627608429151105, 80.99608280041024450287
2022/10/17 18:29:42, 0.01234436790215276217, 81.00860310762511735696
2022/10/17 18:30:38, 0.01236764837454382223, 80.85611506050638042456
2022/10/17 18:34:36, 0.01261579882938696532, 79.26569007034433009124
2022/10/17 18:35:43, 0.01254178053621400418, 79.7334953448221220187
2022/10/17 18:46:44, 0.01254178053621750675, 79.73349534479985472165
2022/10/17 19:08:33, 0.0125102789285449514, 79.93426890892737639116
2022/10/17 20:25:40, 0.01250941604975539062, 79.93978264233637191272
2022/10/17 20:50:09, 0.01250941604975543275, 79.93978264233610273184
2022/10/17 21:36:04, 0.01242422895591256141, 80.48789212984604527432
2022/10/17 21:53:39, 0.0124144532834792008, 80.55127174474701887485
2022/10/17 22:35:14, 0.01242222942311897564, 80.50084778976170423224
2022/10/17 22:44:35, 0.01242287754434786847, 80.49664793282757922095
2022/10/17 22:53:21, 0.01242130601424405995, 80.50683228102228978227
2022/10/17 23:07:52, 0.01242292103752210771, 80.49636611064392028922
2022/10/17 23:10:44, 0.01242292103752803446, 80.49636611060551688627
2022/10/17 23:15:32, 0.0123553720673953073, 80.93645375835408491856
2022/10/17 23:20:10, 0.01235537206740249448, 80.93645375830700383377
2022/10/17 23:27:08, 0.0123550223390379371, 80.93874479209303993507
2022/10/18 00:04:01, 0.01235606336704139964, 80.93192550852425938628
2022/10/18 00:07:19, 0.01242904633209927301, 80.45669581401418991964
2022/10/18 00:09:16, 0.01249419201317389993, 80.03718839486363657892
2022/10/18 00:12:34, 0.01249097084008479461, 80.05782839480325996021
2022/10/18 00:34:24, 0.01249097084008493999, 80.05782839480232819396
2022/10/18 00:40:24, 0.01249928921291369285, 80.00454929603883585796
2022/10/18 00:58:42, 0.01249751195410605746, 80.01592666382287453776
2022/10/18 01:10:41, 0.01249699667462342404, 80.01922590174117307087
2022/10/18 01:16:17, 0.01249699667462164092, 80.0192259017525905381
2022/10/18 01:27:49, 0.01249183321764321254, 80.05230157793175055623
2022/10/18 01:35:39, 0.01249183321765604807, 80.05230157784949571246
2022/10/18 01:45:13, 0.01249183321765604859, 80.05230157784949240144
2022/10/18 01:47:02, 0.0124918332176561201, 80.0523015778490341303
2022/10/18 02:04:12, 0.01249183069418945453, 80.05231774916286949222
2022/10/18 02:06:56, 0.01249183069417964844, 80.0523177492257105453
2022/10/18 02:10:58, 0.01249183069417969591, 80.05231774922540633912
2022/10/18 02:14:27, 0.0123353220959833149, 81.06800878151569812499
2022/10/18 02:36:48, 0.0123347790095285194, 81.07157811481728980177
2022/10/18 02:43:12, 0.01235470773426377564, 80.94080584574755969289
2022/10/18 02:53:09, 0.01235470773426379754, 80.94080584574741624058
2022/10/18 03:24:24, 0.01237963986364051329, 80.77779410506432671258
2022/10/18 03:25:28, 0.01237941382083962015, 80.77926907303080187236
2022/10/18 04:42:20, 0.01237941382084583459, 80.77926907299025085484
2022/10/18 05:08:16, 0.01237941382084595003, 80.77926907298949756807
2022/10/18 05:11:48, 0.01238067367572632689, 80.77104899070315050059
2022/10/18 05:18:29, 0.01237930572894119893, 80.77997441020708382517
2022/10/18 05:56:05, 0.01237930572894128041, 80.77997441020655216883
2022/10/18 05:59:58, 0.01237930572894131504, 80.77997441020632613869
2022/10/18 06:08:02, 0.0123918247685152601, 80.6983651464122569452
2022/10/18 06:12:32, 0.01239182476851528621, 80.6983651464120869283
2022/10/18 07:15:04, 0.01239260255770549988, 80.69330032521843318258
2022/10/18 07:28:20, 0.01238834938651546194, 80.72100396913937945372
2022/10/18 07:37:58, 0.01238414087124404529, 80.74843547056205999328
2022/10/18 07:46:29, 0.01235498791642508872, 80.93897029802596828784
2022/10/18 07:46:38, 0.01236124548797529996, 80.89799696743941760807
2022/10/18 07:48:36, 0.01236083089904173726, 80.90071032987953390915
2022/10/18 08:17:55, 0.01235901956302408566, 80.91256712561699887749
2022/10/18 08:24:11, 0.01235901956302412361, 80.91256712561675043274
2022/10/18 09:36:06, 0.01236051887173230448, 80.90275257674937710552
2022/10/18 09:41:22, 0.01234858540814345647, 80.98093562526888916588
2022/10/18 09:44:24, 0.01234858540814350748, 80.98093562526855465334
2022/10/18 10:12:24, 0.01230824983630234034, 81.24631960675419948102
2022/10/18 10:13:15, 0.01230111460601673373, 81.29344632809769772617
2022/10/18 10:14:05, 0.01227310607849057456, 81.47896657982658167377
2022/10/18 10:24:55, 0.01227310607849060469, 81.47896657982638165319
2022/10/18 10:24:55, 0.01228033743632320718, 81.43098715204399699222
2022/10/18 10:39:32, 0.01227642651528632729, 81.45692875323472405619
2022/10/18 10:44:03, 0.01240121373249922179, 80.63726838118687770563
2022/10/18 11:49:24, 0.01237828465205162058, 80.7866378993196339923
2022/10/18 12:02:28, 0.01237908457471740734, 80.78141755670396456547
2022/10/18 12:31:45, 0.0123759906329775469, 80.80161254609881754339
2022/10/18 12:51:43, 0.01237236848364640281, 80.82526812241195996112
2022/10/18 13:14:22, 0.0123736180748806847, 80.81710571219830679061
2022/10/18 13:26:44, 0.01253017556181326852, 79.80734149069559085565
2022/10/18 13:57:22, 0.01252944511831012638, 79.81199411126613267248
2022/10/18 14:16:09, 0.01252891386952951251, 79.8153782852648932019
2022/10/18 14:30:19, 0.01252841416101856064, 79.81856180261364814399
2022/10/18 15:06:18, 0.01252911831654846729, 79.81407587788514821571
2022/10/18 15:10:12, 0.01257946632383452912, 79.49462832976331965412
2022/10/18 15:33:55, 0.01257069213788190694, 79.55011458649042580402
2022/10/18 15:40:33, 0.0125700446878976897, 79.55421200393899625493
2022/10/18 15:51:42, 0.01256973738310849295, 79.55615694436252788408
2022/10/18 15:52:16, 0.01257603552345538635, 79.51631483029084281873
2022/10/18 15:56:40, 0.01256066435733425347, 79.61362325680595926611
2022/10/18 15:56:40, 0.01256066435733359742, 79.61362325681011751217
2022/10/18 16:33:08, 0.01242280488443536016, 80.49711875076687889107
2022/10/18 16:50:56, 0.01241527289003440934, 80.54595407263967652821
2022/10/18 17:14:14, 0.01239301868465249242, 80.69059084356900505408
2022/10/18 17:21:31, 0.01239401890716417944, 80.68407894891662466628
2022/10/18 17:39:22, 0.01245661290276758098, 80.27864458867645714358
2022/10/18 18:08:29, 0.01246413474875302086, 80.2301980969874690768
2022/10/18 18:22:05, 0.01246413474875792442, 80.23019809695590539472
2022/10/18 18:26:46, 0.01246197757219949453, 80.24408599729999126347
2022/10/18 18:28:53, 0.01246197757220817323, 80.24408599724410814525
2022/10/18 19:00:27, 0.01246144224812620432, 80.24753315775848345006
2022/10/18 19:35:21, 0.01186513656074077897, 84.28053018022463918465
2022/10/18 19:35:38, 0.01215280350576632584, 82.28554008344780393796
2022/10/18 19:36:21, 0.01221434968704401569, 81.87091622738771808271
2022/10/18 19:42:47, 0.0121529998175968312, 82.28421089516175510315
2022/10/18 20:05:50, 0.01215921808302101371, 82.24213047024693186028
2022/10/18 20:37:34, 0.01215921808302156936, 82.24213047024317357892
2022/10/18 21:08:30, 0.01215650629238614557, 82.26047648462283061845
2022/10/18 21:16:26, 0.01114168722115215192, 89.75301317932625408552
2022/10/18 21:16:26, 0.01138071125537180524, 87.86797042478257904674
2022/10/18 21:17:52, 0.0114770289478678799, 87.13056354064287917981
2022/10/18 21:19:49, 0.01165142101056938453, 85.82644117767844286899
2022/10/18 21:21:29, 0.01177329990289218606, 84.93795352604104092613
2022/10/18 21:23:02, 0.01173426728146737011, 85.22048935934498339394
2022/10/18 21:23:42, 0.01167160634739571388, 85.67800954177400362276
2022/10/18 21:24:41, 0.01155165801948588782, 86.56765966523180438351
2022/10/18 21:24:41, 0.01155208891740004662, 86.56443065407632649129
2022/10/18 22:17:06, 0.01155815000229216546, 86.51903633381501828383
2022/10/18 22:54:00, 0.0115581500022921903, 86.51903633381483234148
2022/10/18 23:13:13, 0.01155692132105847673, 86.52823465864106763593
2022/10/18 23:28:28, 0.01156781601179456064, 86.44674145754035729826
2022/10/18 23:51:23, 0.01166488322703989663, 85.72739053931892107388
2022/10/18 23:51:51, 0.01166349597608005135, 85.73758691655046451047
2022/10/18 23:59:19, 0.01166349597608010668, 85.73758691655005780254
2022/10/19 00:08:36, 0.01167565672844959523, 85.64828713774539969899
2022/10/19 00:24:53, 0.01167565672844957121, 85.64828713774557590153
2022/10/19 00:26:00, 0.01169998448561794003, 85.47019880489905986246
2022/10/19 00:28:52, 0.01169998448561807035, 85.47019880489810791315
2022/10/19 00:39:21, 0.01166334382056994148, 85.73870541622547787657
2022/10/19 00:40:32, 0.01167062800624090811, 85.68519187358611644828
2022/10/19 01:48:51, 0.01165569276912897451, 85.79498617607519696995
2022/10/19 01:53:20, 0.01163136366032661082, 85.97444196598353257256
2022/10/19 04:26:30, 0.01162817868551290786, 85.99799048890268704804
2022/10/19 05:28:35, 0.0116284214509237241, 85.99619511731433174956
2022/10/19 05:34:46, 0.01162842145092372759, 85.99619511731430594766
2022/10/19 05:39:36, 0.01162821512711786688, 85.9977209802324047668
2022/10/19 05:43:56, 0.01163428404643321747, 85.95286104490247192579
2022/10/19 06:00:46, 0.01154659497585145291, 86.60561854740725364469
2022/10/19 06:19:12, 0.01154479231979488942, 86.61914154015431458254
2022/10/19 07:04:17, 0.0115425949146541811, 86.63563153640831367263
2022/10/19 07:57:51, 0.0115450093826504365, 86.61751297515409919525
2022/10/19 08:07:15, 0.01153589653749973628, 86.68593695767816786125
2022/10/19 08:30:28, 0.01150810336654327606, 86.89529179128089767449
2022/10/19 08:48:49, 0.01151413923436750572, 86.84974010173431464823
2022/10/19 08:54:36, 0.01151375054091389769, 86.85267206776094903129
2022/10/19 09:44:58, 0.01151567916955694047, 86.83812611275401303055
2022/10/19 10:25:01, 0.01153380075525997772, 86.70168847367603866536
2022/10/19 11:10:04, 0.0115554776932735568, 86.53904464564887426558
2022/10/19 11:53:50, 0.01155659741233681571, 86.53065987506730968902
2022/10/19 11:58:22, 0.01155659741233606975, 86.53065987507289509313
2022/10/19 12:25:35, 0.01156867563373008974, 86.44031794653835034707
2022/10/19 13:41:03, 0.01156847101989255469, 86.44184683355741946878
2022/10/19 13:43:51, 0.01156768671714671618, 86.44770769229993855063
2022/10/19 14:05:10, 0.01157049058003941598, 86.42675892456354296702
2022/10/19 14:12:13, 0.01143215621398606328, 87.47256259292566387996
2022/10/19 14:37:15, 0.01146878698019487231, 87.19317934205875917494
2022/10/19 15:04:41, 0.01146510725419564858, 87.22116399164522836015
2022/10/19 15:16:29, 0.01146988975985663611, 87.18479609977516922174
2022/10/19 16:01:57, 0.01146947831707638908, 87.1879236661658004591
2022/10/19 16:10:33, 0.01148311368033669049, 87.0843943409153389996
2022/10/19 16:14:16, 0.01148311368033681761, 87.08439434091437495612
2022/10/19 16:25:39, 0.01147802293360365613, 87.12301811772374652545
2022/10/19 17:12:32, 0.01147715248733735009, 87.12962567181118718148
2022/10/19 17:30:50, 0.01147715248733742934, 87.1296256718105855695
2022/10/19 18:00:10, 0.01147715248734123447, 87.12962567178169864114
2022/10/19 18:14:11, 0.01147101722667459153, 87.17622685411105110589
2022/10/19 18:20:14, 0.01147101722667464655, 87.17622685411063292155
2022/10/19 18:20:14, 0.01137111765404879029, 87.94210300373955473468
2022/10/19 18:26:40, 0.01136628317316307041, 87.97950788003415734308
2022/10/19 19:40:04, 0.01145401537250878192, 87.30562754439268924902
2022/10/19 19:56:20, 0.01145154579993365026, 87.324455359187748672
2022/10/19 20:41:49, 0.01145074502913436948, 87.33056211239348499563
2022/10/19 20:54:04, 0.01145074502913818196, 87.33056211236440862332
2022/10/19 20:59:06, 0.01143438912882266252, 87.45548089484729784612
2022/10/19 21:00:29, 0.01120082515047950479, 89.27913672120756441498
2022/10/19 21:06:18, 0.00960915344056159921, 104.06744009090938279066
2022/10/19 21:06:18, 0.01008503402510465958, 99.15682956653408888686
2022/10/19 21:09:11, 0.01012207862692044474, 98.79393718009888537551
2022/10/19 21:10:36, 0.01022074438145943112, 97.84023185375945399471
2022/10/19 21:15:58, 0.0102207443814595522, 97.84023185375829490028
2022/10/19 21:26:14, 0.0102853579848526988, 97.22559015181632943161
2022/10/19 21:27:29, 0.01029049145299430854, 97.17708863253774079439
2022/10/19 21:39:53, 0.01029298388865145314, 97.153557298632488656
2022/10/19 21:49:30, 0.01029796966447900727, 97.10652027353702554143
2022/10/19 21:54:34, 0.0103470732736046347, 96.645686519974512992
2022/10/19 22:01:43, 0.01038459398060704352, 96.29649477557560100003
2022/10/19 22:17:10, 0.01034718553143464454, 96.64463799958067413617
2022/10/19 22:28:03, 0.0103671881245589529, 96.4581705265951848184
2022/10/19 23:22:14, 0.01037680618135646945, 96.36876535254691574015
2022/10/19 23:39:48, 0.01038332125270062462, 96.30829824704763310054
2022/10/19 23:49:26, 0.01038833571528369427, 96.26181011158158128525
2022/10/20 00:09:21, 0.01038660703099143518, 96.27783134725438543587
2022/10/20 00:17:22, 0.01039762430303027078, 96.1758158263673015594
2022/10/20 00:20:46, 0.01039762430303038697, 96.17581582636622680815
2022/10/20 01:25:26, 0.0103966406121478312, 96.18491561895117173658
2022/10/20 03:29:51, 0.01034625003281333876, 96.65337652081478927089
2022/10/20 03:36:47, 0.01034584021412100872, 96.65720514754352802062
2022/10/20 04:08:00, 0.0103458402141313547, 96.65720514744686952171
2022/10/20 04:10:39, 0.01031688118565545372, 96.92851764062143188142
2022/10/20 05:06:36, 0.01029769474321294163, 97.1091127612891435743
2022/10/20 05:22:51, 0.0102957956897918376, 97.12702447966099790515
2022/10/20 06:23:36, 0.01029579568979499479, 97.12702447963121398334
2022/10/20 06:26:27, 0.01029482723952254385, 97.13616136858827533899
2022/10/20 06:46:53, 0.01029857497509654396, 97.10081272585244278149
2022/10/20 07:00:18, 0.01029986357604466807, 97.08866458443111677624
2022/10/20 08:00:18, 0.01029344230153051714, 97.14923061756623803696
2022/10/20 08:06:54, 0.01029601781687206962, 97.12492905376498428345
2022/10/20 08:10:20, 0.01029544897555319136, 97.13029537366711680612
2022/10/20 08:48:47, 0.01028583951574597362, 97.22103854227553245938
2022/10/20 08:52:50, 0.01028583951574603348, 97.22103854227496663626
2022/10/20 09:05:49, 0.01027010300903178959, 97.37000681693013066291
2022/10/20 09:10:49, 0.0100629841852816626, 99.37410032529133234662
2022/10/20 09:11:42, 0.0101371009456448705, 98.64753299409756598848
2022/10/20 09:19:13, 0.01013957611814074644, 98.62345213927601582288
2022/10/20 09:51:12, 0.01014576537012480073, 98.5632885760001790762
2022/10/20 10:31:51, 0.01014703064435427089, 98.55099832150327051514
2022/10/20 10:42:17, 0.01017180806648774205, 98.31093876954103562561
2022/10/20 10:49:46, 0.01015809935041457489, 98.44361287519675123104
2022/10/20 10:55:53, 0.01020937534479089584, 97.94918555034099217681
2022/10/20 11:02:43, 0.0102098708657356013, 97.94443173184560634391
2022/10/20 11:41:27, 0.01022226279701428295, 97.82569865960400238572
2022/10/20 12:33:18, 0.01020928288995556147, 97.95007257403489945019
2022/10/20 12:38:10, 0.01021148803628916627, 97.92892049094521009188
2022/10/20 13:09:00, 0.01018893146295654517, 98.1457185805652431198
2022/10/20 13:34:50, 0.01018967400155789433, 98.13856653776268833852
2022/10/20 13:47:08, 0.01020329200342014883, 98.00758418604500149596
2022/10/20 14:21:07, 0.01021934813821488753, 97.85359951292154338912
2022/10/20 14:25:07, 0.01022132437614338371, 97.83468004733363333663
2022/10/20 14:27:32, 0.01022132437614345884, 97.83468004733291422353
2022/10/20 14:56:36, 0.01022132437614352309, 97.83468004733229930124
2022/10/20 15:24:53, 0.01022651360310111051, 97.78503591847350572198
2022/10/20 15:36:06, 0.01024060528064974949, 97.65047793508467811661
2022/10/20 15:48:59, 0.0103149318384137169, 96.94683548716354159381
2022/10/20 15:50:41, 0.01038328986411642053, 96.30858938609591555438
2022/10/20 16:00:41, 0.01038924756111439835, 96.25336138325068584691
2022/10/20 16:34:10, 0.01039054124663559698, 96.24137725489466487735
2022/10/20 16:49:14, 0.01039054124663568428, 96.24137725489385627639
2022/10/20 17:08:53, 0.01039054124663573052, 96.24137725489342802752
2022/10/20 17:48:00, 0.01064026024889064695, 93.98266363872631349892
2022/10/20 17:48:54, 0.01056382446933721062, 94.66268612306291216416
2022/10/20 17:57:28, 0.01059039439739265494, 94.42518970267991643529
2022/10/20 17:58:37, 0.01059044451866014236, 94.42474281773733448396
2022/10/20 18:03:00, 0.01059111005542583555, 94.41880924348426235249
2022/10/20 18:05:01, 0.01059116005397177836, 94.41836351297431170671
2022/10/20 18:07:03, 0.01060141224760250694, 94.32705536247290644365
2022/10/20 18:07:03, 0.01060167820643107139, 94.32468902832677859232
2022/10/20 18:08:02, 0.01060217844621115251, 94.32023853148453648441
2022/10/20 18:08:58, 0.01060242857052012588, 94.31801340123933136927
2022/10/20 18:09:40, 0.01060267869777518737, 94.31578834977192674401
2022/10/20 18:11:49, 0.0106828933853736508, 93.60759898335571062379
2022/10/20 18:25:37, 0.0106830188624485744, 93.60649951813316572331
2022/10/20 18:28:14, 0.01068301886244859498, 93.60649951813298542152
2022/10/20 18:39:24, 0.01068326977414354506, 93.6043010371483262746
2022/10/20 18:42:58, 0.01068364614720168456, 93.6010034609696552833
2022/10/20 18:49:28, 0.01068364614720178676, 93.60100346096875991477
2022/10/20 19:00:37, 0.01075897654933099439, 92.94564361348860424336
2022/10/20 19:04:32, 0.01072511453235452033, 93.23909753907930056744
2022/10/20 19:16:05, 0.01073013800733203363, 93.19544625769844282711
2022/10/20 19:17:50, 0.01070468910476001305, 93.4170054089038265827
2022/10/20 19:20:00, 0.01070471419522957962, 93.41678645149044169375
2022/10/20 19:25:07, 0.01070525300484858345, 93.41208466040771878495
2022/10/20 19:34:28, 0.01070575483303486751, 93.40770600446488907776
2022/10/20 19:35:56, 0.01070602434859236832, 93.40535454054710201714
2022/10/20 19:38:06, 0.0106995078865952734, 93.46224243199407396729
2022/10/20 19:39:38, 0.01069977716615702757, 93.45989028285191679571
2022/10/20 19:40:28, 0.01069980225798287172, 93.45967111251270408257
2022/10/20 19:53:19, 0.01070005317785960647, 93.45747945152136003841
2022/10/20 19:59:01, 0.01070035428559002892, 93.45484956013855350069
2022/10/20 20:01:04, 0.01070160894670993503, 93.44389287439217058533
2022/10/20 20:07:09, 0.01070187830556117513, 93.44154095644642365296
2022/10/20 20:08:16, 0.01070190339984689827, 93.44132185068181688922
2022/10/20 20:09:23, 0.01070215434432208141, 93.43913083542284904391
2022/10/20 20:14:50, 0.0107036600729316809, 93.42598636226167258787
2022/10/20 20:24:50, 0.01070433768528950029, 93.42007225484449599575
2022/10/20 20:54:20, 0.01070438787964818414, 93.41963419517515736215
2022/10/20 21:05:32, 0.01070689774762746258, 93.39773513962899492117
2022/10/20 21:12:29, 0.0107069247030162174, 93.39750000467387574656
2022/10/20 21:56:17, 0.01070719426249084728, 93.39514867150331762819
2022/10/20 22:20:01, 0.01070730748051199643, 93.39416112034381618001
2022/10/20 22:43:03, 0.01070780949891556427, 93.38978248550977838581
2022/10/20 23:35:37, 0.01070906459636734078, 93.37883724589853475858
2022/10/20 23:48:52, 0.01070931562466189885, 93.37664842906997170766
2022/10/20 23:52:10, 0.01070931562466190561, 93.37664842906991272242
2022/10/21 00:09:24, 0.01070931562466201146, 93.37664842906898983468
2022/10/21 00:30:09, 0.01071182599383179986, 93.35476515169597369804
2022/10/21 00:39:20, 0.01071209573021092004, 93.35241442808783646723
2022/10/21 00:43:10, 0.0107120957302220933, 93.35241442799046512783
2022/10/21 00:51:35, 0.01071263818104603575, 93.3476873856627333863
2022/10/21 01:28:00, 0.01070184813920266192, 93.44180434936583847648
2022/10/21 01:41:07, 0.01070161021940272273, 93.44388176154409651804
2022/10/21 01:59:48, 0.01070161021940274455, 93.44388176154390598802
2022/10/21 02:19:35, 0.01070431307220832404, 93.4202870613254339788
2022/10/21 02:21:00, 0.01070281709316940989, 93.43334481892668059809
2022/10/21 02:22:39, 0.01070281709316947841, 93.43334481892608246436
2022/10/21 02:25:53, 0.01070284226880661601, 93.43312504141963734334
2022/10/21 03:52:22, 0.01070257282287026548, 93.43547729599240186586
2022/10/21 04:34:39, 0.01070916977678581284, 93.37792012296718968283
2022/10/21 04:36:13, 0.01070916977679699212, 93.37792012286971269309
2022/10/21 04:40:12, 0.01069965633363300645, 93.46094573679225648321
2022/10/21 04:47:38, 0.0107172909378725073, 93.30716183753338561796
2022/10/21 04:55:21, 0.01071754296567651914, 93.30496767799777174778
2022/10/21 05:28:47, 0.01071781389706418641, 93.30260905854309223767
2022/10/21 05:37:44, 0.01067693037284598215, 93.65987836197208978009
2022/10/21 05:38:44, 0.0106769330667213849, 93.65985473083747765411
2022/10/21 06:34:30, 0.01067617311817789855, 93.66652160195299503565
2022/10/21 06:36:39, 0.01067617311817800465, 93.66652160195206418099
2022/10/21 06:50:47, 0.01067482919467062823, 93.67831388808043522102
2022/10/21 07:51:32, 0.01067734431515282543, 93.65624732929547223595
2022/10/21 08:05:31, 0.0106840817978132069, 93.59718681718420407633
2022/10/21 08:06:50, 0.01068408179781431389, 93.59718681717450639113
2022/10/21 08:11:17, 0.01061383037723518317, 94.2166931690208430296
2022/10/21 08:15:23, 0.01061383037723525664, 94.21669316902019088597
2022/10/21 08:19:07, 0.01060393461942173651, 94.30461766224402815272
2022/10/21 08:29:15, 0.01060708087161246782, 94.27664520558915505041
2022/10/21 08:44:52, 0.01060626784954106286, 94.28387196946665554979
2022/10/21 09:25:53, 0.01066919047811610135, 93.72782331059982352328
2022/10/21 09:38:37, 0.01066886872867284328, 93.73064993409055302919
2022/10/21 10:10:18, 0.01066913765900505771, 93.72828732376241890182
2022/10/21 10:31:40, 0.01067290767717629244, 93.69517944378656765257
2022/10/21 10:32:10, 0.01067237115609375784, 93.69988968468507231971
2022/10/21 10:38:26, 0.01066717764894428429, 93.74550915995747076423
2022/10/21 11:25:09, 0.01066716925130253475, 93.74558296034284078321
2022/10/21 12:29:02, 0.01066665822819310166, 93.75007416633024096661
2022/10/21 12:55:33, 0.01066327819122126116, 93.77979098615923700128
2022/10/21 13:12:18, 0.01066453424490373622, 93.76874573569588959812
2022/10/21 14:14:33, 0.01066579037244756404, 93.7577024374352127248
2022/10/21 14:15:48, 0.01066226061143533171, 93.78874109750184069654
2022/10/21 14:30:27, 0.01064917319708856554, 93.90400376560645599244
2022/10/21 14:34:54, 0.01064917319709227877, 93.90400376557371279655
2022/10/21 14:41:30, 0.01064917319709240001, 93.904003765572643714
2022/10/21 14:44:37, 0.01065218464305621231, 93.87745645695928921316
2022/10/21 14:49:15, 0.01065658324248834524, 93.83870770257286502117
2022/10/21 15:09:35, 0.01065180078707851912, 93.88083949270619784191
2022/10/21 15:14:49, 0.01065305539956867665, 93.8697831272414324616
2022/10/21 15:23:38, 0.01065292495008669853, 93.87093260164773132643
2022/10/21 15:47:44, 0.01065428000613203241, 93.85899370247953013288
2022/10/21 15:58:45, 0.01065483209065591822, 93.85413035996885111497
2022/10/21 16:17:32, 0.01065985169675127622, 93.8099354895117882772
2022/10/21 16:19:29, 0.01054172222963926951, 94.86116008524532260389
2022/10/21 16:26:43, 0.01054172222963945854, 94.86116008524362162942
2022/10/21 16:28:27, 0.01054174718925678061, 94.86093548317226209423
2022/10/21 16:37:35, 0.01054199716053528337, 94.85868614569269367036
2022/10/21 16:38:24, 0.010541997160535374, 94.85868614569187819835
2022/10/21 16:47:00, 0.01054212191417267571, 94.85756360449735573351
2022/10/21 17:35:12, 0.01054187456523734804, 94.8597892918948059072
2022/10/21 17:57:27, 0.01056683983634142056, 94.6356730572186024349
2022/10/21 18:09:35, 0.01056683983634150075, 94.63567305721788423958
2022/10/21 18:38:08, 0.01056664664933489707, 94.63740325441313157929
2022/10/21 19:45:20, 0.01059316713523620916, 94.40047412012269204381
2022/10/21 19:48:27, 0.01059582467331619876, 94.37679754350142343279
2022/10/21 19:56:38, 0.01060670804108379747, 94.27995907180826096239
2022/10/21 20:19:33, 0.01060700816866735163, 94.27729140003466964161
2022/10/21 20:20:42, 0.01060321826110308489, 94.31098892573083494499
2022/10/21 20:49:55, 0.01059068119146572253, 94.42263268257276467286
2022/10/21 21:25:25, 0.01058938460156711454, 94.43419401841451690189
2022/10/21 21:36:55, 0.01063942355706670591, 93.99005450213512047538
2022/10/21 21:46:45, 0.01063942355706674861, 93.99005450213474330587
2022/10/21 22:12:56, 0.01063955233902075005, 93.98891683933749433169
2022/10/21 22:50:04, 0.01064017707528482678, 93.98339829539265554016
2022/10/21 23:00:19, 0.01064517562545897455, 93.93926743758013545017
2022/10/21 23:03:49, 0.01065517639955417982, 93.85109757937378803761
2022/10/21 23:09:03, 0.01065542647499689522, 93.8488949594381561844
2022/10/21 23:21:16, 0.01065809967153762305, 93.82535637853834868068
2022/10/21 23:30:59, 0.01064513764864743127, 93.93960256841392451631
2022/10/21 23:41:14, 0.01062988972726503451, 94.07435313604989853472
2022/10/22 00:54:31, 0.0106285941584631591, 94.08582029672632987296
2022/10/22 01:01:44, 0.01062790436865633661, 94.09192681006668459174
2022/10/22 01:35:03, 0.01062790436865638317, 94.09192681006627242014
2022/10/22 01:52:31, 0.01062790436866651218, 94.09192680997659730838
2022/10/22 02:14:38, 0.01064924730109711208, 93.90335032382781644902
2022/10/22 02:15:49, 0.01064469887249939238, 93.94347477348585580554
2022/10/22 03:44:55, 0.01064378262630372447, 93.9515616871697480938
2022/10/22 03:56:30, 0.01064167884119503711, 93.97013525054870017786
2022/10/22 03:58:10, 0.01063814108979359959, 94.00138535100044672145
2022/10/22 04:01:22, 0.01063814108979363001, 94.00138535100017792522
2022/10/22 04:05:03, 0.01063814108979379929, 94.00138535099868204086
2022/10/22 04:08:25, 0.0106111020595719979, 94.2409180861592156589
2022/10/22 04:22:11, 0.01063085648568098749, 94.06579811767088947356
2022/10/22 04:30:20, 0.0106308828277363479, 94.06556503388079522139
2022/10/22 04:45:41, 0.01062653324608767865, 94.10406732300633907435
2022/10/22 04:48:01, 0.0106292503591031971, 94.08001187436243880095
2022/10/22 05:24:03, 0.01062925035910324525, 94.08001187436201264252
2022/10/22 06:03:17, 0.01062925035910326359, 94.08001187436185034671
2022/10/22 06:23:14, 0.01062531142501593408, 94.11488849593887232259
2022/10/22 07:33:16, 0.01062536081987556579, 94.11445097745970548114
2022/10/22 07:43:20, 0.0106128891483416904, 94.22504899679031356665
2022/10/22 07:57:22, 0.01061293851427487852, 94.22461071030941418105
2022/10/22 08:13:00, 0.01061664128647030333, 94.19174793768211596713
2022/10/22 08:19:25, 0.01061664128648012719, 94.19174793759495778638
2022/10/22 08:33:51, 0.01060667042765260846, 94.28029340790149954429
2022/10/22 08:40:40, 0.01060930251712181229, 94.25690316457194023653
2022/10/22 09:16:24, 0.01059816794110205323, 94.35593071909886551313
2022/10/22 09:21:36, 0.01059816794110467558, 94.35593071907551855337
2022/10/22 09:23:35, 0.01059816794110472599, 94.35593071907506979107
2022/10/22 09:29:00, 0.01059152354187913166, 94.41512319223732312529
2022/10/22 09:41:21, 0.01058498012450335834, 94.47348868280652255674
2022/10/22 09:42:50, 0.01058692039655074755, 94.45617446276475176762
2022/10/22 09:45:57, 0.01058692039655084024, 94.4561744627639248442
2022/10/22 10:35:02, 0.01058692039655096359, 94.45617446276282426638
2022/10/22 11:09:39, 0.01058694511193529778, 94.45595395338737159781
2022/10/22 11:24:40, 0.01061192237919055914, 94.23363310317357910653
2022/10/22 11:31:49, 0.01061455663059368496, 94.21024681499756557498
2022/10/22 11:35:00, 0.01061455663059375296, 94.21024681499696205633
2022/10/22 12:14:21, 0.01061482853550218008, 94.20783356560273466872
2022/10/22 12:26:54, 0.0106168061304717387, 94.19028545033503379576
2022/10/22 12:56:18, 0.01062387753785505785, 94.12759102660912614547
2022/10/22 14:07:34, 0.01060515499111359048, 94.29376570525683194051
2022/10/22 14:13:51, 0.01060515499111359812, 94.2937657052567639443
2022/10/22 14:35:53, 0.01062986863891274834, 94.07453976799874162549
2022/10/22 14:38:41, 0.01075386809197357684, 92.98979599223236258391
2022/10/22 14:58:24, 0.01075685288863433365, 92.9639933122630812263
2022/10/22 15:05:57, 0.01088158753693726467, 91.89835551159480357729
2022/10/22 15:15:43, 0.01088158753694978396, 91.89835551148907434681
2022/10/22 15:18:58, 0.01083546183486271895, 92.28955952597562795147
2022/10/22 15:19:26, 0.01081808909276483461, 92.4377670977772343843
2022/10/22 15:21:57, 0.01082224089461378076, 92.40230463708297891123
2022/10/22 15:55:11, 0.01082215673369419344, 92.4030232242483294795
2022/10/22 16:32:58, 0.01084952809538994011, 92.16990741052680377197
2022/10/22 16:47:09, 0.01087473922357785658, 91.95622804746151918254
2022/10/22 16:49:27, 0.01087473922357762885, 91.95622804746344490744
2022/10/22 16:52:07, 0.01087016756747347902, 91.99490199141677534808
2022/10/22 17:12:50, 0.01086691133841987389, 92.02246791731044934696
2022/10/22 17:21:03, 0.01114630432979332143, 89.71583498999460214603
2022/10/22 17:23:48, 0.01100370878966079318, 90.87845008581207553369
2022/10/22 17:34:24, 0.01099694615642359724, 90.93433629443338213378
2022/10/22 17:36:15, 0.01096930612846642625, 91.16346907348148766232
2022/10/22 17:40:22, 0.01101989889406873681, 90.74493419701265024227
2022/10/22 18:35:37, 0.01101911544986862631, 90.7513860390601810258
2022/10/22 18:37:12, 0.01101773323682262712, 90.7627711168279444863
2022/10/22 19:46:47, 0.01101773323682267438, 90.7627711168275551799
2022/10/22 20:27:42, 0.01101821429092449595, 90.75880842358293332776
2022/10/22 21:00:40, 0.01101821429092560548, 90.75880842357379396713
2022/10/22 22:03:13, 0.01102100210968537203, 90.7358505195448181253
2022/10/22 22:07:00, 0.01107882907439712634, 90.26224642376448350118
2022/10/22 22:53:38, 0.01063166390996207666, 94.05865426793453053106
2022/10/22 22:54:27, 0.01064411352637714787, 93.94864095745529256021
2022/10/22 22:59:14, 0.01065657041679135588, 93.8388206419880609227
2022/10/22 23:03:34, 0.01065781650541046799, 93.8278492121108882868
2022/10/22 23:16:20, 0.01065781650541768778, 93.82784921204732768068
2022/10/22 23:26:23, 0.01065781650542862491, 93.82784921195104090401
2022/10/22 23:27:03, 0.0106572199288501201, 93.83310156646985864983
2022/10/22 23:31:21, 0.01065481596321043546, 93.85427242036444484191
2022/10/22 23:52:25, 0.01067487732956549955, 93.67789147612650704261
2022/10/23 00:30:50, 0.01067487732956554817, 93.67789147612608035263
2022/10/23 00:34:45, 0.01067535207492256101, 93.67372551103931611553
2022/10/23 00:37:39, 0.01065803483259419377, 93.82592717203546277764
2022/10/23 01:08:24, 0.0106580348326012788, 93.82592717197309107207
2022/10/23 01:13:29, 0.01065306577998701189, 93.86969165989878919959
2022/10/23 01:16:25, 0.01064762833232434212, 93.91762830077139823043
2022/10/23 01:24:41, 0.0105280852335055692, 94.98403345154405609118
2022/10/23 01:44:59, 0.01052711815479629582, 94.99275920489090608823
2022/10/23 01:48:01, 0.01051381462244087748, 95.11295718164763728097
2022/10/23 02:01:34, 0.01052815674444673317, 94.98338828660279013714
2022/10/23 02:05:16, 0.010528156744446753, 94.98338828660261124042
2022/10/23 02:36:09, 0.01054937600469979665, 94.79233649028106442388
2022/10/23 03:57:49, 0.01054964028754978881, 94.7899618132150954654
2022/10/23 04:28:04, 0.01054990458032510963, 94.78758716594796374671
2022/10/23 04:30:08, 0.01054996711660074384, 94.78702530043575904154
2022/10/23 04:43:18, 0.01055023142087189962, 94.78465069701355415291
2022/10/23 06:06:31, 0.01056624090766899386, 94.64103731291972206593
2022/10/23 06:24:46, 0.01056624090766908029, 94.64103731291894792469
2022/10/23 06:55:13, 0.0105654039366173366, 94.64853459451964251296
2022/10/23 07:35:22, 0.01066544475812119117, 93.76074066096035052627
2022/10/23 08:09:07, 0.01066176075832746613, 93.79313817550640674486
2022/10/23 08:14:14, 0.01068648950406724912, 93.57609901917769097905
2022/10/23 08:29:31, 0.01068653949003473105, 93.57566131978519630271
2022/10/23 09:00:40, 0.01068611235267774556, 93.5794016567136478827
2022/10/23 09:09:59, 0.01067585436977804741, 93.66931819816404520164
2022/10/23 09:13:46, 0.01067585436977805508, 93.669318198163977905
2022/10/23 09:22:44, 0.01086319322919212512, 92.05396414313511066288
2022/10/23 09:24:28, 0.01081255910681774491, 92.48504356100680782875
2022/10/23 09:40:59, 0.01083959524671182711, 92.25436718251526130672
2022/10/23 09:59:45, 0.01081758794870880046, 92.44204944221055602037
2022/10/23 10:01:38, 0.01082169493546830811, 92.4069663729367610534
2022/10/23 10:27:29, 0.01082277580448006534, 92.39773770293311426554
2022/10/23 10:36:06, 0.01080192667654777078, 92.57607739285209070224
2022/10/23 10:39:48, 0.01080354359745311131, 92.56222192093950320372
2022/10/23 10:43:25, 0.01079586417730524203, 92.6280641898192363494
2022/10/23 10:59:06, 0.01079521429661845681, 92.63364047467262009433
2022/10/23 11:32:15, 0.01074733093518564687, 93.04635783812180848937
2022/10/23 12:34:52, 0.01073849423626553862, 93.12292561678218762109
2022/10/23 13:25:06, 0.01071192468594444099, 93.35390504678784024135
2022/10/23 13:57:39, 0.01068545367183718021, 93.58517014917413208117
2022/10/23 14:07:30, 0.01071019494194200659, 93.36898211664827286499
2022/10/23 14:11:27, 0.01071413185469258832, 93.334673640591682701
2022/10/23 14:43:21, 0.0107138597635907894, 93.33704398468310096802
2022/10/23 14:44:00, 0.01078826778786134163, 92.69328678744627949657
2022/10/23 14:57:11, 0.01086293291341728466, 92.05617009425292146185
2022/10/23 15:02:53, 0.01085319245807080295, 92.13878809053699193736
2022/10/23 15:09:51, 0.01092808109169225256, 91.50737367425102192322
2022/10/23 15:17:53, 0.01095554130078767187, 91.2780092324696799898
2022/10/23 15:18:42, 0.01100567254521622316, 90.86223453328753206335
2022/10/23 15:24:03, 0.0110056725452163011, 90.86223453328688866053
2022/10/23 15:30:39, 0.01100567254521640934, 90.86223453328599499889
2022/10/23 15:45:52, 0.01097474344926235583, 91.11830309502249775188
2022/10/23 16:20:34, 0.01097397739803975148, 91.12466371387159835324
2022/10/23 16:54:55, 0.0109739773980398646, 91.12466371387065902962
2022/10/23 16:55:37, 0.01098649089884150247, 91.0208736536110412965
2022/10/23 17:13:12, 0.01098606167149439004, 91.02442985503229921764
2022/10/23 17:21:04, 0.01098606167149445575, 91.0244298550317547644
2022/10/23 17:35:06, 0.01114266771791718294, 89.74511538130319991224
2022/10/23 17:36:44, 0.01114266771791724676, 89.74511538130268586947
2022/10/23 17:41:17, 0.01114266771792011317, 89.74511538127959934414
2022/10/23 17:43:46, 0.01109319151735203855, 90.14538317812271029727
2022/10/23 17:47:11, 0.01109235847281903425, 90.15215316475955836943
2022/10/23 17:54:11, 0.01105286581925302295, 90.47427303949503708584
2022/10/23 18:01:49, 0.01117780373288993719, 89.46301294032987208767
2022/10/23 18:08:16, 0.0111421186462759293, 89.74953792421099593836
2022/10/23 18:24:09, 0.01114173835821438389, 89.75260124132583654444
2022/10/23 18:41:29, 0.01114549117083912912, 89.72238052786608036175
2022/10/23 18:47:32, 0.01114549117083914332, 89.72238052786596609341
2022/10/23 19:15:01, 0.01114533510344324964, 89.72363690447128138513
2022/10/23 19:44:55, 0.01116773593115620559, 89.54366454978212527297
2022/10/23 19:51:12, 0.01117054142963074811, 89.52117552220168999784
2022/10/23 20:08:31, 0.01118056022855525356, 89.44095640628014427195
2022/10/23 20:50:20, 0.01118557130872852192, 89.40088730377700023791
2022/10/23 21:33:01, 0.01119055844613691104, 89.36104527877334555341
2022/10/23 21:56:07, 0.01121874368524445094, 89.13654042343962234882
2022/10/23 22:43:08, 0.0111942375116003051, 89.3316761381670972531
2022/10/23 22:47:46, 0.01119774727972883516, 89.30367644662686271905
2022/10/23 22:50:17, 0.01119641160544096421, 89.31432991567083216577
2022/10/23 23:08:54, 0.01119261137901763585, 89.34465480278016998882
2022/10/23 23:25:36, 0.01120266362085002813, 89.26448511216858947039
2022/10/23 23:47:38, 0.01120180682882726632, 89.27131268025012666681
2022/10/24 00:35:51, 0.01116789226974879499, 89.54241103388558224891
2022/10/24 00:46:25, 0.01117352657572711719, 89.49725883073983783422
2022/10/24 00:53:11, 0.01115784963828478265, 89.62300375233618321699
2022/10/24 01:02:05, 0.01112741606202855949, 89.86812341927449822067
2022/10/24 01:15:14, 0.01112741606202867424, 89.86812341927357147436
2022/10/24 01:33:01, 0.01114241618358771291, 89.74714133124517907325
2022/10/24 01:37:26, 0.01111460274313092091, 89.97172666544676157553
2022/10/24 01:59:52, 0.01111510229509619963, 89.96768301819260426466
2022/10/24 02:02:44, 0.0111152271848373969, 89.96667214900734934271
2022/10/24 02:24:09, 0.01113021904748007584, 89.84549142601140671024
2022/10/24 02:30:15, 0.01115151180867986595, 89.67393992459768745691
2022/10/24 02:39:46, 0.01115151180867991689, 89.67393992459727782113
2022/10/24 03:02:49, 0.01115188728991364465, 89.67092062564627696653
2022/10/24 03:13:20, 0.01115251310600132784, 89.66588879970789772356
2022/10/24 03:26:02, 0.01110669332852626894, 90.03579827234579391364
2022/10/24 03:42:53, 0.01110808493955839519, 90.02451866736943228379
2022/10/24 04:37:43, 0.01110808493955844511, 90.02451866736902774703
2022/10/24 04:45:49, 0.01109818659464958821, 90.10481049959079268178
2022/10/24 04:56:06, 0.01109843626808614532, 90.10278347730185539615
2022/10/24 05:08:59, 0.01109843626808609045, 90.1027834773023008444
2022/10/24 05:12:39, 0.01109856110445795504, 90.10177000317008306287
2022/10/24 05:15:56, 0.01109881077930577901, 90.0997431062203524379
2022/10/24 05:29:09, 0.01109881355876547864, 90.09972054267303406491
2022/10/24 06:55:49, 0.01109694434936090314, 90.11489726517301569551
2022/10/24 07:05:08, 0.01109751856379943781, 90.11023448629688691815
2022/10/24 07:15:14, 0.01106724956762430163, 90.3566865362249378216
2022/10/24 08:01:30, 0.0110674988894742656, 90.35465103602125123886
2022/10/24 08:06:11, 0.01106749888948377327, 90.35465103594363099475
2022/10/24 08:18:59, 0.01108996906982330547, 90.17157700836877304043
2022/10/24 08:23:11, 0.01108895523972350947, 90.17982112667756308472
2022/10/24 08:24:05, 0.01107907932161947153, 90.26020763734600316274
2022/10/24 09:10:13, 0.01107820462114328578, 90.26733430175607641939
2022/10/24 10:08:29, 0.0111174862725419489, 89.94839080393627385813
2022/10/24 10:13:59, 0.01111748627254197212, 89.9483908039360860249
2022/10/24 10:28:47, 0.0111180430869434021, 89.94388600403619170931
2022/10/24 10:31:08, 0.01111887866538329332, 89.93712676381001769828
2022/10/24 10:46:42, 0.01113136605794995453, 89.8362334680212972618
2022/10/24 10:53:43, 0.01112782522715978846, 89.86481900877545470341
2022/10/24 11:13:30, 0.01113069785869391528, 89.84162652649173389669
2022/10/24 11:48:28, 0.01113119748453438456, 89.83759396860882941433
2022/10/24 11:56:58, 0.01114236232968912733, 89.74757510222700401336
2022/10/24 12:33:18, 0.01114147900219269209, 89.75469054002575418588
2022/10/24 12:52:36, 0.01114072000454281267, 89.76080536915329313284
2022/10/24 12:57:01, 0.0111409699282770102, 89.75879177825350103041
2022/10/24 13:59:39, 0.01114041306748615916, 89.76327842982312278681
2022/10/24 14:13:11, 0.01114097160392677555, 89.75877827814743049378
2022/10/24 14:56:53, 0.01114184635905790956, 89.75173124578557265174
2022/10/24 15:05:02, 0.01116685386828390742, 89.55073754839753768586
2022/10/24 15:39:20, 0.01116430340862286619, 89.57119521023045371629
2022/10/24 15:47:55, 0.0111643034086229795, 89.5711952102295446535
2022/10/24 16:20:47, 0.01116024716925732896, 89.60375024261636585282
2022/10/24 16:36:24, 0.01115959245835355685, 89.60900711490105219483
2022/10/24 16:44:31, 0.01115959245835367121, 89.60900711490013396495
2022/10/24 17:08:24, 0.01116534603455048707, 89.56283100457080020033
2022/10/24 17:24:08, 0.01116562622352072204, 89.5605835249500300482
2022/10/24 17:28:11, 0.01116562622352081486, 89.56058352494928549212
2022/10/24 17:30:49, 0.01116564862624093346, 89.56040383089356779656
2022/10/24 18:03:41, 0.01117816978465013914, 89.46008329317021385035
2022/10/24 18:23:58, 0.01120318852141566249, 89.26030282257872218274
2022/10/24 18:45:08, 0.01119727415279542916, 89.30744986272818467477
2022/10/24 19:15:40, 0.01119466612908026297, 89.32825583804690964271
2022/10/24 19:24:19, 0.01119666806983798878, 89.31228413333410462817
2022/10/24 19:45:30, 0.01121732352145705566, 89.14782551177650765581
2022/10/24 20:21:29, 0.01128811187931389748, 88.58877469424771343738
2022/10/24 20:26:42, 0.01129095733844863512, 88.56644924117646865685
2022/10/24 21:31:33, 0.01129095733844874241, 88.56644924117562703776
2022/10/24 21:45:41, 0.01128855038425998472, 88.58533345382720726977
2022/10/24 22:14:39, 0.01128449573146771876, 88.61716321194752470051
2022/10/24 22:20:03, 0.01130962963637512087, 88.42022525509620747065
2022/10/24 22:20:22, 0.01130962963637514782, 88.42022525509599678189
2022/10/24 22:22:10, 0.01132472067182771375, 88.30239870619329737807
2022/10/24 22:42:26, 0.01132497227407819027, 88.3004369281245063029
2022/10/24 23:06:11, 0.01132748845026072068, 88.28082274292527429412
2022/10/24 23:19:30, 0.01132748845026737169, 88.28082274287343963134
2022/10/24 23:24:27, 0.01132748845027747032, 88.28082274279473590466
2022/10/25 00:02:05, 0.01134007854922449495, 88.18281069740793067317
2022/10/25 00:49:45, 0.01134007854923549622, 88.18281069732238247527
2022/10/25 01:02:18, 0.01134259740945108546, 88.16322786584682969091
2022/10/25 01:08:29, 0.01134637622360714053, 88.1338658522014670216
2022/10/25 01:08:29, 0.01136782345249001305, 87.9675871268883543091
2022/10/25 01:41:36, 0.0114399810342020334, 87.41273232973960438682
2022/10/25 01:45:06, 0.01142604193569680386, 87.51937071715430951082
2022/10/25 01:48:16, 0.01138860305380164539, 87.80708180589265621095
2022/10/25 02:02:52, 0.01138860305380170597, 87.80708180589218914309
2022/10/25 02:07:29, 0.01138860305380487056, 87.80708180586778987454
2022/10/25 02:20:52, 0.0113888552506344134, 87.80513739028294741118
2022/10/25 02:22:00, 0.01138898153917801291, 87.80416374897152475654
2022/10/25 02:35:20, 0.01136758452073793711, 87.96943609046366590655
2022/10/25 02:43:16, 0.01139279456700412318, 87.7747767783161580226
2022/10/25 02:58:12, 0.01137843957365558837, 87.88551308171395780281
2022/10/25 03:10:56, 0.01137843957366567539, 87.88551308163604702544
2022/10/25 03:11:14, 0.01133667014269062619, 88.20932314457035836127
2022/10/25 03:28:16, 0.01133810108572024642, 88.19819054704393376856
2022/10/25 04:15:24, 0.011338101085726525, 88.19819054699509322032
2022/10/25 04:44:20, 0.01133810108573747497, 88.19819054690991426648
2022/10/25 04:59:18, 0.01133606215815819361, 88.21405405582860780708
2022/10/25 05:06:26, 0.01133606215816320926, 88.21405405578957742664
2022/10/25 05:07:50, 0.01133368928502097618, 88.23252295451906051582
2022/10/25 05:23:04, 0.0113347618566220743, 88.22417379821464582544
2022/10/25 05:41:37, 0.0114611076101217929, 87.25160202813708459536
2022/10/25 05:50:31, 0.01146161439508254941, 87.24774412486224202928
2022/10/25 06:09:19, 0.01146136637028083348, 87.24963217238970282895
2022/10/25 06:17:06, 0.01146082794601604995, 87.25373111875521229749
2022/10/25 08:21:42, 0.01145019697337490536, 87.33474212935338796445
2022/10/25 08:24:51, 0.01145056057006641387, 87.33196893557849158176
2022/10/25 09:56:00, 0.01145059861806712739, 87.33167874928105806558
2022/10/25 10:20:17, 0.01146326576226165723, 87.23517544992378635198
2022/10/25 10:50:58, 0.01144530356280156303, 87.37208187733044329816
2022/10/25 10:56:52, 0.01144530356280505909, 87.37208187730375474327
2022/10/25 12:10:16, 0.0114453035628081705, 87.37208187728000263735
2022/10/25 12:13:58, 0.01140903211323673894, 87.64985408707911020855
2022/10/25 12:18:41, 0.01147304016713961304, 87.16085583524229702401
2022/10/25 12:25:08, 0.01147304016713966657, 87.16085583524189033375
2022/10/25 13:28:13, 0.0114730401671490535, 87.16085583517057772095
2022/10/25 13:35:32, 0.01154697603703340866, 86.60276047969655260822
2022/10/25 14:44:54, 0.0115469760370336277, 86.60276047969490981628
2022/10/25 14:47:23, 0.01154501011971205824, 86.6175074452806800737
2022/10/25 14:51:39, 0.01097459974042018, 91.11949625979830135107
2022/10/25 14:51:39, 0.01117501862477368044, 89.48530947260522133544
2022/10/25 14:51:59, 0.01122050182278937358, 89.12257364184482149495
2022/10/25 14:55:06, 0.01118715132516060942, 89.38826077653360098218
2022/10/25 15:26:15, 0.0111911927061403973, 89.35598074826455064884
2022/10/25 15:33:01, 0.01119309012013999676, 89.34083343085712354628
2022/10/25 15:43:38, 0.01119450477551800061, 89.32954338337197609244
2022/10/25 16:12:02, 0.01125141755065208374, 88.87768989979794176813
2022/10/25 16:22:28, 0.01124818509730920575, 88.90323117453146313042
2022/10/25 16:35:58, 0.01124823574315522038, 88.90283088248041789342
2022/10/25 16:42:04, 0.01124924868401711202, 88.89482560918010818342
2022/10/25 16:46:25, 0.01127458702618870005, 88.69504467677548443607
2022/10/25 16:53:21, 0.01145275324531732122, 87.3152488820859964989
2022/10/25 16:54:18, 0.01141827972323616697, 87.57886689051791454367
2022/10/25 17:00:39, 0.01135940509625523152, 88.032779139962389071
2022/10/25 17:12:05, 0.01135991404757764647, 88.02883506088120087464
2022/10/25 17:43:53, 0.0113662769008830653, 87.97955642997825493892
2022/10/25 17:58:52, 0.01136544222195811487, 87.98601765516813043334
2022/10/25 19:36:11, 0.01122216315478080335, 89.10937991255149220057
2022/10/25 19:48:37, 0.01107165467838390891, 90.32073606417487515673
2022/10/25 19:58:23, 0.01112766276807516595, 89.86613099643541669969
2022/10/25 19:59:25, 0.01112766276808107182, 89.86613099638772134542
2022/10/25 20:00:20, 0.0111272161369494039, 89.86973809912496882556
2022/10/25 20:06:06, 0.01114234844422232316, 89.74768694462549606783
2022/10/25 20:18:28, 0.01114234844422809574, 89.74768694457900004229
2022/10/25 20:19:25, 0.01113671079467497765, 89.79311921057969531524
2022/10/25 20:23:53, 0.01107462234616461874, 90.29653280649535014488
2022/10/25 20:38:22, 0.01108864416583387845, 90.18235097498945497868
2022/10/25 20:42:08, 0.01107326781173047566, 90.30757830499224006699
2022/10/25 20:46:39, 0.01108309210247391111, 90.22752772908790652446
2022/10/25 20:50:54, 0.01106158770633237992, 90.40293550513858572738
2022/10/25 20:54:03, 0.01108680971546980818, 90.19727276501061361422
2022/10/25 20:55:53, 0.01108655639935902901, 90.19933367748123810171
2022/10/25 21:27:15, 0.01108685923043289586, 90.19686993545007318999
2022/10/25 21:31:46, 0.01108786676404281115, 90.18867391543080045401
2022/10/25 21:35:02, 0.01108579577899677152, 90.20552244833945060763
2022/10/25 21:48:09, 0.01113379389114039787, 89.81664379432600498683
2022/10/25 21:59:30, 0.01114085759334611836, 89.75969682955559889515
2022/10/25 22:11:26, 0.0111661693305501988, 89.55622742206133739389
2022/10/25 22:18:44, 0.01115337027159216733, 89.65899774232527766094
2022/10/25 22:23:46, 0.01112780690142509044, 89.86496700189273542141
2022/10/25 22:26:04, 0.01112571347806013475, 89.88187606772331946835
2022/10/25 22:28:27, 0.01112670688569715646, 89.87385129066818805287
2022/10/25 23:06:37, 0.01112152384281484581, 89.91573584100693413083
2022/10/25 23:25:35, 0.0111212776712859735, 89.91772614237480743303
2022/10/25 23:36:19, 0.011121277671290463, 89.91772614233850892894
2022/10/25 23:45:26, 0.01112050376686215726, 89.92398374792038039303
2022/10/25 23:46:09, 0.01117710200230265246, 89.46862968540367976795
2022/10/25 23:50:29, 0.01118189077912783913, 89.43031368778917908935
2022/10/26 00:02:54, 0.01117831282145883775, 89.45893856900436282954
2022/10/26 00:05:03, 0.01117856622771664936, 89.45691062960777339072
2022/10/26 00:16:36, 0.01117780228984310449, 89.46302448994527234868
2022/10/26 01:29:51, 0.01114119615068899969, 89.75696922256929082789
2022/10/26 01:42:02, 0.01114752162643454409, 89.70603812318800801083
2022/10/26 01:45:13, 0.01114752162643460308, 89.70603812318753331507
2022/10/26 01:56:19, 0.01099359080209133218, 90.96209036721359985067
2022/10/26 02:10:46, 0.01102962121128403653, 90.66494495540186356442
2022/10/26 02:13:04, 0.01102810595944240855, 90.67740223730684436078
2022/10/26 02:55:55, 0.01102503125875223829, 90.70269068000586731867
2022/10/26 03:07:41, 0.01095999095367419087, 91.24095122220546454311
2022/10/26 03:14:02, 0.01096626289475253148, 91.18876773221533731598
2022/10/26 03:15:39, 0.01099136858895436136, 90.98048090252723537666
2022/10/26 03:28:37, 0.01098860807686006828, 91.00333663785962086745
2022/10/26 03:56:25, 0.01111283978064605056, 89.98599995489762156399
2022/10/26 04:28:06, 0.01114962086277445353, 89.68914838519106609231
2022/10/26 04:35:48, 0.01098227778963826919, 91.05579180882636240029
2022/10/26 04:42:35, 0.01098227778964650296, 91.0557918087580948658
2022/10/26 04:49:21, 0.01097989346436433549, 91.07556491741365946924
2022/10/26 05:05:14, 0.01091876812674014374, 91.58542322654445037459
2022/10/26 05:06:00, 0.01097435900802643608, 91.12149504755759714642
2022/10/26 05:21:13, 0.01080990238331541748, 92.50777338595153077138
2022/10/26 05:22:34, 0.01091990764359786731, 91.57586608218988426739
2022/10/26 05:56:22, 0.01091990764359810171, 91.57586608218791854735
2022/10/26 06:06:17, 0.01097481305437912818, 91.11772519906239330306
2022/10/26 07:27:20, 0.01092470978015986634, 91.53561239824226590135
2022/10/26 07:37:53, 0.01092061811099463422, 91.56990839128623600793
2022/10/26 07:41:45, 0.01092130194759691063, 91.56417474750223300766
2022/10/26 07:46:02, 0.01091151205565869225, 91.64632682428294991033
2022/10/26 07:49:56, 0.01091188703006610324, 91.64317750400519758822
2022/10/26 07:53:04, 0.0109118870300753628, 91.64317750392743145977
2022/10/26 08:08:08, 0.01090761413014993612, 91.67907739199186310592
2022/10/26 08:20:52, 0.01090721347372941552, 91.68244505423419263283
2022/10/26 08:26:58, 0.01088252158443067595, 91.89046787011867462755
2022/10/26 08:34:49, 0.01088252158444041362, 91.89046787003645111414
2022/10/26 08:42:11, 0.01088196285508208505, 91.89518594368118518199
2022/10/26 08:49:20, 0.01105522513337183785, 90.45496477329544223619
2022/10/26 09:34:02, 0.01105139162528373679, 90.48634180261670856074
2022/10/26 09:43:13, 0.01104761010370151088, 90.51731466020412642511
2022/10/26 10:08:34, 0.01104761010370157668, 90.51731466020358725663
2022/10/26 12:50:44, 0.01104761010370780457, 90.51731466015255980186
2022/10/26 14:39:28, 0.01104530519887481186, 90.53620357198190073147
2022/10/26 15:02:21, 0.01104469519785412604, 90.5412039070385583869
2022/10/26 15:07:38, 0.01103497977658562485, 90.62091822966745947661
2022/10/26 15:08:23, 0.01100188300706137628, 90.89353153075401475655
2022/10/26 15:14:09, 0.01099569020639449259, 90.94472299869403764456
2022/10/26 15:53:49, 0.0109929114459522689, 90.9677117765023783251
2022/10/26 16:20:13, 0.01099805409659100215, 90.92517560083321722649
2022/10/26 17:19:40, 0.01098248058478431996, 91.05411043343433817962
2022/10/26 17:28:40, 0.01098184236455859978, 91.05940212976218954639
2022/10/26 17:59:52, 0.01097633802918637565, 91.1050659464908352714
2022/10/26 18:07:23, 0.01097606294764484811, 91.10734921710444869072
2022/10/26 18:08:10, 0.01096552261435326266, 91.19492386902337917061
2022/10/26 18:19:00, 0.01097805090293588384, 91.09085108473744117632
2022/10/26 18:24:52, 0.01097584210495439204, 91.10918236957958714382
2022/10/26 18:34:58, 0.01097584210495448244, 91.10918236957883677496
2022/10/26 19:21:44, 0.01097784689725731, 91.09254386211549454527
2022/10/26 19:35:05, 0.01097834812386992561, 91.08838494798019997625
2022/10/26 20:14:41, 0.01098160637564441875, 91.06135894816375196753
2022/10/26 20:18:42, 0.01098160637564450912, 91.06135894816300261226
2022/10/26 20:31:35, 0.01098411630212927992, 91.04055096413620298872
2022/10/26 20:54:07, 0.01098662622861405073, 91.01975248739746738091
2022/10/26 20:59:40, 0.01098272851144986756, 91.05205495678656083328
2022/10/26 21:14:26, 0.01093450431742454544, 91.45361974995631461733
2022/10/26 21:30:19, 0.01095952061767836192, 91.24486689563229800846
2022/10/26 21:45:03, 0.01095679545447153226, 91.26756122766663092603
2022/10/26 21:53:04, 0.01101945802930677179, 90.74856470621808479609
2022/10/27 01:06:04, 0.01102696753797442211, 90.68676375043479119028
2022/10/27 01:09:06, 0.01102696753797455972, 90.6867637504336594556
2022/10/27 01:18:52, 0.01102224744569106063, 90.72559883337867767539
2022/10/27 01:59:52, 0.01102224744569116763, 90.72559883337779691736
2022/10/27 02:42:01, 0.01095863480922249488, 91.25224240143732699658
2022/10/27 03:11:05, 0.01095863480923423693, 91.25224240133955125994
2022/10/27 03:14:54, 0.01089777149224585266, 91.76188000560803991574
2022/10/27 03:30:00, 0.01089641164051400058, 91.77333171609405667114
2022/10/27 03:38:48, 0.01089511835932786006, 91.78422546863381146899
2022/10/27 04:31:03, 0.01082063095247739928, 92.4160526675247655079
2022/10/27 05:19:41, 0.01082063095247748385, 92.41605266752404319403
2022/10/27 06:05:40, 0.01082063095247753047, 92.41605266752364504924
2022/10/27 06:11:44, 0.01083046187831356557, 92.33216563019860265409
2022/10/27 06:33:45, 0.01084382647471582665, 92.21836980992505258464
2022/10/27 06:40:15, 0.0108572158114723365, 92.10464426279014625522
2022/10/27 06:46:48, 0.01087062994967982628, 91.9909889885869123353
2022/10/27 06:50:51, 0.01088406895062283823, 91.87740398711598024264
2022/10/27 07:03:48, 0.01088306842410909116, 91.88585066549022607273
2022/10/27 08:31:33, 0.01087141171824057703, 91.98437387134846002524
2022/10/27 08:42:26, 0.01086440027207069611, 92.0437368798641834291
2022/10/27 08:44:04, 0.01085405808169178373, 92.1314399161694488648
2022/10/27 09:20:26, 0.01085429921074001343, 92.12939320951545902092
2022/10/27 09:55:17, 0.01085229872745454714, 92.14637609174570303095
2022/10/27 10:13:13, 0.01083024006877249649, 92.33405664601674695592
2022/10/27 10:16:44, 0.01083392774899611169, 92.30262774206349388402
2022/10/27 10:18:53, 0.0108339277489962122, 92.30262774206263760063
2022/10/27 10:57:22, 0.01082966805387048624, 92.33893366127721967769
2022/10/27 11:43:45, 0.01086001634673057429, 92.08089270519851821887
2022/10/27 13:02:40, 0.01085992227814819958, 92.08169030934509716703
2022/10/27 13:22:29, 0.01087333822956040092, 91.96807630626138281937
2022/10/27 13:28:28, 0.01088677904423107256, 91.85453254237782420408
2022/10/27 14:38:32, 0.01101033129893983863, 90.82378839011755001218
2022/10/27 14:40:55, 0.0110075061720691205, 90.84709873135836774438
2022/10/27 14:49:50, 0.01100750617206922827, 90.84709873135747835082
2022/10/27 15:22:31, 0.01106671579450103691, 90.36104464676792817543
2022/10/27 15:33:49, 0.01113558804504565239, 89.80217263379379225572
2022/10/27 15:39:09, 0.01110584589093310175, 90.04266850275742735004
2022/10/27 15:50:08, 0.01110584589093315287, 90.04266850275701290891
2022/10/27 16:02:07, 0.01109089852764892693, 90.16402030070526668248
2022/10/27 16:10:21, 0.01109089852764903079, 90.16402030070442229085
2022/10/27 16:20:59, 0.0110908985276491362, 90.16402030070356541083
2022/10/27 16:21:29, 0.01109030694301271859, 90.16882987445491658241
2022/10/27 16:30:56, 0.01108893804802525064, 90.17996093666361678829
2022/10/27 16:33:00, 0.0109662933358629603, 91.18851460317133051848
2022/10/27 16:37:25, 0.01096629333586299296, 91.18851460317105896589
2022/10/27 16:39:39, 0.01064480477991510669, 93.9425401099723214605
2022/10/27 16:42:50, 0.01067493739930447533, 93.67736433425407422651
2022/10/27 16:50:02, 0.01070091712898550959, 93.44993405203616060311
2022/10/27 17:07:09, 0.01071394256166020739, 93.33632266972339890676
2022/10/27 17:10:38, 0.01077468867678151289, 92.81010616621436624075
2022/10/27 17:13:07, 0.01077468867678161731, 92.81010616621346677196
2022/10/27 17:32:45, 0.0107838712690057692, 92.73107727779804003135
2022/10/27 18:15:54, 0.01079601039313569329, 92.62680968108541571258
2022/10/27 18:26:06, 0.01079601039313579093, 92.62680968108457801358
2022/10/27 18:28:17, 0.01080917026825809129, 92.51403902264100518738
2022/10/27 18:36:04, 0.01080766440337611748, 92.52692928618492412014
2022/10/27 18:43:43, 0.01083405087286868152, 92.30157876628247424726
2022/10/27 18:44:50, 0.01076918703235226672, 92.85751997767786434643
2022/10/27 19:01:25, 0.01080146829827385268, 92.58000601268317650562
2022/10/27 19:08:20, 0.01080207555020042879, 92.57480151408914601951
2022/10/27 19:24:09, 0.01080207555020050393, 92.57480151408850202394
2022/10/27 19:37:06, 0.01080055263021870704, 92.58785492161898612883
2022/10/27 20:30:52, 0.01079936922857367483, 92.59800075676038898031
2022/10/27 20:40:46, 0.01082571024467107306, 92.3726921743769493601
2022/10/27 20:53:59, 0.01080971886457387853, 92.50934390877150881309
2022/10/27 21:03:01, 0.01080857201855833314, 92.51915963394596566587
2022/10/27 21:26:10, 0.01080857201855838499, 92.51915963394552177296
2022/10/27 21:40:42, 0.01080857201855845486, 92.51915963394492371312
2022/10/27 22:31:45, 0.01080857201856557347, 92.51915963388398990147
2022/10/27 22:48:38, 0.01073890163652273084, 93.11939282496316754488
2022/10/27 22:53:37, 0.01060972088941545535, 94.25318633948486420148
2022/10/27 22:57:39, 0.01061334598254878361, 94.22099323288536355752
2022/10/27 23:13:56, 0.01061334598255352975, 94.22099323284322916858
2022/10/27 23:27:16, 0.01061153553583403364, 94.23706838874597563128
2022/10/27 23:28:16, 0.01061395812995433189, 94.21555914921464328203
2022/10/28 00:01:47, 0.01066443505300478922, 93.76961789628434772938
2022/10/28 00:13:27, 0.01066408659750085831, 93.77268187547831981457
2022/10/28 00:21:29, 0.01066408659750088078, 93.77268187547812221141
2022/10/28 00:46:28, 0.01041073828612555843, 96.05466706743602087598
2022/10/28 00:48:12, 0.01048256057211720963, 95.39653914902449529921
2022/10/28 01:10:46, 0.01048081704564364693, 95.4124087506756107568
2022/10/28 02:06:30, 0.01051170163955975889, 95.13207607002447712051
2022/10/28 02:13:49, 0.01051000740279608422, 95.14741157403560195386
2022/10/28 02:21:54, 0.01051168838104479337, 95.13219606121985438502
2022/10/28 02:50:45, 0.01051072707224217417, 95.14089683109596138285
2022/10/28 03:03:48, 0.01051579316021034873, 95.09506175756664218674
2022/10/28 04:40:42, 0.01052780639437243624, 94.98654919552309226243
2022/10/28 04:41:43, 0.01051310481364930137, 95.11937888241035434916
2022/10/28 06:04:26, 0.01051310481364933774, 95.11937888241002520988
2022/10/28 08:23:00, 0.01051310481364937517, 95.11937888240968656977
2022/10/28 08:34:03, 0.01051310481364949091, 95.11937888240863943957
2022/10/28 08:46:40, 0.0105105431088313769, 95.14256205844968899455
2022/10/28 08:51:07, 0.01048948599846706395, 95.33355591934058967834
2022/10/28 10:06:57, 0.01048703432559595007, 95.35584312518903466127
2022/10/28 10:08:18, 0.01048657205009028072, 95.36004665999418053787
2022/10/28 11:10:55, 0.01048776949795553171, 95.34915886499396579978
2022/10/28 11:43:33, 0.01034027503842244232, 96.70922642620194585794
2022/10/28 12:07:09, 0.01033845967090864837, 96.72620794893615798983
2022/10/28 12:36:09, 0.01011962090767614382, 98.81793094062044859735
2022/10/28 12:38:57, 0.01014169846439592228, 98.60281327734819046715
2022/10/28 13:04:00, 0.01014254389571595985, 98.59459424399269305309
2022/10/28 13:12:30, 0.01015432261632577287, 98.48022736565747638445
2022/10/28 13:14:14, 0.01015361965216216442, 98.48704543379806576991
2022/10/28 13:34:08, 0.01016233999622663386, 98.4025333113543522028
2022/10/28 13:42:46, 0.01016366168252234545, 98.38973700980443251158
2022/10/28 13:49:21, 0.01016366168252241119, 98.38973700980379602692
2022/10/28 13:59:32, 0.01016956263972674116, 98.33264570233968924403
2022/10/28 14:44:00, 0.0102167540656288647, 97.87844491277256763749
2022/10/28 15:15:36, 0.01015715478903146938, 98.45276760770468873617
2022/10/28 16:48:56, 0.01015704371407191692, 98.45384426322451318945
2022/10/28 17:39:23, 0.01015786570671776138, 98.44587720220243587768
2022/10/28 17:55:52, 0.01017074487001917188, 98.32121568084472039915
2022/10/28 18:46:17, 0.01016879840386683761, 98.34003589054681727388
2022/10/28 18:52:03, 0.0101679371972276518, 98.34836512096631686899
2022/10/28 19:35:44, 0.01016793719722767707, 98.34836512096607239582
2022/10/28 19:41:49, 0.01016793719722776183, 98.34836512096525254579
2022/10/28 20:06:21, 0.01018078190750358347, 98.22428268136908975374
2022/10/28 20:21:17, 0.010181594626714072, 98.21644218443335899518
2022/10/28 20:51:08, 0.01018127247514726691, 98.21954990803205177807
2022/10/28 21:43:18, 0.01023770373666792464, 97.67815378543772646411
2022/10/28 21:51:58, 0.01023770373666798829, 97.67815378543711911922
2022/10/28 21:52:44, 0.01024349283029412781, 97.62295113270327493843
2022/10/28 22:30:52, 0.01023902869591017524, 97.66551395636139169992
2022/10/28 23:25:46, 0.01032939633943888239, 96.81107851209845252297
2022/10/28 23:38:02, 0.01032927940203828468, 96.81217450683628787409
2022/10/29 00:32:07, 0.01032927940203900137, 96.81217450682957070735
2022/10/29 00:41:54, 0.01033516716179100519, 96.75702234376900689284
2022/10/29 00:43:08, 0.01033349337733684459, 96.77269472037158508369
2022/10/29 00:49:58, 0.0103219628043320501, 96.8807986384437973638
2022/10/29 00:53:44, 0.01031950780237513825, 96.90384649642301424322
2022/10/29 01:04:18, 0.0103195078023809027, 96.90384649636888397112
2022/10/29 01:17:13, 0.01027212409205478421, 97.35084886420652776322
2022/10/29 01:55:35, 0.01022009971405779974, 97.84640345773680218586
2022/10/29 03:17:12, 0.0102191450121696601, 97.85554454987489504856
2022/10/29 03:19:29, 0.01024167823036338844, 97.64024777065454271319
2022/10/29 03:23:36, 0.01024167823036818583, 97.64024777060880616077
2022/10/29 04:25:00, 0.01024181386227234738, 97.6389547249719667096
2022/10/29 04:25:51, 0.01024194949417650893, 97.63766171358217016605
2022/10/29 04:39:59, 0.01024206235153431843, 97.63658584349414614779
2022/10/29 04:49:10, 0.0102420623515392976, 97.63658584344668020202
2022/10/29 04:55:12, 0.01024432142730482017, 97.61505504255640359101
2022/10/29 04:58:21, 0.01024771050747822972, 97.58277219777565074842
2022/10/29 05:06:55, 0.01024771050748167879, 97.58277219774280733809
2022/10/29 06:19:38, 0.01024377577710148675, 97.62025465603793232984
2022/10/29 06:20:25, 0.01024377577710754975, 97.62025465598015367043
2022/10/29 06:23:31, 0.01014178727190092563, 98.6019498526283944178
2022/10/29 06:23:31, 0.01019307348995535531, 98.10583637854061081765
2022/10/29 06:36:49, 0.01010212653910618094, 98.98905899950034752297
2022/10/29 07:04:04, 0.01008518775192496031, 99.15531813566187186538
2022/10/29 07:12:24, 0.01008518775192500067, 99.15531813566147507134
2022/10/29 07:34:50, 0.01006931132009739262, 99.31165778975317026369
2022/10/29 07:35:31, 0.01009524554250681588, 99.05653069946860509257
2022/10/29 08:09:35, 0.0100952455425069225, 99.05653069946755889436
2022/10/29 08:10:26, 0.010097722603568193, 99.03223125248398939598
2022/10/29 08:19:39, 0.01012986197501188183, 98.71802818900965817864
2022/10/29 08:31:31, 0.01015029139022431151, 98.51933915543492377372
2022/10/29 08:31:31, 0.01015068648146143602, 98.51550452536742059437
2022/10/29 08:37:14, 0.01015102513109325703, 98.5122179371750629627
2022/10/29 09:54:42, 0.01015030642052443469, 98.51919327065331265926
2022/10/29 09:59:25, 0.01014918614297477533, 98.53006791999729589292
2022/10/29 11:13:44, 0.01013023691120782683, 98.71437447762217535972
2022/10/29 11:19:33, 0.01013023691121866521, 98.71437447751656046269
2022/10/29 11:23:17, 0.0101302369112187705, 98.71437447751553449304
2022/10/29 11:33:59, 0.01013576761675932452, 98.6605097719995572354
2022/10/29 11:49:25, 0.01011571180691265055, 98.85611799622861944341
2022/10/29 11:50:52, 0.01011571180692368965, 98.85611799612073949561
2022/10/29 12:34:44, 0.01011886280659070677, 98.82533433981051707233
2022/10/29 13:00:14, 0.01012117054278123745, 98.80280109628564262778
2022/10/29 13:21:27, 0.01012036273728416691, 98.81068751774339414084
2022/10/29 13:30:48, 0.01012264812829216298, 98.78837902159841755196
2022/10/29 14:10:15, 0.01010684638501538374, 98.94283161190817772138
2022/10/29 14:29:15, 0.0101068463850154843, 98.94283161190719326536
2022/10/29 14:53:43, 0.01010684638501555207, 98.94283161190652981584
2022/10/29 16:14:54, 0.01010684638502144789, 98.94283161184881167363
2022/10/29 16:23:18, 0.01010797102032911569, 98.93182301263067776756
2022/10/29 16:35:59, 0.01010786006863142074, 98.93290896491382937812
2022/10/29 16:53:42, 0.01010786006863152063, 98.93290896491285172964
2022/10/29 17:15:26, 0.01002029441431337351, 99.79746688595911720765
2022/10/29 17:22:06, 0.01006330482765497533, 99.3709340148277404079
2022/10/29 17:48:32, 0.01006056194536186656, 99.39802621671857099042
2022/10/29 17:48:32, 0.0100605619453558172, 99.39802621677833851407
2022/10/29 17:52:36, 0.01006392220745323796, 99.36483802104613026734
2022/10/29 19:04:35, 0.01007510938701850148, 99.25450549335694720922
2022/10/29 19:10:25, 0.01007347616113321923, 99.2705977563463702815
2022/10/29 20:22:30, 0.01005097077287385067, 99.49287711579648024109
2022/10/29 21:52:05, 0.01004647695760119324, 99.53738053849783985364
2022/10/29 22:45:05, 0.01004283479698225614, 99.57347902411849440504
2022/10/29 23:31:02, 0.01005613424921113975, 99.44179097235557251173
2022/10/29 23:57:09, 0.010056134249211157, 99.44179097235540190894
2022/10/30 00:08:43, 0.01005160980388867646, 99.48655185691042121151
2022/10/30 00:58:30, 0.01010757041294170526, 98.93574411508454697127
2022/10/30 01:09:38, 0.01009172480383896953, 99.09108893056540040709
2022/10/30 01:10:50, 0.01020402356471133052, 98.00055768768599171826
2022/10/30 01:26:49, 0.01018638610091440061, 98.1702431159793825176
2022/10/30 01:52:51, 0.01018553520939229887, 98.1784441801230738991
2022/10/30 02:00:12, 0.01017357756217510938, 98.29383949633939270802
2022/10/30 03:36:18, 0.0101735775621852723, 98.29383949624120187649
2022/10/30 03:38:39, 0.01014142506244164125, 98.60547150355226443304
2022/10/30 04:01:36, 0.01014614807822615158, 98.55957081348153736958
2022/10/30 04:21:41, 0.01012638129611157274, 98.75195993103576033846
2022/10/30 05:24:26, 0.01012638129611739546, 98.7519599309789774918
2022/10/30 06:34:07, 0.01012638129611979604, 98.7519599309555671186
2022/10/30 06:47:29, 0.01006052025194687336, 99.39843814801563850332
2022/10/30 07:27:27, 0.01006052025194697378, 99.39843814801464633734
2022/10/30 07:42:54, 0.00999909438615426481, 100.00905695866806892111
2022/10/30 07:51:33, 0.00996282064177522361, 100.37318104542481848825
2022/10/30 07:52:10, 0.00995838066350474557, 100.41793277342550340426
2022/10/30 07:55:09, 0.00995746038660967821, 100.42721348354573475998
2022/10/30 08:04:42, 0.00995968892944461138, 100.40474226495381635683
2022/10/30 09:05:38, 0.00987608185458962793, 101.25472983349955367021
2022/10/30 09:24:27, 0.0098805209114378113, 101.20923876011312574002
2022/10/30 10:19:49, 0.00985248600283500244, 101.49722615310035617823
2022/10/30 10:24:42, 0.0099629297362769286, 100.37208195485000260407
2022/10/30 11:10:10, 0.0099623608099886353, 100.37781396126133321937
2022/10/30 11:13:54, 0.00998466255480299509, 100.15361005054324069356
2022/10/30 11:58:21, 0.00997353189443509308, 100.26538347543336439514
2022/10/30 14:58:15, 0.00999587895591829505, 100.04122743082302919381
2022/10/30 15:04:41, 0.0099908683326627416, 100.09140013693709291359
2022/10/30 16:06:40, 0.0099886296376595355, 100.11383305571362366109
2022/10/30 16:52:15, 0.00998862963766831903, 100.11383305562558824414
2022/10/30 16:54:36, 0.00998535577297147972, 100.14665703818144873457
2022/10/30 17:07:44, 0.00998075754780369029, 100.19279550779734245806
2022/10/30 17:44:07, 0.00998000797264328984, 100.20032075536924752962
2022/10/30 17:57:41, 0.00997764489201885214, 100.22405195036586013693
2022/10/30 18:21:25, 0.00991510091705767047, 100.85626040170979449276
2022/10/30 18:48:50, 0.00991843713557048721, 100.82233585104858829716
2022/10/30 18:48:50, 0.00991899322640881676, 100.81668342484100912985
2022/10/30 19:09:03, 0.00992121774555409108, 100.79407847369555950506
2022/10/30 19:10:25, 0.00992121774555414345, 100.79407847369502739119
2022/10/30 19:36:07, 0.00993568287213167524, 100.64733474987135625311
2022/10/30 19:41:43, 0.00993568287213174395, 100.64733474987066022177
2022/10/30 19:52:13, 0.00993568287213492264, 100.64733474983846038188
2022/10/30 20:00:24, 0.00993526729334465614, 100.65154469169346255253
2022/10/30 20:01:38, 0.00993526729334318678, 100.6515446917083482582
2022/10/30 20:07:32, 0.00993749310246679874, 100.62900066333314057612
2022/10/30 20:33:04, 0.00993805042179531019, 100.6233574551888680687
2022/10/30 20:44:27, 0.00991914954344177123, 100.81509464298463511451
2022/10/30 20:45:23, 0.00992359766699483069, 100.76990558836618253844
2022/10/30 21:02:48, 0.00992804678617980874, 100.7247469252497144486
2022/10/30 21:10:30, 0.00995023834500256595, 100.50010515599786084619
2022/10/30 21:38:57, 0.00997250435480626, 100.27571454687295711553
2022/10/30 21:47:12, 0.00997283882407115434, 100.27235149798357823655
2022/10/30 21:58:47, 0.00997183554048291555, 100.28244007236926920865
2022/10/30 22:11:35, 0.00997518037303295134, 100.24881381628092060038
2022/10/30 22:15:08, 0.00997514352823870129, 100.24918410137089608896
2022/10/30 22:46:04, 0.00998183484957979923, 100.18198207738295192843
2022/10/30 23:25:06, 0.0099817531613495865, 100.18280194225867259105
2022/10/31 00:55:52, 0.00998175316135943732, 100.18280194215980393411
2022/10/31 01:09:37, 0.00996831663819749314, 100.31784064403712559132
2022/10/31 02:20:22, 0.00997054460478524359, 100.29542413561461476057
2022/10/31 02:21:56, 0.00997054460478605048, 100.29542413560649804326
2022/10/31 02:30:45, 0.00997054460478607703, 100.29542413560623104822
2022/10/31 02:39:35, 0.00994780315196260139, 100.52470728702648984747
2022/10/31 02:47:37, 0.00997008197365145008, 100.30007803774950024173
2022/10/31 02:53:17, 0.00973780715046930026, 102.6925245640961755437
2022/10/31 02:53:17, 0.00978191842225093382, 102.22943566216005163293
2022/10/31 02:54:31, 0.00977525645102317899, 102.29910642347697212644
2022/10/31 02:55:25, 0.00973132216879474321, 102.76095916407763363454
2022/10/31 03:09:01, 0.00973132216879403191, 102.76095916408514484367
2022/10/31 03:19:22, 0.0097036506225040733, 103.05399884048434887978
2022/10/31 03:45:40, 0.00970292172409202584, 103.06174041547031001438
2022/10/31 05:02:50, 0.00969865581679763495, 103.10707162821935078764
2022/10/31 05:24:37, 0.00969712120569627178, 103.12338876537720805668
2022/10/31 05:28:14, 0.00969615900840565146, 103.13362220370919224811
2022/10/31 06:12:41, 0.00967024217055884604, 103.41002659111376894806
2022/10/31 07:14:35, 0.00967024217055888611, 103.41002659111334045839
2022/10/31 09:07:28, 0.0096674977092963284, 103.4393831858262065855
2022/10/31 10:38:51, 0.00967100853993544334, 103.40183196722472099555
2022/10/31 10:54:34, 0.00962998113749098554, 103.84236331542202703087
2022/10/31 10:55:18, 0.00964542542180391773, 103.67609060969514618518
2022/10/31 11:50:30, 0.00964014297578813635, 103.73290131812016304284
2022/10/31 11:51:47, 0.00963904632658871563, 103.74470317064060470873
2022/10/31 12:22:57, 0.00974889267108755752, 102.57575231756479777883
2022/10/31 12:26:05, 0.00974889267108758454, 102.57575231756451350332
2022/10/31 12:45:49, 0.00974996381487303381, 102.56448321116381714763
2022/10/31 14:50:47, 0.00974691553653550674, 102.59655952199264557123
2022/10/31 14:58:03, 0.0097441007112287611, 102.62619708431738088677
2022/10/31 15:35:30, 0.00973857282730927042, 102.68445055889119311437
2022/10/31 16:30:43, 0.0097428516528025833, 102.63935402448056985052
2022/10/31 16:38:27, 0.00973178785688548012, 102.75604181943560523732
2022/10/31 16:41:43, 0.00972937330017754511, 102.78154297787624608697
2022/10/31 16:47:56, 0.00972874315885011079, 102.78820025075007147568
2022/10/31 17:26:14, 0.00973968835826133729, 102.67268964019637037928
2022/10/31 17:37:26, 0.00974205332745449585, 102.64776494107842369278
2022/10/31 18:23:41, 0.00963950167963712886, 103.73980245394222292672
2022/10/31 18:30:47, 0.0096363527277022962, 103.77370238069743532107
2022/10/31 18:45:48, 0.00961017136844008715, 104.05641706702665616887
2022/10/31 18:53:58, 0.0096101713684502837, 104.05641706691625062796
2022/10/31 19:21:39, 0.00960828427831353374, 104.07685399744668077813
2022/10/31 20:41:07, 0.00960828427832062997, 104.07685399736981443204
2022/10/31 20:59:38, 0.00960937190197291284, 104.06507420060292175629
2022/10/31 21:07:46, 0.00960937190197298973, 104.06507420060208900181
2022/10/31 21:27:51, 0.00961198604608993564, 104.03677192257165982915
2022/10/31 21:54:14, 0.00961198604609931526, 104.03677192247013803256
2022/10/31 22:32:19, 0.00962286525677214311, 103.91915228120279761112
2022/11/01 00:34:21, 0.00961701666229843173, 103.98235077623372502378
2022/11/01 00:47:29, 0.0096146026000105982, 104.00845896624970207342
2022/11/01 01:02:39, 0.00961460260001066733, 104.0084589662489541851
2022/11/01 01:56:53, 0.00961184783207086505, 104.03826792423853711628
2022/11/01 02:48:27, 0.00961152538991246815, 104.04175814273190696382
2022/11/01 03:14:45, 0.0096336314727302184, 103.80301580257513175079
2022/11/01 04:27:17, 0.00963363147273023191, 103.80301580257498621472
2022/11/01 04:31:27, 0.00963178284513174148, 103.82293871019288038665
2022/11/01 04:58:47, 0.00963221763807986511, 103.81825220047094453206
2022/11/01 05:25:37, 0.0096313146745310388, 103.82798546125701125088
2022/11/01 05:27:04, 0.00963162971594275334, 103.82458934698768386071
2022/11/01 06:59:05, 0.00962923367297568178, 103.85042402766555626427
2022/11/01 07:54:01, 0.00962923367297572278, 103.8504240276651140402
2022/11/01 09:07:57, 0.00962229466154728836, 103.92531461296962304008
2022/11/01 10:21:15, 0.00962188176994659489, 103.92977422809783506841
2022/11/01 10:26:13, 0.0096218817699558726, 103.9297742279976228035
2022/11/01 10:36:20, 0.00955395093571940682, 104.66873932346613998739
2022/11/01 12:17:42, 0.00957479859911759105, 104.44083910988577150417
2022/11/01 13:21:49, 0.00956433075679848164, 104.55514613912570503488
2022/11/01 13:53:22, 0.00956496705476558917, 104.54819073336653830153
2022/11/01 14:49:32, 0.00956451600615391038, 104.55312107341233611359
2022/11/01 15:22:33, 0.00956451600615334119, 104.55312107341855804123
2022/11/01 15:30:20, 0.00969944414981532609, 103.09869148728895340697
2022/11/01 15:37:23, 0.00969583413035807946, 103.13707789915221364261
2022/11/01 15:58:50, 0.00969583413036709142, 103.1370778990563510622
2022/11/01 16:16:53, 0.00969499071731952757, 103.14605028074540997544
2022/11/01 16:25:54, 0.0096992215784660291, 103.10105732816488786616
2022/11/01 17:00:16, 0.00971015642171920091, 102.98495272056062057466
2022/11/01 17:02:59, 0.00970544748646996647, 103.03491945055247737259
2022/11/01 17:08:07, 0.00970544748647634984, 103.03491945048471023926
2022/11/01 17:10:42, 0.00970505380313334786, 103.03909903901229893158
2022/11/01 18:25:51, 0.00970538001745059048, 103.03563571977267418236
2022/11/01 18:48:12, 0.0097108177297317222, 102.9779394312271470728
2022/11/01 18:58:10, 0.00971299324013824425, 102.9548744940511335275
2022/11/01 19:15:23, 0.00971299324014864817, 102.95487449394085503006
2022/11/01 19:18:24, 0.00971246461402112687, 102.96047808054590735439
2022/11/01 19:19:20, 0.00972684278464820902, 102.80828241392893311857
2022/11/01 19:22:55, 0.00971670637409250645, 102.91553140540332333779
2022/11/01 19:37:16, 0.00971736958293856695, 102.90850743762659901886
2022/11/01 19:52:55, 0.00971736958293862366, 102.90850743762599848836
2022/11/01 19:56:21, 0.0097400652346360674, 102.66871688332839932068
2022/11/01 21:05:28, 0.00975589973226712101, 102.50207848001481917682
2022/11/01 21:07:06, 0.00975589973226715013, 102.50207848001451318249
2022/11/01 21:42:09, 0.00971815636892051281, 102.90017592205911603069
2022/11/01 21:45:18, 0.0097204241776402754, 102.87616895364327888131
2022/11/01 21:46:44, 0.00983193192120044342, 101.70941052223067138453
2022/11/01 21:50:59, 0.0098341816125749739, 101.68614322937654545932
2022/11/01 22:03:56, 0.01000513220506622215, 99.9487042753555680352
2022/11/01 22:06:15, 0.00995310807379029074, 100.47112847426213185315
2022/11/01 22:07:00, 0.00995310807379267135, 100.47112847423810090664
2022/11/01 22:08:42, 0.0099285832541825419, 100.71930449681602751224
2022/11/01 22:13:11, 0.00992858325418724666, 100.71930449676830060709
2022/11/01 22:24:35, 0.00985088639836675058, 101.513707453351325155
2022/11/01 22:53:55, 0.009850141388898973, 101.52138538102525515904
2022/11/01 22:56:46, 0.00984768636415493661, 101.5466946266635487468
2022/11/01 23:00:54, 0.00984768636415498481, 101.54669462666305168512
2022/11/01 23:36:19, 0.00984743194635998108, 101.54931818235529308483
2022/11/01 23:49:18, 0.0098472105601740471, 101.55160122648227787928
2022/11/01 23:55:21, 0.0098472105601740515, 101.5516012264822325035
2022/11/02 00:45:53, 0.00984602721486724643, 101.56380621110064219208
2022/11/02 01:03:09, 0.00984602721486954612, 101.56380621107692042726
2022/11/02 01:48:58, 0.00990120899109865086, 100.99776713116715219399
2022/11/02 01:52:01, 0.00995654473556820756, 100.43644924605777410554
2022/11/02 02:10:13, 0.00995987448695239082, 100.40287167373619318122
2022/11/02 02:41:45, 0.00994658741002369865, 100.53699412446197052552
2022/11/02 03:05:23, 0.00989150883492844873, 101.09681108192970695297
2022/11/02 03:08:04, 0.00989150883493442061, 101.09681108186867098055
2022/11/02 03:13:24, 0.0099048673545398148, 100.96046359890505681945
2022/11/02 03:14:41, 0.00990707784777193082, 100.93793703507605995202
2022/11/02 05:21:49, 0.00990571532388837356, 100.9518209743444967683
2022/11/02 06:43:11, 0.00990329562218947235, 100.97648683327043551626
2022/11/02 07:10:50, 0.00992275250043443168, 100.77848862563271949784
2022/11/02 07:21:23, 0.00994488687541645487, 100.55418553548138970194
2022/11/02 07:22:09, 0.01000519170754801937, 99.94810986436069292622
2022/11/02 07:22:55, 0.0099829228061206737, 100.17106406821913948628
2022/11/02 07:29:28, 0.00998292280612054943, 100.17106406822038645647
2022/11/02 07:31:56, 0.00995856661344082819, 100.41605773368277928733
2022/11/02 08:06:39, 0.00995856661344086782, 100.41605773368237968508
2022/11/02 08:18:46, 0.00995636116499846837, 100.43830104471243678806
2022/11/02 08:29:00, 0.00994923274619382557, 100.51026300320088432097
2022/11/02 08:29:52, 0.00995034138539048265, 100.49906443091920695731
2022/11/02 08:46:35, 0.00993290195794255519, 100.67551298041144783396
2022/11/02 08:54:18, 0.00993033760220480616, 100.70151087088647299771
2022/11/02 09:02:20, 0.00993254944794714994, 100.67908599304069584215
2022/11/02 09:05:35, 0.00993002655160490898, 100.70466526984040925819
2022/11/02 09:48:57, 0.00993002655161113655, 100.70466526977725284866
2022/11/02 10:42:54, 0.0099302252629272107, 100.7026500932791654514
2022/11/02 11:01:28, 0.00993221604120409962, 100.68246561003804757415
2022/11/02 11:04:03, 0.00993074522597265317, 100.69737741177992783261
2022/11/02 12:38:31, 0.00992966897761645345, 100.70829171185955293474
2022/11/02 14:16:34, 0.00995179931737415033, 100.48434138479560648488
2022/11/02 15:16:12, 0.00995175703082027268, 100.48476835829412224908
2022/11/02 15:30:02, 0.00995641394654706368, 100.43776859506782748693
2022/11/02 16:31:30, 0.00995641394655057621, 100.43776859503239400458
2022/11/02 16:35:15, 0.00995418738187132498, 100.46023463665260572649
2022/11/02 17:00:08, 0.01000961856128535841, 99.90390681496535200464
2022/11/02 17:10:40, 0.01000961856128543525, 99.90390681496458504044
2022/11/02 17:31:21, 0.01011943630568328049, 98.81973360891453368156
2022/11/02 18:05:16, 0.01009777660224976213, 99.03170166957369886544
2022/11/02 18:25:32, 0.01009777660225390595, 99.03170166953305920983
2022/11/02 18:29:49, 0.01009260986926188147, 99.08239919642653890577
2022/11/02 18:37:02, 0.01009260986927055232, 99.08239919634141435412
2022/11/02 19:11:24, 0.01009031075592897557, 99.10497547485433209644
2022/11/02 19:18:57, 0.01009031075592905655, 99.1049754748535366922
2022/11/02 19:22:17, 0.0100885001363119518, 99.12276220333873384059
2022/11/02 19:26:20, 0.01008850013630992343, 99.12276220335866319822
2022/11/02 20:06:58, 0.01005034889539498789, 99.49903335775678929998
2022/11/02 20:20:46, 0.01006714930857571117, 99.33298586802015579747
2022/11/02 20:35:36, 0.01004928404874896876, 99.50957651798981533878
2022/11/02 22:07:51, 0.01004994983299314204, 99.50298425541229141394
2022/11/02 22:15:20, 0.01004782771771925563, 99.52399942492135023073
2022/11/02 22:31:41, 0.01004782771771934328, 99.52399942492048203703
2022/11/03 00:11:07, 0.01004894601345070218, 99.51292390878419462564
2022/11/03 00:12:31, 0.01005050179109242316, 99.49751970456657223005
2022/11/03 01:45:41, 0.01004614961630800027, 99.54062384027124977683
2022/11/03 01:58:31, 0.01004670430506766693, 99.53512810122112610673
2022/11/03 02:12:36, 0.01004670430506773683, 99.53512810122043361663
2022/11/03 02:13:48, 0.01006909958145744613, 99.31374617066361012917
2022/11/03 02:16:13, 0.01006705256439456474, 99.33394045610014851383
2022/11/03 03:26:51, 0.01007827485886089, 99.22333077875852732568
2022/11/03 03:35:56, 0.01007267820075726928, 99.27846200078341335224
2022/11/03 03:38:22, 0.01004069779980686805, 99.59467159934192152569
2022/11/03 03:51:13, 0.01004015441534649309, 99.60006177509464799602
2022/11/03 04:09:06, 0.01003792789069138634, 99.6221541825722961943
2022/11/03 05:08:42, 0.01004901966568944625, 99.51219454911791049648
2022/11/03 05:58:57, 0.01006253770949720741, 99.37850956386296898648
2022/11/03 06:04:01, 0.01006498387967075438, 99.35435684301483319345
2022/11/03 06:13:05, 0.01006532012953559537, 99.35103773456821805585
2022/11/03 06:34:13, 0.01006464962981803417, 99.35765642922630967525
2022/11/03 07:12:48, 0.01006380441435107672, 99.366001049661785513
2022/11/03 07:20:48, 0.01006380441435110455, 99.36600104966151070571
2022/11/03 07:51:39, 0.0100693612391318095, 99.31116545047310371934
2022/11/03 07:57:46, 0.01007019065063639998, 99.3029858810869268097
2022/11/03 07:58:42, 0.01006966568196438131, 99.30816291062017673636
2022/11/03 08:22:35, 0.01006910698248244002, 99.31367317277820431693
2022/11/03 08:24:58, 0.01006910698248253392, 99.31367317277727819929
2022/11/03 09:36:16, 0.01004467139941035213, 99.55527266513691577035
2022/11/03 10:40:54, 0.01002699539084840175, 99.73077288064737387958
2022/11/03 10:59:40, 0.01002302483149807775, 99.77028061004378080828
2022/11/03 11:18:54, 0.01001326713337279882, 99.86750444988547900068
2022/11/03 11:21:16, 0.01001326353758048677, 99.86754031259930613395
2022/11/03 11:41:32, 0.01002648010656680237, 99.73589827850494277518
2022/11/03 13:33:43, 0.01002648010657695818, 99.7358982784039204692
2022/11/03 13:36:49, 0.01002460124632281715, 99.75459127282652485159
2022/11/03 14:06:18, 0.01002515570745075733, 99.74907414722684605731
2022/11/03 14:37:42, 0.00991506635392976304, 100.85661197856304955586
2022/11/03 14:54:09, 0.0099150663539347325, 100.85661197851249991018
2022/11/03 15:00:23, 0.00993258937867348827, 100.67868124571071834007
2022/11/03 15:01:47, 0.00993932602068138795, 100.61044359740654292004
2022/11/03 15:09:10, 0.0099399923766232949, 100.60369888731333449489
2022/11/03 15:22:04, 0.0099003438283357681, 101.00659303749639513774
2022/11/03 15:22:48, 0.00992224157859277504, 100.78367797025813869321
2022/11/03 15:53:20, 0.00992224157859651815, 100.78367797022011865524
2022/11/03 16:13:58, 0.00992444957150010453, 100.7612556037047386142
2022/11/03 18:25:02, 0.0099244495714990673, 100.7612556037152694887
2022/11/03 18:49:25, 0.00992298030855601514, 100.77617499026552746072
2022/11/03 18:53:55, 0.00992594998784600749, 100.74602443337579036708
2022/11/03 19:19:52, 0.00999230224152012928, 100.07703688593290251221
2022/11/03 19:20:59, 0.00997967330867982157, 100.2036809291392263091
2022/11/03 19:21:57, 0.00999184639919109457, 100.08160254354556051932
2022/11/03 19:37:39, 0.00994663263616600883, 100.53653699484132102721
2022/11/03 19:50:52, 0.00994685386193730324, 100.53430098401330821881
2022/11/03 20:10:32, 0.00994563538747622701, 100.54661779168206950435
2022/11/03 20:11:30, 0.00993246770263017166, 100.67991459314733452552
2022/11/03 20:27:18, 0.00993523102129844088, 100.65191215546686328219
2022/11/03 21:18:19, 0.00994173187062170978, 100.58609636768091998501
2022/11/03 21:19:29, 0.00996377924094632207, 100.36352430315625724582
2022/11/03 21:36:46, 0.00998146533422064431, 100.18569082953993830724
2022/11/03 22:07:27, 0.00995165793092769575, 100.48576899857125407578
2022/11/03 22:45:32, 0.00995165793092993521, 100.48576899854864135428
2022/11/03 22:50:42, 0.00994946051411974286, 100.5079620730042015865
2022/11/03 23:40:04, 0.00991466120677532642, 100.8607333265846349622
2022/11/04 01:22:51, 0.0099142422611899288, 100.86499539299918592279
2022/11/04 01:32:11, 0.00993629746522810273, 100.64110937695679066949
2022/11/04 02:02:42, 0.00993695949884372731, 100.63440432824153235149
2022/11/04 02:10:42, 0.0099377330445402067, 100.62657102158729029128
2022/11/04 02:29:40, 0.0099377330445450419, 100.62657102153833047635
2022/11/04 03:32:26, 0.00993773304454508054, 100.62657102153793922616
2022/11/04 03:52:49, 0.00993773304455226746, 100.6265710214651665369
2022/11/04 03:54:16, 0.00994677644009606632, 100.53508350393184916508
2022/11/04 04:35:44, 0.00994677644010650176, 100.53508350382637501651
2022/11/04 05:23:05, 0.00992284427905503751, 100.77755650270378029217
2022/11/04 06:05:48, 0.00992284427905607709, 100.7775565026932221528
2022/11/04 06:56:49, 0.00992284427905609382, 100.77755650269305231786
2022/11/04 07:34:44, 0.00992284427905614893, 100.77755650269249262322
2022/11/04 08:09:28, 0.00992835691476125546, 100.72160062187356728779
2022/11/04 08:16:32, 0.00990590827732684265, 100.94985457202868892412
2022/11/04 09:27:01, 0.0098384892453264532, 101.64162149946211251823
2022/11/04 10:47:07, 0.00984397836283084493, 101.58494494216145085854
2022/11/04 11:10:21, 0.00984397836283948915, 101.58494494207224679945
2022/11/04 11:42:24, 0.009844308289619332, 101.58154037643094189234
2022/11/04 12:25:46, 0.01024807635935254383, 97.57928853519767415353
2022/11/04 12:26:59, 0.01019056883623247841, 98.1299489822892655261
2022/11/04 12:57:09, 0.01018994075463915334, 98.1359974585457780742
2022/11/04 12:58:17, 0.01019062656888788779, 98.12939304959056080207
2022/11/04 12:59:05, 0.01019062656888798516, 98.12939304958962317618
2022/11/04 14:06:31, 0.01017685464038452475, 98.26218761460228114695
2022/11/04 14:26:58, 0.01017685464038460322, 98.26218761460152352185
2022/11/04 14:35:41, 0.01017685464038462188, 98.26218761460134334344
2022/11/04 14:44:37, 0.01017130830238797535, 98.3157692472289298572
2022/11/04 15:38:08, 0.01017041590131879778, 98.32439594435169603882
2022/11/04 15:40:03, 0.01016819981472267656, 98.34582504487040335623
2022/11/04 15:41:11, 0.01013217949595866084, 98.69544853591093416964
2022/11/04 15:42:59, 0.01013217949594998437, 98.69544853599544987682
2022/11/04 15:43:48, 0.01015394064644452645, 98.48393198458935403305
2022/11/04 16:45:25, 0.01014302443973370271, 98.58992314783914975274
2022/11/04 16:56:27, 0.01014239202744512349, 98.59607056146308166529
2022/11/04 17:08:30, 0.01013457741944418093, 98.67209638967303218806
2022/11/04 17:16:20, 0.01013512203602145047, 98.66679418815865862254
2022/11/04 17:59:19, 0.01013947290008045691, 98.62445610876527724629
2022/11/04 18:08:59, 0.01013789511147893845, 98.63980530511898330471
2022/11/04 18:11:33, 0.01013789511147953056, 98.63980530511322225167
2022/11/04 18:15:16, 0.01013142686183724056, 98.70278033262722958202
2022/11/04 18:40:30, 0.01013142686184185289, 98.70278033258229516727
2022/11/04 19:06:50, 0.01013142686184418786, 98.7027803325595473418
2022/11/04 19:10:13, 0.0102536495753222196, 97.52625079042406521266
2022/11/04 19:16:17, 0.010253649575322257, 97.52625079042370947878
2022/11/04 19:44:11, 0.01024216882361329166, 97.63557086605551634101
2022/11/04 20:54:15, 0.01024434367172056189, 97.61484308267526333764
2022/11/04 20:59:33, 0.01024434367172066471, 97.61484308267428362331
2022/11/04 21:31:39, 0.01018338360978160575, 98.19918784552653593457
2022/11/04 22:08:14, 0.01018320696153249542, 98.20089130836122999338
2022/11/04 22:58:12, 0.01018210301409297943, 98.21153828594218807688
2022/11/04 23:16:47, 0.01018318715847154413, 98.20108227786869243692
2022/11/04 23:17:35, 0.01018230398888573614, 98.20959982058357379011
2022/11/05 00:05:42, 0.01018213321538806168, 98.2112469800256859423
2022/11/05 00:06:45, 0.0102043130269856196, 97.99777773922352719188
2022/11/05 00:30:35, 0.0102031115027347407, 98.00931801362456236301
2022/11/05 01:13:00, 0.01019553090519853968, 98.08219005938335622759
2022/11/05 01:33:46, 0.01021775448070240523, 97.86886168469144888507
2022/11/05 01:46:29, 0.01021674521266631116, 97.87852972590919527528
2022/11/05 02:15:16, 0.01021674521266752476, 97.87852972589756870675
2022/11/05 02:35:58, 0.01022763694871393361, 97.77429576494150346863
2022/11/05 03:41:36, 0.01020411361162311716, 97.99969287493409406947
2022/11/05 03:54:23, 0.01018669381546131245, 98.16727763842327803186
2022/11/05 04:49:20, 0.01015113699546517326, 98.5111323437690691474
2022/11/05 05:31:43, 0.01015008289572584308, 98.52136285715417797003
2022/11/05 06:06:18, 0.0101479796335182262, 98.54178231665485908258
2022/11/05 06:45:54, 0.01012986609327529329, 98.71798805552321338406
2022/11/05 06:52:48, 0.01013637254887094057, 98.65462177703669058301
2022/11/05 06:54:21, 0.01013767409002967165, 98.64195584897453835452
2022/11/05 07:59:43, 0.01013767409002951836, 98.6419558489760298855
2022/11/05 08:20:48, 0.01013514061040569164, 98.66661336432823107091
2022/11/05 09:28:06, 0.01013514061040579752, 98.6666133643272003299
2022/11/05 09:34:05, 0.01014054673795187893, 98.61401222652156885984
2022/11/05 10:50:24, 0.01003177318058683444, 99.68327453168178806859
2022/11/05 10:53:13, 0.01005867982798057859, 99.41662495492353899444
2022/11/05 10:59:00, 0.01005814823960946397, 99.42187927415432748177
2022/11/05 11:45:23, 0.01005537368184997203, 99.44931254071718924502
2022/11/05 13:46:22, 0.01005537368185056462, 99.44931254071132842432
2022/11/05 13:49:43, 0.00999161637293216733, 100.08390661485507363548
2022/11/05 14:11:55, 0.00998946499109521238, 100.1054611925080943993
2022/11/05 14:18:15, 0.00998741949941525979, 100.12596347420348935582
2022/11/05 14:19:27, 0.00998739250872903223, 100.12623406219339789019
2022/11/05 14:28:28, 0.00999990861092369587, 100.00091389911508086972
2022/11/05 14:36:39, 0.01002153673716077913, 99.78509546264577435274
2022/11/05 14:43:06, 0.01002145174315881959, 99.78594176064896285028
2022/11/05 15:01:56, 0.0100335242779829294, 99.66587734225656462128
2022/11/05 15:16:05, 0.01003352427798706895, 99.6658773422154452743
2022/11/05 15:32:47, 0.0100356809625014262, 99.64445897956751502269
2022/11/05 15:43:58, 0.01003785232318758635, 99.62290416347183224791
2022/11/05 15:45:51, 0.01003732757771400813, 99.62811238922911137253
2022/11/05 15:56:37, 0.01003505468438349053, 99.65067769448189971413
2022/11/05 16:41:07, 0.00999190847077995881, 100.08098081806597626108
2022/11/05 17:04:39, 0.00997693828882348705, 100.23115018364248555766
2022/11/05 17:09:26, 0.01000534466159090455, 99.9465819342393876346
2022/11/05 17:11:13, 0.01000534466159090688, 99.94658193423936432778
2022/11/05 18:53:58, 0.01000286975437928993, 99.97131068933459281437
2022/11/05 19:07:35, 0.01000097806432545203, 99.99022031326175098249
2022/11/05 19:54:42, 0.00999022046271866301, 100.09789110578522364079
2022/11/05 20:05:12, 0.00998700872547378698, 100.13008173801907543057
2022/11/05 20:58:58, 0.00998700872547388086, 100.130081738018134259
2022/11/05 21:58:54, 0.01000859070275343161, 99.91416670929436395475
2022/11/05 23:53:39, 0.0095910824181996885, 104.26351858914656382954
2022/11/05 23:53:39, 0.00983692782645620482, 101.65775510830948754623
2022/11/05 23:55:08, 0.00983906264705089183, 101.63569802045468909534
2022/11/05 23:56:57, 0.0097752946996659486, 102.29870614889728348789
2022/11/06 00:28:34, 0.0097752946996660231, 102.2987061488965038494
2022/11/06 00:53:09, 0.00977529469966959727, 102.29870614885910009303
2022/11/06 00:55:36, 0.00977413630648836585, 102.310830199510303871
2022/11/06 01:16:58, 0.00976997820482513542, 102.35437367773515466358
2022/11/06 01:37:28, 0.00976997820482514447, 102.35437367773505980615
2022/11/06 02:41:54, 0.00977207322872627921, 102.33243003750422603194
2022/11/06 02:52:02, 0.00978059417609062709, 102.24327704390114032268
2022/11/06 03:03:07, 0.00979229640251465045, 102.12109181490882466168
2022/11/06 03:24:17, 0.00979647849427445138, 102.07749658047528705908
2022/11/06 03:28:21, 0.0097985705445694142, 102.05570245694891163995
2022/11/06 03:36:38, 0.00979857054457274351, 102.05570245691423568304
2022/11/06 04:55:54, 0.00979879030577860824, 102.05341361476766197509
2022/11/06 05:15:34, 0.00979879030577868838, 102.05341361476682738123
2022/11/06 06:22:26, 0.00979972733689904516, 102.043655463217486561
2022/11/06 07:40:57, 0.00979972733689906411, 102.04365546321728920681
2022/11/06 12:53:45, 0.00979972733690205506, 102.04365546318614475019
2022/11/06 13:19:34, 0.00983169121058875108, 101.7119006873403430092
2022/11/06 13:23:05, 0.00983382398073154937, 101.68984130277353824648
2022/11/06 13:26:11, 0.00983382398073155013, 101.68984130277353038969
2022/11/06 13:59:59, 0.00983382398073160272, 101.68984130277298658422
2022/11/06 14:00:56, 0.00983382398073976439, 101.68984130268858811771
2022/11/06 14:25:15, 0.00982955213518838435, 101.73403490278500872407
2022/11/06 14:42:15, 0.00983914830605195355, 101.63481318651440908278
2022/11/06 15:32:00, 0.00983810087279211919, 101.6456339419696633678
2022/11/06 16:04:23, 0.00993405746578413436, 100.66380262488908938166
2022/11/06 16:15:12, 0.00993352357875132688, 100.66921290035362655432
2022/11/06 16:28:42, 0.00993253860173560133, 100.6791959333801183075
2022/11/06 16:30:56, 0.00993360470446968947, 100.66839075547706800454
2022/11/06 16:34:49, 0.00989893213306103959, 101.0209976751068730156
2022/11/06 16:49:35, 0.00989495741958872617, 101.06157688160764028766
2022/11/06 17:25:55, 0.00989495741959849152, 101.06157688150790242616
2022/11/06 17:33:34, 0.00990517752137131391, 100.95730216267298630318
2022/11/06 17:56:02, 0.00990730473125680493, 100.9356254930843949231
2022/11/06 18:05:50, 0.00988362862893378512, 101.1774154557521923316
2022/11/06 18:18:37, 0.00988639103137847003, 101.14914500408638352818
2022/11/06 18:25:46, 0.00988423836688176845, 101.17117403305553288331
2022/11/06 18:46:08, 0.00988369295616485099, 101.17675695057487293434
2022/11/06 20:09:41, 0.00988900562622685814, 101.12240176584358637661
2022/11/06 20:23:43, 0.0098879328680232966, 101.13337270259104032706
2022/11/06 20:26:56, 0.00988793286802392958, 101.13337270258456624685
2022/11/06 21:04:37, 0.00988793286802400743, 101.13337270258376996213
2022/11/06 21:06:04, 0.00988793286803159038, 101.1333727025062118328
2022/11/06 21:11:26, 0.00988247470712840662, 101.18922938185533902567
2022/11/06 21:14:39, 0.00987636248438545652, 101.25185275256972972255
2022/11/06 22:21:40, 0.00987955222386756353, 101.2191623001035626804
2022/11/06 22:22:50, 0.00987807169362689474, 101.2343330778999164984
2022/11/06 22:24:49, 0.00985964897503737862, 101.42348906454947394025
2022/11/06 22:28:46, 0.00985702510385735777, 101.45048728836747858843
2022/11/06 23:11:35, 0.00969115727171976397, 103.18685085404077565947
2022/11/06 23:13:45, 0.00968897408723462764, 103.21010160585684482486
2022/11/06 23:15:07, 0.00972446695531371965, 102.83339997917028678149
2022/11/06 23:21:03, 0.00963098824900250273, 103.83150452951405503573
2022/11/06 23:34:32, 0.0096716887154630833, 103.39456008351481627231
2022/11/06 23:39:57, 0.00967781602874643067, 103.32909791110486604687
2022/11/06 23:43:14, 0.00967886860780040278, 103.31786084936405385761
2022/11/06 23:47:15, 0.00968097698554037665, 103.29535970322127565881
2022/11/07 00:14:46, 0.0097219904430030936, 102.85959504513800041362
2022/11/07 00:16:02, 0.00972129649255870843, 102.86693763177194275559
2022/11/07 00:47:27, 0.00977410771616760508, 102.31112946973912138
2022/11/07 01:43:08, 0.00980713427265654985, 101.96658597691664736946
2022/11/07 02:11:37, 0.00980566404427347142, 101.98187450486865485555
2022/11/07 03:19:20, 0.0098056640442735749, 101.98187450486757861042
2022/11/07 03:26:26, 0.00980562118698922246, 101.98232023554706369575
2022/11/07 03:27:32, 0.00980524352350092459, 101.98624823577597752673
2022/11/07 03:51:29, 0.00980712315331184106, 101.96670158692791480242
2022/11/07 04:09:30, 0.00980582779571044151, 101.98017146879225336409
2022/11/07 05:09:09, 0.00980645294555475657, 101.97367035277498457693
2022/11/07 05:24:43, 0.00980557966256295108, 101.98275210775486122495
2022/11/07 07:07:14, 0.00980663898753325188, 101.97173580788034984817
2022/11/07 07:10:38, 0.00978838051973328588, 102.1619457870491566391
2022/11/07 07:15:36, 0.00989431245328316346, 101.06816463716755725423
2022/11/07 07:29:19, 0.00990489893728938891, 100.96014167648475570867
2022/11/07 07:40:57, 0.009904898937292721, 100.96014167645079184689
2022/11/07 07:58:07, 0.0098967125391361557, 101.04365424837185220932
2022/11/07 08:33:54, 0.00989517177160474681, 101.05938765708008220527
2022/11/07 08:47:05, 0.0099018816464843717, 100.99090614308104640881
2022/11/07 08:55:12, 0.00990086596428408809, 101.00126631421456778818
2022/11/07 09:01:47, 0.00987984219940606878, 101.2161914954588501278
2022/11/07 09:23:47, 0.00988250187882768217, 101.18895116452288614487
2022/11/07 09:35:56, 0.00988250187882776345, 101.18895116452205385423
2022/11/07 09:52:16, 0.00988199959095106378, 101.19409445388956570758
2022/11/07 10:01:32, 0.0098808983231512955, 101.20537296259435284361
2022/11/07 12:08:01, 0.0098804885961220993, 101.20956977699267433835
2022/11/07 12:25:07, 0.00988048859612471409, 101.20956977696589013883
2022/11/07 12:49:19, 0.00988261357869111895, 101.18780745977956201388
2022/11/07 12:51:37, 0.00988261357869118809, 101.18780745977885409433
2022/11/07 13:12:53, 0.00988898920951945565, 101.12256963910610633978
2022/11/07 13:34:56, 0.00988830124319434399, 101.12960511677911361849
2022/11/07 14:11:54, 0.00988771152231308456, 101.13563666813619989391
2022/11/07 14:25:55, 0.00988983705090469119, 101.11390054788851602889
2022/11/07 14:45:40, 0.00991095629550385222, 100.89843706138168360603
2022/11/07 15:13:02, 0.00990445684874661789, 100.96464806412350451113
2022/11/07 15:43:27, 0.00990053768058893442, 101.00461533120642648572
2022/11/07 16:34:49, 0.00990053768058981362, 101.00461533119745694605
2022/11/07 16:53:37, 0.00990053768059702397, 101.00461533112389741916
2022/11/07 17:15:38, 0.00989817984876540289, 101.0286755018630733933
2022/11/07 17:20:12, 0.00989285508215731047, 101.08305354675553081972
2022/11/07 17:27:38, 0.00989232583159496131, 101.08846160385396599493
2022/11/07 17:52:24, 0.00988805885317045472, 101.13208414807981306001
2022/11/07 18:05:44, 0.00988796574629828013, 101.13303642605822845425
2022/11/07 18:18:50, 0.00989009269995848198, 101.11128685418670954885
2022/11/07 18:23:47, 0.00989301699096455793, 101.08139922465665698004
2022/11/07 18:25:19, 0.00988569273441660982, 101.15628988938159490205
2022/11/07 18:46:57, 0.00988569273441665892, 101.15628988938109244222
2022/11/07 18:54:35, 0.00988569273442516478, 101.15628988929405544135
2022/11/07 19:09:33, 0.00988526846733144018, 101.16063142895634436823
2022/11/07 19:20:10, 0.00988516737689664024, 101.16166594580627562109
2022/11/07 19:48:29, 0.00988516737690699291, 101.16166594570032967621
2022/11/07 19:53:35, 0.00988473498005450595, 101.16609115143781490816
2022/11/07 19:56:51, 0.00988451469351810741, 101.16834574142141246517
2022/11/07 21:07:21, 0.00988955512563699786, 101.11678303988308325818
2022/11/07 21:33:52, 0.00987487193881626165, 101.26713603942430390937
2022/11/07 21:41:57, 0.00985903113158943156, 101.42984504794683649578
2022/11/07 22:04:00, 0.00986115499080947106, 101.40799946172564512841
2022/11/07 22:35:30, 0.00985696735914600721, 101.45108161204649587765
2022/11/07 22:37:34, 0.00985649899383481068, 101.45590240769007797679
2022/11/07 22:59:55, 0.00990220540217213629, 100.98760421397047165731
2022/11/07 23:03:09, 0.0099051518019516926, 100.95756430537105642422
2022/11/07 23:33:21, 0.00989770470856368272, 101.03352539248629474688
2022/11/08 01:38:08, 0.0099188547387264658, 100.81809103380369568682
2022/11/08 02:32:25, 0.00991885473872647059, 100.81809103380364695845
2022/11/08 03:08:30, 0.009926520532083365, 100.74023387831761451902
2022/11/08 03:10:57, 0.009926520532083372, 100.7402338783175435534
2022/11/08 03:17:52, 0.0099252526542473893, 100.75310270031890321017
2022/11/08 03:55:52, 0.00990216253261615882, 100.98804142086720980664
2022/11/08 04:30:54, 0.00991992558234909393, 100.80720784633087942456
2022/11/08 07:58:03, 0.00991193038220290401, 100.88852135155455678018
2022/11/08 09:34:13, 0.00991161361717728789, 100.89174564542683938013
2022/11/08 10:49:32, 0.00991016834098610059, 100.90645946590409593355
2022/11/08 11:21:04, 0.0099093197481341645, 100.91510067462410599371
2022/11/08 13:54:51, 0.00985657119032400661, 101.45515927300149273639
2022/11/08 14:59:51, 0.00986293598585926793, 101.38968775968174276655
2022/11/08 15:15:50, 0.00982854336235657884, 101.74447658541246132315
2022/11/08 15:27:37, 0.0098073088261413573, 101.96477114440431252911
2022/11/08 15:37:02, 0.00980836682394273351, 101.95377252397901700432
2022/11/08 15:45:36, 0.00978715414256628679, 102.17474716688075951757
2022/11/08 16:10:27, 0.00976866478912909561, 102.36813541937012853143
2022/11/08 16:12:44, 0.00976866478911976145, 102.36813541946794343542
2022/11/08 16:35:39, 0.0097897936308414579, 102.14719918606164041024
2022/11/08 16:46:03, 0.00979186977203183797, 102.12554121749695694872
2022/11/08 17:36:39, 0.00975716770495489086, 102.48875803294632204463
2022/11/08 20:23:20, 0.00973401888792292164, 102.73249019895660304319
2022/11/08 20:30:30, 0.00977574549711067493, 102.2939887597892750303
2022/11/08 20:46:53, 0.00979734936687283759, 102.06842305544775479247
2022/11/08 21:06:51, 0.00979734936688314952, 102.068423055340325477
2022/11/08 21:15:59, 0.00978882553045136678, 102.15730139322337968918
2022/11/08 22:05:12, 0.00978825424665039806, 102.16326372419333773261
2022/11/08 22:18:26, 0.00980941293969638262, 101.94289975837755245648
2022/11/08 22:49:11, 0.00991439274837245318, 100.86346439767175967969
2022/11/08 22:55:44, 0.00988212612200247231, 101.1927987615446687068
2022/11/08 23:00:25, 0.00988297606734134492, 101.18409608463350358066
2022/11/08 23:01:22, 0.0098578864321823466, 101.44162309837233731809
2022/11/09 00:09:54, 0.00985788643218234735, 101.44162309837232954843
2022/11/09 00:21:44, 0.00980460956104146878, 101.99284262919467426737
2022/11/09 00:40:26, 0.00980460956104153891, 101.99284262919394472318
2022/11/09 01:46:08, 0.00981502428798335262, 101.8846179753535125977
2022/11/09 01:51:40, 0.00981576543386019662, 101.87692510972473783319
2022/11/09 02:55:09, 0.00981576543386386509, 101.87692510968666310833
2022/11/09 03:09:01, 0.00981545192806914254, 101.88017906137472204323
2022/11/09 03:54:25, 0.00984702951606630192, 101.55346831939635367962
2022/11/09 04:50:50, 0.00984669474723532001, 101.55692094352497190974
2022/11/09 05:40:40, 0.00984785845332249527, 101.54492012043669077082
2022/11/09 06:01:26, 0.00984735567870115419, 101.55010468068092855706
2022/11/09 06:14:27, 0.00982140375747104872, 101.81843906369387181302
2022/11/09 06:37:44, 0.00979851436661220119, 102.05628757431175456993
2022/11/09 06:41:01, 0.00979851436661229854, 102.05628757431074060307
2022/11/09 06:59:40, 0.0098189605730947556, 101.84377384507802445662
2022/11/09 07:24:41, 0.009782469777297931, 102.22367385388594784068
2022/11/09 07:34:20, 0.00978021688712224075, 102.24722125709861294487
2022/11/09 07:59:00, 0.00978021688712224947, 102.24722125709852175538
2022/11/09 08:00:51, 0.009772367036084001, 102.32935340102838031788
2022/11/09 09:44:25, 0.00976246331284959703, 102.43316342953884680103
2022/11/09 11:57:28, 0.00973767393771529975, 102.6939294123278938333
2022/11/09 12:24:49, 0.00974505581639526122, 102.61613877240001025404
2022/11/09 13:07:48, 0.00974611059821451216, 102.60503304602351203294
2022/11/09 14:00:51, 0.00974403798065600938, 102.62685777551493278178
2022/11/09 15:37:52, 0.00974467080969496068, 102.62019308082744705865
2022/11/09 17:16:52, 0.00973867984485235242, 102.68332216800181139103
2022/11/09 17:50:07, 0.00973940084523879901, 102.67572060029336839905
2022/11/09 18:01:07, 0.00974045532013032151, 102.66460520929945536754
2022/11/09 18:12:19, 0.00974045532013944578, 102.66460520920328539482
2022/11/09 18:41:28, 0.0097408771799001416, 102.66015899096383839976
2022/11/09 19:06:53, 0.00973726258835243456, 102.69826770371631894476
2022/11/09 19:32:03, 0.00971954439165603313, 102.88548101683377723688
2022/11/09 19:40:24, 0.00972144079054147326, 102.8654107499122185584
2022/11/09 20:02:19, 0.00962990913310888752, 103.84313976150295805487
2022/11/09 20:15:50, 0.00961662828824451053, 103.98655017397446827698
2022/11/09 20:21:01, 0.00961914338442174925, 103.95936104035053623758
2022/11/09 20:27:48, 0.00961756481423920689, 103.9764243147556627851
2022/11/09 20:32:21, 0.00961650745258024737, 103.98785681091377992806
2022/11/09 21:35:35, 0.00961713619159178754, 103.98105840221903381118
2022/11/09 22:41:35, 0.00961929814029821268, 103.95768853557942623394
2022/11/09 23:02:44, 0.00962334363162908822, 103.91398647693462331779
2022/11/09 23:38:51, 0.00962334363163674362, 103.91398647685195939186
2022/11/09 23:42:00, 0.00960560238468518571, 104.10591235739288088654
2022/11/10 00:07:00, 0.00963677391438810985, 103.76916682739208284394
2022/11/10 00:25:39, 0.00963634565740517685, 103.77377852065080472522
2022/11/10 01:13:10, 0.00965776902422151286, 103.5435821142561800559
2022/11/10 01:15:16, 0.00965776902422156786, 103.5435821142555904421
2022/11/10 02:23:15, 0.00966121196001126073, 103.5066826128131484557
2022/11/10 03:44:38, 0.00966056858120510525, 103.51357599650260399487
2022/11/10 03:55:15, 0.00966056858120899441, 103.51357599646093145821
2022/11/10 03:57:48, 0.00964824762072120063, 103.64576442382503954669
2022/11/10 04:46:29, 0.00962599032114120467, 103.88541507295484989956
2022/11/10 04:56:46, 0.00962468444430469589, 103.89951024230610565015
2022/11/10 05:39:42, 0.00962369857854038748, 103.9101538601667802428
2022/11/10 07:49:44, 0.00961926086372421076, 103.95809139256861338985
2022/11/10 07:51:20, 0.00964023485887466435, 103.73191261822984459258
2022/11/10 07:52:28, 0.00963261745376059406, 103.81394307417428917082
2022/11/10 08:14:01, 0.00963240707868711203, 103.81621040628808783791
2022/11/10 09:18:22, 0.00963321779191118766, 103.80747343215671633513
2022/11/10 09:23:18, 0.009633217791911249, 103.8074734321560553168
2022/11/10 10:04:55, 0.00963321779192025543, 103.80747343205900213728
2022/11/10 10:12:00, 0.00954353887506785573, 104.78293357325375567991
2022/11/10 10:25:35, 0.00954353887506787027, 104.78293357325359608145
2022/11/10 10:49:17, 0.00954353887506986542, 104.78293357323169030991
2022/11/10 10:54:35, 0.00951116840936643333, 105.13955351849488663289
2022/11/10 10:56:03, 0.00953184360101106045, 104.91149895639581541936
2022/11/10 11:15:02, 0.00963324115655936822, 103.80722165551624435504
2022/11/10 11:19:58, 0.00973626449818432559, 102.7087955741635544344
2022/11/10 11:52:05, 0.00973839143972979115, 102.68636316263610413803
2022/11/10 11:59:43, 0.00973839143972980205, 102.68636316263598918965
2022/11/10 12:21:00, 0.00984309837064247821, 101.59402683432981393838
2022/11/10 12:31:03, 0.00986451260682946671, 101.37348289338422797068
2022/11/10 13:26:53, 0.00986451260682953818, 101.37348289338349346983
2022/11/10 13:30:46, 0.00986451260683212446, 101.3734828933569153151
2022/11/10 14:16:35, 0.00982070577409753823, 101.82567556779225259637
2022/11/10 14:45:23, 0.00982042159725949785, 101.82862213156526378673
2022/11/10 14:46:14, 0.00977767204133883843, 102.27383325725372371374
2022/11/10 14:55:17, 0.00988265661766680144, 101.18736678681548872497
2022/11/10 15:03:39, 0.00988265661767710579, 101.1873667867099837037
2022/11/10 15:04:35, 0.00989112940531695686, 101.10068921577873578293
2022/11/10 15:06:59, 0.00988863457764081969, 101.12619615463381104594
2022/11/10 15:09:10, 0.00992626725123963976, 100.74280438853942942836
2022/11/10 15:11:19, 0.00992412588411141395, 100.76454205412751742488
2022/11/10 15:15:00, 0.00989333556404792628, 101.07814432515246887774
2022/11/10 15:27:45, 0.0098971819730632026, 101.03886163977416456569
2022/11/10 16:17:18, 0.00989718197307078052, 101.03886163969680273678
2022/11/10 16:35:10, 0.00990779840031968937, 100.93059624302948688107
2022/11/10 16:35:41, 0.00990779840031972934, 100.93059624302907970199
2022/11/10 16:41:18, 0.01001467786064276004, 99.85343651740967746922
2022/11/10 16:42:08, 0.00999277393244136946, 100.07231292939762438383
2022/11/10 16:59:52, 0.01010103401631372935, 98.99976560666409186489
2022/11/10 17:01:25, 0.01006164587214218731, 99.38731820891384126239
2022/11/10 17:18:40, 0.01004214658150961638, 99.58030306401601473475
2022/11/10 18:07:34, 0.00999206831303407558, 100.07937983125653770383
2022/11/10 18:42:04, 0.01002522233110726912, 99.74841125439176816282
2022/11/10 19:30:35, 0.01002543696471935861, 99.74627575028525787774
2022/11/10 19:37:13, 0.01002758342717194658, 99.72492448083550015187
2022/11/10 19:39:57, 0.0100297301190353304, 99.70358006962813598597
2022/11/10 19:41:44, 0.01002973248052246875, 99.70355659455315870879
2022/11/10 19:47:02, 0.0100297539486003692, 99.70334318515838263263
2022/11/10 19:51:47, 0.01002986128933469031, 99.70227614846036321048
2022/11/10 19:54:15, 0.01003737656803287242, 99.62762612541697747979
2022/11/10 19:57:40, 0.01003802524049919858, 99.62118803660920503088
2022/11/10 19:59:18, 0.01003470369313769355, 99.65416324986829533216
2022/11/10 20:09:30, 0.01003277149849632104, 99.6733554780826741419
2022/11/10 20:57:35, 0.01003277149849642651, 99.6733554780816262463
2022/11/10 21:03:57, 0.00994717513879651079, 100.53105389687428776527
2022/11/10 22:52:01, 0.0098898353993637214, 101.11391743328070168478
2022/11/10 23:28:29, 0.00989015509626252692, 101.11064895007544705599
2022/11/10 23:32:18, 0.00989228654091899006, 101.08886311203641498163
2022/11/10 23:33:44, 0.00989228654091902092, 101.08886311203609963937
2022/11/10 23:39:16, 0.00975463462366252586, 102.51537229023702767144
2022/11/10 23:40:26, 0.00975463462366003921, 102.51537229026316090426
2022/11/10 23:47:33, 0.00962187291414831901, 103.92986988318740379554
2022/11/10 23:53:44, 0.00957199282666337319, 104.47145313507116905779
2022/11/10 23:54:03, 0.00960322081751591099, 104.13173028116128301241
2022/11/10 23:59:45, 0.00960385051238179034, 104.12490268468332418758
2022/11/11 00:08:37, 0.00962905523402814942, 103.85234851141955929074
2022/11/11 00:15:20, 0.00962905523402800207, 103.85234851142114856551
2022/11/11 00:31:14, 0.00962773814271027033, 103.86655569326624368001
2022/11/11 01:13:05, 0.00962834382653425357, 103.86002182889977864644
2022/11/11 02:25:10, 0.00962834382653432016, 103.86002182889906036788
2022/11/11 04:30:06, 0.00962834382653439208, 103.86002182889828460606
2022/11/11 04:51:25, 0.00962938883328436025, 103.84875066457600835607
2022/11/11 05:57:05, 0.00973112036337664578, 102.76309023609748513619
2022/11/11 06:15:46, 0.00972192631127757264, 102.86027356944536736029
2022/11/11 06:20:25, 0.00972282018212413281, 102.85081707450967221717
2022/11/11 06:26:54, 0.0097330682931329957, 102.74252372250725414591
2022/11/11 07:22:50, 0.00976120232265660921, 102.44639614516667044317
2022/11/11 07:29:46, 0.00975350055956124436, 102.52729201104228238272
2022/11/11 09:20:48, 0.00974315269773254668, 102.63618266320743930398
2022/11/11 09:35:35, 0.00974372796179849601, 102.63012308231767718262
2022/11/11 09:38:23, 0.00974372796179857391, 102.63012308231685672923
2022/11/11 09:54:08, 0.00963666249473728521, 103.77036661251899636185
2022/11/11 09:54:49, 0.00963633161610561728, 103.77392973158549297663
2022/11/11 09:57:07, 0.0096690774902396887, 103.42248275592326436953
2022/11/11 10:13:51, 0.00967117176098278653, 103.40008684721982308919
2022/11/11 10:15:16, 0.00967117176098282779, 103.400086847219381984
2022/11/11 11:45:26, 0.00967117176098292439, 103.40008684721834914353
2022/11/11 12:29:18, 0.00966503285898482206, 103.46576308536587432869
2022/11/11 13:56:47, 0.00963345505703845589, 103.80491672812379732523
2022/11/11 14:33:11, 0.00967397209858203366, 103.37015548624286404837
2022/11/11 14:38:24, 0.00967073473240483092, 103.40475958348710040807
2022/11/11 14:56:35, 0.00967479844619983717, 103.36132639463821295847
2022/11/11 16:22:27, 0.00967490317216411899, 103.36020756022886496697
2022/11/11 17:11:23, 0.00967909267548347779, 103.31546907624265161255
2022/11/11 18:41:43, 0.00954862303042814905, 104.72714199873080274569
2022/11/11 18:45:00, 0.0095486230304357467, 104.72714199864747342562
2022/11/11 18:46:31, 0.00942075772299103695, 106.14857418098484890397
2022/11/11 18:51:06, 0.00930499535402338052, 107.46915629222863499051
2022/11/11 19:07:04, 0.00930363316163801621, 107.48489139955922396593
2022/11/11 19:10:24, 0.00942036714486794548, 106.15297521018412284915
2022/11/11 19:29:00, 0.00929506444744361993, 107.583977029338998852
2022/11/11 19:37:27, 0.00915142542127267451, 109.27259459225659669878
2022/11/11 19:38:30, 0.00909689407165113982, 109.92762937806684977825
2022/11/11 19:42:05, 0.00909750341051051171, 109.9202665694724281027
2022/11/11 21:29:10, 0.00900439896744217364, 111.05682940258077948196
2022/11/11 21:29:45, 0.00900864497422410727, 111.00448545383236988614
2022/11/11 21:59:01, 0.00900864497422579843, 111.0044854538115313811
2022/11/11 22:01:11, 0.00900472812974861021, 111.05276978838866204578
2022/11/11 22:04:14, 0.00900223981487893941, 111.08346595557206115182
2022/11/11 22:05:08, 0.00893802064431177754, 111.88159434789484379154
2022/11/11 22:16:43, 0.00893888160142575052, 111.87081836283636679936
2022/11/11 22:37:12, 0.00893909684716734704, 111.86812461002518107532
2022/11/11 22:58:04, 0.00893974259992956459, 111.86004393547963094062
2022/11/11 23:12:24, 0.00896130197793879113, 111.59092757523747786838
2022/11/11 23:14:51, 0.00895927414765559796, 111.61618491847056740952
2022/11/11 23:17:17, 0.00905688568815232865, 110.41322971627428823417
2022/11/11 23:34:08, 0.00915610036651607194, 109.21680191023326239635
2022/11/12 00:12:49, 0.00914978791572404054, 109.29215072641036758822
2022/11/12 03:44:11, 0.00914446667161092098, 109.35574877258932916664
2022/11/12 03:51:38, 0.00920466456448918496, 108.64056946278250796416
2022/11/12 04:15:14, 0.00920521142400353549, 108.6341153873334355222
2022/11/12 05:21:38, 0.00920216633064704947, 108.67006355553291683332
2022/11/12 07:50:01, 0.0091942669053229174, 108.76342946070678558853
2022/11/12 07:54:35, 0.00919426690532300093, 108.76342946070579738198
2022/11/12 09:34:08, 0.00919385933155411085, 108.76825106165313510662
2022/11/12 10:25:12, 0.00919385933155420236, 108.76825106165205246815
2022/11/12 10:51:35, 0.00919493802448870695, 108.75549104699984385894
2022/11/12 11:41:56, 0.0091989126862521444, 108.70850002680303303441
2022/11/12 12:26:09, 0.00919891268625218804, 108.70850002680251726978
2022/11/12 12:41:54, 0.00919891268625513707, 108.70850002676766703154
2022/11/12 13:28:20, 0.00919891268625827698, 108.70850002673056104653
2022/11/12 14:04:54, 0.00918832867207485824, 108.83372109219352264365
2022/11/12 14:14:33, 0.00918832867207491408, 108.8337210921928611597
2022/11/12 14:25:24, 0.00919050616748567859, 108.80793525146810511064
2022/11/12 14:43:14, 0.00913085036921613258, 109.5188245961638991121
2022/11/12 16:44:14, 0.00913626904942362954, 109.45386947236256981696
2022/11/12 16:55:55, 0.00914711122712536304, 109.32413252334170997694
2022/11/12 17:04:49, 0.00914711122712481057, 109.32413252334831288152
2022/11/12 17:08:16, 0.00914332330094281692, 109.36942368612128778604
2022/11/12 17:51:55, 0.00913891003232901998, 109.42223924543367221521
2022/11/12 18:15:03, 0.00912901688937237713, 109.54082045397007962149
2022/11/12 18:47:20, 0.00912683092075980842, 109.56705659194462513048
2022/11/12 19:20:40, 0.00910928567747065971, 109.77809187313424461778
2022/11/12 19:25:25, 0.00910903068577606274, 109.78116492257737175847
2022/11/12 19:29:04, 0.00916861485067732137, 109.06772901755449964735
2022/11/12 19:32:32, 0.01028588450333323504, 97.22061332459457866405
2022/11/12 19:33:31, 0.01021524396413422568, 97.89291411061793187501
2022/11/12 19:35:12, 0.00989635086845574713, 101.04734697589018041846
2022/11/12 19:39:08, 0.0100025683593244035, 99.97432300153180886084
2022/11/12 19:41:08, 0.00996020379833906956, 100.39955208213276443564
2022/11/12 19:42:14, 0.00996359401633978326, 100.36539007511258276165
2022/11/12 19:43:05, 0.00996359401633980445, 100.3653900751123693973
2022/11/12 19:45:17, 0.00995684472455389826, 100.43342320423737701506
2022/11/12 19:46:44, 0.00990497634848055579, 100.95935263423441729913
2022/11/12 19:48:12, 0.00980061907006369411, 102.03437077301903659849
2022/11/12 19:50:38, 0.00973353864790083387, 102.73755888519158482202
2022/11/12 19:59:57, 0.00973861466774671947, 102.68400939118128992435
2022/11/12 20:02:10, 0.01068090267313235999, 93.62504561674211503426
2022/11/12 20:04:24, 0.01057488711428058659, 94.56365719966651035765
2022/11/12 20:06:10, 0.01057488711427469316, 94.56365719971921110831
2022/11/12 20:08:30, 0.0105389110327859982, 94.88646378065556954729
2022/11/12 20:27:24, 0.01053891103279381131, 94.88646378058522469599
2022/11/12 20:29:17, 0.01038391300585272454, 96.30280987873898611361
2022/11/12 20:36:35, 0.01038391300586008867, 96.30280987867068949039
2022/11/12 20:46:12, 0.01019974320279280909, 98.04168400300394760512
2022/11/12 20:47:40, 0.01026548994958132916, 97.41376251026228921269
2022/11/12 20:52:25, 0.01018029059966803095, 98.22902305289880386151
2022/11/12 21:04:07, 0.01028252570505395813, 97.25237054437807929163
2022/11/12 21:32:01, 0.01028094779442930004, 97.26729675077690075595
2022/11/12 21:45:12, 0.01030224491845896913, 97.0662227422158825327
2022/11/12 21:52:13, 0.01030224491846412822, 97.06622274216727442299
2022/11/12 21:57:46, 0.01030224491846418911, 97.06622274216670071602
2022/11/12 22:40:41, 0.01030637370536715419, 97.02733750855932178906
2022/11/12 22:43:43, 0.01030560894304524379, 97.03453774799513946286
2022/11/12 22:46:33, 0.0103047461398969867, 97.04266232510961061448
2022/11/13 00:00:50, 0.01030410796477155545, 97.048672570092799866
2022/11/13 04:47:33, 0.01030410796477163559, 97.04867257009204509473
2022/11/13 08:22:40, 0.01030410796477702306, 97.04867257004130348442
2022/11/13 08:57:13, 0.01022557003458203237, 97.79405907133613903386
2022/11/13 09:33:53, 0.01021714688882796324, 97.87468173658729940366
2022/11/13 10:02:02, 0.01024800281530625947, 97.5799888058593594611
2022/11/13 11:32:50, 0.01024753047518505743, 97.58448656693955974076
2022/11/13 13:15:46, 0.01025388101312498023, 97.52404954962894324249
2022/11/13 13:18:20, 0.01026023351525788436, 97.46366868872044806996
2022/11/13 13:49:58, 0.01025448373895024144, 97.51831739726086769803
2022/11/13 13:53:40, 0.01020530129992031867, 97.98828771550408184902
2022/11/13 15:32:26, 0.01020530129992032593, 97.98828771550401214351
2022/11/13 16:05:58, 0.01020535273166366345, 97.98779388558981135963
2022/11/13 16:28:31, 0.01020101414713614021, 98.0294689896830163943
2022/11/13 16:35:11, 0.01020101414713939003, 98.02946898965178634871
2022/11/13 16:55:23, 0.01020208207037968491, 98.01920755993130191523
2022/11/13 16:59:27, 0.01020208207037978186, 98.0192075599303705088
2022/11/13 17:42:03, 0.01019565893821156054, 98.08095838241249131824
2022/11/13 17:42:55, 0.01019522482945375722, 98.08513463195281947512
2022/11/13 18:14:07, 0.0101961486794431818, 98.076247359567793151
2022/11/13 18:19:15, 0.01019614867944324368, 98.07624735956719795737
2022/11/13 18:21:30, 0.01019614867944327821, 98.07624735956686581411
2022/11/13 18:38:35, 0.0101991253040541219, 98.04762371166309545517
2022/11/13 19:05:42, 0.01016677255415062315, 98.35963130617555098093
2022/11/13 19:08:12, 0.01016605126446773428, 98.36661000276366149145
2022/11/13 19:09:58, 0.01011472079510247944, 98.86580363979965778118
2022/11/13 19:13:59, 0.01012494572074892179, 98.76596157456062091347
2022/11/13 19:26:01, 0.01012213064981750607, 98.79342942664242350657
2022/11/13 19:54:48, 0.01012213064981757863, 98.79342942664171528602
2022/11/13 20:49:09, 0.01012213064981766409, 98.79342942664088120268
2022/11/13 21:27:19, 0.01012213064981950985, 98.79342942662286632531
2022/11/13 22:14:16, 0.01012145990032026404, 98.79997647062336536597
2022/11/13 22:21:25, 0.01011262817003136987, 98.88626212555563094508
2022/11/13 23:24:03, 0.01010657830456939013, 98.94545610435528010023
2022/11/13 23:44:10, 0.01009108182409389352, 99.09740277919040643871
2022/11/13 23:49:08, 0.01008913589971387071, 99.11651601683352669181
2022/11/14 00:58:53, 0.00999255278715193058, 100.07452763079365246089
2022/11/14 00:58:53, 0.01004415361458750365, 99.56040482571495434813
2022/11/14 01:19:59, 0.01004415361458750729, 99.56040482571491825682
2022/11/14 03:24:07, 0.01004241435952330359, 99.5776477846377479694
2022/11/14 05:17:29, 0.01004241435952336593, 99.57764778463712980093
2022/11/14 06:07:52, 0.01004048521926903094, 99.59678025130364811463
2022/11/14 06:34:55, 0.01004348216921733762, 99.56706082128957399
2022/11/14 07:01:59, 0.01003058988311284846, 99.69503405612915623873
2022/11/14 07:21:28, 0.01006902722186126987, 99.31445987442161147959
2022/11/14 07:59:52, 0.01007479914595640703, 99.25756191391241578045
2022/11/14 08:13:18, 0.0100747991459564595, 99.25756191391189886293
2022/11/14 08:15:53, 0.01006832521724787292, 99.32138448278541715933
2022/11/14 08:26:39, 0.01006832521725408528, 99.32138448272413385654
2022/11/14 09:54:39, 0.01007220291401770093, 99.28314674918617268945
2022/11/14 10:21:35, 0.01007220291402326262, 99.28314674913135035524
2022/11/14 13:05:25, 0.01008199171981581492, 99.18675077212508554188
2022/11/14 13:29:52, 0.01007785428897358666, 99.22747157538516075376
2022/11/14 14:20:17, 0.01008042749716346803, 99.20214200056396890103
2022/11/14 15:42:32, 0.01008042749716352848, 99.20214200056337394308
2022/11/14 16:35:11, 0.01008042749716701975, 99.20214200052901617827
2022/11/14 16:40:42, 0.01006989386859980869, 99.30591255963726214728
2022/11/14 17:32:12, 0.00997203062340848002, 100.28047824608424577221
2022/11/14 18:05:56, 0.01000622234854295935, 99.93781520811532425731
2022/11/14 18:41:13, 0.01000591235306697503, 99.9409114045940768512
2022/11/14 20:08:37, 0.00999892084928931762, 100.01079267179876801341
2022/11/14 20:26:17, 0.00999892084928932713, 100.01079267179867289803
2022/11/14 20:36:41, 0.00999679451462346835, 100.03206513219655171461
2022/11/14 20:41:52, 0.01000655080605508589, 99.93453482441600235314
2022/11/14 23:37:59, 0.01001465297704660334, 99.85368462511693923053
2022/11/15 01:35:45, 0.01001857792976053435, 99.81456520186015662831
2022/11/15 02:18:52, 0.01001857792976053806, 99.81456520186011962056
2022/11/15 02:24:55, 0.00979811079749657737, 102.06049111584863307304
2022/11/15 02:24:55, 0.00992967505494840871, 100.70823007462409532878
2022/11/15 03:25:50, 0.00992967505495551968, 100.70823007455197481546
2022/11/15 03:28:17, 0.00991398230440655048, 100.86764019696924935521
2022/11/15 03:43:12, 0.00991285867187031578, 100.87907364579871252871
2022/11/15 03:48:33, 0.00991285867187542478, 100.87907364574672038052
2022/11/15 03:54:31, 0.0099118399932033478, 100.88944138381071963193
2022/11/15 04:48:10, 0.00991139352847270907, 100.89398600986580640473
2022/11/15 04:52:28, 0.00991039807488825195, 100.90412034344804448959
2022/11/15 05:18:04, 0.0099123413029036831, 100.88433897116353835289
2022/11/15 05:44:45, 0.00985231099053193563, 101.49902910707948029089
2022/11/15 06:02:59, 0.0099491253659081248, 100.51134780416179346111
2022/11/15 06:51:39, 0.01004641238022890188, 99.53802035520420872468
2022/11/15 07:45:23, 0.01005128912075483963, 99.48972594322321231601
2022/11/15 07:57:24, 0.01004117523988046908, 99.58993604934874901134
2022/11/15 08:34:54, 0.01003404866761129346, 99.66066870174550300199
2022/11/15 08:40:59, 0.01003404866761135436, 99.66066870174489816612
2022/11/15 09:25:25, 0.01002713168190371437, 99.72941731729044919809
2022/11/15 12:02:42, 0.0100273560669968131, 99.72718564281515310984
2022/11/15 13:03:28, 0.01002729786614405718, 99.72776448342853080146
2022/11/15 13:54:45, 0.01001948818865690848, 99.80549716422670056123
2022/11/15 14:43:50, 0.01001142213146972412, 99.88590900154114970315
2022/11/15 14:46:07, 0.01001142213146264948, 99.8859090016117347324
2022/11/15 15:40:53, 0.01001726172514476623, 99.82768020225091237348
2022/11/15 15:42:53, 0.01001726172514481809, 99.82768020225039553233
2022/11/15 16:05:47, 0.01003673365311545199, 99.63400789156091947081
2022/11/15 16:30:01, 0.01003673365311980942, 99.63400789151766360411
2022/11/15 16:35:29, 0.01003607848276058063, 99.64051215001402941651
2022/11/15 16:56:39, 0.01003694160767472471, 99.6319435828292814552
2022/11/15 17:03:03, 0.01008616610209489678, 99.14570014787878537055
2022/11/15 17:36:11, 0.01008616610209490506, 99.14570014787870399989
2022/11/15 19:37:48, 0.01008618563580532081, 99.14550813441934626595
2022/11/15 19:46:56, 0.01018409067583007374, 98.19237002409084427005
2022/11/15 20:07:21, 0.01028246788424379432, 97.25291741803900690997
2022/11/15 20:53:41, 0.01024464609302286786, 97.6119614987043382307
2022/11/15 21:12:14, 0.01046527530797770481, 95.55410350625917780208
2022/11/15 21:12:14, 0.010564996294229581, 94.6521865366088935735
2022/11/15 21:19:43, 0.01046557235611278613, 95.55139135949070001011
2022/11/15 21:19:52, 0.01046557235612125441, 95.5513913594133840818
2022/11/15 21:21:03, 0.010423711884013178, 95.93511516120256643753
2022/11/15 21:24:31, 0.01144082958300181704, 87.40624906132221506531
2022/11/15 21:24:31, 0.0112539529700802313, 88.85766651581011839952
2022/11/15 21:25:39, 0.01103934858774540872, 90.58505509193566241102
2022/11/15 21:27:23, 0.01097827969731446311, 91.08895269307291770332
2022/11/15 21:34:38, 0.01097827969731451981, 91.08895269307244725802
2022/11/15 21:40:14, 0.01097799492986791437, 91.09131552605224731378
2022/11/15 21:40:14, 0.01097470163255020973, 91.11865028148636158063
2022/11/15 21:44:28, 0.01099382063211392315, 90.960188769945135171
2022/11/15 21:47:21, 0.01099066257048622441, 90.98632530902640821035
2022/11/15 21:56:56, 0.01098689450784018117, 91.017529956841405483
2022/11/15 22:06:17, 0.01098642273131733634, 91.02143841138125870981
2022/11/15 22:13:05, 0.01098716011901454816, 91.01532963639845672962
2022/11/15 22:20:18, 0.01098716011901461863, 91.01532963639787294975
2022/11/15 22:40:13, 0.01099590885202902777, 90.9429146291508501054
2022/11/15 22:54:37, 0.01099485739790655854, 90.95161163167080950366
2022/11/15 23:03:23, 0.01099600492283411704, 90.94212007157408472927
2022/11/15 23:16:02, 0.01099600492283413815, 90.94212007157391012879
2022/11/16 02:27:19, 0.0109969611268819132, 90.93421250308090954427
2022/11/16 05:19:29, 0.0109766807590627035, 91.10222133174161779813
2022/11/16 05:49:40, 0.01095975419053688759, 91.2429222968743249882
2022/11/16 06:50:02, 0.01095639027400952519, 91.27093641161861249487
2022/11/16 06:56:06, 0.01094984451355004043, 91.32549770570128314029
2022/11/16 09:17:44, 0.01094984451355088128, 91.32549770569427019214
2022/11/16 09:21:16, 0.01094966545373087291, 91.32699115106485768204
2022/11/16 10:56:55, 0.01092708055640412371, 91.51575252311302852345
2022/11/16 12:36:53, 0.01092708055640524857, 91.51575252310360771147
2022/11/16 12:41:01, 0.01094615348531877622, 91.35629254068309702972
2022/11/16 13:20:03, 0.01094723790903737105, 91.34724286703051112966
2022/11/16 15:59:10, 0.01096632838781249837, 91.18822313504277492727
2022/11/16 16:40:53, 0.01096632838781251613, 91.18822313504262729997
2022/11/16 18:23:37, 0.01098543528653955812, 91.02962003019570009795
2022/11/16 18:31:24, 0.01098235355158990957, 91.05516365890720423308
2022/11/16 19:12:41, 0.01092381652564544345, 91.54309738289147140439
2022/11/16 19:36:35, 0.01092270677898960857, 91.55239815862783404321
2022/11/16 20:37:54, 0.01092173392248400939, 91.56055321411480844746
2022/11/16 20:56:20, 0.01094080184139326557, 91.4009790595617041559
2022/11/16 23:20:39, 0.01094175567264185956, 91.39301131539089645172
2022/11/17 00:49:53, 0.01094356806643792265, 91.37787547251899718685
2022/11/17 00:54:41, 0.01094356806643802027, 91.37787547251818207504
2022/11/17 01:05:43, 0.0109435680664420486, 91.37787547248454586015
2022/11/17 01:23:41, 0.0109435680664420935, 91.37787547248417095786
2022/11/17 01:37:46, 0.01094398702012383486, 91.37437737829888860276
2022/11/17 02:45:44, 0.01094545653292709362, 91.36210965634108201333
2022/11/17 04:03:05, 0.01094545653292713453, 91.36210965634074053652
2022/11/17 04:13:29, 0.01104679224985821247, 90.52401614711593556936
2022/11/17 04:21:23, 0.01083404906551491001, 92.30159416418269517087
2022/11/17 04:24:01, 0.01083404906551499828, 92.30159416418194314553
2022/11/17 04:43:32, 0.01083404906551503972, 92.30159416418159010791
2022/11/17 05:17:02, 0.01083782376977243996, 92.26944645373181212936
2022/11/17 06:56:58, 0.01083810689902149652, 92.2670360531582887363
2022/11/17 07:34:41, 0.01083755923599152384, 92.27169865692645612471
2022/11/17 08:03:14, 0.01083061923935709546, 92.33082411078832332653
2022/11/17 08:04:05, 0.01082424664736617553, 92.3851823205937712294
2022/11/17 11:17:41, 0.01082343524652611746, 92.39210816371441138982
2022/11/17 13:09:56, 0.01082061501856922209, 92.41618875488160943313
2022/11/17 15:18:39, 0.01082039121214691552, 92.41810026955450038588
2022/11/17 15:25:05, 0.01082039121214693162, 92.41810026955436281752
2022/11/17 16:52:02, 0.01081863610515529715, 92.43309325502499691996
2022/11/17 17:06:45, 0.01081846187363407281, 92.43458189163872326984
2022/11/17 19:27:39, 0.0107577181758264743, 92.95651583874791634041
2022/11/17 19:41:55, 0.01078509687172595467, 92.7205394530655293115
2022/11/17 20:33:27, 0.01077287304387251675, 92.8257481479175341426
2022/11/17 20:43:34, 0.0107607266445808634, 92.93052718736268813607
2022/11/17 20:48:18, 0.01076072664458089708, 92.9305271873623972036
2022/11/17 20:51:14, 0.01075962746224771639, 92.94002078684397056234
2022/11/17 21:03:17, 0.01076150608282334801, 92.92379638163469626469
2022/11/17 21:04:26, 0.01075948460101389206, 92.94125481677510835153
2022/11/17 21:46:44, 0.01076132563484789899, 92.92535454570268101609
2022/11/17 22:56:43, 0.01066094759561946017, 93.80029223770839250577
2022/11/17 23:09:55, 0.01068790974379553605, 93.56366436201544299541
2022/11/17 23:28:30, 0.01070064483524173066, 93.45231202390521268317
2022/11/17 23:34:12, 0.0107006448352418048, 93.45231202390456522412
2022/11/18 00:30:37, 0.01070227372261972665, 93.43808857051151452773
2022/11/18 00:38:15, 0.01070227372261980915, 93.438088570510794273
2022/11/18 01:34:02, 0.0107018154950506165, 93.44208937843123305629
2022/11/18 02:12:35, 0.01070101413130875518, 93.44908694907947228485
2022/11/18 03:08:32, 0.01070079857984401219, 93.45096934013846394504
2022/11/18 03:27:23, 0.01071100364954941994, 93.36193252460212029268
2022/11/18 03:45:08, 0.01071100364955467579, 93.36193252455630796904
2022/11/18 03:45:51, 0.01071100364955471399, 93.36193252455597494157
2022/11/18 03:49:01, 0.0107048142009088095, 93.41591374048348543507
2022/11/18 04:15:28, 0.0107036840392736962, 93.42577717455265026761
2022/11/18 04:31:29, 0.0107044338073144347, 93.41923337567757370694
2022/11/18 04:33:55, 0.01070518360157455423, 93.41269026464120180762
2022/11/18 04:43:06, 0.01070531481826281686, 93.41154529094670394419
2022/11/18 05:00:37, 0.0107053148182628667, 93.41154529094626905575
2022/11/18 05:42:07, 0.01070718940440574045, 93.39519104691703955871
2022/11/18 06:26:39, 0.01070718940440633713, 93.39519104691183493534
2022/11/18 07:52:17, 0.01071375190474834201, 93.33798363921413290975
2022/11/18 08:18:04, 0.0107072605933421678, 93.39457009403557211303
2022/11/18 08:44:11, 0.01070786462352371787, 93.38930171036496054556
2022/11/18 08:44:55, 0.01071217702908661804, 93.35170594032516317317
2022/11/18 09:11:47, 0.01071217702908795615, 93.35170594031350217094
2022/11/18 09:53:40, 0.01071164547650645607, 93.35633840694888914896
2022/11/18 11:10:43, 0.01071111947786997776, 93.36092292370366143829
2022/11/18 12:40:44, 0.01071111947787737529, 93.36092292363918266177
2022/11/18 12:55:05, 0.01071002596184253668, 93.3704552689955862325
2022/11/18 13:08:28, 0.01071096356797133792, 93.36228189499859544412
2022/11/18 13:14:01, 0.01071096356797134311, 93.36228189499855019012
2022/11/18 13:31:59, 0.01072104333289288905, 93.2745040710666737743
2022/11/18 14:26:44, 0.01072212368332960148, 93.26510582551537638883
2022/11/18 14:51:35, 0.01072156161745395806, 93.26999514437051933947
2022/11/18 14:57:47, 0.01092891414352217311, 91.50039856363257662569
2022/11/18 14:58:50, 0.01083371579108183565, 92.30443361115178131597
2022/11/18 15:11:38, 0.01083280739555589165, 92.31217388857530165148
2022/11/18 15:39:40, 0.01083040620332460606, 92.33264027465842829825
2022/11/18 16:49:42, 0.01073462105457582295, 93.15652549968051578648
2022/11/18 17:25:57, 0.01073180674270127041, 93.18095489187807008265
2022/11/18 17:49:57, 0.0107320087626991319, 93.17920084781006521615
2022/11/18 17:54:30, 0.01073164017950237413, 93.18240113100493216286
2022/11/18 19:21:18, 0.01073030300476584642, 93.19401321247420936277
2022/11/18 21:51:50, 0.01073030300476589982, 93.19401321247374557283
2022/11/18 21:54:47, 0.01073075138953953826, 93.19011909779325193267
2022/11/18 22:00:41, 0.01072849680920301331, 93.20970288607345847287
2022/11/18 22:03:30, 0.01072849680920983662, 93.20970288601417722863
2022/11/18 22:07:21, 0.01072589274336365593, 93.23233262972183251473
2022/11/19 01:24:27, 0.01072639954323359567, 93.22792759764555409834
2022/11/19 03:02:23, 0.01071575164152455932, 93.32056522520591587005
2022/11/19 04:46:45, 0.01071575164153112137, 93.32056522514876877443
2022/11/19 04:58:42, 0.01071686084716673502, 93.31090645488548296924
2022/11/19 05:23:00, 0.01071123270341747071, 93.35993603060693037885
2022/11/19 06:21:14, 0.01071123270342640255, 93.35993603052907976697
2022/11/19 06:24:51, 0.01071088832221047449, 93.36293778046073471262
2022/11/19 06:30:17, 0.01071295184691891569, 93.34495424691035775832
2022/11/19 07:34:33, 0.01070663754504884668, 93.40000497751394834869
2022/11/19 08:21:23, 0.01070663754505598748, 93.40000497745165509485
2022/11/19 08:24:38, 0.01070555942840188844, 93.40941094091695303409
2022/11/19 11:55:00, 0.01080696521032461207, 92.53291562784282331825
2022/11/19 12:01:25, 0.01082581658275282257, 92.3717848308230681585
2022/11/19 12:20:31, 0.01081653526293014183, 92.45104607823423507508
2022/11/19 14:37:52, 0.01081572540331051546, 92.4579686253791599619
2022/11/19 14:39:59, 0.01061758227262514202, 94.1834001680643627966
2022/11/19 15:04:33, 0.01061758227262515103, 94.18340016806428287554
2022/11/19 15:14:58, 0.01062318204153979985, 94.13375352975245267411
2022/11/19 16:13:39, 0.0106241154795171241, 94.12548290989123618525
2022/11/19 17:07:49, 0.01062971696817550169, 94.07588207606258477071
2022/11/19 18:29:13, 0.01064965469348483627, 93.89975814068152825228
2022/11/19 19:06:59, 0.01064772272214108177, 93.91679574080010050425
2022/11/19 20:36:37, 0.01064977870625378494, 93.89866471242054494367
2022/11/19 21:14:16, 0.0106495115699646681, 93.90102010127378093097
2022/11/19 21:46:57, 0.01064951156997159274, 93.90102010121272360756
2022/11/19 21:51:09, 0.01064850470421503199, 93.90989888037207443244
2022/11/19 22:36:53, 0.01064054774151642258, 93.98012435941445410092
2022/11/19 23:08:44, 0.01064054774151645663, 93.9801243594141533766
2022/11/19 23:21:27, 0.01066110990060669752, 93.79886421985880303012
2022/11/20 02:08:30, 0.01066241907147019428, 93.78734725178217726652
2022/11/20 02:11:34, 0.01066241907147019653, 93.78734725178215747071
2022/11/20 02:52:10, 0.01066241907147640527, 93.78734725172754502494
2022/11/20 02:53:48, 0.01065487461272657672, 93.85375580164622267795
2022/11/20 04:00:32, 0.01065487461272738251, 93.85375580163912486959
2022/11/20 07:01:57, 0.01065599675630091692, 93.84387241003030113434
2022/11/20 07:20:51, 0.01065880640334297711, 93.81913529139292539738
2022/11/20 07:44:55, 0.01065235177359411861, 93.87598356251040147361
2022/11/20 11:51:25, 0.01065296879050865483, 93.87054629231221965273
2022/11/20 12:02:06, 0.01069112761722321572, 93.5355030641499267958
2022/11/20 12:10:39, 0.01069112761722492797, 93.53550306413494656059
2022/11/20 12:34:42, 0.01069206445573613961, 93.52730748489963575315
2022/11/20 12:46:44, 0.01069206445573615249, 93.52730748489952309935
2022/11/20 14:20:05, 0.01069447601376893134, 93.50621748204580675287
2022/11/20 16:05:14, 0.01069447601376894466, 93.50621748204569032257
2022/11/20 17:35:12, 0.01069447601376896978, 93.5062174820454707044
2022/11/20 17:57:24, 0.01069548086911561044, 93.49743244248242513975
2022/11/20 18:01:29, 0.0106903269493753516, 93.54250854399089992402
2022/11/20 18:35:50, 0.01069126489163307556, 93.53430208081313541834
2022/11/20 18:38:52, 0.01069130235307965583, 93.53397434429001537576
2022/11/20 19:30:40, 0.01068983996822573045, 93.54676992100726327054
2022/11/20 19:58:08, 0.01068926577012594455, 93.5517949974423417691
2022/11/20 21:05:10, 0.01066758086926459151, 93.74196570482044420875
2022/11/20 22:26:10, 0.01066694830073456962, 93.74752476592915671784
2022/11/20 22:30:29, 0.01066636610132111702, 93.75264176204694390053
2022/11/20 22:45:23, 0.01066488964515206535, 93.76562095554074512629
2022/11/20 22:50:15, 0.01066488964515216041, 93.76562095553990937339
2022/11/20 23:35:07, 0.01066676297741698845, 93.74915352643892220406
2022/11/21 00:09:49, 0.01068987643477929629, 93.54645080335262537677
2022/11/21 00:38:45, 0.01069791195925965841, 93.47618524140521229089
2022/11/21 00:39:24, 0.01073540970680387209, 93.14968196940089569426
2022/11/21 00:42:15, 0.01075620930368124709, 92.96955570191034616584
2022/11/21 01:39:33, 0.01084182779119832241, 92.23537020315209124965
2022/11/21 01:51:23, 0.01084182779119839743, 92.23537020315145309028
2022/11/21 02:36:48, 0.01084182779119846686, 92.235370203150862363
2022/11/21 02:40:58, 0.01084182779119849444, 92.235370203150627803
2022/11/21 03:52:08, 0.01084531725091744202, 92.20569365229095735719
2022/11/21 04:12:24, 0.01084672651788365282, 92.19371377633976764458
2022/11/21 04:22:10, 0.01084418793650773655, 92.21529595899276781696
2022/11/21 04:29:47, 0.01083392012615316343, 92.30269268701664077941
2022/11/21 05:14:23, 0.01083392012615317984, 92.30269268701650095928
2022/11/21 05:27:04, 0.01083392012615439961, 92.30269268700610871679
2022/11/21 07:51:18, 0.01082740685612301906, 92.35821774208926790581
2022/11/21 08:16:38, 0.01081829173945335098, 92.43603556678811363349
2022/11/21 09:59:59, 0.01079830385473099111, 92.6071365885741823854
2022/11/21 10:01:01, 0.0107983038547298918, 92.60713658858361017967
2022/11/21 10:52:45, 0.01079895905737966913, 92.60151785802275428092
2022/11/21 13:09:20, 0.01076800974275037574, 92.86767228951067120337
2022/11/21 13:27:24, 0.01076800974275525274, 92.86767228946860996648
2022/11/21 15:46:00, 0.01079104916770537488, 92.66939520512272139681
2022/11/21 15:53:10, 0.01079104916770912333, 92.66939520509053107169
2022/11/21 15:54:34, 0.01079104916771762994, 92.66939520501747964077
2022/11/21 16:05:18, 0.0107910491677176521, 92.66939520501728933506
2022/11/21 16:12:12, 0.01083170882666691753, 92.32153633395953227505
2022/11/21 16:27:08, 0.01083170882666699898, 92.32153633395883806467
2022/11/21 16:55:14, 0.01082155420074885699, 92.40816812901047960109
2022/11/21 16:56:26, 0.01082155420074087918, 92.40816812907860429685
2022/11/21 16:58:41, 0.0108230567008403599, 92.39533965689698930752
2022/11/21 17:20:06, 0.01080239266117583519, 92.57208392303992460447
2022/11/21 17:30:29, 0.01079808248711695666, 92.60903509424809569831
2022/11/21 17:39:42, 0.010798082487116985, 92.60903509424785267538
2022/11/21 17:51:26, 0.01079236275599903015, 92.65811598522679092005
2022/11/21 17:58:08, 0.01079249383975100834, 92.65699057587516934967
2022/11/21 18:00:36, 0.01078668020735850182, 92.70692935884164729985
2022/11/21 18:09:30, 0.01081480427601757978, 92.46584353057176589547
2022/11/21 18:19:08, 0.01077664159054060211, 92.79328737050776806786
2022/11/21 18:25:06, 0.01077805488100792818, 92.78111969554967553075
2022/11/21 18:44:22, 0.01081544329215130415, 92.46038030874734494528
2022/11/21 19:12:19, 0.01083576882141902813, 92.28694488417871482667
2022/11/21 19:14:07, 0.01084391507466297156, 92.21761634195387308139
2022/11/21 19:17:15, 0.01084209411714567752, 92.23310452715965015606
2022/11/21 19:18:27, 0.010860835549315093, 92.07394729985227437376
2022/11/21 19:49:40, 0.01083664317673038431, 92.27949870558702818
2022/11/21 21:06:03, 0.01079027939403017176, 92.6760061980656254904
2022/11/21 22:15:56, 0.01069165562548444886, 93.5308838059109362822
2022/11/21 22:38:56, 0.01069165562548619262, 93.53088380589568179082
2022/11/21 23:04:46, 0.0106901746903587776, 93.54384085995123857734
2022/11/21 23:33:44, 0.01067228930334235065, 93.70060833028764608685
2022/11/22 00:57:50, 0.01067284723265701162, 93.69571007633071959893
2022/11/22 01:18:28, 0.01067271713917872272, 93.69685216607840279917
2022/11/22 01:34:23, 0.01067271713917882184, 93.69685216607753255019
2022/11/22 01:59:28, 0.01067271713917882771, 93.69685216607748102743
2022/11/22 02:34:05, 0.01067217103414634607, 93.70164672215532751265
2022/11/22 03:20:06, 0.01057371955186900316, 94.57409902868482172094
2022/11/22 03:21:25, 0.01060075940624030852, 94.33286443717738013786
2022/11/22 03:23:16, 0.01055778200093404484, 94.71686381775359657715
2022/11/22 03:57:31, 0.0104805585527664393, 95.41476200579413321266
2022/11/22 04:00:04, 0.01050747881889017471, 95.17030842852771180108
2022/11/22 04:12:30, 0.01045115802602737506, 95.68317668813523564574
2022/11/22 05:03:02, 0.01045078326015526199, 95.68660789403295945472
2022/11/22 05:53:48, 0.01046899190354637871, 95.5201808553552576818
2022/11/22 06:29:45, 0.01046850866254234301, 95.52459020052467776115
2022/11/22 06:38:47, 0.0104623886096627623, 95.58046802777222948421
2022/11/22 07:04:37, 0.01046105521000948966, 95.59265102082305691062
2022/11/22 07:30:50, 0.01046395079494164926, 95.56619861815552029737
2022/11/22 07:50:04, 0.01046080069940527312, 95.59497678383767523995
2022/11/22 08:05:39, 0.01045527665736671399, 95.64548435888657924698
2022/11/22 08:11:28, 0.01042898221868199197, 95.88663390456708956406
2022/11/22 08:16:42, 0.01041679162964078089, 95.99884835504620929759
2022/11/22 09:06:59, 0.01041755850825311263, 95.99178149158164229823
2022/11/22 09:47:28, 0.01046899993321641255, 95.52010759185934265409
2022/11/22 11:12:42, 0.01044976927236178777, 95.69589279304600476919
2022/11/22 13:44:38, 0.01047737703299187733, 95.4437352832805379881
2022/11/22 13:53:07, 0.01047711935412953049, 95.44608266831020599628
2022/11/22 14:24:51, 0.01047711935412962209, 95.44608266830937156066
2022/11/22 14:41:17, 0.01047698552111145616, 95.44730189661601332102
2022/11/22 14:55:22, 0.01046168937533323954, 95.58685639795596396744
2022/11/22 15:41:19, 0.01046554427403388415, 95.55164775147960105802
2022/11/22 16:22:34, 0.0103700923090226498, 96.43115704282935269256
2022/11/22 16:27:12, 0.01037104320067587149, 96.42231554245487144491
2022/11/22 16:48:31, 0.0102768789008025334, 97.30580749782979730716
2022/11/22 16:51:31, 0.01030388776080105407, 97.05074659336711415699
2022/11/22 17:04:58, 0.01030388776080105499, 97.05074659336710550886
2022/11/22 18:55:33, 0.01030616919255318489, 97.02926289261377363161
2022/11/22 19:46:04, 0.01030616919256086041, 97.02926289254151106106
2022/11/22 19:49:34, 0.01029762479775781095, 97.10977236398615615205
2022/11/22 21:32:07, 0.0102942647391030398, 97.14146909409404125106
2022/11/22 21:33:40, 0.01029608692634183378, 97.12427713110778383236
2022/11/22 21:43:08, 0.01029554162227906765, 97.12942132505657126376
2022/11/22 21:44:08, 0.01029827898499498719, 97.10360356881385866668
2022/11/22 21:55:35, 0.01029928120349042833, 97.09415446012871393063
2022/11/22 22:31:12, 0.01029780040879441151, 97.10811632608370079871
2022/11/23 00:01:50, 0.01026969181445032907, 97.37390547522711661007
2022/11/23 00:52:42, 0.01026969181445114392, 97.37390547521939046369
2022/11/23 02:11:40, 0.01026969040224042075, 97.37391886534782503418
2022/11/23 02:46:46, 0.01029153829241403659, 97.16720392879525638343
2022/11/23 03:18:09, 0.01029134403581204894, 97.16903803042417532464
2022/11/23 03:51:47, 0.01030956797161909453, 96.99727503158915037105
2022/11/23 04:18:34, 0.01030885712945698316, 97.00396343087885878775
2022/11/23 05:06:21, 0.01030885712946166806, 97.00396343083477500335
2022/11/23 06:48:13, 0.01031829342223409867, 96.91525129971364648431
2022/11/23 07:01:21, 0.01027356471940768443, 97.33719768279751857019
2022/11/23 08:21:44, 0.01026771040958856588, 97.39269614247629317787
2022/11/23 09:24:04, 0.01010496714901818079, 98.96123215968713358236
2022/11/23 09:24:27, 0.01013137162085869752, 98.70331850636860812846
2022/11/23 10:10:16, 0.01013137162085990567, 98.70331850635683788363
2022/11/23 10:16:36, 0.01012592942738091206, 98.7563667287627550489
2022/11/23 10:23:56, 0.01012386018093015176, 98.77655184172277023173
2022/11/23 10:27:57, 0.01012386018093368518, 98.77655184168829534641
2022/11/23 10:30:52, 0.01005051452715978202, 99.4973936207616513384
2022/11/23 10:54:31, 0.01005128575160681045, 99.4897592917541733133
2022/11/23 12:17:05, 0.01005128575161459873, 99.48975929167708330819
2022/11/23 12:18:20, 0.01004988372261552659, 99.50363880824539400408
2022/11/23 13:02:50, 0.01004976607843660731, 99.50480361385337665465
2022/11/23 13:04:25, 0.01005004018859210229, 99.50208966677662248779
2022/11/23 13:09:24, 0.01005004018859217287, 99.50208966677592374426
2022/11/23 13:17:19, 0.01006817624483368551, 99.32285407827789069748
2022/11/23 14:59:32, 0.01006999074720879058, 99.30495718451190553273
2022/11/23 15:09:00, 0.01006999074720952862, 99.30495718450462737353
2022/11/23 16:42:30, 0.01007416493184856966, 99.26381062499677892138
2022/11/23 17:10:43, 0.01007416493185266007, 99.2638106249564748001
2022/11/23 17:41:35, 0.01008325626274223021, 99.17431174441273258134
2022/11/23 17:50:48, 0.01017569452667417067, 98.27339032030087131535
2022/11/23 18:29:50, 0.01017569452667424456, 98.27339032030015770827
2022/11/23 18:35:06, 0.01017569452667426808, 98.27339032029993055133
2022/11/23 19:06:03, 0.01017297299031404318, 98.29968102265940009318
2022/11/23 19:35:41, 0.01015757094697389735, 98.44873397590355743883
2022/11/23 19:41:13, 0.01016212551274311493, 98.40461021132033280761
2022/11/23 21:22:36, 0.01016212551274313775, 98.40461021132011176464
2022/11/23 21:47:14, 0.01016212551274316282, 98.40461021131986906975
2022/11/23 21:52:33, 0.01034136234702551773, 96.69905825199420015262
2022/11/23 21:55:26, 0.01034136234702552933, 96.69905825199409175527
2022/11/23 21:58:58, 0.01033951714445049974, 96.71631528138886221971
2022/11/23 23:04:07, 0.01031318093149724337, 96.96329451041855718516
2022/11/23 23:26:31, 0.01028931951358721179, 97.1881569699030074827
2022/11/23 23:31:29, 0.01028931951359541214, 97.18815696982555069954
2022/11/24 00:26:30, 0.01026235601966029749, 97.44351083554610549098
2022/11/24 00:29:33, 0.01026144381510366993, 97.45217320472140007246
2022/11/24 01:12:15, 0.01024338638061929137, 97.62396563425759598984
2022/11/24 01:59:41, 0.01022530751330453417, 97.79656980475767557957
2022/11/24 02:45:36, 0.0102253075133045808, 97.79656980475722957875
2022/11/24 02:51:00, 0.01022381234070860742, 97.81087197955068204609
2022/11/24 03:23:06, 0.01019763955011172467, 98.06190884527234201832
2022/11/24 03:26:05, 0.01019763955011435091, 98.06190884524708774926
2022/11/24 03:27:21, 0.01019763955011606097, 98.06190884523064353786
2022/11/24 03:30:05, 0.01019496304251088798, 98.0876532686000684682
2022/11/24 03:42:38, 0.01019322197667381801, 98.10440725105381374405
2022/11/24 03:59:13, 0.0101430617583187919, 98.58956041353627407021
2022/11/24 04:28:54, 0.01014275477194206127, 98.59254438116788245255
2022/11/24 04:38:52, 0.01014216548821191771, 98.59827284047815565281
2022/11/24 05:10:56, 0.01013903937205259088, 98.62867312226993409177
2022/11/24 05:12:12, 0.01013903937205899519, 98.6286731222076354026
2022/11/24 05:44:51, 0.01013903937205901044, 98.62867312220748703109
2022/11/24 06:14:10, 0.01013823081185077504, 98.636539112039209439
2022/11/24 06:22:19, 0.01013729355535777652, 98.64565867992237493735
2022/11/24 06:29:42, 0.01013679105535316025, 98.65054873276763496348
2022/11/24 06:54:42, 0.0101421815837016751, 98.59811636650088526453
2022/11/24 06:57:42, 0.01014201003695479252, 98.59978410159972593944
2022/11/24 07:02:27, 0.01013995851439731505, 98.61973286972926328156
2022/11/24 07:07:04, 0.01013995851439986769, 98.61973286970443663055
2022/11/24 07:10:12, 0.01013259978739944886, 98.69135473440542498802
2022/11/24 07:39:53, 0.01013437772847276546, 98.67404065574516560239
2022/11/24 07:55:31, 0.01013437772847454671, 98.67404065572782232239
2022/11/24 08:29:40, 0.01013437772848419912, 98.67404065563384104309
2022/11/24 08:38:01, 0.010127438965461752, 98.74164667003805012859
2022/11/24 08:49:35, 0.01012641241349688434, 98.75165647679530751532
2022/11/24 09:18:04, 0.01012551012024538072, 98.76045632511461932698
2022/11/24 09:26:37, 0.01011943745449486116, 98.81972239038041268435
2022/11/24 09:37:45, 0.01011042720581277382, 98.90778892360467163656
2022/11/24 10:22:34, 0.01009451341242938194, 99.06371502451017100215
2022/11/24 10:29:04, 0.01009469198970781893, 99.06196256602615073258
2022/11/24 11:05:00, 0.01010352392691110674, 98.97536812244916880771
2022/11/24 11:41:39, 0.01010065609079235847, 99.00346977574936537647
2022/11/24 12:32:34, 0.01009627539917982437, 99.04642657442124308238
2022/11/24 12:50:04, 0.01009484223259426929, 99.06048821359444046651
2022/11/24 13:25:13, 0.01007361547864006569, 99.26922484984503547599
2022/11/24 13:42:43, 0.01007197214575010959, 99.28542151717051370844
2022/11/24 13:47:38, 0.01002145247631434944, 99.78593446044820097924
2022/11/24 14:05:35, 0.01002109449729334996, 99.78949906820011042905
2022/11/24 14:59:21, 0.01001908623042331033, 99.80950128600196775703
2022/11/24 15:03:03, 0.01000151244772362894, 99.98487780991590746917
2022/11/24 15:08:01, 0.01000151244772679465, 99.98487780988425999212
2022/11/24 15:20:04, 0.01000502383298801135, 99.94978689634454395362
2022/11/24 15:26:48, 0.01000459117634203926, 99.95410930580655747082
2022/11/24 15:39:14, 0.01000389887942155982, 99.96102640112066726847
2022/11/24 15:54:38, 0.01010764359172092436, 98.93502782578231967463
2022/11/24 16:15:37, 0.01011115539145569671, 98.90066577802149934147
2022/11/24 16:37:48, 0.00994687380096855946, 100.53409945772376710567
2022/11/24 16:38:22, 0.00997234081739695241, 100.27735897829319652903
2022/11/24 16:43:28, 0.01000197475219123398, 99.98025637696394554599
2022/11/24 16:47:30, 0.01000197475219128237, 99.98025637696346178362
2022/11/24 16:53:04, 0.0100019747521913633, 99.98025637696265287234
2022/11/24 17:19:19, 0.01000234020686165588, 99.97660340667026614822
2022/11/24 17:28:31, 0.00998625794977984347, 100.13760960601322631997
2022/11/24 18:09:28, 0.01000375977972647439, 99.96241633336604183685
2022/11/24 19:28:30, 0.01000135258387430266, 99.98647599049269093485
2022/11/24 20:38:15, 0.00999520885919517428, 100.04793437408181890177
2022/11/24 20:42:39, 0.00999548861017886796, 100.04513426003545123099
2022/11/24 23:23:22, 0.00999548861018430791, 100.04513425998100258895
2022/11/24 23:29:54, 0.00975012131720785359, 102.56282639633559217323
2022/11/24 23:31:30, 0.00975084779379698773, 102.55518506156470526199
2022/11/24 23:31:30, 0.00977585948707261618, 102.29279597588101954731
2022/11/24 23:34:38, 0.0098054878896670705, 101.98370659901486910161
2022/11/24 23:35:37, 0.00977595729036551078, 102.29177259044789201638
2022/11/25 00:10:00, 0.00986572807771986083, 101.36099354474780657605
2022/11/25 00:19:58, 0.00995674045831077258, 100.43447493555101351489
2022/11/25 00:29:06, 0.00993040725570824524, 100.70080453399079996933
2022/11/25 00:57:52, 0.0099304072557105079, 100.70080453396785520804
2022/11/25 01:26:49, 0.00993091206646970321, 100.69568568393191464736
2022/11/25 01:59:51, 0.00992907988793285879, 100.71426670817033891545
2022/11/25 02:03:51, 0.00994741587167759994, 100.52862099062449180916
2022/11/25 02:45:15, 0.00994741587168636374, 100.52862099053592490142
2022/11/25 02:59:23, 0.00976736390928243024, 102.38176946081105537834
2022/11/25 03:06:48, 0.00974957259785268818, 102.56859877326794451687
2022/11/25 04:19:18, 0.00975125540925302823, 102.55089811831752913549
2022/11/25 04:38:18, 0.00975270868474358672, 102.53561675274129177352
2022/11/25 05:46:55, 0.00975270868474446698, 102.53561675273203716227
2022/11/25 05:55:28, 0.00975634343284867851, 102.49741687373317602769
2022/11/25 05:59:04, 0.00975707046352926863, 102.48977946176336582789
2022/11/25 06:07:06, 0.00979345653227392376, 102.10899458271368166427
2022/11/25 06:32:43, 0.00983857792027677496, 101.64070540510273230969
2022/11/25 07:51:51, 0.00983826397367511453, 101.6439488385110739019
2022/11/25 07:55:25, 0.00983826397368160621, 101.6439488384440051065
2022/11/25 08:29:58, 0.00983532962387626669, 101.67427409574539491089
2022/11/25 09:00:19, 0.00983541964786620135, 101.67334346704265365089
2022/11/25 09:25:13, 0.00983633223336703748, 101.66391051816819358869
2022/11/25 09:45:14, 0.00983382131844381203, 101.68986883302945255658
2022/11/25 10:52:15, 0.00983382131844382503, 101.68986883302931805589
2022/11/25 11:20:51, 0.00982822674273511391, 101.74775431785655997342
2022/11/25 11:28:15, 0.00982282762516668677, 101.8036799747904233092
2022/11/25 11:53:10, 0.00982456333242567383, 101.78569430149941384134
2022/11/25 12:09:27, 0.00982456333242568853, 101.78569430149926151401
2022/11/25 13:15:37, 0.00982821227720924581, 101.74790407395976491177
2022/11/25 13:39:14, 0.00982711918813873774, 101.7592216859436096209
2022/11/25 13:45:22, 0.00977328255105623573, 102.31976767027227769914
2022/11/25 14:01:04, 0.0097732825510635415, 102.31976767019579112706
2022/11/25 14:19:22, 0.00977239336078790088, 102.32907774798934514905
2022/11/25 14:46:09, 0.00979059859285894324, 102.13880086242928745034
2022/11/25 15:28:21, 0.0097912360819479623, 102.13215079592386054952
2022/11/25 16:03:44, 0.00978980951614802896, 102.14703343824277132646
2022/11/25 16:54:34, 0.00978686820897978593, 102.17773230893881219482
2022/11/25 17:02:21, 0.00978375008972523311, 102.21029675013745220172
2022/11/25 17:06:02, 0.00978375008972528532, 102.21029675013690679137
2022/11/25 17:36:24, 0.00978375008972534566, 102.21029675013627639869
2022/11/25 17:49:48, 0.00978375008972543155, 102.2102967501353790771
2022/11/25 17:53:29, 0.00981963142073740367, 101.83681618519497932115
2022/11/25 18:16:51, 0.00980951686444021693, 101.94181974700803007756
2022/11/25 18:21:07, 0.00978892477800862108, 102.15626564488033937754
2022/11/25 18:52:18, 0.0097833920850653621, 102.214036941903783041
2022/11/25 19:07:05, 0.00978384700963311193, 102.20928424324363661913
2022/11/25 19:49:05, 0.00977487118100401375, 102.30313847443319884232
2022/11/25 20:00:25, 0.0097708379397006781, 102.34536752849205581185
2022/11/25 20:13:41, 0.00976903896599327121, 102.36421448220977311594
2022/11/25 20:26:40, 0.00976903896599700431, 102.3642144821706560453
2022/11/25 20:28:50, 0.00975745127620934413, 102.48577950250224783691
2022/11/25 20:51:18, 0.00975836604127003008, 102.47617231930071954729
2022/11/25 21:06:41, 0.00975800423254623921, 102.47997194597050070622
2022/11/25 21:35:37, 0.00975754756047774606, 102.48476820655520391239
2022/11/25 21:45:46, 0.00975533178052557327, 102.50804611241264321026
2022/11/25 22:29:04, 0.00975715836725899279, 102.4888561156892131114
2022/11/25 22:35:24, 0.0097644664230514776, 102.41215000127898624979
2022/11/26 00:48:34, 0.00976417054863827943, 102.41525329967336108884
2022/11/26 00:53:43, 0.00961309959002414053, 104.02472070899338187028
2022/11/26 00:55:07, 0.0096340752484124891, 103.79823431053030529377
2022/11/26 01:29:00, 0.00967041107959122668, 103.40822037135886902603
2022/11/26 02:55:45, 0.00967041107959130634, 103.40822037135801722811
2022/11/26 03:06:46, 0.00967041107959739079, 103.40822037129295453248
2022/11/26 03:09:04, 0.00966528627102988747, 103.46305033895749275654
2022/11/26 03:26:26, 0.0096642342460709167, 103.47431307416407002635
2022/11/26 04:40:58, 0.00985044258951885232, 101.51828112414239095566
2022/11/26 04:42:50, 0.00986377252802489174, 101.38108894531032199209
2022/11/26 04:43:50, 0.00975783381176128077, 102.48176176096412159352
2022/11/26 05:15:32, 0.0097488770868652138, 102.57591629166324500435
2022/11/26 05:45:00, 0.00982365640142393983, 101.79509127121444468522
2022/11/26 06:06:44, 0.00984209007575483242, 101.60443486119036347025
2022/11/26 06:23:06, 0.00980889759320872035, 101.9482557033074862814
2022/11/26 06:54:01, 0.00980603814783867806, 101.97798386297398344366
2022/11/26 06:58:41, 0.00980783240676091435, 101.95932786439761322654
2022/11/26 07:11:00, 0.0098052999632515271, 101.98566119831288246345
2022/11/26 08:49:33, 0.00982557593274828728, 101.77520451162932492815
2022/11/26 08:58:47, 0.00982200153519845314, 101.81224228242752362687
2022/11/26 09:12:40, 0.00981602965302761287, 101.87418287714365381374
2022/11/26 09:51:13, 0.00986429030860889442, 101.37576741098817025913
2022/11/26 10:21:25, 0.0098623232282639163, 101.39598721872675030011
2022/11/26 10:26:29, 0.00985227326859838295, 101.49941772192270046985
2022/11/26 10:58:25, 0.00979712765026224593, 102.07073294316343485488
2022/11/26 11:06:42, 0.00979557149047978651, 102.08694826758086981894
2022/11/26 12:10:56, 0.00977724921621238409, 102.27825617268971997404
2022/11/26 12:21:44, 0.00978643113559542375, 102.18229568517351388007
2022/11/26 12:25:39, 0.00978184561745934797, 102.23019654032644166326
2022/11/26 12:30:24, 0.00977590724981203995, 102.29229619780065577979
2022/11/26 12:38:33, 0.00975953820181038688, 102.46386451097663251989
2022/11/26 12:46:19, 0.0097778853674155853, 102.27160192861948341259
2022/11/26 13:07:13, 0.0097664087305826883, 102.39178264868067903352
2022/11/26 15:07:57, 0.00976623386848091567, 102.39361594927119413175
2022/11/26 15:30:51, 0.00976623386848276461, 102.3936159492518089539
2022/11/26 15:40:21, 0.00976852714189876027, 102.36957787738968323278
2022/11/26 16:13:03, 0.00976677733667881021, 102.38791829977867693169
2022/11/26 16:20:07, 0.00976677733668299058, 102.38791829973485286674
2022/11/26 16:24:58, 0.00976377302405746161, 102.4194230586934642834
2022/11/26 16:34:25, 0.00983729336624685167, 101.65397765112320282362
2022/11/26 16:38:49, 0.00964073261984476645, 103.72655683257626140453
2022/11/26 16:44:52, 0.00967014060821046145, 103.41111267306155255862
2022/11/26 17:02:24, 0.00969430972630976989, 103.15329592637839094683
2022/11/26 17:11:41, 0.00967371870882603883, 103.3728631252867726687
2022/11/26 17:14:34, 0.00967828458355380178, 103.32409543931871503587
2022/11/26 17:18:36, 0.00967668794156534095, 103.34114379203964243627
2022/11/26 17:40:24, 0.00961825042826497229, 103.96901260351037849822
2022/11/26 17:44:18, 0.00961821722750293806, 103.96937149023176724079
2022/11/26 17:57:25, 0.00961821722751176816, 103.96937149013631711096
2022/11/26 18:01:35, 0.00961637539137466446, 103.98928487098605513104
2022/11/26 18:14:35, 0.00961603065813716085, 103.9930128710428067025
2022/11/26 18:30:21, 0.00962058321778505609, 103.9438022999846460171
2022/11/26 18:33:18, 0.00962046991555378316, 103.9450264672894613435
2022/11/26 20:43:01, 0.00962046991555580161, 103.94502646726765292209
2022/11/26 20:46:12, 0.00960908796791450998, 104.06814916660952227542
2022/11/26 20:49:24, 0.00960861005387860396, 104.07332531892485206008
2022/11/26 21:13:48, 0.00960696299483703462, 104.09116809728725891347
2022/11/26 21:42:59, 0.00958901627422585038, 104.28598423467927162385
2022/11/26 21:58:52, 0.00958850078442465863, 104.29159077969489540693
2022/11/26 22:12:31, 0.00958823040877384971, 104.29453166717139520657
2022/11/26 22:31:35, 0.00959732872900932387, 104.19565987954068472458
2022/11/26 22:35:27, 0.00959277299622590127, 104.2451437549321207597
2022/11/26 22:42:45, 0.00959277299623057451, 104.2451437548813364378
2022/11/26 22:45:36, 0.00959154744011920756, 104.25846363614207416245
2022/11/26 23:42:51, 0.00958980275601265714, 104.27743150118656583548
2022/11/27 01:07:53, 0.00958453970941682575, 104.33469215193488997289
2022/11/27 02:41:33, 0.00958999617580488105, 104.27532833881143486374
2022/11/27 03:06:24, 0.00958737063785864941, 104.30388453443072320692
2022/11/27 03:37:35, 0.00966026188803190406, 103.51686233671363916878
2022/11/27 03:46:32, 0.00980687167787720764, 101.96931629643385784578
2022/11/27 03:47:49, 0.0097803476069408846, 102.24585466577111448273
2022/11/27 04:00:43, 0.00978034760694092882, 102.24585466577065220532
2022/11/27 04:17:40, 0.00978034760694045071, 102.24585466577565046108
2022/11/27 04:50:10, 0.00978034760694876813, 102.24585466568869834509
2022/11/27 05:02:41, 0.00978034760694885449, 102.24585466568779555788
2022/11/27 05:37:38, 0.00978034760695070431, 102.24585466566845715279
2022/11/27 06:28:13, 0.00978019390564213076, 102.24746151741495151226
2022/11/27 06:57:50, 0.00977336505521882157, 102.31890391385880922849
2022/11/27 07:13:34, 0.00977048909116582657, 102.34902169883890539483
2022/11/27 07:15:41, 0.00977048909117389501, 102.34902169875438592695
2022/11/27 07:51:04, 0.00975710187030307333, 102.48944956120850477195
2022/11/27 08:11:18, 0.00975480597761906995, 102.51357149433305727633
2022/11/27 09:46:57, 0.00974875872246303084, 102.57716171555318656444
2022/11/27 10:31:17, 0.00973677925837378596, 102.70336560623822289434
2022/11/27 10:53:33, 0.00971687956110604619, 102.91369710938072974983
2022/11/27 13:09:42, 0.0096865871095638551, 103.23553473365973295188
2022/11/27 13:13:03, 0.00968640849779684346, 103.23743833717607900316
2022/11/27 13:31:49, 0.00968382165988308955, 103.2650161395137422439
2022/11/27 13:36:25, 0.00970903858193308886, 102.99680978308544471447
2022/11/27 13:40:21, 0.00970903858193315455, 102.99680978308474790765
2022/11/27 14:15:36, 0.00970903858193321703, 102.9968097830840851132
2022/11/27 14:38:36, 0.00970849929398570151, 103.00253105230053082026
2022/11/27 16:31:31, 0.00970923184746635161, 102.99475959686270210052
2022/11/27 16:37:31, 0.0097092318474664145, 102.99475959686203491551
2022/11/27 16:41:26, 0.00970582845636604052, 103.03087515874044464074
2022/11/27 17:11:44, 0.00970582845636612089, 103.03087515873959149899
2022/11/27 19:04:34, 0.00970949033138348423, 102.99201769301439403665
2022/11/27 19:09:04, 0.00970949033138348487, 102.99201769301438722406
2022/11/27 20:07:41, 0.00970558159907380439, 103.03349570472203041752
2022/11/27 21:17:46, 0.00970240602684948003, 103.06721829953300037688
2022/11/27 21:30:45, 0.00970190961157129322, 103.07249191512957129146
2022/11/27 21:39:38, 0.00972022213157307846, 102.87830735388393336934
2022/11/27 21:46:36, 0.00972075801758189658, 102.87263587791239684229
2022/11/27 21:59:12, 0.00972075801758517812, 102.87263587787766903396
2022/11/27 22:41:16, 0.00972075801758523074, 102.8726358778771121944
2022/11/28 00:04:57, 0.00972075801758529423, 102.87263587787644028817
2022/11/28 00:19:48, 0.00971995797242816807, 102.8811032760244939914
2022/11/28 01:02:59, 0.00971952843066154625, 102.88564997097666640518
2022/11/28 02:06:23, 0.00971952843066159402, 102.88564997097616073466
2022/11/28 02:54:06, 0.00969545077114161138, 103.14115595083908440068
2022/11/28 02:56:48, 0.00969425320977208969, 103.15389729989421605596
2022/11/28 02:58:17, 0.00969272273236231563, 103.17018526292657691964
2022/11/28 03:07:20, 0.00972342877711341395, 102.84437958282337021865
2022/11/28 03:26:17, 0.00974932023937529561, 102.57125373328353331131
2022/11/28 03:49:00, 0.00972969957538875162, 102.77809630725878286543
2022/11/28 04:26:21, 0.00972791632937316287, 102.79693678907669400172
2022/11/28 04:42:39, 0.00972837455227970545, 102.79209487937163163645
2022/11/28 06:07:35, 0.00972837455227975561, 102.79209487937110167369
2022/11/28 10:01:20, 0.00972241455370959285, 102.85510810876187398579
2022/11/28 10:34:01, 0.0096981998368866637, 103.11191940967696968566
2022/11/28 11:07:14, 0.00967375460881094291, 103.37247950130872504602
2022/11/28 13:13:26, 0.00967287064947178084, 103.3819262386816176435
2022/11/28 14:41:57, 0.0096727463044401301, 103.38325523341441266919
2022/11/28 14:43:10, 0.00968188626013706862, 103.28565871686275907501
2022/11/28 14:48:18, 0.00967729659733320326, 103.33464412732503122413
2022/11/28 16:13:30, 0.00967729659733326764, 103.33464412732434382937
2022/11/28 16:35:08, 0.00967641263707782613, 103.34408396022985038718
2022/11/28 16:50:19, 0.00967823932966435628, 103.32457856615953778944
2022/11/28 17:21:43, 0.00967340489638889176, 103.376216617718824925
2022/11/28 18:13:43, 0.0096724566151007169, 103.38635155403974355224
2022/11/28 18:30:36, 0.00966567590401307453, 103.45887964077212694578
2022/11/28 19:15:08, 0.00966585289298429646, 103.45698523156953250266
2022/11/28 19:31:05, 0.00966497065126215817, 103.46642903353348528676
2022/11/28 20:19:45, 0.00965696397937702479, 103.55221393965585264781
2022/11/28 20:29:59, 0.00966049989285644676, 103.51431200154145223359
2022/11/28 20:31:19, 0.00965074898771669435, 103.61890059235636806174
2022/11/28 21:51:17, 0.00965333029322182145, 103.5911928448319644544
2022/11/28 21:59:25, 0.00965415129962792893, 103.58238326330560076001
2022/11/28 22:33:20, 0.00965415129963243922, 103.58238326325720844477
2022/11/28 22:37:13, 0.00965415129963537228, 103.58238326322573881713
2022/11/28 23:08:00, 0.00964757709720899193, 103.65296798605488936643
2022/11/28 23:29:20, 0.00964578931713711325, 103.67217934392970019862
2022/11/28 23:34:05, 0.00964212867995555037, 103.71153851937702406242
2022/11/28 23:38:04, 0.00964205829159081137, 103.71229562801297900495
2022/11/28 23:58:23, 0.00964205829159089352, 103.71229562801209543847
2022/11/29 01:36:25, 0.00962377460060728343, 103.90933303206182565376
2022/11/29 03:18:53, 0.00962377460060788015, 103.90933303205538281689
2022/11/29 04:20:33, 0.00961112620569885782, 104.04607936654251684799
2022/11/29 04:32:25, 0.00961112620569888677, 104.04607936654220342799
2022/11/29 04:43:56, 0.00961165454973421949, 104.04036004681960822947
2022/11/29 04:48:15, 0.00961165454973423154, 104.04036004681947770947
2022/11/29 05:28:00, 0.00961165454974204041, 104.04036004673495144615
2022/11/29 06:20:51, 0.00952826017945052264, 104.95095444147161952107
2022/11/29 06:23:11, 0.00952884107264812216, 104.94455646557383443756
2022/11/29 07:44:11, 0.0095469665657770358, 104.74531288133919861688
2022/11/29 08:05:29, 0.0095651456309211171, 104.54623887453563758722
2022/11/29 08:25:50, 0.00954347072300364981, 104.78368185167612835024
2022/11/29 08:38:22, 0.00956164640414314735, 104.58449912628969519822
2022/11/29 09:18:42, 0.00957983935074659683, 104.38588408291688420472
2022/11/29 09:43:22, 0.00959804956276468593, 104.18783456583374416785
2022/11/29 10:08:28, 0.00959229460382245224, 104.25034272837158734002
2022/11/29 10:49:04, 0.00959229460382556455, 104.25034272833776234136
2022/11/29 11:14:39, 0.00957365549900281957, 104.45330940769268285427
2022/11/29 11:25:24, 0.0095827602030751871, 104.35406697113131551103
2022/11/29 11:56:59, 0.00958276020307998817, 104.35406697107903296193
2022/11/29 12:48:48, 0.00958092565170317702, 104.37404864134735448425
2022/11/29 13:40:32, 0.0095426407699399715, 104.79279521346694836825
2022/11/29 13:59:46, 0.00954142057732365807, 104.80619650879043615613
2022/11/29 14:56:17, 0.00954251142690788915, 104.79421561709728349226
2022/11/29 15:08:10, 0.00950835655330935965, 105.1706458832733305295
2022/11/29 16:10:55, 0.00948273670057116764, 105.45478922131916173795
2022/11/29 16:31:53, 0.00942406178666370673, 106.11135863042963042531
2022/11/29 16:45:09, 0.0094502785679476048, 105.81698653748555851219
2022/11/29 23:15:45, 0.00945118324250815985, 105.80685765379568370189
2022/11/30 00:12:18, 0.00946023236896706715, 105.70564876190106071581
2022/11/30 01:08:57, 0.00946385322935776009, 105.66520589075771335574
2022/11/30 01:12:32, 0.00945961421003707666, 105.71255632591812970897
2022/11/30 01:19:06, 0.00945897021078627932, 105.71975360062739259902
2022/11/30 02:37:09, 0.00945985735295030878, 105.70983923855081522561
2022/11/30 02:40:53, 0.00945985735295037392, 105.70983923855008731214
2022/11/30 02:54:47, 0.00930506720472932837, 107.46832645031805841893
2022/11/30 02:57:32, 0.00933950090758359322, 107.07210266321712422529
2022/11/30 03:02:05, 0.00930517022088059467, 107.46713668450925044769
2022/11/30 03:05:57, 0.00930700172770018909, 107.4459884351074957782
2022/11/30 03:08:48, 0.00930789959085491394, 107.43562392771275991549
2022/11/30 03:15:35, 0.009307899590854919, 107.43562392771270154452
2022/11/30 03:19:00, 0.00930789959085492792, 107.43562392771259850404
2022/11/30 03:27:17, 0.00934384455624955839, 107.0223283339145137926
2022/11/30 03:32:23, 0.00934246989693351573, 107.03807569433331284414
2022/11/30 03:40:56, 0.00937848137924419691, 106.62707101099869851745
2022/11/30 03:57:30, 0.00941456202877492028, 106.21843023005989427256
2022/11/30 04:09:55, 0.00941546626465593761, 106.20822929968219230398
2022/11/30 05:04:36, 0.00940248806315559596, 106.35482792247088846418
2022/11/30 06:54:08, 0.00940342643292865086, 106.34421475327636759304
2022/11/30 07:55:22, 0.00941046569816026517, 106.26466660364096624194
2022/11/30 09:05:39, 0.00941034134363226366, 106.26607085583290990905
2022/11/30 09:13:20, 0.00939070019933313891, 106.4883319425970946846
2022/11/30 10:22:13, 0.00938816046908140113, 106.51713967750771993656
2022/11/30 10:43:38, 0.0093881604690814416, 106.51713967750726073442
2022/11/30 10:59:47, 0.00933725358525721079, 107.09787314536700259748
2022/11/30 11:39:37, 0.00933725358526121095, 107.09787314532112096875
2022/11/30 11:41:29, 0.00931823767925022003, 107.31642982522245657814
2022/11/30 11:59:19, 0.00933622559528859613, 107.10966544174306282513
2022/11/30 12:07:01, 0.00933117903923775863, 107.16759326929467780667
2022/11/30 12:39:27, 0.00932505332472502206, 107.23799266096830412667
2022/11/30 12:44:31, 0.00929093271132809992, 107.63182029945561713285
2022/11/30 13:04:48, 0.00929991127473950482, 107.52790757436667071038
2022/11/30 13:08:05, 0.00926351041053742419, 107.95043732692095325719
2022/11/30 13:21:02, 0.00926368967351768661, 107.94834836260998586881
2022/11/30 13:26:59, 0.00927803633146222452, 107.78142747824305555836
2022/11/30 13:37:46, 0.00927898840677791074, 107.77036851016454139845
2022/11/30 13:46:06, 0.00929397532084640124, 107.59658439774403416049
2022/11/30 14:00:26, 0.00930933371551316966, 107.41907321826799403711
2022/11/30 14:32:20, 0.00932731281521050582, 107.2120148441093370387
2022/11/30 14:55:59, 0.00919452578501092718, 108.76036713391103458787
2022/11/30 14:57:13, 0.00921911167126622514, 108.47032074866407955249
2022/11/30 15:06:48, 0.00922000583698871343, 108.45980118452978574065
2022/11/30 15:20:03, 0.00921928366888433297, 108.46829709504041145732
2022/11/30 15:22:07, 0.00921928366887835999, 108.46829709511068570659
2022/11/30 16:07:12, 0.0092273505201888151, 108.3734705657997971557
2022/11/30 17:24:48, 0.00926054831348386787, 107.98496656444683508467
2022/11/30 17:36:55, 0.00898292247186771113, 111.32234560987834244414
2022/11/30 17:36:55, 0.00912601172162247984, 109.5768919111374648196
2022/11/30 17:37:23, 0.00912656313922531973, 109.57027138749208575838
2022/11/30 17:38:14, 0.00911666914360658773, 109.68918409211857549632
2022/11/30 17:53:51, 0.00914869811793499, 109.30516966557382358122
2022/11/30 19:23:44, 0.00912091238505484518, 109.63815436255688531304
2022/11/30 20:09:16, 0.00912981690333780842, 109.53122177449207827858
2022/11/30 20:21:37, 0.00914317368076225329, 109.37121342275885027015
2022/11/30 21:14:13, 0.00919659846447940878, 108.73585531241380908161
2022/11/30 21:50:01, 0.00919659846447944273, 108.73585531241340763765
2022/11/30 21:52:50, 0.0091960787411737459, 108.74200060104797698555
2022/11/30 21:56:59, 0.00917775156713354294, 108.95914894679664133601
2022/11/30 22:26:36, 0.00917461019561049595, 108.9964563811594291972
2022/11/30 22:41:10, 0.0091746101956105087, 108.99645638115927770675
2022/12/01 00:14:58, 0.00917421368408769709, 109.00116723185329665111
2022/12/01 00:22:23, 0.00914571473518109442, 109.34082561675252016028
2022/12/01 01:40:49, 0.00916349060137258517, 109.12871999347186944704
2022/12/01 01:50:50, 0.00916404192821389208, 109.12215459438692728548
2022/12/01 02:09:39, 0.00916670987289311451, 109.09039490353031059581
2022/12/01 02:34:09, 0.00916724350830896173, 109.0840446306051375006
2022/12/01 02:36:39, 0.00916724350830899189, 109.08404463060477865478
2022/12/01 02:57:40, 0.00916795582663923491, 109.0755691791522696349
2022/12/01 02:59:46, 0.00918433500565532318, 108.88104575717703008041
2022/12/01 03:20:40, 0.00918433500565597702, 108.88104575716927869119
2022/12/01 03:27:05, 0.00918433500565602964, 108.88104575716865488435
2022/12/01 03:50:06, 0.00917888941421100596, 108.94564199147805749287
2022/12/01 03:56:54, 0.0091780635514378659, 108.9554451650464634691
2022/12/01 03:58:46, 0.00917806355144645113, 108.95544516494454580616
2022/12/01 04:01:30, 0.00917724024019793771, 108.96521980756511975077
2022/12/01 04:27:04, 0.00916101310452865404, 109.15823267468748932256
2022/12/01 06:51:16, 0.00913869855269390404, 109.42477139758813535637
2022/12/01 09:03:19, 0.0091196640881160351, 109.65316160088772606945
2022/12/01 10:11:41, 0.00911475430985746914, 109.7122276700881670323
2022/12/01 10:25:11, 0.00912370974439160629, 109.60453894477577032949
2022/12/01 11:05:30, 0.00912370974439416275, 109.60453894474505915992
2022/12/01 11:53:18, 0.0091237097443946265, 109.60453894473948803861
2022/12/01 11:56:04, 0.00904904895004447404, 110.50885076658638534569
2022/12/01 12:08:32, 0.00905801726225261951, 110.39943632778108388181
2022/12/01 12:20:15, 0.00905457304925753586, 110.44143048600163441799
2022/12/01 12:26:18, 0.00908688957889122174, 110.04865760919916004937
2022/12/01 13:06:48, 0.00909587658511410257, 109.93992614593677139836
2022/12/01 14:14:46, 0.00907387195822844178, 110.20653637206902965129
2022/12/01 15:10:59, 0.00907387195823247302, 110.20653637202006833529
2022/12/01 15:24:10, 0.00908105056183185599, 110.1194177029532016373
2022/12/01 16:14:27, 0.00909811111132160315, 109.91292453612810763525
2022/12/01 16:24:22, 0.0090955780336955771, 109.94353479189438507788
2022/12/01 16:35:58, 0.00909484279482167434, 109.95242276967881759153
2022/12/01 18:15:37, 0.0090966392477545334, 109.93070877762309136571
2022/12/01 18:18:46, 0.00909663924775461505, 109.93070877762210469546
2022/12/01 18:22:04, 0.00909663924775462052, 109.93070877762203855052
2022/12/01 18:41:47, 0.0091110145407023841, 109.75726089916965992158
2022/12/01 18:50:22, 0.0091110145407045809, 109.75726089914319580439
2022/12/01 19:06:11, 0.00910740529371266169, 109.80075748801412283833
2022/12/01 19:08:44, 0.00910085502591478908, 109.87978570722075334878
2022/12/01 19:30:37, 0.00907518445096304119, 110.19059782238166136565
2022/12/01 20:50:42, 0.00898589840617995886, 111.28547806775339502901
2022/12/01 20:58:26, 0.00898661320926790488, 111.27662632332932858988
2022/12/01 20:59:42, 0.00898661320927549095, 111.27662632323539414266
2022/12/01 21:16:51, 0.00899957327408080037, 111.11637958213503574194
2022/12/01 21:41:33, 0.00908202553383996228, 110.10759618258758445802
2022/12/01 23:13:14, 0.00908202553384046746, 110.10759618258145986006
2022/12/01 23:27:13, 0.00908292683918668591, 110.09667012682259731651
2022/12/01 23:39:04, 0.00908248840239660077, 110.10198479704411164699
2022/12/01 23:45:06, 0.00908740932709296921, 110.04236345100309668302
2022/12/01 23:46:59, 0.00908740932709304034, 110.04236345100223536952
2022/12/02 00:11:22, 0.00909281092287899683, 109.97699264633741964233
2022/12/02 00:41:17, 0.00909281092287904718, 109.97699264633681058137
2022/12/02 00:58:00, 0.00909231334739352779, 109.98301112078013264611
2022/12/02 01:05:10, 0.00905181008449595043, 110.47514150930012002055
2022/12/02 01:27:46, 0.00905083123301664612, 110.48708944567288660428
2022/12/02 01:31:58, 0.00906880473883706823, 110.26811457495712860814
2022/12/02 02:18:52, 0.00906384513936939855, 110.32845162550662042637
2022/12/02 02:44:39, 0.00906109383671158319, 110.36195166067456779677
2022/12/02 03:32:11, 0.0090254649345942817, 110.79761621664896768111
2022/12/02 03:51:52, 0.00903175312484235386, 110.72047543565410017694
2022/12/02 03:56:11, 0.00894944410590808686, 111.73878379103318374881
2022/12/02 03:57:48, 0.0089948868613499555, 111.17427216309863398989
2022/12/02 04:04:07, 0.00901279823490630191, 110.95333257622804371689
2022/12/02 04:15:40, 0.00901082811596340536, 110.9775913079975107473
2022/12/02 04:18:18, 0.0090291140423852131, 110.7528374661918525128
2022/12/02 04:19:28, 0.00901114200409394448, 110.97372558835270029122
2022/12/02 04:33:10, 0.00902969724647444253, 110.74568423547536707773
2022/12/02 04:56:35, 0.00902603641972677721, 110.79060104548863729486
2022/12/02 05:50:46, 0.00902630582363827446, 110.78729433044241973184
2022/12/02 07:41:16, 0.00902989284400887263, 110.74328536063161895983
2022/12/02 07:56:59, 0.00903168662088125955, 110.72129071529120490018
2022/12/02 08:18:51, 0.00903201163732108417, 110.71730641576125610398
2022/12/02 08:30:25, 0.00903033258016467294, 110.73789266593816478066
2022/12/02 09:16:45, 0.00902510802018318444, 110.80199791112337274713
2022/12/02 09:47:48, 0.00902645285382296017, 110.78548973714203645268
2022/12/02 11:22:58, 0.00902824612099236615, 110.763484579226564873
2022/12/02 13:03:29, 0.00902625477733677861, 110.78792086733593846654
2022/12/02 13:27:29, 0.009018635897786998, 110.88151371599124110239
2022/12/02 14:33:52, 0.00902760012317215996, 110.77141060260158778161
2022/12/02 14:36:42, 0.00902792488812706924, 110.76742578077205505543
2022/12/02 15:16:20, 0.00902796978850848675, 110.76687488175680539961
2022/12/02 16:16:13, 0.00902737622155713906, 110.77415801193995565772
2022/12/02 16:31:55, 0.00902319530625644324, 110.82548543603247079012
2022/12/02 20:12:47, 0.00902295265312551253, 110.82846585187435751798
2022/12/02 20:20:26, 0.00902271000937866584, 110.83144631275402844184
2022/12/02 21:45:21, 0.00902271000937874625, 110.8314463127530408217
2022/12/02 23:49:38, 0.00897238558087825928, 111.4530791154558583679
2022/12/02 23:57:25, 0.00898132601065261984, 111.34213353506092304875
2022/12/02 23:58:33, 0.00898019442684485712, 111.35616362722166661075
2022/12/03 01:12:54, 0.00882077991638261176, 113.36866008216861371141
2022/12/03 01:28:19, 0.00886890299267815357, 112.75351650881331457982
2022/12/03 01:34:45, 0.00881174210961950433, 113.48493720763016379419
2022/12/03 01:59:44, 0.00882312091819719888, 113.33858044918723833675
2022/12/03 02:02:59, 0.0088236881743743579, 113.33129415250497886083
2022/12/03 03:52:24, 0.00882368817437646229, 113.3312941524779501635
2022/12/03 03:57:25, 0.00874295492663343294, 114.37780571803319964035
2022/12/03 04:11:19, 0.00874560721563706822, 114.34311824706795190053
2022/12/03 05:52:49, 0.00874649140115741197, 114.33155926588703724442
2022/12/03 06:17:39, 0.00874638623152468579, 114.3329340288781416217
2022/12/03 06:41:56, 0.00874638623153023261, 114.3329340288056334375
2022/12/03 06:57:03, 0.00876408658124431765, 114.10202201106288475534
2022/12/03 07:51:05, 0.00874301050547650987, 114.37707862453245364256
2022/12/03 07:56:52, 0.00874359421692146129, 114.3694429534140432114
2022/12/03 09:02:51, 0.00873924282005779683, 114.42638917239588924555
2022/12/03 10:33:46, 0.00873563119688521339, 114.47369714469644034781
2022/12/03 10:40:37, 0.00873749046908662199, 114.44933800363109395286
2022/12/03 11:35:05, 0.00873180746270182143, 114.52382616904118870379
2022/12/03 12:15:43, 0.00873269131356213563, 114.51223501361711218433
2022/12/03 12:35:38, 0.00871342594128429579, 114.76542140124131841347
2022/12/03 12:37:10, 0.00870471297986907053, 114.88029557236948847564
2022/12/03 12:51:10, 0.00870471297987770509, 114.88029557225553412572
2022/12/03 12:55:23, 0.00840643013749617821, 118.95655868709164377279
2022/12/03 12:55:23, 0.00841748535504609721, 118.8003254915699983308
2022/12/03 12:56:13, 0.00844439723505692913, 118.42171467828376683932
2022/12/03 12:57:26, 0.00849753872351864519, 117.68113480110412965562
2022/12/03 12:59:15, 0.00849753872351869804, 117.68113480110339774489
2022/12/03 13:04:34, 0.00849753872351871296, 117.68113480110319115133
2022/12/03 13:07:40, 0.00850057962224223994, 117.63903691737023608398
2022/12/03 13:08:17, 0.00853093049450388025, 117.22050726403854132282
2022/12/03 13:43:08, 0.00850726158098584317, 117.54663830192434848244
2022/12/03 13:52:14, 0.00850374224642705311, 117.59528581903593212007
2022/12/03 13:59:03, 0.008512664972744989, 117.47202588163652132778
2022/12/03 14:40:46, 0.0085131112315261305, 117.46586797747405400988
2022/12/03 14:53:58, 0.00851311123153449514, 117.46586797735863678222
2022/12/03 15:36:08, 0.00851311123153452617, 117.46586797735820858994
2022/12/03 15:53:21, 0.00851368246894444259, 117.45798644096996110576
2022/12/03 16:02:18, 0.00851368246894449395, 117.45798644096925252577
2022/12/03 16:12:23, 0.00853154295925962978, 117.2120922059777500166
2022/12/03 16:15:58, 0.0085315429592596549, 117.21209220597740488254
2022/12/03 16:26:30, 0.00853074523959942382, 117.22305284162451003806
2022/12/03 16:32:51, 0.00853235184197649329, 117.2009802831048102776
2022/12/03 16:38:55, 0.00853132987105426342, 117.21501982860551288378
2022/12/03 17:27:17, 0.00854203243472234515, 117.06815768283892517781
2022/12/03 17:44:34, 0.0085405944762071317, 117.0878681555313540665
2022/12/03 18:09:34, 0.00854088024780628691, 117.0839504811987727883
2022/12/03 18:19:30, 0.00848836511062076574, 117.80831608536554021599
2022/12/03 19:18:43, 0.00845033872438296318, 118.33845158355107022174
2022/12/03 19:59:42, 0.00846811384660459483, 118.09005147007601594392
2022/12/03 21:26:49, 0.00848234736804833157, 117.89189437900677348554
2022/12/03 21:32:01, 0.00849371636501280361, 117.73409389077151967523
2022/12/03 23:09:10, 0.00849371636501347303, 117.73409389076224054785
2022/12/03 23:23:20, 0.0084937163650173284, 117.73409389070880007833
2022/12/03 23:27:45, 0.00849505338875070833, 117.71556389795227332129
2022/12/03 23:57:11, 0.00849683625053337606, 117.6908640480421769737
2022/12/04 00:10:12, 0.00849683625054137916, 117.69086404793132487148
2022/12/04 00:13:15, 0.00848457492584145204, 117.86094279800654476362
2022/12/04 00:19:49, 0.00851500270932203437, 117.43977472904646096837
2022/12/04 00:43:00, 0.00851548497511156614, 117.4331236474172088681
2022/12/04 03:08:54, 0.00851548497511273103, 117.43312364740114439478
2022/12/04 03:36:55, 0.00851426225813616828, 117.44998799448620856452
2022/12/04 04:04:21, 0.00851453840097227015, 117.44617886576336135057
2022/12/04 04:19:08, 0.00847906097422844914, 117.93758802294670929369
2022/12/04 04:49:18, 0.00847906097422850262, 117.93758802294596538001
2022/12/04 07:29:50, 0.00847906097423466509, 117.93758802286024999999
2022/12/04 08:43:27, 0.00848797674809088673, 117.81370633760509648128
2022/12/04 09:31:45, 0.00848797674809094728, 117.8137063376042560678
2022/12/04 09:44:27, 0.00846516303286905595, 118.13121567973805843035
2022/12/04 10:07:54, 0.00847121558955634321, 118.04681269508007764929
2022/12/04 11:13:16, 0.00846610637082387432, 118.11805288039223742559
2022/12/04 11:33:31, 0.00845708451066261184, 118.24405901811782733016
2022/12/04 12:38:00, 0.00845708451066267656, 118.244059018116922371
2022/12/04 13:35:37, 0.00845934896093721453, 118.21240672511630430766
2022/12/04 13:40:07, 0.00845934896093721854, 118.21240672511624829261
2022/12/04 13:41:32, 0.00845934896094458171, 118.21240672501335412013
2022/12/04 13:48:20, 0.00845350643509773504, 118.2941076200220009851
2022/12/04 15:37:52, 0.00845386230531187985, 118.28912796127071584742
2022/12/04 15:50:28, 0.00845386230531195379, 118.28912796126968123589
2022/12/04 15:55:39, 0.00845564173062896012, 118.26423491639782529914
2022/12/04 16:01:35, 0.00845269991258441168, 118.30539476637473058
2022/12/04 16:09:23, 0.00848264622142041438, 117.88774091212194373087
2022/12/04 16:27:39, 0.00847931231840480587, 117.93409211139044014014
2022/12/04 16:58:07, 0.00847927996973764911, 117.93454203292926909737
2022/12/04 17:01:10, 0.00847927996974516722, 117.93454203282470309774
2022/12/04 17:06:05, 0.00847887094526703103, 117.94023124720484799882
2022/12/04 19:01:52, 0.00846378177900393692, 118.15049420114956519728
2022/12/04 19:16:48, 0.00846378177900740289, 118.15049420110118189313
2022/12/04 19:29:47, 0.00846538447542664342, 118.12812553319988601676
2022/12/04 20:50:18, 0.00848320241975221012, 117.88001164178391415477
2022/12/04 22:04:48, 0.00848320241975233569, 117.88001164178216934404
2022/12/04 22:33:12, 0.00847450051009933208, 118.00105490680756472044
2022/12/04 23:06:11, 0.00847984926533909039, 117.92662448464079093227
2022/12/05 03:12:37, 0.00844047981753744704, 118.47667687353763394241
2022/12/05 03:27:47, 0.0084401134385413505, 118.48181985724867780303
2022/12/05 05:53:20, 0.00843634112282067992, 118.53479908428018525073
2022/12/05 05:59:22, 0.00843608484372810056, 118.53840004270001204053
2022/12/05 07:14:33, 0.00843578446588756907, 118.54262090784525936947
2022/12/05 07:26:13, 0.00841706133147144298, 118.80631025711954614641
2022/12/05 07:26:54, 0.00841768314417038326, 118.79753405692682709221
2022/12/05 07:47:59, 0.00841857148781824074, 118.78499831557055169835
2022/12/05 11:22:17, 0.00841816717069244549, 118.79070345400896961919
2022/12/05 11:28:44, 0.00841293174152864068, 118.86462778055283435754
2022/12/05 12:17:13, 0.00841470797317436389, 118.83953705677560961845
2022/12/05 13:02:22, 0.00841499705963423769, 118.83545447649455635546
2022/12/05 13:51:43, 0.00841677347848407145, 118.81037342353521871091
2022/12/05 15:37:34, 0.00842577918821577318, 118.68338555543823588442
2022/12/05 16:44:03, 0.00844000487593180219, 118.48334387242838651228
2022/12/05 16:55:46, 0.00843475228204333787, 118.55712729452532684501
2022/12/05 17:03:58, 0.00843475228204339527, 118.55712729452451998912
2022/12/05 18:19:32, 0.00843653028904251864, 118.53214126414193391473
2022/12/05 19:53:04, 0.00843611405403472751, 118.53798959981242929873
2022/12/05 21:24:55, 0.0084241945933769011, 118.7057099543022969514
2022/12/05 21:53:18, 0.00842419459337687144, 118.70570995430271494122
2022/12/05 23:29:04, 0.00842371984443439585, 118.71240004031072164971
2022/12/05 23:35:39, 0.00842371984443446899, 118.712400040309690888
2022/12/06 00:43:29, 0.00836417332194030422, 119.55754161345164450241
2022/12/06 01:11:30, 0.00836558966383091849, 119.53729984194112960008
2022/12/06 01:14:26, 0.0083655896638309642, 119.53729984194047634881
2022/12/06 01:17:20, 0.00836558966383577823, 119.53729984187168786077
2022/12/06 01:23:47, 0.00836496763780332087, 119.54618873607556698197
2022/12/06 02:02:26, 0.00836471470040981555, 119.54980364733857943319
2022/12/06 02:05:53, 0.00839450034209390466, 119.12561310951859738794
2022/12/06 02:13:48, 0.00838310553958805059, 119.28753554129063601421
2022/12/06 02:22:08, 0.00838487794244746859, 119.26232043732162145625
2022/12/06 02:49:32, 0.00840261227222646628, 119.01060855864373869661
2022/12/06 03:43:44, 0.0084026898196909775, 119.00951022333186825684
2022/12/06 07:11:57, 0.00840712634281822829, 118.9467077361396026258
2022/12/06 07:28:17, 0.00840568840980202646, 118.96705555179535012557
2022/12/06 09:53:51, 0.00840517467475548635, 118.97432697067546034202
2022/12/06 09:58:40, 0.00840054448030696277, 119.03990299012846630207
2022/12/06 10:11:20, 0.00840054448031239593, 119.03990299005147563598
2022/12/06 10:15:23, 0.00839593265161346711, 119.10529079909038224036
2022/12/06 10:44:45, 0.00839593265161737928, 119.10529079903488394397
2022/12/06 10:58:50, 0.00839561653627235623, 119.10977540239097346126
2022/12/06 11:21:54, 0.00839437381580230324, 119.12740866001375398436
2022/12/06 12:27:22, 0.00839437381581037914, 119.127408659899146177
2022/12/06 12:28:45, 0.00839437381581326908, 119.12740865985813399528
2022/12/06 12:40:16, 0.00838899545566769005, 119.2037837288837605953
2022/12/06 12:41:36, 0.0083889954556721448, 119.20378372882046057825
2022/12/06 13:08:01, 0.00838899545567438905, 119.20378372878857081565
2022/12/06 13:48:06, 0.00838899545568365271, 119.2037837286569385381
2022/12/06 14:11:57, 0.0083478238355767666, 119.79169897407258222463
2022/12/06 14:12:38, 0.00834854767116271133, 119.78131279697525050434
2022/12/06 15:19:44, 0.00834854767117271227, 119.78131279683176130487
2022/12/06 15:56:54, 0.00838663855049959965, 119.23728368386987358662
2022/12/06 16:17:12, 0.00840962981403350545, 118.91129837026329581469
2022/12/06 16:52:38, 0.00840962981404132644, 118.91129837015270776443
2022/12/06 16:53:34, 0.00840292758729586109, 119.00614275337449875943
2022/12/06 17:01:45, 0.00838537717157736579, 119.25522007400543625903
2022/12/06 17:10:42, 0.00838537717158831063, 119.25522007384978086491
2022/12/06 17:17:31, 0.00834400864413709173, 119.84647219926466313114
2022/12/06 18:38:52, 0.0083440086441466055, 119.84647219912801517112
2022/12/06 18:40:52, 0.00834400864414882738, 119.84647219909610189946
2022/12/06 19:07:04, 0.00835831585011351099, 119.64132702480002532036
2022/12/06 19:08:32, 0.00824548494120724832, 121.27849448883800175334
2022/12/06 19:08:32, 0.00827817293465344164, 120.79960250816675063349
2022/12/06 19:19:46, 0.00829297469056267359, 120.58399275449260682607
2022/12/06 19:39:29, 0.008292974690573445, 120.58399275433598508267
2022/12/06 19:58:27, 0.00828827675853573528, 120.65234175127459992481
2022/12/06 20:30:42, 0.00829281544215935504, 120.58630835025689994114
2022/12/06 20:47:01, 0.0082928154421628471, 120.58630835020612168349
2022/12/06 21:00:21, 0.00829281544217296843, 120.586308350058946808
2022/12/06 21:04:53, 0.00829281544217707453, 120.58630834999923981664
2022/12/06 21:12:26, 0.0082928154421801247, 120.58630834995488707296
2022/12/06 21:19:15, 0.00829281544218351293, 120.5863083499056185879
2022/12/06 21:24:43, 0.00829064314080593487, 120.61790418623540286063
2022/12/06 21:30:16, 0.00829064314080870815, 120.61790418619505528584
2022/12/06 21:34:29, 0.00828968608850051894, 120.63182964035314203348
2022/12/06 21:52:01, 0.00828949391585033895, 120.63462620895351471056
2022/12/06 21:56:53, 0.0082989544226611432, 120.49710711380674656389
2022/12/06 21:59:09, 0.00829895442266599264, 120.49710711373633485707
2022/12/06 22:01:38, 0.00829749646435164082, 120.5182797360961735095
2022/12/06 22:04:19, 0.00829531465383680615, 120.54997811776471947132
2022/12/06 22:12:48, 0.0082953146538374734, 120.54997811775502271566
2022/12/06 22:35:30, 0.00824460965235020203, 121.29137001834171449515
2022/12/06 22:37:23, 0.00824460965235382014, 121.29137001828848634556
2022/12/06 22:41:44, 0.00823257150589939052, 121.4687293372925495084
2022/12/06 22:46:33, 0.00820947981088703117, 121.81039761786689629492
2022/12/06 22:52:37, 0.00820522039200634092, 121.87363071614947179078
2022/12/06 23:13:04, 0.00820749487141008896, 121.83985682201163084914
2022/12/06 23:19:04, 0.00820749487141017388, 121.83985682201037019768
2022/12/06 23:23:48, 0.00820514976727704175, 121.87467972712698758668
2022/12/06 23:47:57, 0.00820514976728419126, 121.87467972702079280171
2022/12/07 00:05:34, 0.00815240438054484506, 122.66319889460237526508
2022/12/07 00:27:14, 0.00817820206908400305, 122.27626458146499244584
2022/12/07 00:44:06, 0.00812277437272895424, 123.11064595827702165247
2022/12/07 01:20:32, 0.00813200076483321141, 122.97096728329072577708
2022/12/07 01:25:09, 0.00812856356621646508, 123.02296609405266517111
2022/12/07 01:26:50, 0.00812883527710093534, 123.01885398231856073205
2022/12/07 01:38:44, 0.008130692089636298, 122.99076007006089759323
2022/12/07 01:46:10, 0.00813159333288027526, 122.9771287204536111758
2022/12/07 01:47:39, 0.00813159333288819595, 122.97712872033382347545
2022/12/07 01:52:09, 0.00813159333288825258, 122.97712872033296717246
2022/12/07 02:15:25, 0.00813231840103921288, 122.96616422104328556703
2022/12/07 02:16:30, 0.0081323184010401158, 122.96616422102963286616
2022/12/07 02:24:10, 0.0081694181816116608, 122.4077379526090372283
2022/12/07 02:25:59, 0.00816941818161464573, 122.40773795256431203842
2022/12/07 02:41:45, 0.00816774809070761645, 122.43276713414952539732
2022/12/07 03:07:17, 0.00816774809070769622, 122.43276713414832970212
2022/12/07 03:09:40, 0.00816298386974035967, 122.50422345031621834562
2022/12/07 03:17:10, 0.0081629838697467951, 122.50422345021963998415
2022/12/07 03:24:21, 0.00816031893036234678, 122.54423001523501636569
2022/12/07 03:25:03, 0.00816031893036627304, 122.54423001517605548323
2022/12/07 03:28:41, 0.00816031893037120208, 122.54423001510203559377
2022/12/07 03:39:22, 0.00816182960577986074, 122.5215482680307995688
2022/12/07 05:22:57, 0.00817057999064312698, 122.39033228304365148059
2022/12/07 05:30:34, 0.00818578915779958055, 122.16293148073333602566
2022/12/07 05:42:05, 0.00820475102562611678, 121.88060269917678699171
2022/12/07 05:50:12, 0.00820425424746988435, 121.88798272657026591663
2022/12/07 06:07:23, 0.00820425424747723629, 121.88798272646104052718
2022/12/07 06:10:32, 0.00818295399884189622, 122.2052574341156471141
2022/12/07 06:26:17, 0.0081952821347232333, 122.02142446847822492767
2022/12/07 06:33:05, 0.00819528213473461187, 122.02142446830880675612
2022/12/07 07:14:28, 0.00819415582281917307, 122.03819668832624204265
2022/12/07 07:25:00, 0.00819281654776926775, 122.05814620275844495711
2022/12/07 08:11:05, 0.00818619692207796612, 122.15684639872579705858
2022/12/07 10:01:49, 0.0081882751334507786, 122.12584258616268018943
2022/12/07 11:01:01, 0.00819289432439729019, 122.05698748269463906771
2022/12/07 11:05:35, 0.00820098103933282357, 121.93663114252892429745
2022/12/07 11:12:52, 0.00820098103934166615, 121.93663114239744804115
2022/12/07 11:55:52, 0.00819435088958497642, 122.03529156543692066779
2022/12/07 12:56:26, 0.00819435088959533388, 122.03529156528267097066
2022/12/07 13:04:53, 0.00819151149342435062, 122.07759224933511281049
2022/12/07 13:16:44, 0.00819151149343556988, 122.07759224916791283885
2022/12/07 14:22:18, 0.00819151149344136746, 122.07759224908151182756
2022/12/07 14:40:32, 0.00820101299224982765, 121.9361560510910329302
2022/12/07 14:53:29, 0.00822415139366897071, 121.59309236084946460999
2022/12/07 15:13:39, 0.00822352511188353246, 121.60235256714112740102
2022/12/07 15:57:51, 0.00822653537705587527, 121.55785566655904770563
2022/12/07 16:10:22, 0.00822653537706011206, 121.55785566649644352263
2022/12/07 17:07:13, 0.00822653537706008602, 121.55785566649682838181
2022/12/07 17:34:56, 0.00822625645092606554, 121.56197730590147624147
2022/12/07 18:27:07, 0.00822625645092804177, 121.56197730587227279081
2022/12/07 18:28:51, 0.00822595767450320606, 121.56639257937750661132
2022/12/07 18:33:31, 0.00821550632598113402, 121.72104314953166854365
2022/12/07 18:36:17, 0.00812119318175249554, 123.13461552015527058553
2022/12/07 18:44:22, 0.00808215732449607568, 123.72934104723706597654
2022/12/07 19:47:27, 0.00808215732449719259, 123.72934104721996735417
2022/12/07 21:29:38, 0.00808445464331299906, 123.69418150266241003191
2022/12/07 22:13:36, 0.00808790604274219712, 123.64139676144790095633
2022/12/07 22:25:43, 0.00808905482430819994, 123.62383760769268600854
2022/12/07 22:27:25, 0.00807174904046151881, 123.88888640953373199767
2022/12/07 23:03:33, 0.00807174904046151421, 123.88888640953380264256
2022/12/07 23:06:00, 0.00807082635730144266, 123.90304979059907377988
2022/12/07 23:12:38, 0.00807052119261231308, 123.90773484559975530374
2022/12/08 01:01:46, 0.0080640422104016927, 124.0072874011143324009
2022/12/08 01:35:32, 0.00806293638103062057, 124.02429496438343595874
2022/12/08 01:37:56, 0.00806293638103143525, 124.02429496437090459222
2022/12/08 01:49:44, 0.00806371120092861798, 124.01237780996421060879
2022/12/08 01:51:11, 0.00806371120093253381, 124.01237780990398873149
2022/12/08 02:10:44, 0.00808015584242619211, 123.75998922562049136318
2022/12/08 02:59:58, 0.00812959019721460247, 123.00743035517640153231
2022/12/08 03:13:21, 0.00812959019721732696, 123.00743035513517764561
2022/12/08 03:16:58, 0.00812576150140050696, 123.06538898879152025132
2022/12/08 03:39:50, 0.00812576150140722345, 123.06538898868979833294
2022/12/08 06:35:41, 0.0081179811582755705, 123.18333591851067794598
2022/12/08 07:01:41, 0.0081174210060669133, 123.19183632986459730723
2022/12/08 07:29:58, 0.00811742100607643945, 123.19183632972002637294
2022/12/08 07:38:57, 0.00811627221934780861, 123.20927304731974929173
2022/12/08 08:16:53, 0.00811627221934961418, 123.2092730472923398934
2022/12/08 09:09:04, 0.008116390359342153, 123.20747964629090001511
2022/12/08 10:13:56, 0.00811639035934839224, 123.20747964619618793394
2022/12/08 10:47:06, 0.00811639035935735597, 123.20747964606011771256
2022/12/08 11:13:03, 0.00811579797629614452, 123.21647272649041560443
2022/12/08 11:18:58, 0.00811674508361038557, 123.20209513777078398238
2022/12/08 11:49:17, 0.00811648715543606285, 123.20601029107085873585
2022/12/08 12:01:50, 0.00811648715544102659, 123.20601029099551054054
2022/12/08 12:26:30, 0.00814058517222953809, 122.84129197632615149811
2022/12/08 13:06:31, 0.00814179100805713394, 122.82309862908515381923
2022/12/08 13:14:25, 0.00814323812876712254, 122.80127194946697693731
2022/12/08 13:44:42, 0.00814272908125439131, 122.8089489434357456702
2022/12/08 13:55:05, 0.00814272908125958003, 122.8089489433574892883
2022/12/08 14:42:51, 0.00815479634795103718, 122.62721928687509314596
2022/12/08 15:23:17, 0.0081524173725835128, 122.66300341331746124652
2022/12/08 15:25:06, 0.00815220375036692122, 122.66621770278879026489
2022/12/08 15:29:48, 0.00815220375036985832, 122.66621770274459574662
2022/12/08 15:36:26, 0.00815193306004206963, 122.6702909156174187149
2022/12/08 15:49:12, 0.0080535137253177858, 124.16940407716766224129
2022/12/08 15:59:17, 0.00805351372532676588, 124.16940407702920691815
2022/12/08 16:12:05, 0.00805351372532682884, 124.16940407702823629634
2022/12/08 16:41:44, 0.00805351372533605114, 124.16940407688604643341
2022/12/08 17:15:53, 0.00805431044602209736, 124.15712141985847350237
2022/12/08 18:14:13, 0.00806407157844204903, 124.00683578669282716874
2022/12/08 18:37:18, 0.00806407157844763234, 124.00683578660696874216
2022/12/08 19:22:26, 0.00806407157845014882, 124.00683578656827116571
2022/12/08 19:54:08, 0.00803492156149887779, 124.45672211558647545606
2022/12/08 20:31:01, 0.00803492156150703124, 124.45672211546018272204
2022/12/08 20:45:25, 0.00803302838677771797, 124.48605331035425016914
2022/12/08 20:46:27, 0.00803302838677768844, 124.48605331035470778502
2022/12/08 21:43:30, 0.00803351343532649455, 124.47853707477598020217
2022/12/08 21:45:44, 0.0080335134353364564, 124.47853707462162228314
2022/12/08 21:53:59, 0.00803289653444035071, 124.48809663022376700773
2022/12/08 22:12:34, 0.00802997035402035838, 124.53346101076585618262
2022/12/08 22:33:39, 0.00803780055732399832, 124.41214395258982465085
2022/12/08 22:34:21, 0.00794870530793683048, 125.80665168219205869704
2022/12/08 22:34:32, 0.0080106642837668376, 124.8335923933853997425
2022/12/08 23:06:20, 0.00795032778395630879, 125.78097748598380589763
2022/12/08 23:06:20, 0.0080032514288267055, 124.94921706422038891188
2022/12/08 23:24:29, 0.00800325142882834315, 124.94921706419482142593
2022/12/09 00:05:19, 0.00800446396084582321, 124.93028950989630813415
2022/12/09 00:22:02, 0.00800446396084582655, 124.93028950989625603651
2022/12/09 00:38:58, 0.00800446396084600262, 124.93028950989350798749
2022/12/09 00:59:30, 0.00800524242738906566, 124.91814071471575202936
2022/12/09 01:09:02, 0.00800828367482426601, 124.8707014642490204987
2022/12/09 02:12:35, 0.00803750902937217356, 124.41665649713267780137
2022/12/09 02:19:37, 0.0080405563900150583, 124.36950274259903634197
2022/12/09 02:23:08, 0.00803848972170524707, 124.40147771786473654621
2022/12/09 02:45:57, 0.00804336607106305972, 124.32605841447596512051
2022/12/09 03:00:27, 0.00804336607107099619, 124.32605841435329139195
2022/12/09 03:19:10, 0.0080414049648283247, 124.35637856491771870202
2022/12/09 03:53:21, 0.00804384346395599575, 124.31867980536207886716
2022/12/09 04:25:15, 0.00804384346395969838, 124.31867980530485422075
2022/12/09 05:29:42, 0.00804384346395982048, 124.31867980530296717678
2022/12/09 06:04:40, 0.00804433553769041647, 124.31107520498912607813
2022/12/09 06:47:04, 0.0080467961319888466, 124.27306266958200447962
2022/12/09 06:51:39, 0.00804679613199979269, 124.27306266941295526941
2022/12/09 08:09:46, 0.0080448214505453846, 124.30356672890567989739
2022/12/09 08:09:46, 0.00804482145055533627, 124.3035667287519129383
2022/12/09 09:33:10, 0.00803904870637244185, 124.39282762490466554048
2022/12/09 09:56:00, 0.00803954073190647325, 124.3852146965692300253
2022/12/09 09:57:07, 0.00803954073190643531, 124.38521469656981694817
2022/12/09 10:03:07, 0.00803954073190966338, 124.38521469651987325346
2022/12/09 10:14:35, 0.00803954073191981181, 124.38521469636286004888
2022/12/09 10:56:32, 0.00803966401415645101, 124.38330734209462033507
2022/12/09 11:54:58, 0.00803966401416788495, 124.38330734191772344921
2022/12/09 12:01:01, 0.00803833063392334335, 124.403939765777042966
2022/12/09 13:19:37, 0.00803802600073316349, 124.40865455135229920871
2022/12/09 14:51:29, 0.00803802600073819386, 124.40865455127444164221
2022/12/09 15:03:05, 0.00804049385314460021, 124.37047005625215350412
2022/12/09 15:16:29, 0.00804049385314722207, 124.37047005621159840012
2022/12/09 15:25:30, 0.00804049385314930988, 124.37047005617930421967
2022/12/09 15:30:48, 0.00804021883240560263, 124.37472422635589343675
2022/12/09 16:03:52, 0.00806491861759674779, 123.99381164468444460626
2022/12/09 16:06:55, 0.00805794575053802841, 124.10110851555808481685
2022/12/09 16:25:30, 0.0080579457505389392, 124.10110851554405752232
2022/12/09 16:46:08, 0.00805097518672627517, 124.20855570996047652288
2022/12/09 17:13:49, 0.00805307662412506041, 124.17614368702801518132
2022/12/09 17:22:32, 0.00810323615437894988, 123.40748571909814150602
2022/12/09 17:24:53, 0.00809620679150652714, 123.51463169753373539297
2022/12/09 17:53:42, 0.00809641751119112849, 123.51141707029903801681
2022/12/09 18:47:40, 0.00809641751119585109, 123.51141707022699439603
2022/12/09 20:51:48, 0.00811742154727792945, 123.19182811632307640146
2022/12/09 21:50:07, 0.00811742154727873031, 123.1918281163109223645
2022/12/09 22:13:31, 0.00811742154728190845, 123.1918281162626902593
2022/12/09 22:31:08, 0.00810693742556987941, 123.35114328697371480329
2022/12/09 22:38:38, 0.00810658523545863465, 123.35650227002448012693
2022/12/09 22:59:06, 0.00810658523546771037, 123.35650226988637641347
2022/12/10 00:00:44, 0.00810658523546773243, 123.35650226988604085958
2022/12/10 00:48:59, 0.00810658523547347545, 123.35650226979865026808
2022/12/10 01:24:01, 0.00810641778385993217, 123.35905040460947388438
2022/12/10 01:39:20, 0.00810491137124464011, 123.38197843197807120221
2022/12/10 02:23:34, 0.00810465608873465166, 123.38586474878122796609
2022/12/10 02:42:49, 0.00814679405800381489, 122.74767140057386864238
2022/12/10 02:50:41, 0.00814679405800895983, 122.74767140049634996065
2022/12/10 02:55:10, 0.00813890780189516121, 122.86660868269670896647
2022/12/10 03:27:57, 0.00811263783911774359, 123.26446956354591416235
2022/12/10 04:23:34, 0.00811651466472331078, 123.2055927091816151354
2022/12/10 05:07:43, 0.00812168520427078921, 123.12715586097203958408
2022/12/10 05:07:43, 0.00813203121759529242, 122.97050678264711699408
2022/12/10 05:23:24, 0.00815792503797920619, 122.58018985765396151504
2022/12/10 06:14:24, 0.00815792503799104041, 122.58018985747614173984
2022/12/10 06:51:49, 0.00812713057987090767, 123.04465766512688686863
2022/12/10 07:28:39, 0.00811977665512787864, 123.15609683284459335302
2022/12/10 07:32:08, 0.00813031695473673842, 122.99643489512399157077
2022/12/10 07:36:10, 0.00812295871786246535, 123.1078520442299254917
2022/12/10 07:43:12, 0.00811516284231464996, 123.2261162752927180327
2022/12/10 07:52:27, 0.00811516284231758844, 123.22611627524809804181
2022/12/10 07:58:57, 0.0078302832198925185, 127.70930142852819915223
2022/12/10 07:58:57, 0.007915973505818111, 126.32685029390464266998
2022/12/10 07:59:18, 0.00791857296474003291, 126.28538051651709981813
2022/12/10 07:59:18, 0.00792117284975776821, 126.24393116615051429589
2022/12/10 07:59:18, 0.0079732601517913689, 125.41921133419030923086
2022/12/10 07:59:18, 0.00797586898481267825, 125.37818786945458597909
2022/12/10 12:13:44, 0.00799678200325330108, 125.05030143289809823971
2022/12/10 14:44:30, 0.00799439437740234108, 125.08764926917891776221
2022/12/10 15:35:29, 0.00799523026109363577, 125.07457163131333940974
2022/12/10 16:39:07, 0.0080584463753854362, 124.09339882865075367036
2022/12/10 16:42:53, 0.00805844637539572878, 124.09339882849225640408
2022/12/10 18:27:09, 0.00795377398615396206, 125.72647924630667179386
2022/12/10 18:42:46, 0.00797460704908222879, 125.39802824705785341398
2022/12/10 19:01:49, 0.0079714393546965488, 125.447858975534701745
2022/12/10 19:09:08, 0.00797404875115110184, 125.40680790992706084847
2022/12/10 19:16:13, 0.00797254448145496532, 125.43046982379495190005
2022/12/10 20:00:10, 0.00795946379524692167, 125.63660388745792396688
2022/12/10 20:13:29, 0.00795031371289846744, 125.78120010253372591368
2022/12/10 20:19:39, 0.00794116890087611131, 125.9260459615302688046
2022/12/10 20:24:53, 0.00793189883252945313, 126.07321665512263064621
2022/12/10 20:28:05, 0.0079358033520774877, 126.01118697557107545319
2022/12/10 20:47:32, 0.00796185802582857752, 125.59882338468747547547
2022/12/10 20:49:32, 0.00795924279892152321, 125.64009231324114440401
2022/12/10 20:55:40, 0.00795322941071162754, 125.7350880201157743756
2022/12/10 21:07:24, 0.00795239570908477007, 125.74826965132103319683
2022/12/10 21:09:44, 0.00794324974935151777, 125.8930578232969963345
2022/12/10 22:22:01, 0.00791193221688475367, 126.39137603655308740383
2022/12/10 22:26:25, 0.00791219215854580863, 126.38722366214513296882
2022/12/10 23:01:14, 0.00792045026665248922, 126.25544840680395746482
2022/12/10 23:23:02, 0.00792370159030793085, 126.20364214916604462766
2022/12/10 23:39:15, 0.00795480398197432319, 125.71020005848182284251
2022/12/10 23:59:41, 0.00795493430339519433, 125.70814061571777335256
2022/12/11 00:27:54, 0.00795313862392347019, 125.73652331319185513997
2022/12/11 01:37:30, 0.00795313862393597394, 125.73652331299417496124
2022/12/11 01:48:27, 0.00795313862394189137, 125.73652331290062231773
2022/12/11 01:53:35, 0.00754855629107266488, 132.47566308575517143828
2022/12/11 01:53:35, 0.0077747450285342544, 128.62158132901838922158
2022/12/11 01:54:06, 0.00777567101650151895, 128.60626406104390177308
2022/12/11 01:54:06, 0.0078021511070884771, 128.16978116348854633549
2022/12/11 01:55:50, 0.00783717361801686568, 127.59702014270828800789
2022/12/11 02:03:05, 0.00780949219625032467, 128.04929883663156707175
2022/12/11 02:17:38, 0.00783030270084681822, 127.70898370146708458042
2022/12/11 02:19:29, 0.00786167467814141425, 127.19936157882469400804
2022/12/11 02:35:13, 0.00786230403955534756, 127.18917952917971607049
2022/12/11 04:20:31, 0.00786435269661442053, 127.15604685818540429247
2022/12/11 05:16:41, 0.00786435269662028448, 127.15604685809059219889
2022/12/11 09:14:05, 0.00785703387626195886, 127.27449260734984753705
2022/12/11 09:23:57, 0.00784972527295123368, 127.39299341415467230298
2022/12/11 09:37:03, 0.00785238382528882015, 127.34986244297842816123
2022/12/11 10:28:52, 0.00784978644445220663, 127.39200067114494521805
2022/12/11 12:11:06, 0.00784978644446533733, 127.39200067093185072995
2022/12/11 12:54:42, 0.00784978644447327698, 127.39200067080300030774
2022/12/11 13:02:25, 0.00798079486792580558, 125.3008023071639511345
2022/12/11 13:03:52, 0.00795440640734252709, 125.71648326604525961614
2022/12/11 13:11:21, 0.00795291151775587115, 125.74011389003571069507
2022/12/11 14:30:29, 0.00794540650551717202, 125.85888453984259753814
2022/12/11 16:19:42, 0.00794106895914917169, 125.92763079432353810979
2022/12/11 16:27:57, 0.00793680255978152268, 125.99532273454048478167
2022/12/11 16:45:27, 0.00795830335842440902, 125.65492353862479098789
2022/12/11 17:32:42, 0.00795830335843273317, 125.65492353849335960992
2022/12/11 17:37:46, 0.00791048845414946354, 126.41444403795923295623
2022/12/11 18:02:50, 0.00791048845415166188, 126.41444403792410210317
2022/12/11 19:32:44, 0.00791048845416424071, 126.41444403772308472451
2022/12/11 19:34:48, 0.00791091690160517925, 126.40759755637088641273
2022/12/11 19:47:21, 0.00791091690161659512, 126.40759755618847356281
2022/12/11 20:21:30, 0.00791091690162119925, 126.40759755611490462024
2022/12/11 22:08:48, 0.0079109169016248042, 126.40759755605730167509
2022/12/11 22:20:17, 0.00698316923009583238, 143.2014558218398873595
2022/12/11 22:20:17, 0.00740486525689740946, 135.04634659874871476852
2022/12/11 22:20:17, 0.00743263241252294403, 134.541834507400115335
2022/12/11 22:21:09, 0.00743354961178446719, 134.52523386871485935943
2022/12/11 22:22:38, 0.00747028393700749786, 133.86372036624185801082
2022/12/11 22:22:38, 0.00750753006381203439, 133.19959980183396632162
2022/12/11 22:23:07, 0.0075497744000862246, 132.45428896373104634215
2022/12/11 22:23:07, 0.00772914126011260495, 129.38047919510156781109
2022/12/11 22:24:31, 0.00769118106815330632, 130.01904273723012793631
2022/12/11 23:02:12, 0.00753219664489630988, 132.76339521453986851145
2022/12/11 23:05:34, 0.00757464789152048495, 132.01933797074052286801
2022/12/11 23:43:35, 0.00761638416300633794, 131.2958982370028141708
2022/12/12 00:24:29, 0.00772498878395476249, 129.45002613816817635352
2022/12/12 00:27:55, 0.00765702489966174551, 130.59902678965765237666
2022/12/12 00:49:28, 0.00765024386805349891, 130.71478729924938662302
2022/12/12 01:47:46, 0.00765024386806254189, 130.71478729909487516204
2022/12/12 03:30:28, 0.00763711885448991517, 130.93943135533278499674
2022/12/12 04:47:51, 0.00757297944628242147, 132.0484238856478590026
2022/12/12 05:02:58, 0.00750964505645777042, 133.1620858884761564689
2022/12/12 05:02:58, 0.00756884161596233227, 132.1206137926108617026
2022/12/12 05:13:30, 0.00756455804804097103, 132.19542948169651181032
2022/12/12 05:24:21, 0.00750132984486756741, 133.30969583802571051252
2022/12/12 06:07:30, 0.00752071875935547484, 132.96601455227132328412
2022/12/12 06:09:58, 0.00752211661893861042, 132.94130504202453010572
2022/12/12 07:03:25, 0.00752173033004750676, 132.94813242708796561503
2022/12/12 08:01:05, 0.00742831306696266232, 134.62006662690195438568
2022/12/12 08:01:05, 0.00749522381612442333, 133.41829737608460648717
2022/12/12 08:20:00, 0.00748542140162743194, 133.59301318461328888455
2022/12/12 10:00:13, 0.00751962530630138441, 132.98534957081015609795
2022/12/12 10:35:30, 0.00780175595111745368, 128.17627291414684051067
2022/12/12 10:35:30, 0.00776337163617688119, 128.81001282227112118158
2022/12/12 10:38:50, 0.00773448923599949322, 129.29101967659206429795
2022/12/12 10:38:50, 0.00766259727655536814, 130.50405285680606967456
2022/12/12 11:11:03, 0.00765503543776903798, 130.63296808086850479652
2022/12/12 11:42:51, 0.0076474847926598528, 130.76194685078837142609
2022/12/12 13:24:34, 0.00764748479266351105, 130.76194685072582001479
2022/12/12 13:37:51, 0.00764041777638248777, 130.88289531642214388008
2022/12/12 14:12:55, 0.00753812118474723391, 132.65905064293971151029
2022/12/12 15:34:30, 0.00752970211917641242, 132.80737858848770866389
2022/12/12 15:36:25, 0.00752970211918829694, 132.80737858827809183179
2022/12/12 15:48:01, 0.00752970211919627631, 132.80737858813735340596
2022/12/12 15:49:47, 0.00755958291677589682, 132.28243026223624041796
2022/12/12 16:41:45, 0.00755958291677592066, 132.2824302622358233011
2022/12/12 16:53:31, 0.00747514913978476038, 133.77659512874869863097
2022/12/12 16:57:40, 0.00737158231332224135, 135.65608542317392144784
2022/12/12 16:57:40, 0.00746192721071590188, 134.01363639193947401214
2022/12/12 17:03:06, 0.00738117531971293097, 135.47977885436435456299
2022/12/12 17:04:05, 0.00740190226538556506, 135.10040583437911741317
2022/12/12 17:08:58, 0.00747175236289748242, 133.83741208631390612081
2022/12/12 17:10:03, 0.00739084275070640429, 135.30256747844103237664
2022/12/12 17:18:50, 0.00731326590086066891, 136.73781502766281392736
2022/12/12 17:18:50, 0.00737333345903614449, 135.62386748892838107816
2022/12/12 17:23:48, 0.00729710430591292224, 137.04066134695227339797
2022/12/12 17:23:48, 0.00733366590888357658, 136.35745238798758604322
2022/12/12 17:28:04, 0.00736085472152841508, 135.85378842966201358689
2022/12/12 17:30:33, 0.00740189316989002674, 135.10057184665601576746
2022/12/12 18:24:53, 0.00740189316989271385, 135.10057184660697011553
2022/12/12 18:26:54, 0.00739453402604222409, 135.23502582829143161279
2022/12/12 18:26:54, 0.00739315938315734961, 135.26017067590072069981
2022/12/12 18:31:14, 0.00710208789522184783, 140.80366432423081304116
2022/12/12 18:31:21, 0.00724655763717419775, 137.99655644358484393186
2022/12/12 18:32:04, 0.00724726081560823705, 137.98316708104750678473
2022/12/12 18:33:03, 0.00728443704383753887, 137.27896802210354804599
2022/12/12 18:37:23, 0.00723335246461647902, 138.24848227591812688525
2022/12/12 18:37:23, 0.00730420459400666571, 136.90744654394430494665
2022/12/12 18:39:20, 0.00730420459400672261, 136.90744654394323841474
2022/12/12 18:50:30, 0.00725290920763515707, 137.87570909439998300747
2022/12/12 18:50:30, 0.00722972324202904941, 138.31788113086140551982
2022/12/12 18:50:30, 0.00717039849338239539, 139.46226293042236278196
2022/12/12 18:56:02, 0.00717129386414150088, 139.44485039168218238744
2022/12/12 18:56:02, 0.00719420045184632254, 139.00085307511268920805
2022/12/12 19:02:14, 0.00714405830092579326, 139.9764612601790688059
2022/12/12 19:03:29, 0.00720934955334519557, 138.70876874544001556133
2022/12/12 19:03:29, 0.00725008661104864508, 137.92938672981742872201
2022/12/12 20:09:13, 0.00725205612336120899, 137.89192788768937613848
2022/12/12 20:49:46, 0.00725205612337123624, 137.89192788749871613441
2022/12/12 21:01:54, 0.00725205612337916246, 137.89192788734800550042
2022/12/12 21:24:48, 0.00725205612338673582, 137.89192788720400422682
2022/12/12 21:58:26, 0.00727298949222469447, 137.49504259136713529713
2022/12/12 22:40:26, 0.00727508781228943789, 137.45538552960839540961
2022/12/13 00:01:36, 0.00727508781229194536, 137.45538552956101937899
2022/12/13 00:12:45, 0.00727508781230045106, 137.45538552940031276375
2022/12/13 00:44:59, 0.00727718864772337089, 137.4157038395376202919
2022/12/13 01:13:14, 0.00727216031798993516, 137.51071982368032607329
2022/12/13 02:50:07, 0.00720061687413479962, 138.87699033010368641142
2022/12/13 02:54:03, 0.00725800339648735758, 137.77893800435091307376
2022/12/13 03:25:05, 0.00725800339649937277, 137.77893800412282839926
2022/12/13 03:47:01, 0.00725800339650091419, 137.7789380040935675857
2022/12/13 04:12:55, 0.00727268539704570132, 137.50079171666333975514
2022/12/13 04:44:03, 0.00727232770246110579, 137.50755479041179087955
2022/12/13 05:11:39, 0.0072766477723127328, 137.42591799000469851243
2022/12/13 05:29:08, 0.00727611080206176955, 137.43605989571221443913
2022/12/13 05:54:23, 0.00725519812476032629, 137.8322111683248839909
2022/12/13 05:57:12, 0.00724477560220840574, 138.03050017107122705692
2022/12/13 06:39:21, 0.00721366326569065322, 138.62582202251682586606
2022/12/13 06:55:32, 0.00721470091530380614, 138.60588425485558481143
2022/12/13 07:46:06, 0.00721470091531747053, 138.60588425459307016924
2022/12/13 09:25:58, 0.00721577254276308428, 138.5852996437547263355
2022/12/13 10:08:38, 0.00725754990569231605, 137.78754717424260953627
2022/12/13 10:49:19, 0.00725023471392730585, 137.92656920182935398924
2022/12/13 13:20:08, 0.00724806945259380071, 137.96777287255975349834
2022/12/13 14:23:43, 0.00724806945260580059, 137.96777287233133451192
2022/12/13 14:29:56, 0.00725276647094679725, 137.87842253101761441789
2022/12/13 14:59:26, 0.00729577290327270633, 137.06566984170029677249
2022/12/13 14:59:26, 0.00731060223639087844, 136.7876363211470807513
2022/12/13 15:52:06, 0.00734253191320080462, 136.19280267643718654591
2022/12/13 15:59:59, 0.00735643308452113532, 135.93544432615398195126
2022/12/13 17:04:54, 0.00735643308452675669, 135.9354443260501077606
2022/12/13 17:38:35, 0.00730327949768953549, 136.9247884209223902346
2022/12/13 18:04:44, 0.00730327949769373368, 136.92478842084368103534
2022/12/13 18:08:17, 0.00729588254581645204, 137.06361001842226563447
2022/12/13 19:22:28, 0.00729135529808132379, 137.14871366413099833361
2022/12/13 19:28:23, 0.00729280217991904913, 137.12150354955879317082
2022/12/13 20:50:41, 0.00729280217992662026, 137.12150354941643853477
2022/12/13 21:01:17, 0.00722987923725492322, 138.31489672014010164795
2022/12/13 21:33:17, 0.0072293199708959496, 138.32559687852178956575
2022/12/14 00:13:13, 0.00722931997090757288, 138.32559687829938999042
2022/12/14 00:21:09, 0.00722841949823535584, 138.34282864243364190651
2022/12/14 00:21:09, 0.00722946439933965233, 138.32283344411256250458
2022/12/14 00:46:29, 0.00722887764863087448, 138.33406077766397004121
2022/12/14 02:41:54, 0.00722887764864284311, 138.33406077743493467889
2022/12/14 02:48:29, 0.00700478932783863772, 142.75946830060554162093
2022/12/14 02:48:29, 0.00711900355663376818, 140.46909683984643813049
2022/12/14 02:48:53, 0.00722805581812128832, 138.34978937115061811544
2022/12/14 03:14:02, 0.0072290512643648133, 138.3307384925379755284
2022/12/14 03:18:30, 0.0072290512643648556, 138.33073849253716604227
2022/12/14 04:43:41, 0.00723230132090207533, 138.26857533022024713357
2022/12/14 05:12:26, 0.00716906820985578568, 139.48814137731801371984
2022/12/14 05:23:17, 0.00713994194505695848, 140.05716120595467339256
2022/12/14 05:54:04, 0.00714142587783790736, 140.02805841664124837598
2022/12/14 05:59:34, 0.0071411014377395851, 140.03442028076496420228
2022/12/14 06:07:46, 0.00714110143775399016, 140.03442028048248623398
2022/12/14 06:11:35, 0.0071350479222105878, 140.15322824771988134665
2022/12/14 06:23:13, 0.00716417515432353573, 139.58341029623014420377
2022/12/14 07:19:12, 0.00718517245364452448, 139.17550433918554982586
2022/12/14 07:43:10, 0.00721171000411988898, 138.66336824813009911031
2022/12/14 08:49:13, 0.00720433186621847944, 138.80537689956464852267
2022/12/14 08:54:37, 0.00720127113988979546, 138.86437277173589175659
2022/12/14 09:31:02, 0.00725545190845984355, 137.82739002569941152267
2022/12/14 09:52:28, 0.00715016841697735162, 139.85684555703627294364
2022/12/14 11:37:25, 0.00717932571520361646, 139.28884684564537795895
2022/12/14 11:53:49, 0.00725189160721521331, 137.89505609888842736067
2022/12/14 13:31:04, 0.00725109990795920214, 137.91011194072026809256
2022/12/14 14:13:07, 0.00726712619190528355, 137.60597705237062841046
2022/12/14 14:20:04, 0.00705847727119680689, 141.67361621757323300496
2022/12/14 14:20:39, 0.00705943229990019249, 141.65445003476245211717
2022/12/14 14:22:31, 0.00706038739311104031, 141.63528774295299824358
2022/12/14 14:23:31, 0.00713836229567910768, 140.08815447841668550336
2022/12/14 14:37:25, 0.00714420017872391596, 139.97368144555800791696
2022/12/14 14:58:13, 0.00704146276528930784, 142.01594659130653997181
2022/12/14 14:58:44, 0.00706572850019413394, 141.52822316517321162249
2022/12/14 15:05:13, 0.00707152038569817148, 141.41230533994564183369
2022/12/14 15:39:01, 0.00707789419650129942, 141.28496022083994585056
2022/12/14 16:00:17, 0.00707789419650838769, 141.28496022069845390494
2022/12/14 18:01:06, 0.00707536817336245745, 141.33540128198950353705
2022/12/14 19:12:57, 0.00703467392101593447, 142.15299973073689647541
2022/12/14 19:14:14, 0.00706958486531067658, 141.45102138979054196167
2022/12/14 19:54:18, 0.00712121729361587884, 140.4254299186310406668
2022/12/14 20:19:30, 0.00711397653736501905, 140.56835790048795193995
2022/12/14 20:48:46, 0.00711397653736554669, 140.56835790047752605042
2022/12/14 21:17:02, 0.00710894575073286705, 140.66783389040620825425
2022/12/14 21:33:16, 0.00710894575073925895, 140.66783389027972885162
2022/12/14 21:37:45, 0.00710795444790279203, 140.68745197080586890224
2022/12/14 22:39:45, 0.00710684527400280658, 140.70940923085095553975
2022/12/14 22:55:23, 0.00710757152543334402, 140.69503154792812997073
2022/12/15 00:08:44, 0.00710035021112525542, 140.83812351018121664679
2022/12/15 00:49:20, 0.00710035021112978437, 140.83812351009138311273
2022/12/15 00:52:32, 0.00709145883940948248, 141.01470834783434433569
2022/12/15 01:08:40, 0.00709145883942244317, 141.01470834757661917648
2022/12/15 01:14:14, 0.00710020757853786562, 140.84095273816324106337
2022/12/15 01:36:23, 0.00712102785210138231, 140.42916567232701330176
2022/12/15 03:20:36, 0.00714295528150219881, 139.99807650898453558133
2022/12/15 03:22:46, 0.00714295528151009258, 139.99807650882982199103
2022/12/15 03:29:55, 0.00714048624124122072, 140.0464851012963231064
2022/12/15 03:38:30, 0.00711261919627685252, 140.59518335010211175866
2022/12/15 04:10:57, 0.00715648807883759643, 139.73334252551798236411
2022/12/15 04:13:05, 0.00715057826491027838, 139.84882941667200447899
2022/12/15 05:11:22, 0.00715057826491440794, 139.8488294165912397868
2022/12/15 05:15:21, 0.00713292587779024391, 140.19492381291877194021
2022/12/15 06:01:18, 0.00714551014035470575, 139.94802055523493137049
2022/12/15 06:03:30, 0.00714844074386926573, 139.89064690193205874372
2022/12/15 06:41:40, 0.00714844074386935715, 139.89064690193026984382
2022/12/15 08:14:44, 0.00716308127135296118, 139.60472625087502662107
2022/12/15 08:25:06, 0.00717773675341452323, 139.3196817261777829998
2022/12/15 09:48:23, 0.00717773675342519644, 139.31968172597061625072
2022/12/15 09:56:37, 0.00718067372310974703, 139.26269853783695348163
2022/12/15 10:24:35, 0.00718067372310983468, 139.26269853783525341567
2022/12/15 10:28:55, 0.00717506179039377321, 139.37162204496070110694
2022/12/15 12:29:06, 0.00717351938654162214, 139.40158883185278018085
2022/12/15 12:38:08, 0.00716374493617164493, 139.59179296721400966909
2022/12/15 13:55:32, 0.00715639198298461522, 139.7352188613547882213
2022/12/15 14:02:09, 0.0072025197666152708, 138.84029928458451355939
2022/12/15 14:28:50, 0.00720167202408377511, 138.85664282625032646853
2022/12/15 14:48:00, 0.0072016720240929336, 138.85664282607374013963
2022/12/15 14:58:24, 0.0072000245382985416, 138.88841554369380816783
2022/12/15 15:06:31, 0.00720002453830992317, 138.88841554347425789767
2022/12/15 15:55:07, 0.00721705786423041851, 138.56061830351330952732
2022/12/15 16:32:26, 0.00722295217005480452, 138.44754560965235481664
2022/12/15 16:48:59, 0.00722295217005481375, 138.44754560965217778916
2022/12/15 17:20:19, 0.00733091130610507668, 136.40868893983405503967
2022/12/15 17:25:25, 0.00727150072540080641, 137.52319332195072045407
2022/12/15 19:23:31, 0.00727816450874090763, 137.39727905284678238816
2022/12/15 19:35:49, 0.0072807557640617124, 137.34837871310908897175
2022/12/15 19:41:16, 0.0071595424446672571, 139.6737302318591733152
2022/12/15 19:45:03, 0.00721832266460197262, 138.53633959921369858336
2022/12/15 20:20:56, 0.00722258893911437149, 138.45450826980321817436
2022/12/15 20:23:23, 0.00722258893912619, 138.45450826957666146505
2022/12/15 22:46:18, 0.00721969330578257826, 138.51003881273666582393
2022/12/15 23:02:38, 0.00721437929221985836, 138.61206342150896981363
2022/12/16 00:23:11, 0.0072143792922257177, 138.61206342139639254455
2022/12/16 00:33:02, 0.00721482108032052359, 138.60357573213364900644
2022/12/16 01:49:04, 0.00721517452051918666, 138.59678614233192493484
2022/12/16 04:26:16, 0.00720926687100286814, 138.71035958208213744902
2022/12/16 04:43:21, 0.00726278553166598814, 137.68821833440716536452
2022/12/16 04:49:27, 0.007198971982341354, 138.90872230826011737158
2022/12/16 06:54:12, 0.0071989719823520337, 138.90872230805404572683
2022/12/16 07:03:31, 0.00719897198235447708, 138.90872230800689924967
2022/12/16 07:23:30, 0.00720046173739968333, 138.87998248861356118314
2022/12/16 08:20:32, 0.00720761470597695973, 138.74215545549954610201
2022/12/16 08:27:09, 0.00721516367483287152, 138.59699447818326932311
2022/12/16 08:33:54, 0.00720763733518216418, 138.74171985856808215398
2022/12/16 10:25:58, 0.00720402114779439889, 138.81136374872559854582
2022/12/16 10:51:19, 0.00722848109020845411, 138.34164985982720672477
2022/12/16 11:41:39, 0.00724365651096424056, 138.05182486032662957481
2022/12/16 12:09:01, 0.00724365651097717205, 138.05182486008017720863
2022/12/16 12:21:18, 0.00722559296978225552, 138.39694599212044605143
2022/12/16 14:54:50, 0.00718259747394908726, 139.22539911598119247323
2022/12/16 16:00:02, 0.00707677330329677692, 141.30733840720052860613
2022/12/16 16:34:37, 0.00707973119633423078, 141.24830057358444245873
2022/12/16 17:48:09, 0.00708121037414969304, 141.21879553960848468392
2022/12/16 17:49:39, 0.00709942152076968255, 140.85654684321169502806
2022/12/16 18:47:19, 0.00709206651042680018, 141.0026257551016754908
2022/12/16 19:37:15, 0.00709206651042908945, 141.00262575505616070905
2022/12/16 19:42:19, 0.00708896809970331238, 141.06425447758073816914
2022/12/16 20:34:35, 0.00709489086888863551, 140.9464949468127519679
2022/12/16 21:30:34, 0.0070948908689019259, 140.94649494654872626248
2022/12/16 23:12:49, 0.00709297515882225526, 140.98456255781443151854
2022/12/16 23:19:55, 0.00712859303552604815, 140.28013592814193998706
2022/12/16 23:29:14, 0.00712859303552614164, 140.28013592814010022218
2022/12/16 23:59:37, 0.00712859303552679831, 140.28013592812717804897
2022/12/17 00:07:26, 0.00705705193683794067, 141.70223047105288279981
2022/12/17 00:19:09, 0.00714586914601418987, 139.94098962164430531734
2022/12/17 00:43:11, 0.00714885919312479889, 139.88245858328277536773
2022/12/17 00:45:33, 0.00714945727741097326, 139.87075678590936756113
2022/12/17 00:48:03, 0.00714945727741318285, 139.87075678586613944986
2022/12/17 00:53:27, 0.00714945727741323988, 139.87075678586502372538
2022/12/17 00:57:54, 0.00714614546416860369, 139.93557855967068866022
2022/12/17 01:20:15, 0.00714614546417583964, 139.93557855952899453136
2022/12/17 01:28:13, 0.00714585778375688684, 139.94121213454330767105
2022/12/17 01:30:01, 0.00711961150148018477, 140.45710215959080581332
2022/12/17 02:45:34, 0.00712281562810266668, 140.39391895173539132335
2022/12/17 02:48:44, 0.0071232642769081799, 140.38507643774314672985
2022/12/17 02:50:25, 0.00712475987490001519, 140.35560742516019579295
2022/12/17 02:51:56, 0.00712475987491082537, 140.35560742494723862769
2022/12/17 03:28:16, 0.00712475987491638857, 140.35560742483764526165
2022/12/17 05:12:54, 0.00712521288884377071, 140.34668375533589802772
2022/12/17 06:37:04, 0.00711977754968440334, 140.45382640421494051177
2022/12/17 07:25:58, 0.00712279685654844464, 140.39428894853792875143
2022/12/17 08:21:17, 0.00711634878316601842, 140.52149922240128668116
2022/12/17 08:47:48, 0.00707388786158935962, 141.36497772744169740196
2022/12/17 09:20:07, 0.00707388786159002578, 141.36497772742838488918
2022/12/17 09:54:09, 0.00707985087532393618, 141.24591288856000632424
2022/12/17 10:36:03, 0.00707985087532483315, 141.24591288854211153903
2022/12/17 10:54:59, 0.00706670923418262711, 141.50858155630132949557
2022/12/17 11:16:41, 0.00705927149653501098, 141.65767678588963389824
2022/12/17 11:58:44, 0.00706227975969850302, 141.59733599150016799688
2022/12/17 13:25:51, 0.00706093509755018109, 141.62430134033577096866
2022/12/17 13:31:00, 0.00713029540151821236, 140.24664388898611580199
2022/12/17 15:04:10, 0.0071227571426954449, 140.39507173504062778513
2022/12/17 16:01:42, 0.00712275714270351173, 140.39507173488162430807
2022/12/17 16:07:06, 0.00711641289669040503, 140.52023322944977765624
2022/12/17 16:46:09, 0.00714453697741732173, 139.96708298394026138403
2022/12/17 17:25:28, 0.0071445369774280369, 139.96708298373034280529
2022/12/17 17:36:10, 0.00714453697744302393, 139.96708298343673518607
2022/12/17 18:31:53, 0.00714508511633891437, 139.9563453363578913513
2022/12/17 18:53:05, 0.00719995941212233775, 138.88967183847349033974
2022/12/17 19:23:51, 0.00720026510819513433, 138.88377510736775607003
2022/12/17 20:20:35, 0.00719256737967361451, 139.03241321395562129395
2022/12/17 20:27:32, 0.00719256737967784776, 139.03241321387379240115
2022/12/17 21:13:06, 0.00719477433299552691, 138.98976586575612798649
2022/12/17 21:17:44, 0.0071978335988053629, 138.93069161337263452381
2022/12/17 21:46:38, 0.00719783359882053609, 138.9306916130797657298
2022/12/18 00:48:44, 0.00719694669816397882, 138.9478124459517154299
2022/12/18 00:56:10, 0.00719755883987684796, 138.93599514041767123346
2022/12/18 01:22:49, 0.00719495539887132726, 138.98626809512537244616
2022/12/18 02:55:04, 0.00719495539888607011, 138.98626809484058211421
2022/12/18 06:51:59, 0.00719460550257949235, 138.99302743443939344314
2022/12/18 07:20:16, 0.00721673954729275678, 138.56672995426776074933
2022/12/18 07:37:50, 0.00719097561544140491, 139.06318884640200871926
2022/12/18 08:22:38, 0.00718631701528546774, 139.15333791606690088371
2022/12/18 08:58:56, 0.00717753357530319874, 139.32362551961413179168
2022/12/18 09:20:49, 0.00716876623680462758, 139.49401709682966795074
2022/12/18 11:41:13, 0.00716110796198392586, 139.64319562122035838118
2022/12/18 11:50:38, 0.00716813037516996094, 139.50639115939480412645
2022/12/18 12:23:18, 0.00715938027622096181, 139.67689400734616606112
2022/12/18 12:48:01, 0.00711225087988850191, 140.60246423923630019693
2022/12/18 13:34:26, 0.00709066052138174545, 141.0305848072291621948
2022/12/18 13:42:38, 0.00702642972138335875, 142.31978965885403806036
2022/12/18 13:44:19, 0.00704667995301000343, 141.91080149352433696115
2022/12/18 14:04:21, 0.0070542532230035138, 141.7584496030079481984
2022/12/18 15:55:34, 0.00693875087257012856, 144.11815878174017845986
2022/12/18 15:56:18, 0.00694175637077169038, 144.05576147997737266837
2022/12/18 15:59:20, 0.00694476251876555977, 143.99340471295932104336
2022/12/18 16:02:47, 0.00694575469009239175, 143.97283587144625999777
2022/12/18 16:04:58, 0.00702055218057642598, 142.43893845938119570391
2022/12/18 17:02:42, 0.00701207115855437175, 142.61121677010516861847
2022/12/18 17:04:51, 0.00696631489487630566, 143.54791810164878643256
2022/12/18 17:05:33, 0.00702910137305316013, 142.26569612918244898298
2022/12/18 17:22:16, 0.00702910137306039922, 142.26569612903593309293
2022/12/18 17:31:10, 0.00698413666887277689, 143.18161963479984863743
2022/12/18 17:33:02, 0.00699922126949639872, 142.87303708458856085762
2022/12/18 18:19:15, 0.00699875733384243346, 142.88250789386684884153
2022/12/18 18:25:21, 0.00702670577144744732, 142.31419850585371747301
2022/12/18 18:52:37, 0.00702700822011106942, 142.30807317658067634335
2022/12/18 19:43:41, 0.00703911150361157185, 142.06338392095762118562
2022/12/18 19:52:41, 0.0069697944494108116, 143.47625417913645134985
2022/12/18 20:18:32, 0.0069709391152676653, 143.45269460320091917284
2022/12/18 21:36:29, 0.00694455516655896384, 143.99770410283907454334
2022/12/18 21:42:56, 0.00694673206738200897, 143.95257947192809486669
2022/12/18 21:45:36, 0.00693838363220892755, 144.12578678380696276669
2022/12/18 22:52:05, 0.00693442340014988016, 144.20809666430031768701
2022/12/18 23:29:49, 0.00693556515271681367, 144.18435671508009242437
2022/12/18 23:49:40, 0.00700333645078727147, 142.78908446381813166676
2022/12/19 00:05:44, 0.00706385378654967443, 141.5657840914128044545
2022/12/19 00:18:23, 0.00706231976364483265, 141.59653392469789992432
2022/12/19 01:40:22, 0.00706231976365790633, 141.59653392443577809199
2022/12/19 02:01:42, 0.00684790101940250799, 146.03014809452544425631
2022/12/19 02:02:51, 0.00692740898475473389, 144.35411597622096696329
2022/12/19 03:02:03, 0.0069190396897079799, 144.52872722893793568498
2022/12/19 03:03:31, 0.00693662759366606244, 144.16227287639238912905
2022/12/19 05:49:20, 0.00693662759366881221, 144.16227287633524133582
2022/12/19 06:14:47, 0.00695347025497301829, 143.81308373107872344977
2022/12/19 09:01:17, 0.00694510739627415773, 143.98625434308907483082
2022/12/19 10:04:21, 0.00694510739628708339, 143.98625434282109950911
2022/12/19 10:07:50, 0.00681375361833981527, 146.76198407121917697761
2022/12/19 10:10:41, 0.00688940815294504545, 145.15034931883453943909
2022/12/19 10:24:17, 0.0068894081529519251, 145.15034931868959467437
2022/12/19 10:28:35, 0.00675997556648062527, 147.92952876316673510055
2022/12/19 10:31:12, 0.00679651631928455034, 147.13420126169389005973
2022/12/19 10:56:29, 0.00683318348685051982, 146.34467257089706015815
2022/12/19 12:09:12, 0.0068248805375156438, 146.52271120396996804323
2022/12/19 13:51:28, 0.00682603527395563638, 146.49792447095098014981
2022/12/19 13:52:32, 0.00682603527397069267, 146.49792447062784738224
2022/12/19 14:14:24, 0.00683535423931759668, 146.29819684368463323741
2022/12/19 14:38:20, 0.00686535193847311046, 145.65895659274900001462
2022/12/19 15:53:34, 0.00688650164220341979, 145.2116113458208457975
2022/12/19 16:45:44, 0.00693980515334412433, 144.0962646506183499595
2022/12/19 16:58:18, 0.00688314435168676195, 145.28243908686051459838
2022/12/19 19:38:57, 0.00688621294884008491, 145.21769910825081304482
2022/12/19 19:47:12, 0.00704051467194834001, 142.03507081439933824287
2022/12/19 19:51:02, 0.00697675145136409284, 143.33318407157535041552
2022/12/19 21:01:17, 0.00701541706090784157, 142.54320039963431020679
2022/12/19 21:48:13, 0.00701637732181679077, 142.52369194720905799011
2022/12/19 21:57:51, 0.00680397681871796837, 146.97286993232641083099
2022/12/19 22:02:16, 0.00684083435167820561, 146.18099906989828334984
2022/12/19 22:12:57, 0.00685660149828707778, 145.84484751663355091993
2022/12/19 22:23:20, 0.00686659445278744438, 145.63259951868239845554
2022/12/19 22:29:13, 0.00686133846239994426, 145.74415844371888673642
2022/12/19 22:35:38, 0.00686133846240483938, 145.74415844361490784356
2022/12/19 23:13:04, 0.00686052713854697124, 145.76139410357255686387
2022/12/19 23:51:04, 0.00686974205396853876, 145.56587309159827779598
2022/12/20 01:13:10, 0.00693395650518206995, 144.21780685423296750502
2022/12/20 01:30:28, 0.00704256130305788537, 141.99379415636740777484
2022/12/20 01:31:08, 0.00704256130307128891, 141.99379415609716236754
2022/12/20 05:07:54, 0.00703596835234550267, 142.12684735380327563956
2022/12/20 05:15:56, 0.00703752474638580439, 142.0954150837708422366
2022/12/20 06:13:17, 0.00703752474638585474, 142.09541508376982562577
2022/12/20 07:17:16, 0.00703741783987268587, 142.09757367740594886518
2022/12/20 10:20:42, 0.00702866328713451854, 142.27456333417347753416
2022/12/20 10:29:42, 0.00702866328713668521, 142.27456333412961970328
2022/12/20 11:31:48, 0.00702866328715034817, 142.27456333385305336619
2022/12/20 11:51:11, 0.00701264362132333386, 142.59957499612580549197
2022/12/20 12:58:01, 0.00701059117306658564, 142.64132300879530066899
2022/12/20 14:34:08, 0.00703251245773639888, 142.19669087111387633284
2022/12/20 15:53:18, 0.00702928022461238052, 142.26207635009223883738
2022/12/20 16:57:37, 0.00702888767715984089, 142.27002136475589515537
2022/12/20 17:15:39, 0.00702012419650608418, 142.44762229387622526608
2022/12/20 20:07:21, 0.00702012419650614145, 142.44762229387506330216
2022/12/20 22:49:55, 0.00702480171389185314, 142.3527724665105053898
2022/12/21 00:18:53, 0.00685227239216616885, 145.93698889484395426091
2022/12/21 00:20:20, 0.00687122085452430661, 145.53454490428103418563
2022/12/21 01:27:29, 0.00687122085453567013, 145.53454490404035133508
2022/12/21 01:30:28, 0.00687122085454843399, 145.53454490377000898936
2022/12/21 05:52:20, 0.00686980539037170515, 145.56453104210757193591
2022/12/21 05:58:12, 0.00686980539037572128, 145.56453104202247394964
2022/12/21 06:02:19, 0.00680518644698950457, 146.94674536689329151553
2022/12/21 07:08:22, 0.00680827144057853228, 146.88016021802812929936
2022/12/21 08:15:11, 0.00683915981644119232, 146.21679078123333551574
2022/12/21 08:16:58, 0.0068391598164485922, 146.21679078107513085043
2022/12/21 08:49:52, 0.0068773125999727165, 145.40563417227350911766
2022/12/21 12:59:28, 0.00681757861102756805, 146.6796434708475893996
2022/12/21 13:10:14, 0.00678126795765263998, 147.4650472809444263044
2022/12/21 13:11:18, 0.00678243816040467551, 147.43960451241840786525
2022/12/21 13:12:20, 0.00685605167690756919, 145.8565435508868961227
2022/12/21 13:29:33, 0.00677702366893214312, 147.55740113234253859632
2022/12/21 13:41:27, 0.00671038753208118428, 149.02268985497121070994
2022/12/21 13:43:33, 0.00671161284325128265, 148.99548340389276236703
2022/12/21 13:44:30, 0.00677503888172291867, 147.60062893479603479089
2022/12/21 14:22:08, 0.00671520373402487296, 148.91580949855005898175
2022/12/21 14:23:06, 0.00677647545113624211, 147.56933854638630808126
2022/12/21 14:56:38, 0.00677611919664496513, 147.57709700489423309782
2022/12/21 15:53:37, 0.00681434064387477001, 146.74934117050245574908
2022/12/21 16:12:39, 0.0068143406438863468, 146.74934117025314535011
2022/12/21 16:32:33, 0.0068143406438930249, 146.74934117010932998942
2022/12/21 16:43:21, 0.00681511382571933257, 146.73269230311797407417
2022/12/21 16:56:29, 0.00680818084894929703, 146.88211464804573670495
2022/12/21 17:02:37, 0.00685996445725608727, 145.77335002694596341858
2022/12/21 17:53:40, 0.00683972681709215124, 146.20466968081936742245
2022/12/21 19:17:48, 0.00683345997738800986, 146.33875127812417159206
2022/12/21 19:28:02, 0.00672886201363705472, 148.61353940285133371084
2022/12/21 19:34:42, 0.00673039865984153174, 148.57960880783028557424
2022/12/21 19:40:00, 0.00670197716516348598, 149.20969966862104423705
2022/12/21 19:42:07, 0.00672074435438948931, 148.79304244728108583654
2022/12/21 19:49:50, 0.00670805311045282076, 149.07455017637687549144
2022/12/21 19:56:44, 0.00670805311045291387, 149.07455017637480650174
2022/12/21 19:58:13, 0.00670805311045872733, 149.07455017624561262622
2022/12/21 21:43:21, 0.00676957644989242223, 147.71972920342621421883
2022/12/21 22:26:25, 0.00676957644990604342, 147.71972920312898458779
2022/12/22 02:17:25, 0.00678504843207194053, 147.38288311593251681224
2022/12/22 02:21:26, 0.00678504843207362481, 147.38288311589593138047
2022/12/22 02:48:00, 0.00670381893219511334, 149.16870669007729027333
2022/12/22 03:25:43, 0.00673465763999488727, 148.48564744573402952637
2022/12/22 03:49:52, 0.00676556701020875798, 147.80727151043975135622
2022/12/22 03:52:38, 0.00676556701020929215, 147.80727151042808131535
2022/12/22 06:12:11, 0.00674805407769237059, 148.19086932124432642483
2022/12/22 06:44:33, 0.00674665383018288183, 148.22162588604208218769
2022/12/22 07:51:22, 0.00673832017530002428, 148.40493980467096372293
2022/12/22 08:10:14, 0.00673797118046016095, 148.41262647426555260303
2022/12/22 12:24:19, 0.00677818724201056599, 147.53207078761327273702
2022/12/22 13:31:10, 0.00677793305084648521, 147.53760364675062701119
2022/12/22 15:18:00, 0.00670047286588500897, 149.24319820641769441182
2022/12/22 15:31:29, 0.00669720170423831609, 149.31609411840637785642
2022/12/22 15:52:54, 0.00660718187868165201, 151.35045748120567419287
2022/12/22 15:54:02, 0.00663014192955787403, 150.82633382882713624809
2022/12/22 15:59:00, 0.00669402601083539992, 149.38693073216818432622
2022/12/22 16:25:12, 0.00674600358558710221, 148.23591290946080456595
2022/12/22 18:30:49, 0.00676146544798281984, 147.89693265360614359107
2022/12/22 18:35:21, 0.00676285788134483636, 147.86648152972035830144
2022/12/22 18:50:52, 0.00675513085646759756, 148.03562229184134455545
2022/12/22 19:13:43, 0.00675574905451996395, 148.02207600220815680088
2022/12/22 20:23:28, 0.00675574905453037018, 148.0220760019801506928
2022/12/22 20:27:12, 0.00676348028116593254, 147.85287432339693641204
2022/12/22 21:24:18, 0.0067530314224703977, 148.08164473699123488482
2022/12/22 21:57:52, 0.00675303142247975722, 148.08164473678599768676
2022/12/22 23:26:09, 0.00675285310556656395, 148.08555500425032011119
2022/12/22 23:41:36, 0.00673493809121279839, 148.47946431827175776158
2022/12/22 23:43:37, 0.00673458289742844518, 148.48729538719364781414
2022/12/22 23:59:20, 0.00673296724359823644, 148.52292664141633245447
2022/12/23 00:01:35, 0.00673336861575876426, 148.51407327672537199659
2022/12/23 00:05:05, 0.00673336861575881492, 148.51407327672425448322
2022/12/23 00:09:02, 0.00673222538309659133, 148.53929318985968240123
2022/12/23 00:54:31, 0.0067322253831056934, 148.53929318965885493929
2022/12/23 01:20:44, 0.00673094735822266922, 148.56749678459134249951
2022/12/23 01:50:38, 0.00673094735823087855, 148.5674967844101436583
2022/12/23 03:30:12, 0.0067281839625383882, 148.62851633782069303369
2022/12/23 04:03:29, 0.00672818396254268992, 148.62851633772566602524
2022/12/23 04:08:17, 0.00672491544809407184, 148.70075433935945699555
2022/12/23 04:22:52, 0.00671380918954894753, 148.94674122652312006618
2022/12/23 04:29:47, 0.00671067548598948899, 149.01629531748248690245
2022/12/23 04:58:17, 0.00671441047953503816, 148.93340272357735709688
2022/12/23 07:43:35, 0.00671450386764827289, 148.9313312958513269418
2022/12/23 07:57:06, 0.00673943054217477386, 148.38048908466174217818
2022/12/23 11:57:34, 0.00679828381890298169, 147.09594754185578384445
2022/12/23 12:42:08, 0.00678293246294094751, 147.42885993094783990425
2022/12/23 12:57:37, 0.00678731927295443004, 147.33357306244903763737
2022/12/23 13:25:55, 0.0067873192729544977, 147.33357306244756873875
2022/12/23 13:53:28, 0.00678137097119615116, 147.46280718861958848021
2022/12/23 13:57:21, 0.00672422845499058087, 148.71594662400576856558
2022/12/23 14:36:31, 0.00669734784923967211, 149.31283584344909215963
2022/12/23 14:45:52, 0.00669734784924360286, 149.31283584336145871234
2022/12/23 20:03:47, 0.00669734784925365093, 149.31283584313744369902
2022/12/23 20:41:01, 0.00669536773751460593, 149.35699414939245563678
2022/12/23 20:44:04, 0.00672683011734401474, 148.65842938736716556618
2022/12/23 20:51:11, 0.00673151046929546621, 148.55506866717568442765
2022/12/23 22:30:31, 0.00660843627022605517, 151.32172863729424164243
2022/12/23 22:32:26, 0.00660967315700175045, 151.29341137552032945691
2022/12/23 22:33:45, 0.00667544808295153808, 149.80267804852010649975
2022/12/23 22:49:05, 0.0066963044020375211, 149.33610241728624837
2022/12/23 23:38:27, 0.00669630440205015764, 149.33610241700443732306
2022/12/24 01:02:53, 0.00666154482811047193, 150.11532997273954093601
2022/12/24 02:39:17, 0.00691720889044475865, 144.56698009819717687545
2022/12/24 02:41:48, 0.00687830125442152425, 145.38473425501360123875
2022/12/24 02:43:00, 0.00676507594578178075, 147.81800056857140472953
2022/12/24 04:58:40, 0.00678637369756448132, 147.3541016992453078818
2022/12/24 07:13:14, 0.00681678963436193513, 146.69662020362492241656
2022/12/24 07:41:19, 0.00681678963437573251, 146.69662020332800402962
2022/12/24 07:44:51, 0.00681670957743359493, 146.69834304082049082267
2022/12/24 10:21:49, 0.00682048204167250362, 146.61720299094610581244
2022/12/24 11:53:14, 0.0068215576273298957, 146.59408519743334582607
2022/12/24 14:16:22, 0.00682155762734073349, 146.59408519720044361688
2022/12/24 15:54:20, 0.00686036604948252353, 145.76481674406132640595
2022/12/24 16:26:43, 0.00685977629503050377, 145.77734855937503146599
2022/12/24 16:54:13, 0.00687411911763929949, 145.47318469270556102953
2022/12/24 19:59:01, 0.00687156530070283928, 145.52724979528576010953
2022/12/24 20:51:17, 0.00686937531398634876, 145.57364451523797776653
2022/12/25 00:04:09, 0.00686937531399999885, 145.57364451494870929395
2022/12/25 00:14:57, 0.00677112644550531634, 147.6859143080692971381
2022/12/25 11:39:53, 0.00677159922098380627, 147.6756032609259789686
2022/12/25 13:30:40, 0.00682543673635712414, 146.51077119699750546303
2022/12/25 15:14:05, 0.00682543673636799747, 146.51077119676410504818
2022/12/25 15:17:22, 0.0068248598572377576, 146.52315518823451301254
2022/12/25 16:57:44, 0.00681440448895256805, 146.74796625606656774825
2022/12/25 18:09:46, 0.00682531748761420841, 146.51333096441060549319
2022/12/25 18:37:03, 0.00682753278208422886, 146.46579253695384935978
2022/12/25 23:03:47, 0.00682970068831923471, 146.4193008795084516737
2022/12/26 00:20:32, 0.00680813273432420515, 146.88315269741327648135
2022/12/26 00:57:24, 0.00681245109303015467, 146.79004463211543748189
2022/12/26 05:51:45, 0.0068102497632093371, 146.83749271608931215723
2022/12/26 05:54:42, 0.00669085945308022092, 149.45763052004290414304
2022/12/26 09:14:54, 0.00669085945309484857, 149.45763051971615777918
2022/12/26 09:29:12, 0.00668244673535645603, 149.64578688058302298995
2022/12/26 09:38:04, 0.00671663797719458679, 148.88401063081877904778
2022/12/26 13:20:26, 0.0066717397423505365, 149.88594259039361457402
2022/12/26 13:29:35, 0.00661281275700626768, 151.22158100431637418268
2022/12/26 13:29:50, 0.00668165599225101917, 149.66349676782815026213
2022/12/26 13:52:41, 0.00665382603995268929, 150.28947165067608248922
2022/12/26 14:00:49, 0.0066526723344460739, 150.31553482984874802627
2022/12/26 14:02:22, 0.00662798451676956851, 150.8754278876005482686
2022/12/26 14:04:32, 0.0066495817295194692, 150.38539876285794837985
2022/12/26 15:47:27, 0.00662907562288024742, 150.85059469656690440374
2022/12/26 16:48:05, 0.00657699624779575062, 152.04509206389547495299
2022/12/26 17:55:49, 0.0065364167794138013, 152.98902039867812183161
2022/12/26 17:56:15, 0.00653766070377300627, 152.95991109218642945515
2022/12/26 17:57:29, 0.00661375101418968186, 151.20012801427182350431
2022/12/26 17:58:22, 0.00662413817635924056, 150.96303449237831170519
2022/12/26 20:05:42, 0.00658980072925337829, 151.74965694498315848446
2022/12/26 20:49:41, 0.00658980072925526393, 151.7496569449397362451
2022/12/26 22:38:22, 0.00659393377653279183, 151.65454095989084424231
2022/12/26 23:35:03, 0.00661881384064608419, 151.08447284904854047992
2022/12/27 02:38:20, 0.00661101010923448156, 151.26281513367621731283
2022/12/27 03:26:10, 0.00660951550196533545, 151.29702013750487506813
2022/12/27 06:41:45, 0.00661212201514382697, 151.23737851625957718649
2022/12/27 09:12:12, 0.00660385050799464983, 151.4268075555913476144
2022/12/27 10:15:36, 0.00659559451990208771, 151.61635497490302135528
2022/12/27 11:48:09, 0.00658658019232194938, 151.82385559743298176586
2022/12/27 12:26:00, 0.00657835657555412054, 152.01365090425584195526
2022/12/27 16:53:46, 0.00657570117705173035, 152.07503703024993847649
2022/12/27 17:02:59, 0.00657437224444591008, 152.10577722379641089502
2022/12/27 18:56:19, 0.00657129512936505031, 152.17700321072396297365
2022/12/27 23:36:12, 0.00656500417069272325, 152.32282783066113954654
2022/12/28 00:44:41, 0.00656500417070227399, 152.32282783043954109317
2022/12/28 00:52:48, 0.00656500417070355867, 152.32282783040973370323
2022/12/28 05:54:00, 0.00660215907972629396, 151.46560207414103248539
2022/12/28 05:58:13, 0.006647312830111181, 150.43672918027453421246
2022/12/28 11:29:18, 0.00659706635713356347, 151.58252863694123849819
2022/12/28 17:58:15, 0.00658881696923294369, 151.77231431220313753277
2022/12/28 19:32:16, 0.00658881696924478361, 151.77231431193040714345
2022/12/28 19:46:18, 0.00658598324050082851, 151.83761687251961374499
2022/12/28 21:28:04, 0.00657962203831280565, 151.98441402515990799734
2022/12/28 22:41:01, 0.00657962203831544365, 151.9844140250989719714
2022/12/28 23:18:19, 0.00657962203831774086, 151.98441402504590829544
2022/12/29 00:29:18, 0.00660656305033896398, 151.36463428570364448307
2022/12/29 03:53:46, 0.00660597355381338705, 151.3781415946990214152
2022/12/29 04:16:37, 0.00664473967796486468, 150.4949852762746094234
2022/12/29 09:04:23, 0.00663429954629031225, 150.73181321141400096827
2022/12/29 14:07:03, 0.00663429954630366038, 150.73181321111073034913
2022/12/29 16:15:07, 0.00663429954630934041, 150.73181321098167948808
2022/12/29 17:52:23, 0.00664059949942364667, 150.58881356823165803271
2022/12/29 19:17:35, 0.00653720838610805597, 152.97049458069250923042
2022/12/29 19:18:55, 0.00660912928240499994, 151.30586152433523156925
2022/12/29 19:52:25, 0.0066091292824163822, 151.30586152407465239251
2022/12/29 19:56:23, 0.00660376686595090334, 151.4287254984744102579
2022/12/29 21:37:58, 0.00660376686595910516, 151.42872549828633723795
2022/12/29 21:44:48, 0.00660231241266540761, 151.46208441782775435434
2022/12/30 00:03:53, 0.00670967188497614358, 149.03858447074502906292
2022/12/30 01:39:43, 0.00663976185187700433, 150.60781129029627565627
2022/12/30 03:50:44, 0.00663659710413522369, 150.67963058611860320132
2022/12/30 08:53:30, 0.006652077826297224, 150.32896879930740354184
2022/12/30 11:04:36, 0.00664998443624766629, 150.37629179238531114493
2022/12/30 11:06:20, 0.00650230019962143769, 153.79173051072292121305
2022/12/30 11:39:11, 0.00650230019962963817, 153.79173051052896436209
2022/12/30 11:59:57, 0.00650096964930883176, 153.82320698979385563102
2022/12/30 12:26:36, 0.0065050389523731237, 153.72698108674458558767
2022/12/30 14:41:59, 0.00650377638142723237, 153.75682393627335689607
2022/12/30 15:22:40, 0.00650377638144216495, 153.75682393592033345034
2022/12/30 15:28:59, 0.00650174417522358987, 153.80488266682851847689
2022/12/30 15:37:45, 0.00650174417523010781, 153.80488266667433061564
2022/12/30 15:44:40, 0.00645765238512686336, 154.85503714990607525555
2022/12/30 15:46:12, 0.00646077763219338196, 154.78012971954090542256
2022/12/30 15:51:53, 0.00653830162655016725, 152.94491706214452877628
2022/12/30 15:56:26, 0.00646100813805496883, 154.77460771331599601869
2022/12/30 15:58:03, 0.00653698011063018562, 152.97583640706485606222
2022/12/30 18:15:37, 0.00664127848090766875, 150.57341788554682231656
2022/12/30 21:25:57, 0.00660726970666278989, 151.34844563581188553362
2022/12/31 04:50:29, 0.00661359267261484128, 151.20374802348179666346
2022/12/31 05:20:49, 0.0065539567435241296, 152.57958499468059785429
2022/12/31 05:23:43, 0.00658510741345117409, 151.85781145457614579674
2022/12/31 08:59:39, 0.0065851074134620006, 151.8578114543264778175
2022/12/31 09:11:11, 0.00658035865832910327, 151.96740055106993707913
2022/12/31 11:37:56, 0.00655964448298440677, 152.44728622015735934105
2022/12/31 13:41:54, 0.00656068097462277783, 152.42320177860765598812
2022/12/31 15:48:41, 0.00655991726515683557, 152.4409469783292819745
2022/12/31 16:29:07, 0.00655991726515686666, 152.44094697832855952123
2022/12/31 17:56:20, 0.00655991726516043922, 152.4409469782455395188
2022/12/31 18:01:21, 0.00655933641694935303, 152.45444606500068716191
2022/12/31 18:20:35, 0.00656970708951924573, 152.21378767332189065208
2022/12/31 19:50:13, 0.00657128287340810706, 152.17728703274700368034
2022/12/31 22:23:43, 0.00657128287341068214, 152.17728703268737017119
2022/12/31 22:31:04, 0.00657128287341618314, 152.17728703255997825835
2023/01/01 00:06:15, 0.00657128287341627529, 152.17728703255784420533
2023/01/01 02:20:20, 0.00657287437578911321, 152.14044006126984127928
2023/01/01 03:23:38, 0.00662038957156661933, 151.0485129598445185616
2023/01/01 03:42:11, 0.00661341561138518891, 151.20779620722318961448
2023/01/01 03:59:54, 0.00650434428743505118, 153.7433991512069774489
2023/01/01 09:29:00, 0.00648379709072612725, 154.23061302000259684707
2023/01/01 09:48:09, 0.00648695896323422902, 154.15543795908738238336
2023/01/01 11:17:50, 0.00647671439848849465, 154.39927384066453944986
2023/01/01 11:45:26, 0.00657077941962265222, 152.18894687191130219812
2023/01/01 11:46:09, 0.00649968630242266325, 153.85357899923025328169
2023/01/01 12:50:47, 0.00649597562485694909, 153.94146433885694688058
2023/01/01 13:13:06, 0.00649597562486759389, 153.94146433860468658823
2023/01/01 16:40:02, 0.0065102293040392283, 153.60442056619367877236
2023/01/01 17:42:38, 0.00651022930404198247, 153.60442056612869606713
2023/01/01 18:08:45, 0.0065109899874878341, 153.58647485585133024494
2023/01/01 20:04:41, 0.00650779268213617918, 153.66193252360193189089
2023/01/01 21:01:17, 0.00650755381187394252, 153.66757293276009047919
2023/01/01 22:46:54, 0.00650755381187706364, 153.66757293268638936557
2023/01/01 22:52:25, 0.0065069058563424632, 153.68287509881090732115
2023/01/02 00:58:00, 0.00650057016222486943, 153.83266006588911531339
2023/01/02 01:08:29, 0.00649424950068600562, 153.98238085776766368526
2023/01/02 04:09:53, 0.00649219407431780684, 154.03113162557128027222
2023/01/02 04:31:43, 0.00648629282919842882, 154.17126952678441543955
2023/01/02 04:35:31, 0.0064862928291985036, 154.17126952678263801477
2023/01/02 04:41:36, 0.00648629282919859547, 154.1712695267804543814
2023/01/02 04:47:44, 0.00648629282920406064, 154.17126952665055383634
2023/01/02 04:54:32, 0.00607529463962203221, 164.60107028853729833259
2023/01/02 04:55:23, 0.00607570590964758394, 164.58992829328767385211
2023/01/02 04:57:08, 0.00613914402325746082, 162.88915787145761560374
2023/01/02 04:58:55, 0.00614057515961394606, 162.8511945553434681758
2023/01/02 04:59:51, 0.00633192746721179331, 157.92979391792384323491
2023/01/02 05:00:33, 0.00636426453682824879, 157.12734664206287871163
2023/01/02 05:48:08, 0.00636475021800096278, 157.11535657310986295842
2023/01/02 06:06:36, 0.0063647502180095298, 157.11535657289838398773
2023/01/02 06:51:30, 0.00636475021802226732, 157.11535657258395520224
2023/01/02 09:46:29, 0.00635441506055710835, 157.37089731628694705518
2023/01/02 11:57:17, 0.00638694598307085737, 156.56935296628230576841
2023/01/02 12:38:40, 0.00639112130066559621, 156.46706625578458571628
2023/01/02 13:07:36, 0.00639112130066566678, 156.46706625578285797099
2023/01/02 15:47:56, 0.00642374217654925068, 155.67249938060041688987
2023/01/02 15:49:20, 0.00636114599719452006, 157.2043780226131783867
2023/01/02 19:26:31, 0.00636927421794107177, 157.00375989201160082357
2023/01/02 20:12:07, 0.00637967556218891377, 156.74778290087413475022
2023/01/02 22:30:42, 0.00640055478185355556, 156.23645669515026740029
2023/01/02 23:25:49, 0.00639638329198351177, 156.3383484622137215624
2023/01/03 00:36:57, 0.00640290339972706976, 156.17914835988717435814
2023/01/03 01:26:39, 0.00642379004843029011, 155.67133926557248567204
2023/01/03 02:45:29, 0.00642352505336896558, 155.67776130576885981701
2023/01/03 09:00:11, 0.00641304788394082527, 155.93209626644778055695
2023/01/03 13:31:38, 0.00640677382355597185, 156.08479829946093699335
2023/01/03 17:04:31, 0.00641329918961257919, 155.92598605405293297638
2023/01/03 17:06:45, 0.00641264454019481783, 155.94190411334100508406
2023/01/03 17:18:14, 0.00641297087875274926, 155.93396865611352302115
2023/01/03 17:20:03, 0.00641186182473781689, 155.96094041544482667195
2023/01/03 22:37:40, 0.00640663431569566178, 156.08819712873145427883
2023/01/03 23:30:17, 0.0064066343157054856, 156.08819712849211132828
2023/01/04 01:40:38, 0.0064072873227424392, 156.07228919648030329109
2023/01/04 03:43:49, 0.00640613893894168423, 156.10026718608812666909
2023/01/04 04:49:19, 0.0063831152936057816, 156.6633146986612398276
2023/01/04 06:38:51, 0.0063798426997948814, 156.74367645963293787545
2023/01/04 07:46:25, 0.00638310122307748616, 156.66366003794465191188
2023/01/04 07:47:42, 0.00632803002000799054, 158.02706321528121934956
2023/01/04 08:51:46, 0.00631777581471652554, 158.28355252343966634433
2023/01/04 09:06:41, 0.00633837107151716044, 157.76924208393478398101
2023/01/04 09:15:17, 0.00633837107151716044, 157.76924208393478398101
2023/01/04 11:19:47, 0.00632809176812571513, 158.02552122220326821365
2023/01/04 13:28:47, 0.00632913015567220605, 157.99959479483823583513
2023/01/04 14:37:23, 0.00632644605240550309, 158.06662883338272299142
2023/01/04 15:25:30, 0.00634722727936071416, 157.54910860868352479643
2023/01/04 17:01:17, 0.00633898462940038019, 157.75397141081132516374
2023/01/04 17:14:35, 0.00635588343280984612, 157.33454059869599452127
2023/01/04 17:31:16, 0.00641853556500336644, 155.79877837749045993062
2023/01/04 17:41:43, 0.00637305721406336803, 156.91056370768318137313
2023/01/04 18:07:32, 0.00637387130893592991, 156.89052249894617211668
2023/01/04 20:15:52, 0.00637712820804247862, 156.81039605552476463661
2023/01/04 21:08:08, 0.00637712820805841929, 156.81039605513279164151
2023/01/05 01:54:42, 0.00637837860508411423, 156.77965544455362409828
2023/01/05 05:57:56, 0.00637422453810973257, 156.88182837320453265575
2023/01/05 06:10:36, 0.0064004695001370087, 156.23853843512479222692
2023/01/05 06:20:04, 0.00591456792917940802, 169.07405781350808079229
2023/01/05 06:21:31, 0.00591770542058985125, 168.98441691954384744907
2023/01/05 06:22:56, 0.00592084374269947549, 168.89484733202442190603
2023/01/05 06:23:51, 0.00592398289550775982, 168.8053489753176316337
2023/01/05 06:27:43, 0.00615169143930569476, 162.55691786011687856967
2023/01/05 06:30:53, 0.00629568236383449512, 158.83901731518306184021
2023/01/05 06:31:51, 0.00615211599570465347, 162.54569983696505530505
2023/01/05 06:37:43, 0.00616812263767873166, 162.12388416069707719511
2023/01/05 06:45:17, 0.00619895620953883093, 161.31748091093462223786
2023/01/05 06:57:40, 0.00623478266950085162, 160.3905144748307106252
2023/01/05 08:23:12, 0.00616917107210978504, 162.09633163212178267802
2023/01/05 08:40:47, 0.00615930108262070617, 162.3560833584891762092
2023/01/05 09:03:08, 0.00617912434615256594, 161.83522842077945384272
2023/01/05 10:06:40, 0.006170263497820191, 162.06763298735564298827
2023/01/05 15:16:16, 0.0061830857177717813, 161.73154402917985913332
2023/01/05 18:34:19, 0.00618081091305060744, 161.79106820571525365047
2023/01/05 18:49:11, 0.00618081091305486102, 161.79106820560391029863
2023/01/05 18:53:37, 0.00548701787163265652, 182.24835846988977073474
2023/01/05 18:54:55, 0.0058609904914833375, 170.61962503660597333686
2023/01/05 18:57:14, 0.00589638587560848837, 169.59541337630030240272
2023/01/05 19:25:15, 0.0059358986171137567, 168.46648915412832220692
2023/01/05 19:32:05, 0.00594257041157436121, 168.27734982362130189633
2023/01/05 19:36:21, 0.00598254884585290472, 167.15283498156454395805
2023/01/05 19:47:48, 0.00597050146900626178, 167.49011874314827571694
2023/01/05 20:37:50, 0.00596956316142270266, 167.51644516676391245407
2023/01/05 22:12:01, 0.0059719044560977762, 167.45077007702671450248
2023/01/06 00:00:55, 0.00597190445610859858, 167.45077007672325749951
2023/01/06 00:03:41, 0.00597280789501168559, 167.42544169806143339916
2023/01/06 00:09:08, 0.00590808485068817682, 169.25958669728981223377
2023/01/06 00:10:41, 0.00596440558798857887, 167.66130090379005966131
2023/01/06 00:15:10, 0.00596035627355984744, 167.77520572654390410012
2023/01/06 00:49:05, 0.00596172684034171849, 167.73663516973234717166
2023/01/06 00:54:46, 0.00596272979373420278, 167.70842124203363355675
2023/01/06 02:05:18, 0.00596373283135731881, 167.68021443583087058125
2023/01/06 03:06:38, 0.00596373283136983853, 167.68021443547885791019
2023/01/06 04:19:24, 0.0059580917521900063, 167.83897287792380701488
2023/01/06 06:28:05, 0.00596477837587125863, 167.65082237509499658688
2023/01/06 07:00:21, 0.00597315155195978592, 167.4158091086607127331
2023/01/06 07:05:31, 0.00598152472804831321, 167.18145380405136855694
2023/01/06 07:08:10, 0.00597152447481749083, 167.46142533905686558338
2023/01/06 07:14:42, 0.005971524474826583, 167.46142533880189088303
2023/01/06 07:40:42, 0.00596997902806703626, 167.50477602997219545208
2023/01/06 08:03:22, 0.00597197850084078981, 167.44869390591591118191
2023/01/06 08:05:00, 0.0059674029425991461, 167.57708665211112223929
2023/01/06 08:08:41, 0.00596840426578346591, 167.54897213195579200441
2023/01/06 10:15:59, 0.00595646909300323266, 167.88469551107889645474
2023/01/06 10:33:02, 0.00582006989153836725, 171.81924248948819835394
2023/01/06 10:36:18, 0.00563645222435787948, 177.41656634265587486022
2023/01/06 10:37:22, 0.0056377821761865434, 177.37471380570626674418
2023/01/06 10:38:39, 0.00570284834785488296, 175.350971830795458201
2023/01/06 11:01:50, 0.00573552114617595166, 174.35207272607315803408
2023/01/06 11:12:25, 0.00572617760885009866, 174.63656706254607828028
2023/01/06 12:31:22, 0.00521717922081513011, 191.67445810760558411994
2023/01/06 12:32:14, 0.00521842744183780622, 191.62861056238500608581
2023/01/06 12:33:51, 0.00521983186869840253, 191.57705174311604885758
2023/01/06 12:37:56, 0.00544548971310098853, 183.63821303236656166776
2023/01/06 12:42:08, 0.0054788319298689029, 182.52065637354346223115
2023/01/06 12:43:20, 0.00556373080031691249, 179.73551127654119644005
2023/01/06 12:49:28, 0.0055904203003989711, 178.87742714597560321244
2023/01/06 12:57:00, 0.00563735176698281128, 177.38825628318274081962
2023/01/06 13:04:08, 0.00556918255543819231, 179.55956552789251849849
2023/01/06 13:31:01, 0.00557240671977582603, 179.45567333610373834756
2023/01/06 13:52:07, 0.0056086282089279246, 178.29671761950281333603
2023/01/06 14:14:15, 0.00564102562931716587, 177.272727640673362658
2023/01/06 14:22:20, 0.00560804072624617307, 178.31539548561109210963
2023/01/06 14:32:36, 0.00568153833971926235, 176.00866881581446118574
2023/01/06 14:58:44, 0.00568316644455368427, 175.95824612146001171464
2023/01/06 15:34:36, 0.00568075070315861955, 176.03307243248299856041
2023/01/06 15:35:51, 0.00568075070316449669, 176.03307243230087974278
2023/01/06 15:47:19, 0.00567657543211664549, 176.16254940298156743117
2023/01/06 15:58:05, 0.00566269281299493041, 176.5944283089429985769
2023/01/06 16:02:18, 0.00557173494427612557, 179.47731003020981569362
2023/01/06 16:34:34, 0.00557173494428784114, 179.47731002983243259543
2023/01/06 16:50:10, 0.00556602564688064148, 179.66140715870189003314
2023/01/06 17:14:41, 0.00553920312416895101, 180.53138286926974224442
2023/01/06 17:16:02, 0.00557356764877551689, 179.41829417279875856042
2023/01/06 17:21:22, 0.00560587897536121303, 178.3841578448570266775
2023/01/06 17:37:44, 0.00558294510009254045, 179.11693238456248459302
2023/01/06 18:23:39, 0.00558294510009519039, 179.11693238447746666305
2023/01/06 19:08:45, 0.00563151862965136297, 177.57199536458040137645
2023/01/06 19:45:43, 0.00563151862965749238, 177.57199536438713009407
2023/01/06 19:50:02, 0.00526923517813496576, 189.78086310316249884967
2023/01/06 19:50:44, 0.00527064896436680565, 189.72995673980271170526
2023/01/06 19:52:26, 0.00534875282133950007, 186.95947137627641866991
2023/01/06 19:55:03, 0.00553302529514025341, 180.73295288895865909723
2023/01/06 20:04:59, 0.00553302529514292928, 180.73295288887125342018
2023/01/06 20:23:35, 0.00545105886035358137, 183.45059659383962101316
2023/01/06 20:34:02, 0.00548618890982894436, 182.27589615232176161681
2023/01/06 20:56:57, 0.00549100119645746487, 182.1161504472358994024
2023/01/06 22:03:28, 0.00549100119646539799, 182.1161504469727873241
2023/01/06 22:16:31, 0.00549100119648098816, 182.11615044645571929163
2023/01/06 22:25:58, 0.00549756970063087653, 181.89855780914327814968
2023/01/06 23:41:10, 0.00551572965295241706, 181.29967618422482736736
2023/01/06 23:51:25, 0.00551536666481356072, 181.31160823444611458114
2023/01/06 23:54:05, 0.00551536666481458323, 181.31160823441250088698
2023/01/07 01:21:09, 0.005449145108063584, 183.51502486513181342469
2023/01/07 01:32:47, 0.00541790657605382445, 184.57313465311873107673
2023/01/07 01:33:37, 0.00543567539649940504, 183.96977874065174697238
2023/01/07 01:38:45, 0.00543389992500341159, 184.02988899346948609504
2023/01/07 04:04:31, 0.005433899925012065, 184.02988899317642101715
2023/01/07 04:12:29, 0.00542937781339845792, 184.18316690583395926796
2023/01/07 08:03:01, 0.00543264472462905984, 184.07240868641191118289
2023/01/07 08:30:35, 0.0054186110122299887, 184.54913957524651772592
2023/01/07 09:53:36, 0.00543638966227576445, 183.94560767768495923386
2023/01/07 11:58:01, 0.00535730306333436759, 186.66108453786135631444
2023/01/07 12:40:44, 0.00538355106454281847, 185.7510011535335788633
2023/01/07 13:04:21, 0.0053730602855422067, 186.11367579306583522868
2023/01/07 13:38:22, 0.00537481187113680851, 186.05302361745609157228
2023/01/07 16:20:17, 0.00538270460665109471, 185.7802114506447592014
2023/01/07 17:56:25, 0.00538536468445307529, 185.6884461115296964714
2023/01/07 19:00:15, 0.00538273639796203784, 185.77911420269638397242
2023/01/07 19:13:16, 0.00536826137020573092, 186.28005066036425752296
2023/01/07 20:16:14, 0.00537664750586502649, 185.98950347947612989849
2023/01/07 22:16:48, 0.00537486934854625228, 186.05103401638428034031
2023/01/07 22:47:43, 0.00539243255824129883, 185.44506383704174701422
2023/01/08 00:06:14, 0.00539683680886395777, 185.29372582798209472775
2023/01/08 00:42:31, 0.00540009382051081496, 185.18196780244204744758
2023/01/08 00:54:53, 0.00538927190126854889, 185.55382217115746270564
2023/01/08 03:05:27, 0.00538927190126855706, 185.55382217115718137033
2023/01/08 05:45:34, 0.00538832025001417508, 185.58659352093433840989
2023/01/08 08:36:24, 0.00539482356985580051, 185.3628736975969784955
2023/01/08 11:09:57, 0.00544872495108587235, 183.5291759039352393613
2023/01/08 11:58:26, 0.00539912607469665142, 185.21516003980047021829
2023/01/08 12:44:22, 0.00540889215022625476, 184.8807430849161694411
2023/01/08 13:46:23, 0.00540009498855016565, 185.18192774762340256793
2023/01/08 14:49:04, 0.00543196147425560238, 184.09556193272528646722
2023/01/08 15:37:26, 0.00543138584350316508, 184.11507280341079684734
2023/01/08 16:10:23, 0.00543138584350449221, 184.1150728033658095485
2023/01/08 17:08:13, 0.00542944858103136627, 184.18076625564840863854
2023/01/08 17:10:45, 0.00543026449147497981, 184.15309264768020645754
2023/01/08 18:41:54, 0.00543026449147702544, 184.15309264761083441381
2023/01/08 18:44:22, 0.00539156280852724431, 185.47497924320004921657
2023/01/08 18:46:24, 0.00538882555596936332, 185.56919121129650892116
2023/01/08 19:51:48, 0.00537892477174489327, 185.91076143189962529285
2023/01/08 21:22:46, 0.00537892477175182491, 185.91076143166004851325
2023/01/08 21:34:48, 0.00536972495303326207, 186.22927780223040952849
2023/01/08 21:46:44, 0.00538376889945442901, 185.74348540505448849782
2023/01/08 22:21:21, 0.00538376889945451477, 185.74348540505152955868
2023/01/08 22:28:15, 0.00538393116329583721, 185.73788736701420974203
2023/01/08 23:23:03, 0.0053850670786260713, 185.69870818677653034554
2023/01/08 23:37:16, 0.00538555393608325327, 185.68192090696413228876
2023/01/08 23:55:00, 0.00538880021464726747, 185.57006386726040416466
2023/01/09 00:29:31, 0.00539139794055011318, 185.48065103463029639554
2023/01/09 03:52:46, 0.00542669313572432443, 184.27428546068426869746
2023/01/09 04:26:33, 0.0054587558498767471, 183.19192642084898092067
2023/01/09 04:50:21, 0.00535206336494560922, 186.84382672852801355984
2023/01/09 05:02:04, 0.00538446827862859861, 185.71935950836278082984
2023/01/09 07:06:59, 0.00538609339976546788, 185.66332326200359117223
2023/01/09 07:58:44, 0.00541859595579769409, 184.54965237443798913253
2023/01/09 08:35:22, 0.00537212048336169445, 186.1462346381020174933
2023/01/09 08:53:27, 0.00536168869169540594, 186.50840388194797349939
2023/01/09 09:53:09, 0.00534733289416805613, 187.0091164682540470261
2023/01/09 10:19:05, 0.00535080323702010026, 186.88782893031719708923
2023/01/09 11:24:48, 0.0053335370577730893, 187.49283808623799218003
2023/01/09 11:27:20, 0.00538626756989340784, 185.6573196603728347969
2023/01/09 11:43:56, 0.00536020043765822941, 186.56018774493462051524
2023/01/09 11:56:00, 0.00534288902240732365, 187.16465863433451801336
2023/01/09 11:58:54, 0.00541356816448706757, 184.7210508145045990733
2023/01/09 13:08:25, 0.00544550755302926985, 183.63761141855585545458
2023/01/09 14:26:03, 0.00546184741634323247, 183.08823439624959551339
2023/01/09 15:40:11, 0.00546609023190137277, 182.94612009215794245619
2023/01/09 17:17:32, 0.00536262369841518093, 186.47588498434647548008
2023/01/09 18:08:16, 0.00536262369842545674, 186.47588498398915199061
2023/01/09 18:17:44, 0.00536262369843108734, 186.47588498379335782772
2023/01/09 18:20:51, 0.00536585753162319797, 186.36350184599387656206
2023/01/09 20:21:09, 0.00536585753163696327, 186.36350184551578901837
2023/01/09 21:11:48, 0.00535543210080695881, 186.72629606289277207668
2023/01/09 22:38:26, 0.00537287713524615113, 186.12002002427817417057
2023/01/09 22:51:01, 0.00537197357817359376, 186.15132510387140483011
2023/01/09 23:03:25, 0.00537424711715488736, 186.07257504180370373285
2023/01/09 23:40:53, 0.00537424711717000421, 186.07257504128031317599
2023/01/10 00:55:37, 0.00535684708073531836, 186.67697340031834442625
2023/01/10 01:36:32, 0.00535934239192581926, 186.59005655368498949312
2023/01/10 03:38:47, 0.0053616113600625616, 186.51109393134596148992
2023/01/10 05:48:10, 0.00536193553746486202, 186.49981765219109138859
2023/01/10 07:41:22, 0.00532127937175291415, 187.92473203123407488661
2023/01/10 07:43:25, 0.00537767406978314034, 185.95399926130627727851
2023/01/10 09:34:44, 0.00540933343137799635, 184.86566093324659305209
2023/01/10 09:44:22, 0.00538184294469152835, 185.80995586026286457926
2023/01/10 10:55:08, 0.00537311409812653779, 186.1118118352769479003
2023/01/10 14:35:23, 0.00553659532147039733, 180.61641531251052402068
2023/01/10 14:36:17, 0.00547269134613233494, 182.72545202219760591062
2023/01/10 14:40:04, 0.00563766401595805934, 177.37843141581060270881
2023/01/10 14:41:26, 0.00560358285610128012, 178.457252382943229591
2023/01/10 14:42:13, 0.00550182230397554981, 181.75796031751374007101
2023/01/10 14:43:15, 0.00583507418615306727, 171.37742693538527780494
2023/01/10 14:43:36, 0.00583507418615306727, 171.37742693538527780494
2023/01/10 14:44:18, 0.00581149901811391048, 172.07264371603462990808
2023/01/10 14:46:49, 0.00578835400340271089, 172.76068454212464155386
2023/01/10 14:50:18, 0.00575250954431301346, 173.83717354951799529849
2023/01/10 14:51:19, 0.00561806950563091931, 177.99708583130072920985
2023/01/10 14:52:44, 0.00558860577706966857, 178.93550554291205282541
2023/01/10 14:56:30, 0.00566600640762469961, 176.49115233161543535503
2023/01/10 14:59:33, 0.00554982805813518361, 180.18576242810905450362
2023/01/10 15:01:54, 0.00563257136374588947, 177.53880695351887247803
2023/01/10 15:04:42, 0.00561390681058819557, 178.12907013595853937111
2023/01/10 15:06:52, 0.00560081635387861854, 178.54540067315195907065
2023/01/10 15:10:53, 0.00555449685335693597, 180.03430848928042045007
2023/01/10 17:29:51, 0.00554351923846378713, 180.3908234071753133612
2023/01/10 17:50:06, 0.0055413133829703218, 180.46263239202831524641
2023/01/10 18:10:34, 0.00553947472919950886, 180.52253126615611211504
2023/01/10 18:15:10, 0.00554112243662194587, 180.46885111054025879196
2023/01/10 18:54:36, 0.00553018445169680601, 180.82579500457235292314
2023/01/10 19:37:26, 0.00551927883780003506, 181.18309101386087038765
2023/01/10 20:10:36, 0.00552914817861129678, 180.85968537945033466726
2023/01/10 20:33:43, 0.00552914817861135408, 180.85968537944846038386
2023/01/10 21:13:01, 0.00554230924483140905, 180.4302062236187798148
2023/01/10 22:11:09, 0.00554230924483137016, 180.43020622362004582708
2023/01/11 01:12:17, 0.00544920183987235447, 183.51311428453614190137
2023/01/11 01:14:51, 0.00548157423136161824, 182.4293456209569337733
2023/01/11 04:39:47, 0.00551321506625721932, 181.38236727247326844287
2023/01/11 05:10:25, 0.00552964620315952045, 180.8433963512207329502
2023/01/11 05:19:12, 0.00554116252017286525, 180.4675456385645648403
2023/01/11 05:23:51, 0.00557413224232846382, 179.40012122537539736771
2023/01/11 05:25:16, 0.00558519891788832212, 179.04465260801930976722
2023/01/11 05:56:32, 0.00558850452520219096, 178.93874747534899827579
2023/01/11 06:47:35, 0.00558588620966982726, 179.02262281477953509434
2023/01/11 07:34:05, 0.00561898832860693816, 177.96797955761556112567
2023/01/11 07:38:53, 0.00562130912673001061, 177.89450419029226053956
2023/01/11 07:42:59, 0.00556596994377640353, 179.66320517381724075725
2023/01/11 08:36:14, 0.00561557088906427147, 178.07628462983058522658
2023/01/11 08:36:14, 0.00559053343494812476, 178.8738072379096900875
2023/01/11 08:44:17, 0.00557685894729509182, 179.3124067599062363987
2023/01/11 09:09:25, 0.00558181389926726815, 179.15323191467764260612
2023/01/11 09:14:30, 0.0055707648331254836, 179.50856479413598298125
2023/01/11 09:38:52, 0.00557816097953961522, 179.27055236805543626247
2023/01/11 10:57:24, 0.00558741235328171121, 178.97372464601792289718
2023/01/11 11:02:12, 0.00557634670939784571, 179.32887822679584654843
2023/01/11 11:29:15, 0.00556364515322018977, 179.73827813609008409311
2023/01/11 12:26:50, 0.00552728420421244799, 180.92067696426412408205
2023/01/11 12:31:52, 0.00556021124804669781, 179.8492818687959017614
2023/01/11 14:49:46, 0.00556680836165440979, 179.63614607038640756265
2023/01/11 15:31:06, 0.00558001431121099309, 179.2110099056317124995
2023/01/11 16:20:34, 0.00558463935472817112, 179.06259231464273907792
2023/01/11 16:26:36, 0.00559455816668783767, 178.74512521013484607851
2023/01/11 17:01:46, 0.00559952086625517325, 178.58670837827885125823
2023/01/11 18:14:49, 0.00556908361989846996, 179.5627554283753085038
2023/01/11 18:27:44, 0.0055723842867315428, 179.45639578036811048591
2023/01/11 19:21:25, 0.00559088081291316245, 178.86269327908350078035
2023/01/11 19:36:08, 0.00562067999726580854, 177.9144161358504801194
2023/01/11 19:41:39, 0.00559068851259013093, 178.8688455362908905734
2023/01/11 20:11:57, 0.00559008332724375215, 178.88820997111330062124
2023/01/11 20:11:57, 0.00559008332724644706, 178.88820997102706096825
2023/01/11 20:33:57, 0.00559008332724649023, 178.8882099710256794156
2023/01/11 21:12:41, 0.00559906539580920135, 178.60123597564726031804
2023/01/11 21:22:56, 0.00559906539582229344, 178.60123597522964359794
2023/01/11 21:25:27, 0.00563224316866756212, 177.54915227436339840473
2023/01/11 22:18:54, 0.0056331818037148569, 177.51956795368120505388
2023/01/11 22:50:04, 0.00563318180371618538, 177.51956795363934058475
2023/01/12 00:10:18, 0.00556307747564479057, 179.75661931332254676627
2023/01/12 03:24:40, 0.00556505899387533632, 179.69261441802446812432
2023/01/12 04:25:46, 0.00561215740429139167, 178.18459604061356322365
2023/01/12 04:54:46, 0.00563087417398837411, 177.5923185461086930571
2023/01/12 05:48:02, 0.00562959750006387159, 177.63259273663069596447
2023/01/12 05:52:47, 0.00563147368597984455, 177.57341253136045863568
2023/01/12 08:12:22, 0.00563479661873990865, 177.46869455310114931348
2023/01/12 09:41:48, 0.00562357731848376168, 177.822752914442309638
2023/01/12 10:18:36, 0.00563354204720372346, 177.50821625559039893107
2023/01/12 11:08:54, 0.00562419345023719878, 177.8032723888303096731
2023/01/12 11:28:48, 0.00561693674276643119, 178.03298235249201060495
2023/01/12 12:07:19, 0.00557984596098246768, 179.21641690336656942312
2023/01/12 12:09:50, 0.00553527439251158971, 180.65951732272795515537
2023/01/12 13:50:41, 0.00555670537154732697, 179.962753670623133563
2023/01/12 14:35:37, 0.00552395267679462049, 181.02979125814473540657
2023/01/12 14:47:44, 0.00551941134547804005, 181.17874124734026414325
2023/01/12 15:13:05, 0.00551941134548411858, 181.17874124714073198121
2023/01/12 15:14:47, 0.00538369018334054094, 185.74620120125620061347
2023/01/12 15:15:44, 0.00539002710065902222, 185.52782413241169820805
2023/01/12 15:16:43, 0.00542233787193605525, 184.42229599443021174478
2023/01/12 17:23:14, 0.00542769235442230534, 184.24036122556446431401
2023/01/12 18:40:08, 0.00542867667959959339, 184.20695484737501103405
2023/01/12 20:01:32, 0.0054306455974262397, 184.14016935185987052366
2023/01/12 20:27:59, 0.00543556945246834841, 183.9733644735032568528
2023/01/12 21:20:49, 0.00543721123218061495, 183.91781324981668361943
2023/01/12 22:36:51, 0.00546993419445848662, 182.81755583331988368194
2023/01/12 22:39:28, 0.00547042825438425144, 182.8010447259872672125
2023/01/12 22:44:51, 0.00536461993209413919, 186.40649527051189497514
2023/01/12 22:53:04, 0.00536559848141812842, 186.37249944496403337654
2023/01/13 01:12:51, 0.00539892225122235557, 185.22215239784063764549
2023/01/13 01:53:05, 0.0053989222512223895, 185.22215239783947350929
2023/01/13 02:40:41, 0.00539865418820595782, 185.23134935825790565766
2023/01/13 02:43:23, 0.00540115619737014527, 185.14554355730461623655
2023/01/13 03:23:49, 0.00541425406418629571, 184.69764960139329356601
2023/01/13 03:41:01, 0.00542828632253469765, 184.22020147475520201329
2023/01/13 04:19:43, 0.00543007296877788186, 184.1595878637087215975
2023/01/13 04:33:23, 0.0054629347294788285, 183.05179349916951646479
2023/01/13 06:12:33, 0.00549589547758933023, 181.953969844897948177
2023/01/13 09:31:36, 0.0054563608423220461, 183.27233643411918954121
2023/01/13 09:31:36, 0.00545636084232391777, 183.27233643405632269129
2023/01/13 10:23:29, 0.00547541794348840108, 182.63446011262799637039
2023/01/13 10:42:31, 0.00545641786476512723, 183.27042114158997442523
2023/01/13 11:10:08, 0.00546336622670924613, 183.03733604956056969162
2023/01/13 11:34:11, 0.00546603334441130119, 182.94802409546978064966
2023/01/13 11:45:04, 0.00533114567001161481, 187.57694159908808683305
2023/01/13 11:45:04, 0.00535204833429655091, 186.84435145921294987129
2023/01/13 12:10:39, 0.00535290827389546912, 186.81433509270102385375
2023/01/13 12:11:31, 0.00535290827390051095, 186.81433509252506601272
2023/01/13 12:12:36, 0.0053529082739005839, 186.81433509252251991593
2023/01/13 12:16:19, 0.00535197841820491331, 186.84679231860695556877
2023/01/13 12:21:03, 0.00533361793542991674, 187.48999499143819189654
2023/01/13 12:34:32, 0.00533361793543306068, 187.48999499132767486569
2023/01/13 12:46:18, 0.00532407326313404839, 187.82611556538646599577
2023/01/13 12:58:01, 0.00535287102833364783, 186.8156349567982469747
2023/01/13 13:15:32, 0.00537083765514024145, 186.19069579266371368274
2023/01/13 14:33:15, 0.00537277551945748588, 186.12354012902713786005
2023/01/13 14:49:38, 0.0053835718604148351, 185.75028362729874707453
2023/01/13 15:38:44, 0.00538447204328572799, 185.71922965910268310954
2023/01/13 15:49:49, 0.00536031755780551256, 186.55611150198255112526
2023/01/13 16:01:32, 0.0053796862477949934, 185.88444640426315410665
2023/01/13 16:02:04, 0.00538508649089370446, 185.69803877635414447529
2023/01/13 16:07:32, 0.00537347009898693728, 186.09948163450848022889
2023/01/13 16:09:03, 0.00537347009897077833, 186.09948163506811334389
2023/01/13 16:50:06, 0.00537408053574265884, 186.07834276934729134261
2023/01/13 17:01:05, 0.00537408053574940032, 186.07834276911386670431
2023/01/13 17:39:29, 0.00535481284751093117, 186.7478898846723190641
2023/01/13 19:06:22, 0.00539356898695773398, 185.40599043381372324504
2023/01/13 19:11:45, 0.00537419664682722079, 186.07432249252969580738
2023/01/13 19:57:12, 0.0053657188000843072, 186.36832030487468137528
2023/01/13 21:35:42, 0.00534649625292093706, 187.03838040729434018841
2023/01/13 22:57:52, 0.00535546420653805194, 186.72517664839979644513
2023/01/14 01:31:02, 0.00540236281985155761, 185.10419113751366089844
2023/01/14 01:34:24, 0.00550572023408772797, 181.62927963696203167192
2023/01/14 01:47:36, 0.00547581597929691243, 182.62118445558111760407
2023/01/14 02:37:04, 0.00540198240978734983, 185.11722625904759478404
2023/01/14 03:06:30, 0.00540021122946125979, 185.17794165984185104274
2023/01/14 04:14:42, 0.00540021122947205644, 185.17794165947162448209
2023/01/14 04:20:38, 0.00539254886788168923, 185.44106404970267868497
2023/01/14 04:22:34, 0.00547574429546829541, 182.62357517819013078952
2023/01/14 04:56:44, 0.0054236355983419934, 184.37816882566745823779
2023/01/14 06:05:22, 0.00535282826891056989, 186.81712727606787270139
2023/01/14 06:12:42, 0.00540681295246595622, 184.95183924273112905894
2023/01/14 08:03:03, 0.00538735793767506847, 185.61974377213057316549
2023/01/14 08:28:23, 0.00535937648132104008, 186.58886970999070849918
2023/01/14 08:28:59, 0.00535937648133226299, 186.58886970959997854569
2023/01/14 09:07:47, 0.00534016833703737025, 187.26001445766821825798
2023/01/14 09:35:14, 0.00535452690926813132, 186.75786244889415066722
2023/01/14 09:58:48, 0.00533534489731940192, 187.42930761653715068162
2023/01/14 09:58:48, 0.00538990555142329545, 185.53200802116711236938
2023/01/14 10:36:02, 0.00544409892734137054, 183.6851264729589858266
2023/01/14 10:44:55, 0.00544409892735933709, 183.6851264723527902161
2023/01/14 10:50:58, 0.0054230554711213776, 184.39789253957609519821
2023/01/14 11:10:24, 0.00545735106743453357, 183.23908204609855037747
2023/01/14 11:14:40, 0.00543623096311196145, 183.95097757722045889841
2023/01/14 12:07:33, 0.00541523328598692527, 184.66425123137611690111
2023/01/14 13:06:01, 0.00539435709143335369, 185.37890299996555565126
2023/01/14 13:42:15, 0.00538015838696204701, 185.86813399831127522745
2023/01/14 16:02:46, 0.00538015838696207205, 185.86813399831041016008
2023/01/14 17:45:47, 0.00537704316057528285, 185.97581796107645567368
2023/01/14 19:24:41, 0.00537704316059223986, 185.97581796048996339132
2023/01/14 19:28:25, 0.00533602670376138487, 187.40535899025698616306
2023/01/14 20:14:55, 0.00533795286338845693, 187.33773519408977187381
2023/01/14 20:20:29, 0.00533795286338846535, 187.33773519408947650956
2023/01/14 20:40:41, 0.00533815972324045906, 187.33047564057586188597
2023/01/14 22:20:59, 0.00533815972324047515, 187.33047564057529698427
2023/01/14 23:45:49, 0.00533481060814024273, 187.44807893913368514233
2023/01/15 01:31:23, 0.00530592482513156882, 188.46855787769353002283
2023/01/15 02:07:56, 0.00531363466286857667, 188.19509873118524320074
2023/01/15 02:09:09, 0.00530761113775290498, 188.40867841410329912885
2023/01/15 02:11:16, 0.00530761113776703337, 188.40867841360177170115
2023/01/15 02:13:23, 0.00528612900918478706, 189.17434634351032903741
2023/01/15 02:19:28, 0.00530652271891265719, 188.44732284589310882758
2023/01/15 02:58:06, 0.00531036610471652674, 188.31093380018120511637
2023/01/15 06:13:16, 0.00531036610473364011, 188.31093379957434764309
2023/01/15 06:16:07, 0.00530996683603194277, 188.32509333472311250591
2023/01/15 09:37:50, 0.00528961375973273895, 189.04971996490829349141
2023/01/15 11:54:11, 0.00529306732081927488, 188.92637092800425048411
2023/01/15 12:33:53, 0.00527442026094257454, 189.59429672395753382787
2023/01/15 13:37:25, 0.00526410436685677142, 189.96583849972299325425
2023/01/15 14:50:08, 0.00526984700539931788, 189.75882961600816069548
2023/01/15 16:37:30, 0.00524972411832832209, 190.48620031454749546262
2023/01/15 18:04:12, 0.0052598013587083693, 190.12124827572698298063
2023/01/15 19:13:10, 0.00527128501362556281, 189.70706334700827100045
2023/01/15 19:14:28, 0.00528039258309344449, 189.37985846010031314326
2023/01/15 19:16:56, 0.00545819378571727589, 183.21079083281161233632
2023/01/15 19:19:02, 0.00538077361644427596, 185.84688211819255570876
2023/01/15 21:01:23, 0.00537761292995919059, 185.95611343257997539018
2023/01/15 21:37:33, 0.00537761292997308876, 185.95611343209938111447
2023/01/15 21:43:01, 0.00537753619971947849, 185.95876677727719139706
2023/01/16 00:15:12, 0.00537784566238475888, 185.94806596895878519452
2023/01/16 00:16:05, 0.00537815513394077279, 185.93736608472710361479
2023/01/16 00:32:00, 0.0053781551339408506, 185.93736608472441361262
2023/01/16 00:35:11, 0.00536776825002008279, 186.29716362964415120537
2023/01/16 01:43:32, 0.00528019131425792732, 189.38707718785355729531
2023/01/16 03:06:16, 0.00528019131426509447, 189.38707718759648953998
2023/01/16 03:10:45, 0.00525916670998152898, 190.14419111340780388348
2023/01/16 04:11:37, 0.00526031650781916123, 190.10262947363659403864
2023/01/16 05:22:48, 0.00526340241923716904, 189.99117307563405910516
2023/01/16 08:26:48, 0.00528958271031561817, 189.05082967127517010859
2023/01/16 09:07:49, 0.00526931065603729995, 189.77814467140069188876
2023/01/16 09:38:17, 0.00525365295919249148, 190.34374896237992070301
2023/01/16 11:10:49, 0.00525365295920159618, 190.34374896205005075451
2023/01/16 12:00:20, 0.00525011607280229023, 190.47197931116258809347
2023/01/16 12:34:09, 0.00524286921081548022, 190.73525579030402148749
2023/01/16 14:57:28, 0.00525294583701805122, 190.36937197275038290802
2023/01/16 16:50:30, 0.00528335050206162711, 189.27383288498234885534
2023/01/16 17:11:15, 0.00526311221969915321, 190.00164888317000134956
2023/01/16 17:16:26, 0.00523497349414245175, 191.02293471379101670365
2023/01/16 17:17:22, 0.00523898942497485277, 190.87650668521821188596
2023/01/16 18:20:24, 0.00523898942499029083, 190.87650668465574393458
2023/01/16 19:51:24, 0.00524301308898959861, 190.73002165491711144437
2023/01/16 20:10:06, 0.00524323707551525816, 190.7218738343486018325
2023/01/16 20:51:52, 0.00522885245258214044, 191.24655152703238822674
2023/01/16 21:53:02, 0.00522744945931594801, 191.29788011969755030908
2023/01/16 22:23:18, 0.00521364910435814556, 191.80423921588608763381
2023/01/16 22:29:35, 0.00522863147891610631, 191.2546340342386667008
2023/01/16 22:42:16, 0.00523626894999401925, 190.97567553346208052331
2023/01/16 23:23:41, 0.00533167368114015228, 187.55836530981297841634
2023/01/16 23:25:06, 0.00524865457748357833, 190.52501650421835903746
2023/01/17 01:11:40, 0.00524865457748403052, 190.52501650420194471454
2023/01/17 01:24:33, 0.00521341825549187797, 191.81273225998851738834
2023/01/17 02:01:01, 0.00525161128960128878, 190.41774892595329393197
2023/01/17 04:07:07, 0.00525543823848818031, 190.27908894000582389251
2023/01/17 06:14:19, 0.00525543823848827797, 190.27908894000228808893
2023/01/17 11:15:34, 0.00524374393001914356, 190.70343886840966641251
2023/01/17 11:19:31, 0.00524374393002723719, 190.70343886811531885145
2023/01/17 11:20:45, 0.00522375403772831665, 191.43320929307683001232
2023/01/17 13:20:04, 0.00522757050487354948, 191.2934505747405804756
2023/01/17 13:22:16, 0.00524858597397578095, 190.52750682914018621055
2023/01/17 13:57:07, 0.00524710921101862221, 190.58112949127464946951
2023/01/17 15:02:34, 0.00522092326170764894, 191.53700406485615300305
2023/01/17 17:31:43, 0.00517148640423447843, 193.36800328454646246367
2023/01/17 17:41:49, 0.00517247119596703652, 193.3311877656655911583
2023/01/17 17:44:57, 0.00517167408013033047, 193.36098611511867962325
2023/01/17 18:02:09, 0.00517265892521252924, 193.32417127404412422115
2023/01/17 19:33:53, 0.00518025572381712709, 193.0406631090287673085
2023/01/17 20:24:13, 0.0051799608574775507, 193.0516518395011587547
2023/01/17 20:36:49, 0.00517753646866297081, 193.14204855001949530873
2023/01/17 20:58:02, 0.00521559404623691429, 191.73271369183854239672
2023/01/17 22:29:23, 0.00521559404623742292, 191.73271369181984423096
2023/01/17 22:35:44, 0.0052155940462394899, 191.73271369174385928504
2023/01/17 23:10:10, 0.00522402053522920141, 191.42344354435533941173
2023/01/18 00:08:07, 0.00522785300130463252, 191.28311368939521253153
2023/01/18 02:29:44, 0.00522986353347343608, 191.20957814664922096142
2023/01/18 02:40:55, 0.00526827282222507801, 189.81553039192181342315
2023/01/18 04:34:10, 0.00517476485297573282, 193.24549586537309710659
2023/01/18 04:36:07, 0.00517472298986367537, 193.24705920661162449397
2023/01/18 04:36:35, 0.00517472298986367537, 193.24705920661162449397
2023/01/18 04:53:00, 0.00519189819417815217, 192.60778285701618792607
2023/01/18 05:08:21, 0.00523016709732021587, 191.19848016182325286075
2023/01/18 05:50:05, 0.005229726785125105, 191.21457794779963833859
2023/01/18 06:41:08, 0.00522972678513785859, 191.21457794733332853149
2023/01/18 07:27:29, 0.0052097304927166449, 191.94850892921028290868
2023/01/18 07:29:28, 0.00520973049272134412, 191.94850892903714384103
2023/01/18 08:40:21, 0.00520973049273435986, 191.94850892855758865097
2023/01/18 08:42:04, 0.00520973049274751068, 191.9485089280730567948
2023/01/18 08:43:21, 0.0052078031146740161, 192.01954797067924110989
2023/01/18 08:44:49, 0.00520597169393921015, 192.08709896832507568529
2023/01/18 11:05:21, 0.00520597169395435517, 192.08709896776626299008
2023/01/18 11:18:43, 0.00520597169397010713, 192.08709896718505552761
2023/01/18 11:50:32, 0.00518592542281683207, 192.82961447926710792077
2023/01/18 12:09:24, 0.00516599477283277208, 193.57356017060973990334
2023/01/18 13:56:41, 0.00516699156222717274, 193.53621695657683883422
2023/01/18 14:20:26, 0.00516301808411953887, 193.6851631559861672785
2023/01/18 14:58:01, 0.00516301808412326288, 193.68516315584646478458
2023/01/18 15:37:49, 0.00512605967529673266, 195.08161499156033802403
2023/01/18 15:41:36, 0.00516156923193013787, 193.73953057025179053094
2023/01/18 16:49:44, 0.00514177763874753243, 194.48526759776147969412
2023/01/18 17:25:37, 0.00517259599583215919, 193.32652324012046825849
2023/01/18 17:28:43, 0.00517026466913478433, 193.41369620200595265878
2023/01/18 17:30:44, 0.00517226110588816519, 193.33904061061182521103
2023/01/18 17:36:58, 0.00517226110588825987, 193.33904061060828633676
2023/01/18 18:36:09, 0.00530784205163899191, 188.40048182880896674394
2023/01/18 18:38:18, 0.00525071184970603529, 190.45036723087093163485
2023/01/18 18:39:37, 0.00525265085593982594, 190.38006283421171330478
2023/01/18 21:25:08, 0.0051633972842826367, 193.67093890760575565284
2023/01/18 23:03:13, 0.0052019211541363037, 192.23666994738102673438
2023/01/18 23:13:06, 0.00522211706616153066, 191.49321766067585385897
2023/01/19 00:29:00, 0.00522158436805498787, 191.51275350789642211361
2023/01/19 02:38:41, 0.00522158436807261414, 191.51275350724994074957
2023/01/19 04:49:07, 0.00520739494547163993, 192.03459896384502402832
2023/01/19 07:08:18, 0.00518733514065892278, 192.77721081907476379593
2023/01/19 07:52:46, 0.00518733514065898279, 192.77721081907253360087
2023/01/19 10:10:09, 0.00518598711805777644, 192.82732047635971844611
2023/01/19 11:05:08, 0.0051859871180692168, 192.82732047593433873054
2023/01/19 11:45:33, 0.00516599201411629399, 193.57366354176647114256
2023/01/19 12:16:13, 0.00516599201412383417, 193.57366354148393508004
2023/01/19 12:23:28, 0.00515941476535166445, 193.8204322543625242907
2023/01/19 13:28:53, 0.00519808046535891438, 192.37870722937193224439
2023/01/19 13:53:32, 0.00520273002325653592, 192.20678288704892419228
2023/01/19 15:13:00, 0.00521625939182460986, 191.70825775406986073929
2023/01/19 15:15:13, 0.00515507105844086521, 193.98374700628216143267
2023/01/19 15:36:32, 0.00515252462388966997, 194.07961591556535772223
2023/01/19 22:16:03, 0.00515207921868513446, 194.09639439806802129944
2023/01/19 22:35:07, 0.00519458706855730687, 192.50808328018459588675
2023/01/19 22:50:41, 0.00527232100809298806, 189.66978650674051963481
2023/01/19 22:52:25, 0.00521365404709773076, 191.80405737827330825612
2023/01/19 23:15:26, 0.00521405979332588933, 191.78913162446312738277
2023/01/19 23:20:48, 0.00525292634911768954, 190.37007822658041090346
2023/01/19 23:25:45, 0.00524257901930947864, 190.74581352361076246329
2023/01/19 23:46:40, 0.00524257901931140719, 190.74581352354059441007
2023/01/20 00:04:53, 0.0052425790193213185, 190.74581352317998166126
2023/01/20 00:46:12, 0.0052427735730722728, 190.73873514892205650808
2023/01/20 00:59:16, 0.00524891744193231439, 190.51547505991334572193
2023/01/20 01:34:39, 0.00525670710357815044, 190.23315933263946508274
2023/01/20 02:20:24, 0.00525645958812173885, 190.24211700585419652001
2023/01/20 02:21:14, 0.00525645958813093698, 190.24211700552129708996
2023/01/20 02:23:09, 0.0052552270761012535, 190.28673462039622081188
2023/01/20 02:26:11, 0.00526820935858344958, 189.81781701038671481259
2023/01/20 03:23:40, 0.00496980202751964889, 201.21525856817368833046
2023/01/20 03:23:40, 0.00497529719313091596, 200.99301834283144618163
2023/01/20 03:23:40, 0.00509860908636986864, 196.13192207131624605404
2023/01/20 03:23:40, 0.00521857138723859024, 191.62332481364224829456
2023/01/20 03:26:23, 0.00517915574901202118, 193.08166204323177444438
2023/01/20 03:42:59, 0.00517915574902530805, 193.08166204273643262066
2023/01/20 04:56:40, 0.00518368661889451515, 192.91289646156547273186
2023/01/20 06:56:18, 0.00518178126220050346, 192.98383111898058249823
2023/01/20 11:20:28, 0.00518294312813845542, 192.94056972590541848282
2023/01/20 12:07:59, 0.00518875441049101816, 192.72448084613986979593
2023/01/20 12:12:27, 0.00516870487632188138, 193.47206387833332854432
2023/01/20 12:35:48, 0.00517814653014858205, 193.1192935884929350563
2023/01/20 14:56:11, 0.00518418750412585318, 192.89425762554819118248
2023/01/20 15:52:50, 0.00517509607727848222, 193.23312747574869993859
2023/01/20 17:43:15, 0.00521386984834390725, 191.79611863875584874896
2023/01/20 18:08:08, 0.00516052949939099616, 193.77856479999036745633
2023/01/20 19:12:02, 0.0051613411056022835, 193.74809367173354446084
2023/01/20 19:33:23, 0.00514145049224109192, 194.49764254447054010232
2023/01/20 21:14:25, 0.0051472383361574054, 194.27893846985434143084
2023/01/20 21:36:41, 0.00510852287626136727, 195.75130115338589242874
2023/01/20 21:50:49, 0.00512391477327849286, 195.16327734705052247547
2023/01/20 22:54:50, 0.00512853684676586518, 194.98738721758731201373
2023/01/20 23:20:20, 0.00513239016381756122, 194.84099378294002841062
2023/01/20 23:41:39, 0.00514010113471046361, 194.5487012399667363251
2023/01/21 00:15:02, 0.00515167843083432406, 194.111494617890602499
2023/01/21 00:37:00, 0.00515167843083888649, 194.1114946177186934209
2023/01/21 01:16:34, 0.00513993049073892514, 194.55516019171658107707
2023/01/21 03:44:50, 0.0051414735304851918, 194.4967710269689479944
2023/01/21 04:24:10, 0.00514056314276447308, 194.53121617765474815391
2023/01/21 06:38:52, 0.00501388469653937797, 199.44615014585551637737
2023/01/21 06:38:52, 0.00507636588961865389, 196.99131657255735613173
2023/01/21 06:38:52, 0.00510136061996444454, 196.02613390757891537254
2023/01/21 08:30:07, 0.00512107946511277514, 195.27133035378084077185
2023/01/21 10:43:06, 0.00510141960608083336, 196.02386731881681093727
2023/01/21 11:15:20, 0.00510334383608986358, 195.94995597360946386906
2023/01/21 11:22:41, 0.00505286157013377109, 197.90765809036911267757
2023/01/21 12:58:18, 0.00505286157013381048, 197.90765809036757004439
2023/01/21 13:05:10, 0.00507391222214751688, 197.08657860398563341165
2023/01/21 13:33:42, 0.00507391222215442019, 197.08657860371748742272
2023/01/21 13:38:13, 0.00507514075780620039, 197.03886999821139858434
2023/01/21 15:40:44, 0.00506275341494548968, 197.52097683603398073616
2023/01/21 15:40:44, 0.00508194511878884399, 196.77504904624497061139
2023/01/21 16:33:10, 0.00505356637590012284, 197.88005650205467859965
2023/01/21 16:46:02, 0.0050727405402592594, 197.1321008956810651623
2023/01/21 17:26:06, 0.00507734772899699911, 196.95322309499260133047
2023/01/21 17:50:38, 0.00503614732488958659, 198.5644850097637247232
2023/01/21 20:23:12, 0.00502243209953904296, 199.10672363132189388747
2023/01/21 21:19:55, 0.00501512973744213265, 199.39663624934060947737
2023/01/21 21:39:04, 0.00505241018327760178, 197.92533933800275019315
2023/01/21 22:56:47, 0.00503311141058861451, 198.68425679912608225895
2023/01/22 00:29:21, 0.00503311141058874108, 198.68425679912108586252
2023/01/22 02:45:02, 0.00511121793813361515, 195.64808468432371751426
2023/01/22 02:48:23, 0.00511815587881107097, 195.3828729875058767172
2023/01/22 03:01:50, 0.00515797353793941381, 193.87458905023683006907
2023/01/22 03:03:40, 0.00509558719475192493, 196.24823632297480396967
2023/01/22 03:13:14, 0.00509558719476043588, 196.24823632264701849242
2023/01/22 05:00:56, 0.0051129148458735781, 195.58315171375455261238
2023/01/22 05:12:00, 0.00511676941935225545, 195.43581467984001604852
2023/01/22 05:46:00, 0.00512178253339503873, 195.24452541274478392164
2023/01/22 06:30:01, 0.00512378846481912915, 195.16808839127206595252
2023/01/22 10:10:10, 0.00506391785370960196, 197.47555724416901559559
2023/01/22 12:47:29, 0.00506684112803885268, 197.36162526711296783708
2023/01/22 13:49:23, 0.00506655613777660927, 197.37272672139712871182
2023/01/22 14:04:54, 0.00508191250264079879, 196.77631196529915734218
2023/01/22 14:14:38, 0.00510114059176557976, 196.03458912977838505309
2023/01/22 15:14:19, 0.00510191046834328189, 196.00500757605906130425
2023/01/22 16:14:36, 0.00510395092198733152, 195.92664884219317597263
2023/01/22 17:52:35, 0.00509806050855359027, 196.15302688584950640889
2023/01/22 18:09:20, 0.00509883015169231819, 196.12341855868581387433
2023/01/22 18:34:45, 0.00508377078654448544, 196.70438381029268660303
2023/01/22 18:47:54, 0.00509414021882869613, 196.30398007181899108664
2023/01/22 18:55:58, 0.00479612821787620825, 208.50151509144052828848
2023/01/22 18:55:58, 0.00494275416818483351, 202.31635359021665974413
2023/01/22 18:55:58, 0.00503908604301344807, 198.44868523062273277008
2023/01/22 18:57:10, 0.00500115683228417365, 199.95373741224406711309
2023/01/22 21:07:05, 0.00500072416205767755, 199.97103771237085895436
2023/01/22 21:13:22, 0.00500072416207235357, 199.97103771178398814907
2023/01/23 01:09:50, 0.00500072416209214722, 199.97103771099247142715
2023/01/23 01:21:15, 0.00483751086061622633, 206.71788215326404411574
2023/01/23 01:21:15, 0.00498136925028204942, 200.74801721301410026088
2023/01/23 01:22:21, 0.00490845567344878336, 203.73006634434556021569
2023/01/23 01:43:30, 0.00495147516620472679, 201.96001523450907966355
2023/01/23 02:19:57, 0.00499468207338691035, 200.21294354815595086294
2023/01/23 03:20:05, 0.00499441653830135626, 200.22358814711688931404
2023/01/23 05:56:08, 0.00499190890187675543, 200.32416850075940464552
2023/01/23 06:22:18, 0.00494539429499151487, 202.20834585682227478538
2023/01/23 10:29:14, 0.00494629520450724167, 202.17151598407715717265
2023/01/23 11:12:23, 0.00492542364393488363, 203.0282209798115105602
2023/01/23 11:38:57, 0.00492542364393489608, 203.02822097981099743789
2023/01/23 12:33:03, 0.00495743293106920844, 201.71730286713574486603
2023/01/23 13:27:37, 0.00499394080162943204, 200.24266200226446251602
2023/01/23 17:02:09, 0.00499394080163243387, 200.24266200214409772096
2023/01/23 17:06:55, 0.00498158008612971613, 200.73952093720507247787
2023/01/23 17:35:14, 0.00498132842161508184, 200.7496626122420706539
2023/01/23 17:40:24, 0.00498782047800131555, 200.48837050380630153063
2023/01/23 18:13:46, 0.00497240454585538371, 201.10994404779947959443
2023/01/23 18:43:27, 0.00497240454586228253, 201.10994404752045543322
2023/01/23 18:51:01, 0.00497402289278362395, 201.04451096331156698318
2023/01/23 19:31:31, 0.00496643552177420558, 201.35165263209956546726
2023/01/23 20:52:12, 0.00500107865022640663, 199.95686329682666352233
2023/01/23 21:07:03, 0.00500062874396909851, 199.97485340339025194012
2023/01/23 22:05:08, 0.00500062874398315423, 199.9748534028281645914
2023/01/23 22:48:05, 0.00500062441777203042, 199.97502640790972986447
2023/01/24 00:05:30, 0.00500053751597676586, 199.97850167206831290794
2023/01/24 00:15:48, 0.00500662175906589795, 199.7354799549653458141
2023/01/24 07:27:04, 0.00500880550271982369, 199.6483990957507840274
2023/01/24 08:22:42, 0.00500825468047216301, 199.67035700063940088815
2023/01/24 08:53:00, 0.00498607347126132396, 200.55861706887977528759
2023/01/24 09:58:43, 0.00494170282194413813, 202.35939635208281949435
2023/01/24 10:54:56, 0.00492043027994261306, 203.23425861277786285775
2023/01/24 11:28:58, 0.00502299114503487134, 199.08456358488317729519
2023/01/24 13:41:23, 0.00502275102321127477, 199.09408118753499342506
2023/01/24 14:21:01, 0.00511139488177191935, 195.64131183958523935466
2023/01/24 14:24:13, 0.00502345926215528701, 199.06601164930231996196
2023/01/24 14:25:58, 0.00513497231846784216, 194.74301670595510432
2023/01/24 14:37:20, 0.00511477812280608562, 195.51190217638939591968
2023/01/24 14:51:18, 0.00504823605591799818, 198.08899364515843053608
2023/01/24 17:00:56, 0.0050441169463119015, 198.25075640468017249418
2023/01/24 17:27:05, 0.00504665627123477271, 198.15100261530761047854
2023/01/24 18:36:50, 0.00504005523570548001, 198.41052393943165605076
2023/01/24 18:38:58, 0.00498195917373174618, 200.72424625088769265176
2023/01/24 20:20:32, 0.00498282637261925782, 200.68931269510459564268
2023/01/24 20:23:10, 0.00500456865658254411, 199.81742056524552123163
2023/01/24 20:42:26, 0.00500565512014106474, 199.77405074839013771353
2023/01/24 21:52:19, 0.00500565512014254254, 199.77405074833115933163
2023/01/24 22:07:37, 0.00504922272888073899, 198.05028490428069558598
2023/01/24 22:42:40, 0.00504922272888075445, 198.05028490428008917854
2023/01/24 22:54:30, 0.00502729358965848663, 198.91418357922713891918
2023/01/24 23:54:33, 0.00502946745140467753, 198.8282078892290046471
2023/01/25 01:31:52, 0.00504252048553143442, 198.31352254677243392187
2023/01/25 02:52:59, 0.00504578638089888919, 198.18516372107165963137
2023/01/25 03:04:11, 0.00504578638091555039, 198.18516372041725157605
2023/01/25 03:17:41, 0.00503578050877779572, 198.57894883562032793387
2023/01/25 04:29:03, 0.00503448898062437604, 198.62989150409864523996
2023/01/25 05:19:16, 0.00507870907370752214, 196.90042990983677208129
2023/01/25 05:59:58, 0.00503069519230254734, 198.77968387552026753299
2023/01/25 08:49:42, 0.00500888417122649691, 199.64526345897427728983
2023/01/25 08:52:18, 0.00499803184962419129, 200.07875701616254009596
2023/01/25 09:08:07, 0.00500020601095202746, 199.99175990142901195756
2023/01/25 12:32:48, 0.00499906869071535827, 200.03725931137419378434
2023/01/25 13:02:29, 0.00501425627617964912, 199.43137026133371289759
2023/01/25 13:14:34, 0.00503599273698716229, 198.57058026621796366325
2023/01/25 13:27:57, 0.0050796065502454965, 196.86564109018840724745
2023/01/25 14:25:57, 0.00508069929782753627, 196.82329958547074021145
2023/01/25 14:47:32, 0.00507958859189591858, 196.86633708789346133265
2023/01/25 16:12:08, 0.00512441967763614393, 195.14404808883499603333
2023/01/25 16:32:57, 0.00509169374603263965, 196.39830081673369127569
2023/01/25 16:38:43, 0.00511996552050487866, 195.31381529721517000495
2023/01/25 18:35:59, 0.00511913942880187986, 195.34533370466277355832
2023/01/25 18:52:21, 0.00511913942880893809, 195.34533370439343295958
2023/01/25 18:56:10, 0.00512285977871987892, 195.2034689986935531309
2023/01/25 19:12:29, 0.0051221992355323926, 195.22864184256232182141
2023/01/25 20:11:15, 0.00513349561631406475, 194.79903651267099661834
2023/01/25 21:14:54, 0.00522177390722297488, 191.50580200662430100732
2023/01/25 21:16:29, 0.00517922055232793896, 193.07924617161230964509
2023/01/25 21:16:29, 0.0050923108594741231, 196.37450022115672902748
2023/01/25 21:17:26, 0.00494570752037677231, 202.19553944100162242305
2023/01/25 21:17:26, 0.00500828077076096665, 199.66931683186330396863
2023/01/25 21:17:26, 0.00507124678145665774, 197.19016705252143468123
2023/01/25 21:19:25, 0.00511273078620660019, 195.59019275919117972028
2023/01/25 21:34:46, 0.00520763314780507499, 192.02581510978404165939
2023/01/25 22:22:27, 0.00518465881458894875, 192.87672260827103577793
2023/01/25 22:26:04, 0.00517322865617778126, 193.30288035998893814443
2023/01/26 00:48:20, 0.00516665335965866463, 193.5488855915940681521
2023/01/26 00:57:23, 0.00516665335967157102, 193.54888559111057982818
2023/01/26 01:12:25, 0.00518873169190794486, 192.72532467992977053499
2023/01/26 01:36:41, 0.0051887316919295119, 192.72532467912870484101
2023/01/26 03:19:15, 0.0052118137593464292, 191.87178325524083864555
2023/01/26 03:35:03, 0.00521181375934644132, 191.87178325524039252387
2023/01/26 06:12:33, 0.0051888026611291822, 192.72268870259578734711
2023/01/26 06:26:07, 0.00519322365245802355, 192.55862387645992633581
2023/01/26 07:06:08, 0.0052409987807460571, 190.80332620448536401834
2023/01/26 08:47:29, 0.00524521971317619964, 190.64978298010289222459
2023/01/26 09:02:12, 0.00523872840728570178, 190.88601703597793060298
2023/01/26 10:01:08, 0.00524317057202911107, 190.72429291824454713946
2023/01/26 10:58:46, 0.00516768277611433608, 193.51033012748435525857
2023/01/26 11:42:19, 0.00520214844758392524, 192.22827069927961641611
2023/01/26 11:50:35, 0.00520746052684484258, 192.03218053116799321528
2023/01/26 12:59:59, 0.00525183323908022191, 190.40970161785538193759
2023/01/26 13:54:22, 0.00518373584884422324, 192.911064367402541284
2023/01/26 15:18:58, 0.00514295503202598384, 194.44074345835106333876
2023/01/26 15:20:25, 0.00514559552211429856, 194.34096514237970615912
2023/01/26 15:26:47, 0.00514559552211434433, 194.3409651423779771978
2023/01/26 16:13:33, 0.00516762104028450383, 193.51264193028847028232
2023/01/26 16:44:59, 0.00516534297963100082, 193.59798641511265127937
2023/01/26 16:59:49, 0.00518826047424714324, 192.74282873107055052891
2023/01/26 17:51:53, 0.00517156038322689148, 193.36523716194750569684
2023/01/26 19:00:14, 0.00507121580885843966, 197.19137139720856190797
2023/01/26 19:00:14, 0.00519748831556094235, 192.40062493379060944006
2023/01/26 19:04:30, 0.00515522548811344082, 193.97793603902103137499
2023/01/26 20:18:26, 0.00510098150017236123, 196.04070314040742596734
2023/01/26 22:17:32, 0.00515748151223232618, 193.89308476011722838624
2023/01/26 23:49:39, 0.00515977240033372862, 193.80699814110425829826
2023/01/26 23:51:48, 0.00516858824611385611, 193.47642961342050114912
2023/01/27 00:29:15, 0.00519066075333983836, 192.65370008174157430008
2023/01/27 00:30:17, 0.00522082543727402026, 191.54059296074372785716
2023/01/27 00:46:45, 0.00522082543728119509, 191.54059296048049931934
2023/01/27 00:57:29, 0.00522498901039444957, 191.38796234989728710212
2023/01/27 01:08:20, 0.00524230256201027033, 190.7558726668628468775
2023/01/27 02:02:03, 0.00525564013270846673, 190.27177941208375989204
2023/01/27 02:03:06, 0.00523014052952077861, 191.19945140204996896861
2023/01/27 03:06:59, 0.0052297158016989365, 191.21497953581682031692
2023/01/27 03:17:10, 0.00523415441378994834, 191.05282743768341630211
2023/01/27 04:11:16, 0.0052203804233268364, 191.55692093464741462185
2023/01/27 05:02:49, 0.00527890554597201337, 189.4332056695036756409
2023/01/27 05:49:09, 0.00527890554597738085, 189.43320566931106408238
2023/01/27 07:40:32, 0.00523375025031002947, 191.06758102199535008339
2023/01/27 08:16:31, 0.00521059283020716203, 191.91674202650030080089
2023/01/27 09:54:12, 0.00521059283020768672, 191.9167420264809757077
2023/01/27 11:03:58, 0.00521059283020773401, 191.91674202647923389073
2023/01/27 12:50:55, 0.00515146501327448273, 194.11953636939464146911
2023/01/27 12:55:59, 0.00515146501328572192, 194.11953636897112202428
2023/01/27 13:05:15, 0.00517352388350503125, 193.29184952414021261853
2023/01/27 14:14:11, 0.00521778286512447356, 191.65228332592647257688
2023/01/27 14:36:04, 0.00521778286513424587, 191.65228332556752972828
2023/01/27 14:45:20, 0.00521527261528956077, 191.74453068250168657855
2023/01/27 16:08:24, 0.00521596867305214603, 191.71894286221734320102
2023/01/27 17:48:09, 0.00523925049388674488, 190.86699541600819371133
2023/01/27 17:57:00, 0.00523839474698102028, 190.89817554820925273492
2023/01/27 18:02:10, 0.00525243526693796086, 190.38787708524680822485
2023/01/27 18:10:27, 0.00537166495841658365, 186.16202010759285834989
2023/01/27 18:10:27, 0.00534798216321902303, 186.98641272170706550957
2023/01/27 18:11:44, 0.00525082782622704883, 190.44616069968229463679
2023/01/27 18:12:16, 0.00525661437971902973, 190.23651494356921151548
2023/01/27 18:28:09, 0.00525544434313751054, 190.27886791452500591643
2023/01/27 19:50:05, 0.00525537624257509195, 190.28133359867838297971
2023/01/27 20:05:35, 0.00524369763554178839, 190.70512251164119214568
2023/01/27 22:05:19, 0.00532404741467395003, 187.82702746858256467841
2023/01/28 00:12:28, 0.005400424016665379, 185.1706452889737946051
2023/01/28 00:12:28, 0.00523837036175230953, 190.89906420161665508309
2023/01/28 02:06:06, 0.00523759474223691264, 190.92733386487863959603
2023/01/28 03:30:33, 0.00523282252668037789, 191.10145526651075190932
2023/01/28 04:29:20, 0.00522817674642342643, 191.27126883843316209038
2023/01/28 04:58:02, 0.00522817674644235354, 191.27126883774071944833
2023/01/28 04:58:41, 0.00522817674644235354, 191.27126883774071944833
2023/01/28 05:01:02, 0.00522817674646141762, 191.27126883704326602642
2023/01/28 05:02:56, 0.00522589514551751461, 191.35477696251617137673
2023/01/28 05:17:54, 0.00526418060509171294, 189.96308732887365045161
2023/01/28 09:04:02, 0.00524078119966051442, 190.81124777061436317953
2023/01/28 10:48:24, 0.00524078119966061784, 190.81124777061059792182
2023/01/28 12:20:39, 0.00523973003377528933, 190.84952727602414589119
2023/01/28 13:59:38, 0.00519341497352065054, 192.55153017785777870548
2023/01/28 14:27:18, 0.00523091070410248592, 191.17130009803501945058
2023/01/28 14:34:47, 0.0052244229207333689, 191.40870009421572881525
2023/01/28 14:58:10, 0.00522619899472510175, 191.34365166908460477603
2023/01/28 15:57:02, 0.00522484024281837525, 191.39341176498471166395
2023/01/28 16:14:27, 0.00527178704996069122, 189.68899739746817783137
2023/01/28 18:49:34, 0.00528964156502667008, 189.04872621458199983291
2023/01/28 18:51:30, 0.00521795940892859449, 191.64579898587796142839
2023/01/28 20:06:10, 0.00521632348965493565, 191.70590205596142447609
2023/01/28 20:07:10, 0.00523852844742410867, 190.893303345850952698
2023/01/28 20:17:51, 0.00523387377329356982, 191.06307169703109452899
2023/01/28 21:31:24, 0.00524031914311592619, 190.82807223939300231416
2023/01/28 22:28:53, 0.00524031914311595246, 190.82807223939204558803
2023/01/28 22:30:17, 0.00524071889790765344, 190.81351613788100782213
2023/01/28 22:44:31, 0.00530308862780202696, 188.56935461296832168582
2023/01/28 23:04:37, 0.00530308862780207378, 188.56935461296665675008
2023/01/29 00:17:48, 0.00529823453451631743, 188.7421165456752040923
2023/01/29 00:46:14, 0.00525115301645818305, 190.43436686491449247406
2023/01/29 01:04:03, 0.00525217512800840423, 190.39730694951035846445
2023/01/29 02:28:20, 0.00531010833307211932, 188.32007508620040883889
2023/01/29 02:34:50, 0.00531033176468601009, 188.31215154014546113135
2023/01/29 03:34:42, 0.00531529315683612911, 188.13637752301120636983
2023/01/29 03:47:08, 0.00529160918432233798, 188.9784307886417550082
2023/01/29 04:17:43, 0.00526606733406324371, 189.89502726855758309088
2023/01/29 07:06:22, 0.00526606733407300818, 189.89502726820547508986
2023/01/29 07:52:51, 0.00525639565163789202, 190.24443102725727365079
2023/01/29 11:09:20, 0.00523310389409128753, 191.09118034692619794014
2023/01/29 12:40:00, 0.00523310389409633868, 191.09118034674175106958
2023/01/29 12:53:48, 0.00522664223726875817, 191.32742487508796198248
2023/01/29 15:08:07, 0.00542787140782285904, 184.2342835459884272677
2023/01/29 15:09:15, 0.00531284169312308906, 188.22318784585546759599
2023/01/29 16:26:49, 0.00531405731489006265, 188.18013068808762456321
2023/01/29 16:40:21, 0.00531429572101405768, 188.17168868600015630426
2023/01/29 19:17:04, 0.00531388975456535474, 188.18606448145896504186
2023/01/29 19:52:50, 0.00530679953303178422, 188.4374930267430285724
2023/01/29 20:30:24, 0.00530727538425205923, 188.42059768883227970426
2023/01/29 21:24:23, 0.00530727538427295327, 188.42059768809049281531
2023/01/29 21:30:42, 0.00530727538427302512, 188.42059768808794186283
2023/01/29 22:07:01, 0.00530727538427412991, 188.42059768804871913514
2023/01/29 22:24:46, 0.0052811068912784312, 189.35424345442923382489
2023/01/29 23:07:48, 0.00530567934563257181, 188.47727781045814161243
2023/01/30 01:54:12, 0.00535211607193137404, 186.84198671332967496572
2023/01/30 02:02:00, 0.00541234928742024914, 184.76265054146969275542
2023/01/30 02:03:55, 0.00536459171281675798, 186.40747582166607321585
2023/01/30 02:26:59, 0.00530377201078783532, 188.54505773740028167505
2023/01/30 03:51:14, 0.00524325963470678542, 190.72105325105118384745
2023/01/30 06:04:01, 0.00524240557224060284, 190.75212442455119850507
2023/01/30 08:44:23, 0.00524737967304687957, 190.57130650112691011826
2023/01/30 08:57:52, 0.00522328619565266963, 191.45035568456845158418
2023/01/30 09:49:40, 0.0052681253782825193, 189.82084293635654389077
2023/01/30 10:16:12, 0.00526782868630099958, 189.83153392981481394849
2023/01/30 12:00:06, 0.00524359463524447557, 190.70886854574263653126
2023/01/30 13:00:57, 0.00523154031419787901, 191.14829284333328477555
2023/01/30 13:18:30, 0.00520755608047773489, 192.02865692581484607516
2023/01/30 14:44:36, 0.00520747324405527638, 192.0317115679039641379
2023/01/30 17:43:43, 0.00524374940422070405, 190.70323978394125080103
2023/01/30 18:48:42, 0.00524651318491524875, 190.60278031420859247276
2023/01/30 18:50:25, 0.0052224262478482667, 191.48188074690723291118
2023/01/30 20:33:28, 0.00522112478916479159, 191.52961102850160800947
2023/01/30 23:34:19, 0.00521930501256883191, 191.59639024580038461527
2023/01/31 00:18:42, 0.00521930501259168131, 191.59639024496160195138
2023/01/31 01:11:31, 0.00521930501260284168, 191.59639024455191396584
2023/01/31 01:15:31, 0.00524230466439036664, 190.75579616590084192988
2023/01/31 03:51:11, 0.00517535889369143675, 193.22331466112649749077
2023/01/31 08:49:05, 0.00522760612871395015, 191.29214699386911095252
2023/01/31 08:49:56, 0.00515198547633664661, 194.09992605628551219634
2023/01/31 11:20:05, 0.00510670312503549945, 195.82105626965508419419
2023/01/31 12:36:44, 0.00508357312171955188, 196.71203227656996025215
2023/01/31 12:38:46, 0.00508472935146429467, 196.66730141930191810236
2023/01/31 13:09:01, 0.00513018028298663638, 194.92492365547632022842
2023/01/31 13:24:14, 0.00513018028300828287, 194.924923654653846008
2023/01/31 16:11:01, 0.00512889042827058937, 194.97394494683911855448
2023/01/31 17:21:35, 0.00508225211806125299, 196.76316262355634437768
2023/01/31 18:11:46, 0.00505917131256210119, 197.66082985111902704487
2023/01/31 18:20:23, 0.00505818974503345379, 197.69918694368516862482
2023/01/31 19:39:41, 0.00506046308188885031, 197.61037356026784507368
2023/01/31 19:52:10, 0.00529939749335323841, 188.70069687247437918607
2023/01/31 19:52:10, 0.00525250041521959444, 190.38551564934857779803
2023/01/31 19:53:38, 0.00521272928239456304, 191.83808439417586896218
2023/01/31 20:39:14, 0.00518875621180492058, 192.72441394045524795651
2023/01/31 21:54:20, 0.0051864030850607722, 192.81185507552627844354
2023/01/31 23:51:26, 0.00519100729254501404, 192.64083898247161985148
2023/01/31 23:54:35, 0.00518384298868035261, 192.90707727522613876055
2023/02/01 08:59:01, 0.00516006881427737936, 193.79586513131431803173
2023/02/01 10:52:37, 0.00516066295418009473, 193.7735536846110421414
2023/02/01 11:15:14, 0.00514926800050178655, 194.20236039424474844903
2023/02/01 14:15:39, 0.00514962296091861822, 194.18897414221845657286
2023/02/01 14:41:42, 0.0051261095371653176, 195.07971742503751519596
2023/02/01 15:17:59, 0.00524565111569679913, 190.63410393566868432509
2023/02/01 16:00:57, 0.00517462759211027106, 193.25062184662235877248
2023/02/01 18:50:43, 0.00515094362720369048, 194.13918543365485276805
2023/02/01 20:09:47, 0.0051274219718145164, 195.02978407024207870408
2023/02/01 21:49:03, 0.00513095051367390948, 194.89566257460763872556
2023/02/02 00:25:29, 0.00513095051367391417, 194.89566257460746081385
2023/02/02 01:10:56, 0.00512947617143394858, 194.95168055736367996442
2023/02/02 03:04:13, 0.00512947617145304624, 194.95168055663785146363
2023/02/02 03:48:26, 0.00511776277797360142, 195.39788055513467704702
2023/02/02 05:43:21, 0.00510460330785557917, 195.90160874226590775608
2023/02/02 05:59:58, 0.00517328991770339577, 193.30059128871226230773
2023/02/02 06:41:16, 0.00517788530027722269, 193.12903666414940665771
2023/02/02 07:07:32, 0.00520183925383078172, 192.23969661568678504728
2023/02/02 08:22:31, 0.00518883160273728937, 192.72161375837773866366
2023/02/02 08:51:28, 0.00518356127136871099, 192.91756143087927919135
2023/02/02 09:11:04, 0.00521961279056712077, 191.58509263507037169614
2023/02/02 09:28:26, 0.00519560881021553652, 192.47022563242509358846
2023/02/02 10:54:30, 0.00530511935827682882, 188.49717272427455724165
2023/02/02 11:17:47, 0.00532996136566492139, 187.61862073558358079749
2023/02/02 11:33:28, 0.00528083636683680786, 189.36394361315810615892
2023/02/02 12:44:38, 0.0052397290928615366, 190.84956154744194878981
2023/02/02 13:07:03, 0.005239729092878104, 190.84956154683850542095
2023/02/02 13:29:40, 0.00500557597070644547, 199.77720962626170983509
2023/02/02 13:29:40, 0.00514875141253570443, 194.22184523519476097456
2023/02/02 15:06:20, 0.0051940929932446228, 192.52639513782067807651
2023/02/02 18:23:02, 0.00517072764208538237, 193.39637846341769468621
2023/02/02 20:11:54, 0.00516417718150085228, 193.64169060314317616947
2023/02/02 20:49:57, 0.00516417718151656105, 193.64169060255414271849
2023/02/02 21:31:36, 0.00515902319011991449, 193.83514342697815212736
2023/02/02 22:05:07, 0.00516362290055852047, 193.66247676448943288215
2023/02/03 02:31:00, 0.00516194727434661724, 193.72534178520387899222
2023/02/03 04:08:20, 0.00516135872747277864, 193.74743217851138380092
2023/02/03 06:47:14, 0.00513769956341115377, 194.63964127479152451827
2023/02/03 07:59:22, 0.00513769956341490575, 194.63964127464938202505
2023/02/03 14:38:54, 0.00513769956342729897, 194.63964127417986990683
2023/02/03 15:25:27, 0.00516531635848015428, 193.59898418578965559924
2023/02/03 15:27:01, 0.0050993529259129892, 196.10331242585250031686
2023/02/03 18:10:42, 0.0050971762328842794, 196.1870561878025777399
2023/02/03 19:08:33, 0.00509553090035502787, 196.25040443387864380052
2023/02/03 19:14:50, 0.00509553090037375496, 196.2504044331573845272
2023/02/03 19:45:15, 0.00508500628654285151, 196.65659070008171709323
2023/02/03 20:21:25, 0.00465702804964325595, 214.72921986729355656349
2023/02/03 20:21:25, 0.00467895633806921084, 213.72287487783094163688
2023/02/03 20:21:25, 0.0049459597375232695, 202.18522856410439016224
2023/02/03 20:23:35, 0.00499007821192070996, 200.39766062405948081387
2023/02/03 20:25:50, 0.00499007821193101925, 200.39766062364546781125
2023/02/03 20:40:31, 0.00526432226930356296, 189.95797537529817096262
2023/02/03 20:41:51, 0.00514479944141499041, 194.3710364975795533279
2023/02/03 20:43:47, 0.00501628690792200395, 199.35063890000858041955
2023/02/04 00:16:17, 0.00501628690792208703, 199.35063890000527881879
2023/02/04 00:54:58, 0.00501946980741758596, 199.22422852753036964385
2023/02/04 00:58:17, 0.0049628842300503533, 201.4957338607622576203
2023/02/04 01:13:29, 0.00501597778416201538, 199.36292444466299875849
2023/02/04 02:01:04, 0.00501564396575995162, 199.37619313225789119865
2023/02/04 02:30:58, 0.00501475801241699695, 199.4114167670521782206
2023/02/04 03:52:05, 0.00498074312265354632, 200.77325318219560648683
2023/02/04 06:09:34, 0.00498164840085713457, 200.73676814042949648035
2023/02/04 06:34:19, 0.00498844579853544408, 200.46323852883990899754
2023/02/04 08:51:15, 0.00494660750153259505, 202.15875217311510899605
2023/02/04 09:07:19, 0.00496908018118460036, 201.24448862517764938508
2023/02/04 09:30:53, 0.00494667469143204533, 202.15600628277891353705
2023/02/04 11:32:01, 0.00496927073815328644, 201.23677148885364903473
2023/02/04 12:31:45, 0.00499189797912251244, 200.32460682936119408904
2023/02/04 15:05:28, 0.00496933838963218163, 201.23403189574650256205
2023/02/04 18:03:12, 0.00499196593864986902, 200.32187965418305231147
2023/02/04 18:39:46, 0.00503741508238057323, 198.5145126312326175031
2023/02/04 19:02:19, 0.00501419964244078287, 199.43362277319014562498
2023/02/04 19:24:49, 0.00501419964245603299, 199.43362277258359068088
2023/02/04 19:29:03, 0.00497287659304699336, 201.09085381249678331839
2023/02/04 19:36:27, 0.00495013984210076951, 202.01449492295840048034
2023/02/04 22:15:25, 0.00497947838506232009, 200.82424757577989044425
2023/02/04 23:01:29, 0.00501010070962128301, 199.5967861643225718466
2023/02/04 23:42:07, 0.00489658346917685257, 204.22402809935280954063
2023/02/04 23:42:18, 0.00492759914200280723, 202.93858554280718834866
2023/02/04 23:47:38, 0.00492985702442724829, 202.84563934512485920055
2023/02/04 23:56:24, 0.00495556078097476001, 201.79350919055819880937
2023/02/04 23:59:25, 0.00495380477993577635, 201.86503998911408635672
2023/02/05 01:11:15, 0.0049311995833252445, 202.79041298216372243882
2023/02/05 02:09:17, 0.00506920387327765717, 197.26963542963951962836
2023/02/05 02:53:14, 0.00505286201987287247, 197.90764047524090314598
2023/02/05 03:00:04, 0.00505401816269976196, 197.86236768603512640709
2023/02/05 03:09:08, 0.00494027352901614665, 202.41794186629774916856
2023/02/05 03:19:51, 0.00494027352901624254, 202.41794186629382025445
2023/02/05 03:54:56, 0.00494027352901627986, 202.41794186629229132407
2023/02/05 04:37:37, 0.00498608986472919082, 200.55795766414910704662
2023/02/05 05:35:27, 0.00497948657170818467, 200.82391740579705264724
2023/02/05 06:33:47, 0.0049729711695910184, 201.08702944325351800263
2023/02/05 07:23:15, 0.00493519768383730428, 202.6261284882233716066
2023/02/05 07:46:04, 0.0049292123242477179, 202.87216987606982472171
2023/02/05 09:18:42, 0.00484940802076782454, 206.21073659247718571577
2023/02/05 09:18:42, 0.00500990804809177261, 199.60446187847513507593
2023/02/05 09:20:40, 0.00494183560711750068, 202.35395903492733735498
2023/02/05 10:12:47, 0.00491932123996166847, 203.28007690910464639217
2023/02/05 10:16:29, 0.00491932123996578779, 203.28007690893442472712
2023/02/05 10:51:59, 0.0049121077785931557, 203.57859498889158848669
2023/02/05 10:57:32, 0.00492358745765011441, 203.10393764738181717781
2023/02/05 11:32:42, 0.00490104353610071513, 204.03817934569970921117
2023/02/05 12:57:04, 0.00472365208955905101, 211.70060390568458818099
2023/02/05 12:57:04, 0.00490910388474345618, 203.70316527784353196676
2023/02/05 13:09:40, 0.00488794751480394821, 204.58484813335996419944
2023/02/05 13:26:27, 0.00488794751482172655, 204.58484813261585242604
2023/02/05 13:48:01, 0.00491047407139758931, 203.64632527534883688926
2023/02/05 13:53:06, 0.00491093303059130665, 203.6272931784601889631
2023/02/05 14:04:06, 0.0048094754186811264, 207.92288408747580275843
2023/02/05 15:50:22, 0.00481057111688256053, 207.87552573342671404882
2023/02/05 16:17:07, 0.00484915746558650149, 206.22139146785798327091
2023/02/05 16:36:15, 0.0048591960656180841, 205.79535925204556647947
2023/02/05 17:23:38, 0.00485919606563615131, 205.79535925128038920255
2023/02/05 17:30:32, 0.00483735638511062694, 206.72448345505366408801
2023/02/05 17:35:59, 0.00483332440722840672, 206.89693381732556853142
2023/02/05 17:49:32, 0.00484517378279829846, 206.39094588315396499126
2023/02/05 18:02:27, 0.00481815668301894432, 207.54825253491411603478
2023/02/05 18:19:35, 0.0050018793724784949, 199.92485334657066539294
2023/02/05 18:21:00, 0.00482962672641096693, 207.05533919039090205799
2023/02/05 18:29:51, 0.00481349750728373925, 207.7491467455440425679
2023/02/05 19:33:21, 0.00494123829217983157, 202.37842032079961261912
2023/02/05 20:44:16, 0.0048138732890301083, 207.73292938117165205584
2023/02/05 21:05:12, 0.00485794036942108132, 205.84855390457779001083
2023/02/05 21:34:55, 0.00488020109151290219, 204.90958902064255598544
2023/02/05 22:38:52, 0.00488476552698641152, 204.71811686259916718489
2023/02/06 00:53:26, 0.00488388982344165582, 204.75482374729419446596
2023/02/06 02:05:42, 0.00488448330306345027, 204.729945411589388364
2023/02/06 02:37:15, 0.00488560182265894987, 204.68307412243390043947
2023/02/06 03:20:21, 0.00489016877746224724, 204.49191950363519602315
2023/02/06 03:27:28, 0.00484827445227858959, 206.25895044576540082457
2023/02/06 03:32:59, 0.00484254017034556441, 206.50319147040546845162
2023/02/06 03:56:40, 0.00483078953755021897, 207.00549925160228487682
2023/02/06 04:15:51, 0.00482378278817632609, 207.30618353113260290065
2023/02/06 04:52:38, 0.0048457954786178669, 206.36446676557285476371
2023/02/06 04:54:21, 0.00486795911541092375, 205.42489702393197482272
2023/02/06 04:55:58, 0.0048902750814639541, 204.4874742916588086511
2023/02/06 06:09:27, 0.00484390427141974041, 206.44503771477334270679
2023/02/06 06:19:10, 0.00484549464360451976, 206.37727900904437262927
2023/02/06 08:03:03, 0.00485212711817193711, 206.09517756755617437093
2023/02/06 11:54:18, 0.00483013759618443504, 207.03343954216739843967
2023/02/06 12:35:00, 0.00485112157891252431, 206.13789692406966035281
2023/02/06 12:58:21, 0.00482913903030536302, 207.07624976719019238013
2023/02/06 13:02:51, 0.00484566148683114108, 206.37017313686886601451
2023/02/06 13:46:01, 0.00484566148683120528, 206.37017313686613188899
2023/02/06 14:21:48, 0.00483488079635684723, 206.83033193983075986474
2023/02/06 14:39:41, 0.00483488079636728326, 206.83033193938431929874
2023/02/06 14:47:51, 0.00478893936724124354, 208.81450428053098565533
2023/02/06 15:16:29, 0.00483440526790994031, 206.85067647055793091192
2023/02/06 15:38:41, 0.00488008565114414934, 204.91443623854169087225
2023/02/06 16:12:37, 0.00490300623250060969, 203.95650190515552246664
2023/02/06 18:39:41, 0.00488058125031041127, 204.89362817930727186243
2023/02/06 18:44:23, 0.00488506737110971773, 204.70546750572954999991
2023/02/06 19:00:58, 0.00499925953650154522, 200.02962292687740536985
2023/02/06 19:02:55, 0.00491336333977087748, 203.52657250188880216369
2023/02/06 19:34:27, 0.00489086811582006263, 204.46267949147669813056
2023/02/06 19:35:54, 0.00494756917721184069, 202.11945789579464719854
2023/02/06 20:07:23, 0.00487877518950328084, 204.96947720639127609724
2023/02/06 22:45:59, 0.00488129333276322819, 204.86373832279297661341
2023/02/06 23:14:14, 0.00491431802639514599, 203.48703413758125280991
2023/02/06 23:31:40, 0.00493704309522502887, 202.55038911189012313493
2023/02/07 00:25:00, 0.00495992607944750702, 201.61590797566712419476
2023/02/07 00:56:22, 0.00496682199538688603, 201.33598524947860951635
2023/02/07 01:17:50, 0.00496563450382601847, 201.38413313132502764264
2023/02/07 01:44:05, 0.00496516893547587556, 201.40301629115812299806
2023/02/07 03:43:58, 0.00494231825082300327, 202.33419809286427329442
2023/02/07 03:46:38, 0.00494551742863934223, 202.20331126709415031478
2023/02/07 04:12:15, 0.00494253619650592266, 202.32527598016179658426
2023/02/07 04:18:53, 0.00491671657287602147, 203.38776603814940209299
2023/02/07 05:47:02, 0.00496277912193154573, 201.50000139655490720726
2023/02/07 06:30:19, 0.0049616336723921179, 201.54651996262290803362
2023/02/07 06:34:23, 0.00496163367240058108, 201.54651996227912516193
2023/02/07 06:34:54, 0.00496163367240058108, 201.54651996227912516193
2023/02/07 06:36:20, 0.00496163367242135994, 201.54651996143506728137
2023/02/07 06:38:05, 0.00495930211292731, 201.64127476592336105892
2023/02/07 06:44:16, 0.0049639213853859139, 201.45363360186580439751
2023/02/07 07:59:52, 0.00499628427245246271, 200.14873963709488459343
2023/02/07 08:01:02, 0.00497320496905381005, 201.07757597416250921527
2023/02/07 08:02:03, 0.00497322803756433867, 201.07664326805223366361
2023/02/07 08:07:08, 0.00497327428402147893, 201.07477345717237138119
2023/02/07 08:16:33, 0.00497673642254008247, 200.93489288902481210291
2023/02/07 08:28:00, 0.00490613577820328263, 203.82640130808170098015
2023/02/07 08:44:01, 0.00490613577820334821, 203.82640130807897619435
2023/02/07 09:38:22, 0.0049429202723659883, 202.30955485780837021583
2023/02/07 12:06:39, 0.00494909507372870469, 202.05714077070428805037
2023/02/07 13:09:57, 0.00490440236102649486, 203.89844192773353469646
2023/02/07 14:40:26, 0.00490334858168275599, 203.94226177099873610663
2023/02/07 15:17:00, 0.00489211935558384443, 204.41038480768140131365
2023/02/07 15:50:26, 0.00489616957780328344, 204.2412919138842876417
2023/02/07 16:13:50, 0.00489846221553150981, 204.14570042600493110812
2023/02/07 16:19:27, 0.00489846221553151399, 204.14570042600475664403
2023/02/07 16:19:27, 0.00489981403982787505, 204.08937806038224136504
2023/02/07 16:29:07, 0.0050156275788263835, 199.37684452919288621945
2023/02/07 16:36:58, 0.00507448591105703518, 197.06429725640840424897
2023/02/07 16:38:53, 0.00498425069820828313, 200.63196266581768684719
2023/02/07 17:36:14, 0.00496128059374320453, 201.56086339102148268336
2023/02/07 18:03:16, 0.00498437662624233994, 200.62689378950235260966
2023/02/07 19:06:11, 0.0049353849967747662, 202.61843820765590415235
2023/02/07 20:17:10, 0.00491275180107751443, 203.55190746267089711011
2023/02/07 20:31:35, 0.00493545317920421191, 202.61563906908323909932
2023/02/07 21:58:21, 0.00493545317921591045, 202.61563906860297769758
2023/02/07 22:01:23, 0.00491281153614504195, 203.54943246707047992017
2023/02/07 22:02:39, 0.00490927238177980832, 203.69617373674015947575
2023/02/07 22:42:46, 0.00488681054211811593, 204.63244715162719485746
2023/02/08 02:34:32, 0.00492066321205172134, 203.22463800220939578442
2023/02/08 02:40:46, 0.00491102146285065481, 203.62362648269497265384
2023/02/08 05:51:58, 0.00491668493580385628, 203.389074764153952178
2023/02/08 06:19:26, 0.00496273793464489184, 201.50167370696653320629
2023/02/08 09:41:02, 0.00492855354774062881, 202.89928684216585280485
2023/02/08 09:59:57, 0.00490595992283867494, 203.833707516587775694
2023/02/08 10:46:22, 0.004928934158847851, 202.88361900816142343816
2023/02/08 10:51:51, 0.00494032499410458891, 202.41583320800241857806
2023/02/08 11:26:05, 0.00493893737309863102, 202.47270302449933709469
2023/02/08 12:18:30, 0.00491190233174744659, 203.58710993429757362884
2023/02/08 12:27:51, 0.00491649562028457204, 203.39690650270912421046
2023/02/08 13:13:56, 0.00496254653974201806, 201.50944519947732265107
2023/02/08 13:23:30, 0.00494220665930914091, 202.33876665525507910398
2023/02/08 14:11:39, 0.00494220665932538382, 202.33876665459007859893
2023/02/08 14:21:53, 0.00494220665934542242, 202.33876665376967862455
2023/02/08 14:40:58, 0.00494220665935410329, 202.33876665341427545761
2023/02/08 14:55:55, 0.00491945322403753346, 203.27462310522223206972
2023/02/08 15:08:19, 0.00491837453779097827, 203.31920481377909484806
2023/02/08 15:52:28, 0.00492292478463396841, 203.13127739048982146447
2023/02/08 15:55:34, 0.00492292478463400956, 203.13127739048812327172
2023/02/08 16:36:24, 0.00492292478464678175, 203.13127738996111338751
2023/02/08 17:35:42, 0.00494603189728895418, 202.18227879770153161895
2023/02/08 18:25:26, 0.00492406281949804843, 203.08433028925867715123
2023/02/08 18:33:32, 0.00489065194520099808, 204.47171690090523880028
2023/02/08 18:54:33, 0.00486826927888764191, 205.41180914883399546714
2023/02/08 22:20:47, 0.00487947497817022543, 204.94008156078180157045
2023/02/08 22:44:42, 0.00490703649123073457, 203.78898787222791738224
2023/02/08 23:03:38, 0.0049439057629455014, 202.26922760036908704415
2023/02/08 23:18:30, 0.00494482172906307633, 202.23175976648924057613
2023/02/09 00:17:25, 0.00494482172907734179, 202.23175976590581636646
2023/02/09 02:47:07, 0.00494482172908761371, 202.23175976548571856715
2023/02/09 03:59:21, 0.00497260746398578614, 201.10173731639204877611
2023/02/09 06:12:35, 0.0049707248896029889, 201.17790105255047801028
2023/02/09 08:02:17, 0.0048717365317140452, 205.26561596469697762943
2023/02/09 08:04:12, 0.0048728581716859601, 205.21836769445929115165
2023/02/09 08:11:34, 0.00485056559063209263, 206.16152514900573056198
2023/02/09 08:11:34, 0.00487349299806029371, 205.19163573190963982454
2023/02/09 08:28:58, 0.0049195098247171898, 203.27228435964907855408
2023/02/09 08:41:54, 0.00491556415741502587, 203.43544870460512340774
2023/02/09 08:59:16, 0.0048929785434218885, 204.37449114597042135346
2023/02/09 09:07:38, 0.0048929785434251616, 204.37449114583370760682
2023/02/09 09:12:03, 0.00489097001034853361, 204.45841988075068342875
2023/02/09 10:39:45, 0.00493707939797282955, 202.54889974234587826856
2023/02/09 10:44:12, 0.00490139012838423101, 204.02375118212743647055
2023/02/09 11:01:42, 0.00494754791530719681, 202.12032649670847731736
2023/02/09 12:25:47, 0.00492473695905859586, 203.0565303920634692185
2023/02/09 15:34:55, 0.00507355230075266525, 197.10056006550859004932
2023/02/09 15:37:00, 0.00499910231619638111, 200.035913799992071424
2023/02/09 16:23:48, 0.00499673425844519292, 200.13071503849889605758
2023/02/09 16:55:11, 0.00499673425844522419, 200.13071503849764345414
2023/02/09 17:54:32, 0.0049990637802935014, 200.03745580163186595824
2023/02/09 18:42:09, 0.00504564740757930125, 198.19062237639783717436
2023/02/09 18:43:05, 0.00500550522627935737, 199.78003314229083479564
2023/02/09 18:54:00, 0.00500479525538132521, 199.80837356428640375806
2023/02/09 21:13:56, 0.00502824373814099, 198.87659629835557271547
2023/02/09 21:24:35, 0.00500488862896398104, 199.80464584423757722008
2023/02/09 23:15:08, 0.00499365431697694487, 200.25414987182759862719
2023/02/09 23:41:26, 0.00498069489592431794, 200.77519721561259841175
2023/02/10 00:16:12, 0.00495740405763490148, 201.71847773027483924399
2023/02/10 00:56:43, 0.0049703159464707793, 201.19445338481140820697
2023/02/10 03:20:05, 0.00496566805297302726, 201.38277253576858138901
2023/02/10 03:40:05, 0.00497957339236043337, 200.82041596860103473562
2023/02/10 06:14:04, 0.00498537006146223909, 200.58691484713854357977
2023/02/10 06:45:17, 0.00498745933971106605, 200.50288772037028608066
2023/02/10 07:32:14, 0.00505733251049662576, 197.7326976077752200187
2023/02/10 07:33:06, 0.0049876667885629766, 200.49454833130810599585
2023/02/10 08:15:35, 0.00503419489196233134, 198.64149510711524491735
2023/02/10 08:58:48, 0.00503543280330579054, 198.59266106053371625209
2023/02/10 09:13:01, 0.00503590482646584306, 198.5740466627904572185
2023/02/10 09:36:53, 0.00500023190296399984, 199.99072431165193060053
2023/02/10 10:22:16, 0.00500303027362018257, 199.87886247116430615848
2023/02/10 10:46:54, 0.00497985157086104876, 200.80919797918665443942
2023/02/10 11:08:34, 0.00498217098840957207, 200.71571255309803699821
2023/02/10 12:37:18, 0.00506193991567930036, 197.55272023330651602715
2023/02/10 15:17:55, 0.00506193991569569259, 197.5527202326667752546
2023/02/10 15:28:30, 0.00509003868438967745, 196.46216109650358900647
2023/02/10 15:30:10, 0.0050900386843896853, 196.46216109650328629053
2023/02/10 15:31:13, 0.00506259377019596835, 197.52720549831730206625
2023/02/10 16:57:05, 0.005006633750020977, 199.73500158580806097197
2023/02/10 17:03:59, 0.00501831712176946939, 199.26998946758427539378
2023/02/10 17:08:42, 0.00502300192076961315, 199.08413649317940737829
2023/02/10 19:08:29, 0.00499971314581216514, 200.01147482583376357878
2023/02/10 19:53:30, 0.00495590857352801731, 201.77934785591070081757
2023/02/10 21:05:31, 0.00499378360388260803, 200.24896537817773254918
2023/02/11 00:45:35, 0.00504058123875687013, 198.38981907702063129918
2023/02/11 04:12:49, 0.00508729535971136956, 196.56810334219233125771
2023/02/11 04:52:05, 0.00516597649622755851, 193.57424501064755409479
2023/02/11 05:46:36, 0.00512171948496520434, 195.24692887525325816228
2023/02/11 06:01:37, 0.00519489452182763197, 192.49668993244291983115
2023/02/11 06:03:26, 0.00516317283364037121, 193.67935806536525336787
2023/02/11 06:12:10, 0.00507621903979207591, 196.99701532992958167489
2023/02/11 07:13:54, 0.00509771790573906957, 196.16620976107533810156
2023/02/11 07:18:30, 0.00510709564887987981, 195.80600575188488203575
2023/02/11 08:54:43, 0.00511166432789330512, 195.63099919202535422152
2023/02/11 10:34:30, 0.00508775887993600189, 196.55019500699664453422
2023/02/11 13:47:58, 0.0050877588799360046, 196.5501950069965399003
2023/02/11 15:18:57, 0.00508299920556204318, 196.73424282769032236957
2023/02/11 15:51:15, 0.00512989352620706413, 194.93581979651321601789
2023/02/11 16:34:33, 0.00512989352622317381, 194.93581979590104873012
2023/02/11 19:37:44, 0.00512951087550688293, 194.95036159781667077181
2023/02/11 19:39:51, 0.00515541142319904556, 193.97094003013209074201
2023/02/11 19:50:41, 0.00513119726690830324, 194.88629027169117450856
2023/02/11 20:44:22, 0.00513119726690875433, 194.8862902716740417758
2023/02/11 21:29:34, 0.00513119726691615189, 194.88629027139307723725
2023/02/11 21:38:17, 0.00505149826530696421, 197.96106966281082868901
2023/02/11 21:53:28, 0.00507538656424047202, 197.02932719365175806481
2023/02/11 23:28:15, 0.00507538656424148613, 197.02932719361239006534
2023/02/12 00:21:19, 0.00518213145453656382, 192.97078987152587488657
2023/02/12 01:50:04, 0.00517720273879021844, 193.15449876194625351608
2023/02/12 02:14:10, 0.00512945888258212475, 194.95233764240814872964
2023/02/12 02:18:27, 0.00513092656757656988, 194.89657215505974860164
2023/02/12 02:29:20, 0.00513215769080159208, 194.84981955880040931961
2023/02/12 02:38:43, 0.00519364367875625971, 192.54305105495291694246
2023/02/12 03:01:23, 0.00514451400571556513, 194.38182088512112962711
2023/02/12 03:01:23, 0.00516919670713266205, 193.45365569473501606886
2023/02/12 03:09:57, 0.0051661111557224093, 193.56919931781138952901
2023/02/12 03:23:29, 0.00522820890173656849, 191.27009245323888735905
2023/02/12 03:30:05, 0.00521258747689849148, 191.84330324083187182799
2023/02/12 04:17:20, 0.00521708142830249134, 191.67805098364645437205
2023/02/12 05:47:25, 0.00521758111491240255, 191.65969401834376654234
2023/02/12 07:21:06, 0.00522383325385605909, 191.43030632952026693501
2023/02/12 12:10:03, 0.00519896645321530761, 192.34592279039398122566
2023/02/12 12:47:47, 0.00520039632774415426, 192.29303633359487164011
2023/02/12 13:40:39, 0.00524817130225613036, 190.54256090499773593817
2023/02/12 15:08:54, 0.00519826946121194087, 192.37171282899537473433
2023/02/12 16:52:14, 0.00520542021894748892, 192.10744914695767237088
2023/02/12 16:54:31, 0.0052682282046533073, 189.81713797377314171775
2023/02/12 17:07:57, 0.00525348439072807124, 190.34985651902008287935
2023/02/12 18:21:29, 0.00519573000037556799, 192.46573627338526652905
2023/02/12 19:28:18, 0.00519473998700670661, 192.50241638681442666415
2023/02/12 20:26:55, 0.00520975684925886043, 191.94753784761757481682
2023/02/12 21:22:38, 0.00520727230563551919, 192.03912169481896388197
2023/02/13 01:53:53, 0.00518252453026213895, 192.95615373564255504423
2023/02/13 02:08:33, 0.00513355550014016207, 194.79676414771338919652
2023/02/13 02:57:03, 0.00513355550014424912, 194.79676414755830317195
2023/02/13 03:01:41, 0.00513191101151747183, 194.85918554622533793369
2023/02/13 07:07:30, 0.00513152559388781423, 194.87382099216361605008
2023/02/13 08:33:56, 0.00510731175574216001, 195.79772056712577997951
2023/02/13 09:43:26, 0.00509496672811951784, 196.27213549421671092669
2023/02/13 09:47:14, 0.00512345891192773717, 195.18064206037382314376
2023/02/13 10:28:44, 0.00515668138881380883, 193.92316968996022284567
2023/02/13 12:18:12, 0.00515715609301391961, 193.9053195141093653718
2023/02/13 14:25:33, 0.00513235194266868112, 194.84244478371209392323
2023/02/13 16:31:40, 0.00513089393544257988, 194.89781168390925826092
2023/02/13 17:30:13, 0.00517066444179045017, 193.39874231980313722068
2023/02/13 18:12:49, 0.00514617397058891859, 194.31912051849305386214
2023/02/13 18:20:02, 0.00514355152615271876, 194.41819429929604900088
2023/02/13 18:28:15, 0.00511925329842322069, 195.34098855940760537714
2023/02/13 18:33:42, 0.00509512692818587922, 196.26596434096101410915
2023/02/13 22:12:45, 0.0051314901434890371, 194.87516725893451893389
2023/02/13 22:28:09, 0.00514517853768886512, 194.35671525777307303399
2023/02/13 23:40:00, 0.0051354340505491944, 194.72550716390912297138
2023/02/14 01:49:31, 0.00512935780571364858, 194.9561792874127252273
2023/02/14 01:54:41, 0.00517680900269127203, 193.16918964561550624404
2023/02/14 02:02:19, 0.00516465818286766453, 193.62365612447023738309
2023/02/14 02:03:25, 0.00515853007127368768, 193.8536726903466447892
2023/02/14 07:57:49, 0.00510978933518855512, 195.70278428378676757257
2023/02/14 08:07:48, 0.00515714934988981019, 193.9055730510047024284
2023/02/14 13:06:36, 0.00515658689703536909, 193.92672323139190347551
2023/02/14 16:12:41, 0.00513219865669057102, 194.84826424175023894532
2023/02/14 20:29:44, 0.00496173003428866831, 201.54260572207122168791
2023/02/14 20:29:44, 0.00505746496645266469, 197.72751895133854165562
2023/02/14 21:24:19, 0.00509664768641370309, 196.20740171343057807575
2023/02/14 21:29:50, 0.00509676829248598007, 196.20275880978765312532
2023/02/15 02:05:30, 0.00509676829248714804, 196.20275880974269136811
2023/02/15 02:53:19, 0.00511732637713582874, 195.41454390479989696137
2023/02/15 03:06:47, 0.00511732637715247932, 195.41454390416406373646
2023/02/15 03:15:43, 0.00503778750673115411, 198.4998372130358822965
2023/02/15 03:24:23, 0.00503778750674069393, 198.49983721265999251878
2023/02/15 04:08:41, 0.00508482356826351627, 196.66365736687757697861
2023/02/15 07:38:19, 0.00507913799815168355, 196.8838020081170408313
2023/02/15 08:11:16, 0.00504272343657208452, 198.30554115808790699371
2023/02/15 11:21:56, 0.00508978185887623409, 196.47207438882039217951
2023/02/15 11:38:05, 0.00508978185887631192, 196.47207438881738808188
2023/02/15 12:49:13, 0.00508468972089949075, 196.66883426332220781768
2023/02/15 13:26:23, 0.00508219067668153948, 196.76554140092962437023
2023/02/15 16:27:30, 0.00508219067668160154, 196.76554140092722161068
2023/02/15 16:31:45, 0.00511720512858195826, 195.41917411411501225895
2023/02/15 17:15:47, 0.00507303382438764555, 197.12070422095160006331
2023/02/15 19:06:48, 0.00507103051778534223, 197.19857659952071453225
2023/02/15 19:14:18, 0.00505129389519276459, 197.96907896245830531938
2023/02/15 20:53:14, 0.00500272308076875768, 199.89113605831089777638
2023/02/15 21:07:41, 0.00497228543967728251, 201.11476143752987171719
2023/02/15 22:11:59, 0.00499562046804855144, 200.17533485497785822264
2023/02/15 22:22:44, 0.00499562046804855458, 200.17533485497773220618
2023/02/15 22:48:10, 0.00506109520884411655, 197.58569217439915159397
2023/02/15 23:44:55, 0.005062268263262153, 197.53990661798602547181
2023/02/16 00:59:10, 0.00511146717887301767, 195.63854466937635374529
2023/02/16 01:01:01, 0.00503438213972277475, 198.63410687673113163705
2023/02/16 02:45:20, 0.00498705013372062178, 200.51933972717923673836
2023/02/16 02:54:01, 0.00498599526884248853, 200.56176271345571104484
2023/02/16 03:22:19, 0.00499717805218124668, 200.11294165584200261999
2023/02/16 04:06:29, 0.0049971780521860985, 200.11294165564771067868
2023/02/16 04:10:54, 0.00499427645888574739, 200.22920401629226450993
2023/02/16 04:32:20, 0.00499427645890088634, 200.22920401568531791661
2023/02/16 04:51:00, 0.00499343298642518463, 200.26302600205782348753
2023/02/16 04:54:46, 0.00499576663427146468, 200.16947812171585449425
2023/02/16 05:10:19, 0.00499576663429365275, 200.1694781208268267657
2023/02/16 05:11:52, 0.00491433806276996702, 203.48620449533134582894
2023/02/16 05:44:14, 0.00496076132260066583, 201.58196191461851644239
2023/02/16 07:33:19, 0.00496076132262134478, 201.58196191377822164018
2023/02/16 07:46:33, 0.00493775716940260839, 202.52109726995432721748
2023/02/16 07:47:48, 0.00491491273841947279, 203.46241189250043083426
2023/02/16 07:52:39, 0.00491441472508224429, 203.48303021643430447493
2023/02/16 11:55:55, 0.00491433141883822711, 203.48647959856258033436
2023/02/16 12:32:44, 0.00489164925660132731, 204.43002912575763006042
2023/02/16 13:40:50, 0.00492211706578587085, 203.16461120989995261008
2023/02/16 14:02:15, 0.0049214320133372152, 203.19289127432273415606
2023/02/16 14:33:59, 0.00493534625298005112, 202.62002881686000381812
2023/02/16 18:03:45, 0.00493627456536999071, 202.58192423399904015264
2023/02/16 19:47:07, 0.0049488153250498648, 202.06856274030065788682
2023/02/16 21:05:51, 0.00495346407949493444, 201.8789243147115124097
2023/02/16 21:28:23, 0.00495142929567118451, 201.96188621218033765004
2023/02/16 22:09:49, 0.00499802727428235441, 200.07894017416817106813
2023/02/16 22:28:37, 0.00499708433493197906, 200.11669465122447760332
2023/02/16 23:23:40, 0.00477620042903016526, 209.37144804935577312663
2023/02/16 23:23:40, 0.00490611160695944507, 203.82740551223383675081
2023/02/17 00:26:17, 0.00495197077672463083, 201.93980237125458201577
2023/02/17 03:33:03, 0.00490647526535241206, 203.81229822182219593846
2023/02/17 03:35:23, 0.00490647526536958277, 203.81229822110893411241
2023/02/17 05:09:17, 0.00491574838505463249, 203.42782454860863109491
2023/02/17 05:19:49, 0.00491574838505463506, 203.42782454860852457667
2023/02/17 08:51:41, 0.00490674196876429186, 203.80122011018215955424
2023/02/17 09:16:47, 0.00491701209119325298, 203.3755421897531937627
2023/02/17 09:54:45, 0.00487174753234664152, 205.26515246538571576496
2023/02/17 11:53:11, 0.00488416999705985669, 204.74307827163550633065
2023/02/17 16:10:29, 0.00488879041810684034, 204.54957453202606366371
2023/02/17 16:25:26, 0.00489110144614888347, 204.45292558537546613361
2023/02/17 17:43:51, 0.00490312759090021639, 203.95145373249394855826
2023/02/17 19:29:02, 0.00488051311493875639, 204.89648863745520342363
2023/02/17 20:17:55, 0.00488859720689073964, 204.5576589109134273719
2023/02/17 20:35:44, 0.00488859720689395616, 204.55765891077883597871
2023/02/17 20:42:24, 0.00487483979565875743, 205.13494636080975655652
2023/02/17 21:47:43, 0.00499090211548539443, 200.36457875967462225694
2023/02/17 21:48:59, 0.00492586699845236083, 203.00994734818990186126
2023/02/17 22:09:50, 0.00497236771665959918, 201.11143362337506228648
2023/02/17 22:52:19, 0.00501908656115095132, 199.239440845723350645
2023/02/17 23:03:25, 0.00501908656115102163, 199.23944084572055960771
2023/02/17 23:07:58, 0.00499566560306794255, 200.17352630365793937852
2023/02/18 05:08:44, 0.00498820553851931703, 200.47289396515862079323
2023/02/18 06:42:25, 0.00498825222186798655, 200.47101780782103971351
2023/02/18 06:44:28, 0.00498829890543471921, 200.4691416768362665629
2023/02/18 08:26:55, 0.00496509297458381479, 201.40609755325321753415
2023/02/18 08:38:00, 0.00498370058414099848, 200.65410895312888966014
2023/02/18 09:05:33, 0.00496052684179265632, 201.59149056002602742597
2023/02/18 09:29:52, 0.00491466179959154375, 203.4728005257879061319
2023/02/18 09:55:10, 0.00491929659643191603, 203.28109525360272403712
2023/02/18 11:38:22, 0.00489657034715915157, 204.22457538676454733121
2023/02/18 11:52:41, 0.00485158792977965684, 206.11808225959880911895
2023/02/18 12:34:08, 0.00486264339704024109, 205.64946230864324308476
2023/02/18 16:14:42, 0.00490879688581138889, 203.71590498894866723617
2023/02/18 18:11:01, 0.00491111258230536372, 203.61984850499643586308
2023/02/18 18:44:25, 0.00491339501828947433, 203.52526028899161929686
2023/02/18 19:07:10, 0.00491339501830547538, 203.52526028832881529431
2023/02/18 20:13:22, 0.0049179658952599304, 203.33609896803620823595
2023/02/18 20:25:42, 0.00491852228046804243, 203.31309750717259007642
2023/02/18 23:29:11, 0.00492306727059113347, 203.12539826008223073302
2023/02/19 01:14:44, 0.0049239969237202012, 203.08704808135325154254
2023/02/19 01:19:14, 0.00492863726646706915, 202.89584035808278782157
2023/02/19 01:25:35, 0.00493560187344135505, 202.60953489401864040682
2023/02/19 02:06:59, 0.00498191170618795293, 200.72615874703599776376
2023/02/19 02:08:04, 0.004981898276668951, 200.72669983712121752834
2023/02/19 06:56:38, 0.00497957433726818147, 200.82037786157537889833
2023/02/19 07:58:01, 0.00499124444038136926, 200.35083673914242310462
2023/02/19 08:17:34, 0.00500295653077387218, 199.88180865631407548071
2023/02/19 09:46:33, 0.00495649271265862307, 201.7555674894976278328
2023/02/19 09:49:47, 0.00495649271267449865, 201.75556748885140755974
2023/02/19 09:53:56, 0.00490856042581333135, 203.72571859178111000375
2023/02/19 10:28:05, 0.00490856042583806833, 203.72571859075442228753
2023/02/19 10:33:44, 0.00462306359535451845, 216.30677998997226787098
2023/02/19 10:33:44, 0.00477453604127839224, 209.444434255908949205
2023/02/19 10:33:44, 0.0048244666207934648, 207.2767994061762531064
2023/02/19 10:37:34, 0.00472993281934379069, 211.4194932981596638581
2023/02/19 10:37:34, 0.00477925112127539766, 209.23780203730717490928
2023/02/19 10:41:47, 0.00468019602021283336, 213.66626433619433974989
2023/02/19 10:41:47, 0.00475017730886631858, 210.51845751809649051696
2023/02/19 10:56:39, 0.00465991306214905356, 214.59627822730690700213
2023/02/19 11:01:03, 0.00478008283941163017, 209.20139537227931988635
2023/02/19 11:24:43, 0.00471791337767767502, 211.95810943274155916323
2023/02/19 11:26:54, 0.00444677886763280613, 224.88188186707359535597
2023/02/19 11:26:54, 0.00461408948044685028, 216.72748312266264559911
2023/02/19 11:31:06, 0.00466770634213381756, 214.23798471924761801079
2023/02/19 11:33:41, 0.00462516022655888653, 216.20872597185649467326
2023/02/19 11:52:56, 0.00455696727157182777, 219.44419180677405352735
2023/02/19 11:55:29, 0.00429945329890952199, 232.58771068722429971923
2023/02/19 11:55:45, 0.0045454013880578077, 220.00257284809060656094
2023/02/19 11:58:04, 0.00437759937477429192, 228.43570514068793344129
2023/02/19 11:58:04, 0.00457152389319768786, 218.74543879951601127429
2023/02/19 11:59:19, 0.00460142280917945971, 217.32408462988498281875
2023/02/19 11:59:19, 0.00450759410508068263, 221.84783649283362706682
2023/02/19 12:11:08, 0.00456647850241064686, 218.98712530281252253019
2023/02/19 12:25:43, 0.00451218387207433325, 221.62217417356304567581
2023/02/19 12:30:32, 0.00456040376805856899, 219.27882943262164668858
2023/02/19 12:38:38, 0.00457221832603420466, 218.71221553572833970346
2023/02/19 13:14:34, 0.00451864027524943371, 221.30551207570931152783
2023/02/19 13:41:07, 0.00454806954201302964, 219.87350693793220107611
2023/02/19 13:51:32, 0.00460721435702123524, 217.05089507633492364755
2023/02/19 14:15:40, 0.0046076256739972302, 217.03151921464033719851
2023/02/19 14:38:12, 0.00458040617253810242, 218.32124976066878101841
2023/02/19 16:06:49, 0.0045926617787663371, 217.73865530951771962023
2023/02/19 16:50:43, 0.00459852852169302678, 217.46086716274903714771
2023/02/19 17:18:27, 0.00465370279489847828, 214.88265238945394593605
2023/02/19 18:02:33, 0.00466115989406101974, 214.53887502854003007574
2023/02/19 18:14:58, 0.00460601785571818311, 217.10727820096069079332
2023/02/19 18:20:51, 0.00461195236682123684, 216.82791157907048732994
2023/02/19 18:30:51, 0.00460646733416121732, 217.0860938455103698417
2023/02/19 19:21:21, 0.00463201403627440626, 215.88881038977032116576
2023/02/19 19:38:05, 0.00463201403627446084, 215.88881038976777748239
2023/02/19 19:39:20, 0.00463201403627446084, 215.88881038976777748239
2023/02/19 19:41:57, 0.00463201403627645308, 215.88881038967492312933
2023/02/19 19:43:04, 0.00462848610724842393, 216.05336536150634985248
2023/02/19 21:02:52, 0.00464332827281996727, 215.36276163233319278902
2023/02/19 21:20:56, 0.00462956453902828528, 216.00303690979396728978
2023/02/19 21:44:07, 0.00462901526436343756, 216.02866763013704081229
2023/02/19 21:51:24, 0.00463512767909231672, 215.74378727703721612671
2023/02/19 22:02:13, 0.00463512767911141967, 215.7437872761480619383
2023/02/19 22:20:30, 0.00463512767912922255, 215.74378727531942008549
2023/02/19 22:53:19, 0.00460536491680190069, 217.13805921256487061272
2023/02/19 23:37:22, 0.00469467077520494264, 213.00748186252649107386
2023/02/20 00:50:21, 0.0046927183829985668, 213.09610302270410254683
2023/02/20 01:24:21, 0.00469553479925193837, 212.968286415279768163
2023/02/20 03:20:00, 0.00472549629558454609, 211.61798411193115438634
2023/02/20 03:40:04, 0.00466507404887682992, 214.35886966054943310123
2023/02/20 03:55:57, 0.00466698248323665313, 214.27121348578073210427
2023/02/20 04:14:16, 0.00467205365563136651, 214.03863776150558175629
2023/02/20 06:15:46, 0.00474275867487827672, 210.84775097178333259089
2023/02/20 06:40:23, 0.00481508012835313155, 207.6808637330035591317
2023/02/20 06:40:23, 0.00475583511471232137, 210.26801305757414050533
2023/02/20 06:41:37, 0.0047080079457247974, 212.40405953606564887561
2023/02/20 06:51:33, 0.0047154989013099224, 212.06663831948071513296
2023/02/20 06:57:13, 0.00472149594602262304, 211.79728023326963181216
2023/02/20 07:14:09, 0.00472149594602262815, 211.79728023326940284511
2023/02/20 07:59:31, 0.00475575046794126368, 210.27175558117415261736
2023/02/20 09:10:14, 0.00471311755923845496, 212.17378676240358737351
2023/02/20 09:57:11, 0.00471311755923852399, 212.17378676240047951437
2023/02/20 09:58:33, 0.00465716109719430372, 214.72308540120026389755
2023/02/20 10:37:11, 0.00460219575308912374, 217.2875848074849409801
2023/02/20 10:37:11, 0.00464229772980950841, 215.41056998104985851204
2023/02/20 11:10:30, 0.00470683803346712376, 212.45685381346886818203
2023/02/20 11:20:56, 0.00470893316890364736, 212.36232584562757673903
2023/02/20 11:45:24, 0.00471388538613433587, 212.13922657972365306431
2023/02/20 13:56:05, 0.00471388538615199228, 212.13922657892906102672
2023/02/20 14:25:41, 0.00475636990422254671, 210.24437126141794033222
2023/02/20 14:41:11, 0.00422842846684589932, 236.49448201400635400655
2023/02/20 14:41:11, 0.00452551816321241024, 220.96917169152545628381
2023/02/20 14:42:43, 0.00457157478549193226, 218.7430036523821759083
2023/02/20 15:12:39, 0.00460851272902436481, 216.98974458766501671961
2023/02/20 16:04:57, 0.00462837252924673709, 216.05866720558662116685
2023/02/20 16:40:15, 0.00468060488411020437, 213.64759999179095428276
2023/02/20 16:41:39, 0.00471738000831206497, 211.98207442224099520005
2023/02/20 16:52:37, 0.00477459181516070992, 209.44198765320854850339
2023/02/20 16:52:37, 0.00470461459713350319, 212.55726252460609933954
2023/02/20 16:54:32, 0.00461644820143577208, 216.61674871365126996392
2023/02/20 17:11:52, 0.00464719962766776902, 215.18335344286840595558
2023/02/20 17:31:36, 0.00468378219065367707, 213.50266927344847380187
2023/02/20 19:23:49, 0.00468975380940750609, 213.23080925783990250893
2023/02/20 19:39:17, 0.00476079663674953491, 210.04887969395738600412
2023/02/20 19:39:17, 0.00472263728142465985, 211.7460944826857084737
2023/02/20 21:12:30, 0.00475265642143089786, 210.40864546630255234977
2023/02/20 21:45:45, 0.00473667733073141521, 211.11845502163111246242
2023/02/20 22:19:04, 0.0047366773307517098, 211.11845502072656251487
2023/02/20 22:23:09, 0.00473023436984944238, 211.40601539196646347013
2023/02/20 23:00:55, 0.00473023436986682035, 211.40601539118979843262
2023/02/20 23:46:43, 0.00474450832824653487, 210.76999571198515290221
2023/02/20 23:56:43, 0.00474450832824654826, 210.76999571198455795927
2023/02/20 23:57:59, 0.00474450832827398609, 210.76999571076565990263
2023/02/21 00:19:38, 0.00471525046057181869, 212.07781184941127058151
2023/02/21 00:23:38, 0.00471525046058632986, 212.07781184875860151472
2023/02/21 02:34:59, 0.0047189027399179917, 211.91367042614204819905
2023/02/21 03:04:43, 0.00474596820765198445, 210.70516199153786492897
2023/02/21 04:33:18, 0.00481721706392469656, 207.58873572229630909327
2023/02/21 04:34:57, 0.00474317371034901161, 210.82930144812641213742
2023/02/21 05:09:06, 0.00480812191310429455, 207.98141521215389188675
2023/02/21 05:56:32, 0.00474466830599076897, 210.76288910172460811957
2023/02/21 07:15:56, 0.00480168606359063832, 208.26017918635293297304
2023/02/21 07:19:48, 0.00478665834622810855, 208.91401217051577874492
2023/02/21 07:32:20, 0.00481668570365013598, 207.61163620084019535334
2023/02/21 07:37:36, 0.00481668570365021144, 207.61163620083694269877
2023/02/21 08:34:34, 0.00475898532975176791, 210.12882593865039643623
2023/02/21 09:39:52, 0.00475898532976241112, 210.12882593818045509905
2023/02/21 10:00:02, 0.00475875325475271102, 210.13907350654705829777
2023/02/21 10:44:25, 0.00474720235135228039, 210.65038437115317338814
2023/02/21 11:16:15, 0.00469073529774359944, 213.18619289411479803305
2023/02/21 11:22:12, 0.00473767852308908618, 211.07384030522499821268
2023/02/21 12:10:43, 0.00473767852311309069, 211.07384030415554502475
2023/02/21 12:17:08, 0.0047043634290848012, 212.56861105106893006996
2023/02/21 13:23:45, 0.00475002335848471982, 210.52528051546356710892
2023/02/21 14:11:10, 0.0047560476168576089, 210.2586181970807958093
2023/02/21 14:48:26, 0.00476931441107081724, 209.67374213759955133441
2023/02/21 15:23:45, 0.00487197641480750499, 205.2555092345435055262
2023/02/21 15:46:25, 0.00495158669577723282, 201.95546628574854885614
2023/02/21 15:46:25, 0.0048777160498484948, 205.0139839589597849021
2023/02/21 15:48:20, 0.00476730191357088676, 209.76225507206501636253
2023/02/21 16:15:11, 0.00466547432964352272, 214.34047844743098419675
2023/02/21 16:16:57, 0.00466826834400649755, 214.21219311093830004659
2023/02/21 16:22:21, 0.00464070620756876841, 215.48444466685870817781
2023/02/21 16:23:32, 0.0046478515575220271, 215.15317079815340034578
2023/02/21 16:36:43, 0.00464785155752207543, 215.15317079815116318081
2023/02/21 16:46:37, 0.00466176697791985627, 214.51093646173914482868
2023/02/21 16:54:25, 0.00466475018914118136, 214.37375195950378940106
2023/02/21 17:15:59, 0.00467071947137318456, 214.09977758865519964053
2023/02/21 17:38:43, 0.00467131660895153944, 214.07240906851023282872
2023/02/21 18:13:58, 0.00467430286908603978, 213.93564516616970284626
2023/02/21 18:14:58, 0.00467372769544137551, 213.96197321794598575917
2023/02/21 18:29:36, 0.00467655687103904322, 213.83253268933705016995
2023/02/21 19:32:07, 0.00467964107333245141, 213.69160248178673188258
2023/02/21 20:43:33, 0.00468585870573930407, 213.40805662261780801535
2023/02/21 21:14:36, 0.00468585870573932243, 213.4080566226169717633
2023/02/21 21:26:00, 0.00468585870573942787, 213.4080566226121698389
2023/02/21 21:39:46, 0.00468585870573945914, 213.40805662261074564387
2023/02/21 22:17:39, 0.00467522685812947102, 213.89336396824468466118
2023/02/22 00:49:46, 0.0046811978255442656, 213.62053843211244517389
2023/02/22 01:56:17, 0.00468119782554440211, 213.62053843210621600306
2023/02/22 04:14:34, 0.00468119782554453973, 213.62053843209993582089
2023/02/22 08:01:16, 0.00462579239850358352, 216.17917836595824883701
2023/02/22 08:09:37, 0.00459166234374958684, 217.78604895920815817807
2023/02/22 08:12:45, 0.00455714590593711617, 219.43558987154337356606
2023/02/22 08:37:50, 0.00461624789050799182, 216.62614827427642517765
2023/02/22 10:30:32, 0.00467573008329466544, 213.87034370798597737443
2023/02/22 10:39:27, 0.00466200850306799559, 214.49982327186136375099
2023/02/22 11:38:19, 0.00465633806584813682, 214.76103879451743689179
2023/02/22 13:24:19, 0.00468974462418330151, 213.23122688671893761446
2023/02/22 14:14:54, 0.00469153762141917736, 213.14973484055803486793
2023/02/22 16:01:17, 0.00463447318603981628, 215.77425520817516945253
2023/02/22 16:04:55, 0.00453576033588527135, 220.47020255641969354501
2023/02/22 16:44:22, 0.00428050323527173457, 233.61739146928084919411
2023/02/22 16:44:22, 0.00428233024895245582, 233.51772092883778141271
2023/02/22 16:46:18, 0.00443203802828064522, 225.62983296150501041917
2023/02/22 16:46:23, 0.00454852963918290297, 219.85126608510784937149
2023/02/22 16:48:12, 0.00443238078130722219, 225.61238515818004353459
2023/02/22 17:02:51, 0.00454343557054269658, 220.09776180903423667879
2023/02/22 17:41:21, 0.00460243628897699622, 217.27622876497751653856
2023/02/22 18:53:54, 0.00458748967545921356, 217.98414181714724526505
2023/02/22 20:02:23, 0.00457395428503035247, 218.62920739562312066157
2023/02/22 20:34:14, 0.00457395428503891567, 218.62920739521381083394
2023/02/22 22:11:50, 0.0046081616382614166, 217.00627679746136462499
2023/02/22 22:20:46, 0.0045309382164883683, 220.7048412977553505149
2023/02/22 22:33:29, 0.00453972368932654947, 220.27772358725782934765
2023/02/22 22:57:49, 0.00440822438352953816, 226.84870664395010530542
2023/02/22 22:59:27, 0.00445351627828883295, 224.54167392966806769625
2023/02/22 22:59:27, 0.00448725778994717929, 222.85325399407714152161
2023/02/22 23:01:54, 0.00454016021039141038, 220.2565446283644035713
2023/02/23 00:26:24, 0.00449375826520743867, 222.53088416936430126719
2023/02/23 01:23:27, 0.00452015022752194333, 221.231585160881788987
2023/02/23 01:35:31, 0.00452280246796602435, 221.10185158046837790421
2023/02/23 02:43:37, 0.00451673977015688487, 221.39863062451036544013
2023/02/23 04:52:16, 0.00451672441282904277, 221.39938340263971828226
2023/02/23 05:01:13, 0.00453017699718508057, 220.74192699785697991259
2023/02/23 05:08:06, 0.00453603217319757324, 220.45699012206798974275
2023/02/23 07:05:53, 0.00453736533823245227, 220.39221562651460655923
2023/02/23 09:09:13, 0.00447996481827913628, 223.21603864383122153818
2023/02/23 10:18:29, 0.00453836082243042762, 220.3438728488913240855
2023/02/23 11:06:06, 0.00459713438814802634, 217.52681465613058386381
2023/02/23 12:04:31, 0.00459713438814802923, 217.5268146561304470063
2023/02/23 13:50:32, 0.0045227780895489173, 221.10304335089227356036
2023/02/23 14:34:53, 0.00452394746159048049, 221.04589155605065805007
2023/02/23 15:50:40, 0.00452258537029389662, 221.11246513297233656232
2023/02/23 16:48:51, 0.00452328696013804106, 221.07816921911187693366
2023/02/23 16:48:51, 0.00452328696013808115, 221.07816921910991751902
2023/02/23 17:22:12, 0.00446077946592555156, 224.17606780130599665035
2023/02/23 17:37:17, 0.00445899109966471608, 224.26597803148626524615
2023/02/23 18:14:10, 0.00444330204338764241, 225.05784892300152669381
2023/02/23 18:49:33, 0.00457756880695516896, 218.45657425850106601359
2023/02/23 18:53:56, 0.00440330852291082643, 227.10196089983393003321
2023/02/23 19:15:26, 0.00443219478307082957, 225.62185304210699488968
2023/02/23 21:06:03, 0.00445803189880622249, 224.31423163835621845816
2023/02/23 23:52:34, 0.00446006334966342174, 224.21206193752044040987
2023/02/24 01:41:29, 0.00446266125272826433, 224.08153865334195609754
2023/02/24 02:17:25, 0.00446266125273956213, 224.08153865277466483283
2023/02/24 02:40:34, 0.00446527468000878635, 223.95038864619909429795
2023/02/24 04:19:57, 0.00446242632446653785, 224.09333561816178848384
2023/02/24 06:16:02, 0.00446242632446660786, 224.09333561815827271986
2023/02/24 09:38:13, 0.00446242632448493582, 224.09333561723788261531
2023/02/24 10:30:51, 0.00440960585573284458, 226.7776378924930551149
2023/02/24 12:16:49, 0.00435771815637879378, 229.47789740284323226475
2023/02/24 12:52:38, 0.00441241249541955098, 226.63338956593081135327
2023/02/24 13:40:37, 0.00468740567460499942, 213.33762627325156499025
2023/02/24 13:42:34, 0.00455941607457997992, 219.32633118860981851015
2023/02/24 13:45:03, 0.00448450489383481012, 222.99005657787909654873
2023/02/24 13:47:30, 0.00443129863520288588, 225.66748087250392575936
2023/02/24 14:31:56, 0.00443526805253220901, 225.46551598591074746607
2023/02/24 15:11:55, 0.00445314365129926963, 224.56046296827532396421
2023/02/24 15:24:28, 0.0044547425249235388, 224.47986486428056801808
2023/02/24 17:18:52, 0.00446007832243038775, 224.21130924334969558774
2023/02/24 17:22:31, 0.0044660494615469831, 223.91153716726026477729
2023/02/24 18:25:47, 0.00449157700592020867, 222.63895257321224653674
2023/02/25 00:31:53, 0.00451893362440688682, 221.29114590198272622905
2023/02/25 01:49:27, 0.00447684744734006241, 223.37147105473834544467
2023/02/25 02:35:20, 0.00447953896521431945, 223.23725896023228660702
2023/02/25 03:43:16, 0.00454749536589384766, 219.90126861920215829058
2023/02/25 04:09:52, 0.00449255815420455019, 222.5903295351019078736
2023/02/25 04:12:51, 0.00449796184980309231, 222.32291722166943075271
2023/02/25 04:23:27, 0.00449836751993723709, 222.30286777767601681643
2023/02/25 05:20:47, 0.00449986626418137344, 222.22882665645673810006
2023/02/25 06:58:43, 0.00451787066175013276, 221.34321118715248831165
2023/02/25 08:53:09, 0.00471522178921261578, 212.07910140892603434853
2023/02/25 08:53:22, 0.00468296982004603577, 213.53970630333243012428
2023/02/25 08:55:47, 0.0045619899374859802, 219.20258784066491084907
2023/02/25 09:02:27, 0.00450740901344492189, 221.85694642246813731993
2023/02/25 09:23:30, 0.004511610052550009, 221.65036170065043234308
2023/02/25 11:33:47, 0.00451582343972775922, 221.44355583137811231399
2023/02/25 14:43:04, 0.00451582343972778674, 221.44355583137676257251
2023/02/25 14:46:20, 0.00453083821368012305, 220.7097126047590872161
2023/02/25 16:01:16, 0.0045305658827754631, 220.72297939686764153155
2023/02/25 17:40:17, 0.00454440103362509719, 220.05100179336367482755
2023/02/25 19:02:17, 0.00456247853932791782, 219.17911314653687700126
2023/02/25 19:26:07, 0.00456524006678338617, 219.04653104137590303709
2023/02/25 20:24:54, 0.00456524006678344946, 219.04653104137286636538
2023/02/25 20:28:25, 0.0046197033397734383, 216.46411608089156631619
2023/02/25 21:08:16, 0.00455234741924286953, 219.66689004731464348894
2023/02/25 21:20:44, 0.00457000491333652182, 218.81814548639259201457
2023/02/25 22:28:02, 0.00456504329107295378, 219.05597301903418863172
2023/02/25 23:24:33, 0.00457144078731083943, 218.74941545250820215924
2023/02/25 23:30:47, 0.00456824572293760125, 218.90241038893853686882
2023/02/26 03:08:16, 0.00457248813180177172, 218.69931012941826236358
2023/02/26 04:52:21, 0.00457096224483782831, 218.77231673250862203501
2023/02/26 05:46:46, 0.0045830403102022623, 218.19576794336928302306
2023/02/26 08:47:23, 0.00444763965872380392, 224.83835848494476099592
2023/02/26 08:47:23, 0.00447745413478300306, 223.34120459917661629874
2023/02/26 10:05:03, 0.0045015293391226478, 222.14672496056660563963
2023/02/26 11:06:08, 0.0045015293391227495, 222.14672496056158691751
2023/02/26 11:29:12, 0.00450558678248471152, 221.9466738244749874036
2023/02/26 11:31:12, 0.00450558678248475365, 221.94667382447291206255
2023/02/26 12:29:12, 0.00450558678248581198, 221.94667382442077802442
2023/02/26 12:52:58, 0.00449197478823624672, 222.61923700436560316827
2023/02/26 14:29:13, 0.00449248427068974976, 222.59399026153203400735
2023/02/26 14:40:52, 0.00449246870777642143, 222.59476137674800657593
2023/02/26 15:28:21, 0.00449995044009751044, 222.22466965176860353011
2023/02/26 16:09:26, 0.00450922782466492556, 221.7674597256146858511
2023/02/26 17:51:48, 0.00451672347250198061, 221.39942949530689792145
2023/02/26 18:22:14, 0.00454026143219818254, 220.25163416985147125057
2023/02/26 19:18:55, 0.00453832019607589624, 220.34584533384399786521
2023/02/26 20:17:21, 0.00454105867352373876, 220.21296615928264062058
2023/02/26 20:19:45, 0.00454105867352383235, 220.21296615927810220608
2023/02/26 20:46:04, 0.00455008310313299675, 219.77620569423047723779
2023/02/26 21:57:03, 0.00455695851759734442, 219.44461336181963435772
2023/02/26 22:25:46, 0.00460600305082413621, 217.10797604032708046701
2023/02/26 22:40:04, 0.0046696047065828715, 214.15088917275421930992
2023/02/26 22:40:04, 0.00458654424182927634, 218.02907532865410055588
2023/02/27 02:34:02, 0.00461680967606701758, 216.59978863410353105936
2023/02/27 02:49:02, 0.0045895482411858669, 217.88636864651754208639
2023/02/27 04:49:21, 0.00457483904864618282, 218.58692499705027521497
2023/02/27 07:58:16, 0.00457544260322018488, 218.55809081643872905876
2023/02/27 10:57:25, 0.00457544260324396296, 218.55809081530290601109
2023/02/27 11:12:38, 0.00454914895867450115, 219.82133561336996278015
2023/02/27 12:56:26, 0.00456122727075449552, 219.23923993258616445416
2023/02/27 12:59:31, 0.00456906978559662708, 218.86292985770635329583
2023/02/27 18:10:56, 0.00458420312706560173, 218.14042098088940367272
2023/02/27 18:50:59, 0.00458420312706567148, 218.14042098088608452773
2023/02/27 19:44:38, 0.00458243504663929398, 218.22458798044255650894
2023/02/27 20:32:01, 0.00457780657385548227, 218.44522783272345566197
2023/02/27 20:47:38, 0.00458518013981863611, 218.0939394977738792517
2023/02/27 21:07:05, 0.0046457114767009611, 215.25228267299235184227
2023/02/27 21:16:16, 0.00460351082590416632, 217.22551283532433266052
2023/02/27 21:53:31, 0.00460351082592564779, 217.22551283431068823489
2023/02/27 22:15:19, 0.00463168810902652289, 215.90400226887850725861
2023/02/27 22:18:30, 0.00463168810902653891, 215.90400226887776014872
2023/02/28 03:16:21, 0.00463451143764443358, 215.77247428442347184885
2023/02/28 03:20:15, 0.0046331016786366394, 215.83812947836387699295
2023/02/28 03:53:58, 0.00463917828796140298, 215.55541475846806205639
2023/02/28 04:20:58, 0.00464370712376506292, 215.34519153507937097399
2023/02/28 04:36:23, 0.00464370712376400694, 215.34519153512834060902
2023/02/28 04:43:27, 0.00471530409965901266, 212.07539935172262291269
2023/02/28 04:43:27, 0.00468320498789553867, 213.52898337455937172429
2023/02/28 07:24:46, 0.00468607366979721786, 213.39826696392362870969
2023/02/28 07:26:59, 0.00468607366979729574, 213.39826696392008229578
2023/02/28 08:13:03, 0.00462429759897281878, 216.24905806713801690677
2023/02/28 09:41:47, 0.0046364332651659358, 215.68303538694640569051
2023/02/28 13:44:57, 0.00463825498315649502, 215.59832385917364202867
2023/02/28 13:56:39, 0.00462069087096882799, 216.41785350386972033886
2023/02/28 13:58:45, 0.00462022884119310548, 216.43949561203224981115
2023/02/28 17:43:08, 0.00467691832401970143, 213.81600676330038863827
2023/02/28 18:33:47, 0.00462402705796852349, 216.26171029356618540375
2023/02/28 18:34:56, 0.00453855219451291659, 220.3345818538771523938
2023/02/28 18:39:56, 0.00451770933203357669, 221.35111546671054467069
2023/02/28 20:52:41, 0.00452010685994573397, 221.2337077384948097962
2023/02/28 21:18:58, 0.00451739844883874822, 221.36634864632365279006
2023/02/28 23:43:38, 0.00460761679568407118, 217.03193740779276476415
2023/03/01 01:14:25, 0.00460822204259323668, 217.00343229061478544456
2023/03/01 02:03:29, 0.00461124887308056729, 216.86099092108752869612
2023/03/01 02:28:02, 0.00460647790633643564, 217.08559561839015745869
2023/03/01 03:16:07, 0.00460580053404450866, 217.11752226531319225535
2023/03/01 03:25:16, 0.00461245911412345851, 216.80408980493213092141
2023/03/01 04:25:20, 0.00468541051865412651, 213.42847035893190446326
2023/03/01 04:37:05, 0.00468602084468922949, 213.40067258414396475911
2023/03/01 05:06:51, 0.00462516629889774361, 216.20844211338241743882
2023/03/01 06:52:22, 0.00465342472907202252, 214.89549272228545915392
2023/03/01 08:34:18, 0.00454069518625319146, 220.23059443132580587868
2023/03/01 09:34:50, 0.00456445729839003484, 219.08409579222435980031
2023/03/01 10:45:37, 0.00438826597119970388, 227.88044447693560083487
2023/03/01 10:45:37, 0.00448240705532880995, 223.09441950640610344744
2023/03/01 11:31:31, 0.00448240705533868508, 223.09441950591460717212
2023/03/01 12:00:23, 0.00460280351180467479, 217.25889394047115236356
2023/03/01 13:08:21, 0.0046191789488546553, 216.48869010540372614668
2023/03/01 18:04:03, 0.00460190618660471517, 217.30125722919172791443
2023/03/01 18:56:38, 0.00459269793020705508, 217.73694137879354482335
2023/03/02 01:23:02, 0.00459269793020709398, 217.73694137879170076469
2023/03/02 01:54:07, 0.00459269793022365828, 217.7369413780063978946
2023/03/02 02:05:45, 0.00459269793025118951, 217.73694137670115942807
2023/03/02 02:50:58, 0.00457545152262554187, 218.5576647583335555175
2023/03/02 06:21:15, 0.00457956799659527773, 218.36120803173121763696
2023/03/02 08:40:42, 0.00456765006888378496, 218.93095682007313383685
2023/03/02 09:26:39, 0.00457067411890494628, 218.78610769117412856958
2023/03/02 10:43:42, 0.00457344854502532234, 218.6533837989125522982
2023/03/02 10:55:43, 0.00462806903629082197, 216.07283559483214058454
2023/03/02 11:22:16, 0.00465528886266144357, 214.80944136907903785585
2023/03/02 11:26:48, 0.0046552888626615201, 214.80944136907550669657
2023/03/02 11:30:48, 0.00459915018692851709, 217.43147306694871264548
2023/03/02 11:37:38, 0.0046233731662072067, 216.29229656587551076924
2023/03/02 11:45:39, 0.00462337316620722247, 216.29229656587477297136
2023/03/02 12:02:17, 0.00466564603089651953, 214.33259046611528869709
2023/03/02 12:08:15, 0.0046656460308965997, 214.33259046611160603685
2023/03/02 17:04:51, 0.00465990509896757072, 214.59664494488436258353
2023/03/02 19:25:35, 0.00465990509898753661, 214.59664494396489885416
2023/03/02 20:05:03, 0.0044203796395572924, 226.22491313894285516291
2023/03/02 20:05:03, 0.00455206132229800121, 219.68069610608266034558
2023/03/02 20:57:05, 0.00455206132230127636, 219.68069610592460302508
2023/03/02 21:22:36, 0.00456398172378015128, 219.10692472531258898464
2023/03/02 21:33:50, 0.00457890411618251739, 218.39286751296093376025
2023/03/02 21:47:05, 0.00462172740018472467, 216.36931679701214077945
2023/03/02 22:10:43, 0.00460652052032732059, 217.08358740339315174859
2023/03/02 22:18:54, 0.00461851157027676872, 216.51997289249489622843
2023/03/02 22:41:58, 0.00458731870412518729, 217.99226617953120922409
2023/03/03 01:35:52, 0.00458183802586414879, 218.25302299100739453999
2023/03/03 01:40:08, 0.00457636717501204576, 218.51393512745572764545
2023/03/03 01:47:04, 0.00457460054437175269, 218.59832138356329605965
2023/03/03 03:02:36, 0.00459851483237531946, 217.46151452195260879639
2023/03/03 03:05:15, 0.00456933842250162026, 218.85006264266157157378
2023/03/03 03:32:56, 0.00457829374411867254, 218.42198336107446349733
2023/03/03 04:12:31, 0.00463821984647409967, 215.59995711720822393123
2023/03/03 05:41:42, 0.00463972297674425872, 215.53010923546781959892
2023/03/03 09:43:12, 0.00463972297674432755, 215.53010923546462224419
2023/03/03 10:20:58, 0.00460862542884592886, 216.9844382971291893383
2023/03/03 13:43:52, 0.00462049810140865287, 216.42688256816503202146
2023/03/03 16:16:29, 0.00463250618237936233, 215.86587489158554552732
2023/03/03 17:42:38, 0.00463400828528969267, 215.79590247484538291471
2023/03/03 17:53:23, 0.00463400828528975337, 215.79590247484255645589
2023/03/03 19:10:08, 0.00464800210090191268, 215.14620223729178430132
2023/03/03 19:13:51, 0.00463951434266907748, 215.53980139755480745241
2023/03/03 19:45:19, 0.00463959606090247715, 215.53600504727639591709
2023/03/03 20:17:32, 0.00464379513915798876, 215.34111002608087397085
2023/03/03 20:27:10, 0.00464951040761929324, 215.07640855288113234271
2023/03/03 20:33:01, 0.0046579393072327059, 214.68721124108047941657
2023/03/03 21:10:00, 0.00465944526907803226, 214.61782299202126047055
2023/03/03 21:27:27, 0.00463792720263278108, 215.61356103915057033726
2023/03/03 21:56:04, 0.00450209779473503384, 222.11867569146261337045
2023/03/03 21:56:04, 0.00457977775187131094, 218.35120701902990742554
2023/03/03 22:51:40, 0.00457210250221738388, 218.71775611220850233651
2023/03/03 23:28:18, 0.0046848098686192445, 213.45583450427846660374
2023/03/04 00:10:43, 0.00474209722871598055, 210.87716083602325781868
2023/03/04 00:20:48, 0.00468498300491627504, 213.44794611861583902906
2023/03/04 00:31:10, 0.00468498300491532771, 213.44794611865899946766
2023/03/04 00:31:53, 0.00468498300491532771, 213.44794611865899946766
2023/03/04 00:33:39, 0.00468498300491608018, 213.44794611862471680988
2023/03/04 00:35:44, 0.00468194170380170521, 213.58659788267049940452
2023/03/04 00:36:54, 0.00466924178200855166, 214.16753440637495625625
2023/03/04 00:50:44, 0.00466084600316337694, 214.55332343554946133397
2023/03/04 01:34:28, 0.00465567246490073807, 214.79174223251992524821
2023/03/04 02:53:49, 0.00465286955073280722, 214.92113395753900780574
2023/03/04 04:55:59, 0.00463718026811364394, 215.64829102638907358136
2023/03/04 05:27:11, 0.00461981557566130202, 216.45885720380847012193
2023/03/04 07:37:47, 0.00461643579728979038, 216.61733075267252131434
2023/03/04 07:38:52, 0.00461613179936255571, 216.63159620747626248381
2023/03/04 08:35:32, 0.00464122515008325882, 215.46035102004500357727
2023/03/04 09:17:20, 0.00464724083049782534, 215.18144560906632077222
2023/03/04 09:36:36, 0.00464120706636807681, 215.46119052657103162078
2023/03/04 09:44:45, 0.00462904297946896146, 216.02737421865952530737
2023/03/04 11:15:26, 0.00461793428687454283, 216.54703984036301603766
2023/03/04 11:28:29, 0.00459997944138767814, 217.39227593120057312251
2023/03/04 12:23:50, 0.00458627374368525239, 218.04193467014039147674
2023/03/04 12:26:17, 0.00458627374369242991, 218.04193466979915549371
2023/03/04 12:29:15, 0.00447866783225465517, 223.28068020543043029773
2023/03/04 12:41:26, 0.00446049970315552884, 224.1901281357695382628
2023/03/04 12:50:17, 0.00440679936199379461, 226.92206244387854644019
2023/03/04 12:57:59, 0.00452501327418287494, 220.99382684807252731949
2023/03/04 12:57:59, 0.00444181839403163791, 225.13302239994219418661
2023/03/04 13:02:41, 0.00443897799237674138, 225.27707993086368995505
2023/03/04 13:07:05, 0.00442723030362352451, 225.87485434890001752528
2023/03/04 13:09:39, 0.00437789257189942083, 228.42040629748333953158
2023/03/04 13:18:16, 0.00449571542204968701, 222.43400796576218864239
2023/03/04 13:26:01, 0.00447446290064050553, 223.49051097436813981054
2023/03/04 13:29:59, 0.00444810859813493177, 224.8146550242264029612
2023/03/04 13:35:35, 0.00419672972934629274, 238.2807720514720565486
2023/03/04 13:35:35, 0.00429150469407403848, 233.018503132679473394
2023/03/04 13:46:29, 0.00453078867368200101, 220.7121258620384359897
2023/03/04 13:47:57, 0.00452961337597483968, 220.76939398493038830934
2023/03/04 13:49:50, 0.00440794490803884961, 226.86308945837361563855
2023/03/04 14:34:23, 0.00439323504504282515, 227.62269483586258334714
2023/03/04 14:37:48, 0.0043815935033326673, 228.22747003787406902692
2023/03/04 14:48:34, 0.00437996683892866966, 228.31223083976540333887
2023/03/04 15:08:48, 0.00428980802671285602, 233.11066457355396316168
2023/03/04 15:09:06, 0.00435000841670379606, 229.88461267340410467868
2023/03/04 15:22:15, 0.00435467552295343614, 229.63823474998618005277
2023/03/04 15:39:24, 0.00435380759735368608, 229.68401281853061246824
2023/03/04 15:58:43, 0.00434438548036479932, 230.18215223296200421471
2023/03/04 16:09:55, 0.00428893299519345949, 233.15822399666407661259
2023/03/04 16:22:32, 0.00428893299521422378, 233.15822399553527266723
2023/03/04 16:24:53, 0.00428053490104893937, 233.61566325623261110555
2023/03/04 16:30:58, 0.0042048427395927271, 237.82102255192974396965
2023/03/04 16:30:58, 0.00429780800890253486, 232.67675008483094683592
2023/03/04 16:44:35, 0.00429550959680185029, 232.80124917996534052048
2023/03/04 17:06:07, 0.004294901649034997, 232.83420243736796712745
2023/03/04 17:16:57, 0.00425307733296617798, 235.12386954473286199528
2023/03/04 17:42:39, 0.00425365458260054884, 235.09196164880691182791
2023/03/04 18:07:11, 0.00399111415496082411, 250.55660178424933535575
2023/03/04 18:07:11, 0.00414782618569495987, 241.09014101140596044233
2023/03/04 18:08:21, 0.00417505915548103408, 239.5175643648536253308
2023/03/04 18:14:45, 0.00429021449085682944, 233.08857916805060343177
2023/03/04 18:39:55, 0.00428985042349772539, 233.10836073036107570178
2023/03/04 19:21:30, 0.00428985042349776278, 233.10836073035904386482
2023/03/04 19:28:39, 0.00420294741105580524, 237.92826847405023479294
2023/03/04 20:30:48, 0.00421759067751991218, 237.102193280651469214
2023/03/04 20:46:30, 0.0042175906775199752, 237.10219328064792682314
2023/03/04 20:48:47, 0.00422909099438619513, 236.45743289218082276143
2023/03/04 21:17:05, 0.00421603780120274489, 237.18952418185660291231
2023/03/04 21:28:49, 0.00427368513227591079, 233.99009731619124068045
2023/03/04 22:31:58, 0.00427368513228042713, 233.99009731594396490734
2023/03/04 22:59:17, 0.0043318890776540351, 230.84616943644295974224
2023/03/04 23:01:44, 0.00417146438714651201, 239.72396913690289616326
2023/03/04 23:08:21, 0.00428686565716870143, 233.27066439036927955735
2023/03/04 23:29:10, 0.00428686565718093973, 233.27066438970332985861
2023/03/04 23:34:18, 0.00422434828764498227, 236.72290538275825710485
2023/03/04 23:37:03, 0.00422377985732238024, 236.75476321674094837672
2023/03/04 23:38:21, 0.00422213504787262645, 236.84699533802501959234
2023/03/04 23:42:57, 0.0042079270926559914, 237.64670299190293244868
2023/03/05 00:39:28, 0.00425718338884913763, 234.8970924342383625015
2023/03/05 00:40:39, 0.00423545481079130432, 236.10215305618414702667
2023/03/05 00:57:52, 0.00429368733727011044, 232.90005103999757442533
2023/03/05 00:59:08, 0.00429000535123495876, 233.09994233739852666496
2023/03/05 01:00:24, 0.00425637867477387124, 234.94150225088397003278
2023/03/05 02:01:13, 0.004256378674774238, 234.94150225086372595923
2023/03/05 02:05:08, 0.00425199194617590397, 235.18388855354389223412
2023/03/05 02:07:08, 0.00422951962178287833, 236.43346985548866898046
2023/03/05 02:26:07, 0.00423685386140276166, 236.02418981449464388222
2023/03/05 02:31:59, 0.00429524872827645701, 232.81538817922363518141
2023/03/05 03:13:13, 0.00429777417563408747, 232.6785817806403068616
2023/03/05 03:50:44, 0.00430803727247784682, 232.1242683735722693591
2023/03/05 03:55:25, 0.00431390738403984588, 231.80840731530257421831
2023/03/05 03:56:37, 0.00432565958034611294, 231.17861713935105568149
2023/03/05 03:58:29, 0.00434037228192571959, 230.39498343591943398157
2023/03/05 04:32:19, 0.00432819351082223764, 231.0432741742241379571
2023/03/05 06:52:36, 0.00432553920421154933, 231.18505064671538641044
2023/03/05 07:09:25, 0.00431811488096102524, 231.5825371874875493967
2023/03/05 12:33:16, 0.00432017130785546482, 231.47230254079912767677
2023/03/05 12:36:34, 0.00432017130787009551, 231.47230254001522355852
2023/03/05 12:54:00, 0.00428117615499026406, 233.580671244833214841
2023/03/05 13:09:39, 0.0042847955986074128, 233.38336146653219185845
2023/03/05 13:13:12, 0.00428479559860744604, 233.38336146653038093491
2023/03/05 13:26:49, 0.0042845371271304178, 233.39744068684337485695
2023/03/05 13:48:13, 0.00424603878816896451, 235.51362808704670642571
2023/03/05 14:04:01, 0.00424128844632341875, 235.7774088359528579601
2023/03/05 14:07:23, 0.00411684859413095077, 242.90424511253995930352
2023/03/05 14:07:29, 0.00424136852299882685, 235.77295737861460903008
2023/03/05 14:18:01, 0.00385569576672188894, 259.35656247334047727209
2023/03/05 14:18:16, 0.00418090566474986566, 239.18262696793657254466
2023/03/05 14:23:56, 0.0041659133625341102, 240.04339816411918268518
2023/03/05 14:27:19, 0.0041290717273803562, 242.18518495788856576318
2023/03/05 14:27:19, 0.00420037641626251219, 238.07390121711956108394
2023/03/05 14:42:35, 0.00416307841495800783, 240.20686144344144115381
2023/03/05 14:46:18, 0.00412627525281379893, 242.34931959957778959346
2023/03/05 14:53:07, 0.00408995821274936026, 244.50127555894462561737
2023/03/05 14:53:07, 0.00416710262965936289, 239.97489115878683144475
2023/03/05 14:56:22, 0.00413639675112084317, 241.7563063139504436271
2023/03/05 15:04:42, 0.00416104127992175095, 240.32446032806604596539
2023/03/05 15:24:48, 0.00407738031045575958, 245.25551306452020656102
2023/03/05 15:25:40, 0.00412564973313304068, 242.38606393776298635612
2023/03/05 15:28:21, 0.00424460544643525809, 235.59315762548172833319
2023/03/05 15:28:21, 0.00418449808007861182, 238.97728732646797170417
2023/03/05 16:46:21, 0.0041840003952722485, 239.00571355823953103366
2023/03/05 16:58:16, 0.00418146940073647127, 239.15038092204444101594
2023/03/05 17:01:19, 0.00418196813004705359, 239.12186054577810890573
2023/03/05 17:06:10, 0.00417427096911426251, 239.56279010133109402964
2023/03/05 17:12:26, 0.00417501716429438979, 239.51997336734488334961
2023/03/05 17:16:59, 0.00417501716426469863, 239.51997336904825967145
2023/03/05 17:35:42, 0.00417727407234503016, 239.39056491895967577816
2023/03/05 17:42:03, 0.00417303030240852664, 239.63401354234957121314
2023/03/05 18:28:55, 0.00418491276747116615, 238.95360681658221765321
2023/03/05 18:36:18, 0.00421469277447317604, 237.26521801461483809897
2023/03/05 19:10:45, 0.00420841303010011692, 237.61926237934167118749
2023/03/05 19:35:52, 0.00420663866306304233, 237.71949057109058594773
2023/03/05 20:04:46, 0.0041975051714290939, 238.2367523467606140935
2023/03/05 20:05:53, 0.00424527496607370331, 235.55600237712346650253
2023/03/05 20:08:13, 0.00413307234313982968, 241.95076131677768289994
2023/03/05 20:12:16, 0.0040712788655783249, 245.62306661298919975187
2023/03/05 20:21:48, 0.0040005922965641268, 249.96298694541833944462
2023/03/05 20:26:11, 0.00402970849287556205, 248.15690806617364346472
2023/03/05 21:27:20, 0.00402801301122458636, 248.26136291351812731109
2023/03/05 21:31:17, 0.00403384765787810335, 247.90227217604519104626
2023/03/05 22:49:46, 0.0040630842002517312, 246.11845354768781485374
2023/03/05 23:04:40, 0.00405870764032925968, 246.38384644006428945562
2023/03/05 23:33:08, 0.00405633244270462199, 246.52811724012310827049
2023/03/06 00:22:05, 0.00405867396339259498, 246.38589081546044236754
2023/03/06 00:42:09, 0.00412692182884433345, 242.31135007469504734945
2023/03/06 02:03:32, 0.00410266563158651715, 243.74396789759735187848
2023/03/06 02:50:40, 0.00410508887598684208, 243.60008521364965240885
2023/03/06 04:16:51, 0.00408102474568167202, 245.03649507593600177437
2023/03/06 05:34:20, 0.00407820447073871738, 245.20594962195755315044
2023/03/06 06:29:33, 0.00413153298328536854, 242.04090928128241931674
2023/03/06 08:19:05, 0.00413744186509968526, 241.69523889513467467785
2023/03/06 08:25:52, 0.00414660896657597102, 241.16091197905790266428
2023/03/06 14:18:48, 0.00416141596531908589, 240.30282200431812897354
2023/03/06 15:44:43, 0.00416396542217021045, 240.15569261831468453821
2023/03/06 16:02:23, 0.00416900734081552721, 239.86525286481826155864
2023/03/06 18:00:29, 0.00417447113412579234, 239.55130311600958861403
2023/03/06 18:08:22, 0.00418011351160333769, 239.22795331374549340706
2023/03/06 18:38:36, 0.00418510000889879134, 238.94291602917417673755
2023/03/06 18:52:57, 0.00424475994079382565, 235.58458286170758463518
2023/03/06 19:01:09, 0.00410343802412047932, 243.69808782827602396569
2023/03/06 19:12:05, 0.00410638166347088967, 243.52339406141736185932
2023/03/06 20:08:02, 0.00418011653780192807, 239.22778012448424902943
2023/03/06 20:33:46, 0.00423973644676919168, 235.86371760490689493222
2023/03/06 20:48:25, 0.00408466537212495927, 244.81809619566743532939
2023/03/06 20:59:31, 0.00416729045358509153, 239.9640752517518488367
2023/03/06 21:26:26, 0.00417322381430620167, 239.62290174131242211334
2023/03/06 22:09:32, 0.0042327895086890984, 236.25082181554111326604
2023/03/07 00:41:42, 0.0041333680776713514, 241.93345020542617376119
2023/03/07 01:30:02, 0.00418278222105453538, 239.07532048079869108668
2023/03/07 01:49:07, 0.00408136895097556305, 245.01582974040404007739
2023/03/07 01:57:36, 0.00409370411020000022, 244.27754744373658108878
2023/03/07 02:23:58, 0.00415269816629128111, 240.80729201975364220456
2023/03/07 04:44:29, 0.00418235314275578441, 239.09984782898853130743
2023/03/07 04:52:25, 0.00416120898435885335, 240.31477480674453888826
2023/03/07 06:13:31, 0.00422068453808531387, 236.92839182282111643039
2023/03/07 07:19:29, 0.00428058148042051242, 233.6131211551573553634
2023/03/07 07:40:14, 0.00421968994664624828, 236.98423643537750687525
2023/03/07 07:44:20, 0.00416958749014024442, 239.83187842075114177065
2023/03/07 08:13:05, 0.00417433458067341725, 239.55913946856572831729
2023/03/07 08:55:16, 0.00416392498179685138, 240.15802502966125050037
2023/03/07 09:51:47, 0.00416332275055065421, 240.19276426929352099897
2023/03/07 10:37:16, 0.00416332275057935924, 240.1927642676374543977
2023/03/07 11:19:26, 0.00416055260481553389, 240.35268748737210696496
2023/03/07 12:29:21, 0.00416302818654849221, 240.20975962430027551609
2023/03/07 12:54:52, 0.00416798597869626278, 239.92403168131527385809
2023/03/07 13:19:24, 0.00411409363760419695, 243.06690320795431119082
2023/03/07 13:54:06, 0.00417326859004435694, 239.62033078474136129297
2023/03/07 14:26:57, 0.00419741396214576622, 238.24192920175748325027
2023/03/07 17:21:48, 0.00420933378773538821, 237.56728509239883202589
2023/03/07 17:33:42, 0.00421185297039465758, 237.42519195922889676775
2023/03/07 18:04:36, 0.00421032060971798991, 237.51160367499440096346
2023/03/07 18:05:49, 0.00415700576384660294, 240.55776123694132390299
2023/03/07 21:00:18, 0.0041777757133030778, 239.36182040978195159574
2023/03/07 21:22:01, 0.0041777757133151871, 239.36182040908816067188
2023/03/07 21:35:07, 0.00410655701064537021, 243.5129957791195909084
2023/03/07 22:57:32, 0.00413594707166736593, 241.78259118699503708588
2023/03/08 00:03:55, 0.00415370241267263074, 240.74907170746655180324
2023/03/08 01:57:44, 0.00415337216998608591, 240.76821413366143660278
2023/03/08 02:31:31, 0.00415191694333327564, 240.85260221924668077995
2023/03/08 02:32:32, 0.00415191694334471264, 240.85260221858322100397
2023/03/08 02:36:52, 0.00414710529473689613, 241.13204968996157990886
2023/03/08 02:40:54, 0.00415007148941922847, 240.95970456160564496581
2023/03/08 03:53:00, 0.0041569840308499202, 240.55901888936148502393
2023/03/08 05:28:47, 0.00415441191430225761, 240.70795593410773881538
2023/03/08 06:06:27, 0.00407260033962120629, 245.54336704028519618006
2023/03/08 06:17:42, 0.00407260033963365181, 245.54336703953483652556
2023/03/08 08:10:54, 0.00401744941624666551, 248.91414835392204105283
2023/03/08 08:15:47, 0.00407604149338662482, 245.33606971923604689646
2023/03/08 08:57:12, 0.00405455510936873394, 246.63618400187266200412
2023/03/08 09:41:03, 0.00403898029989444988, 247.58724374717372689619
2023/03/08 13:01:23, 0.00408700425638728113, 244.6779932849771006238
2023/03/08 14:12:25, 0.00409112700960438008, 244.4314238234080003053
2023/03/08 14:36:33, 0.00402642710063597402, 248.35914695737320934495
2023/03/08 15:41:13, 0.00404397905411793899, 247.28120166243470012037
2023/03/08 17:00:08, 0.00402888693687297401, 248.20751132225898086346
2023/03/08 18:01:18, 0.00402888693687901694, 248.20751132188669389302
2023/03/08 18:05:08, 0.00400935042126171738, 249.41696158484103854124
2023/03/08 18:13:26, 0.00412391728228243527, 242.4878899235673046114
2023/03/08 18:14:35, 0.00425685586361072391, 234.91516556818209820284
2023/03/08 18:14:35, 0.00424559167213254168, 235.53843073601670229387
2023/03/08 18:14:35, 0.00416767823412718666, 239.9417478565075353947
2023/03/08 18:17:10, 0.0040392426451362584, 247.57116317439413174208
2023/03/08 18:17:10, 0.0041293215172020862, 242.17053475593062565803
2023/03/08 21:24:06, 0.00423447757072476399, 236.15664111992029545648
2023/03/08 21:58:11, 0.00419657674475169922, 238.28945848556558670251
2023/03/09 00:01:14, 0.00413750412462835624, 241.69160196059579165387
2023/03/09 00:41:47, 0.00413000668015707673, 242.13035896638475995889
2023/03/09 02:19:07, 0.00413594120357521599, 241.78293422923270444225
2023/03/09 03:23:12, 0.00419820354963416128, 238.19712126324644962509
2023/03/09 05:17:48, 0.00431867763579288429, 231.55236031327579565188
2023/03/09 05:17:48, 0.00424334054219919755, 235.66338597036797283888
2023/03/09 06:24:04, 0.00418219847229786714, 239.10869047077050759811
2023/03/09 07:06:09, 0.00418219847232407667, 239.1086904692720312348
2023/03/09 10:33:28, 0.00418518683899904757, 238.93795867884491616092
2023/03/09 12:14:36, 0.00418769731471193789, 238.79471815856101558456
2023/03/09 13:30:50, 0.00423838143250423432, 235.93912344249610158884
2023/03/09 14:19:48, 0.00423838143250428412, 235.93912344249332933557
2023/03/09 15:26:00, 0.00426850292883367976, 234.27417449921692156625
2023/03/09 16:13:05, 0.00422655741503157811, 236.59917559466742615919
2023/03/09 17:46:47, 0.00423931496457984997, 235.88716770401795324448
2023/03/09 20:08:30, 0.0042387240264661104, 235.92005371336133523679
2023/03/09 20:41:33, 0.00411266743957027636, 243.15119437531954084545
2023/03/09 20:45:24, 0.00404757268593233044, 247.0616533893465831134
2023/03/09 20:45:24, 0.00412525243162834183, 242.40940804809722176927
2023/03/09 21:12:17, 0.00413534377106578431, 241.81786457435782025335
2023/03/09 22:32:55, 0.00413771999110498508, 241.67899281482029878379
2023/03/09 22:51:09, 0.00415318205075797185, 240.77923572300330961296
2023/03/09 23:55:08, 0.00423958050685013341, 235.87239312574502088245
2023/03/10 00:02:25, 0.00421200249500158301, 237.4167634484328974843
2023/03/10 00:50:59, 0.00439822158316182668, 227.36462479025726216559
2023/03/10 00:50:59, 0.00432748776912259304, 231.0809535119153062238
2023/03/10 01:53:41, 0.00432931067375188456, 230.98365429463993472685
2023/03/10 02:20:26, 0.00426755766712134112, 234.32606610200649261877
2023/03/10 03:44:07, 0.00431968078783962576, 231.49858730652261579367
2023/03/10 05:26:01, 0.00434809193771640815, 229.98593735467194630982
2023/03/10 06:19:12, 0.00426975385985842398, 234.20553802910734738367
2023/03/10 07:58:15, 0.00428817928194093688, 233.19920512916966058774
2023/03/10 21:33:38, 0.0042227964584267629, 236.80989833276456770342
2023/03/10 22:09:38, 0.00422279645842686101, 236.8098983327590654239
2023/03/11 00:25:58, 0.00430722813746159376, 232.16787411435707703358
2023/03/11 02:09:27, 0.00418753443666358057, 238.80400630131899900756
2023/03/11 02:21:20, 0.00406416298823114092, 246.05312407395189220129
2023/03/11 02:21:20, 0.0041580641204626859, 240.49653180642285164982
2023/03/11 02:34:31, 0.00416253109390646147, 240.23844565723538349846
2023/03/11 07:45:22, 0.00412853850608505479, 242.21646437985246897312
2023/03/11 11:27:32, 0.00413150561225623213, 242.04251279085057452767
2023/03/11 14:16:23, 0.00413269275251403277, 241.97298465792599451434
2023/03/11 14:46:19, 0.0041451828526700723, 241.24388128158481479043
2023/03/11 17:57:03, 0.00423944697550949972, 235.8798224808129123429
2023/03/11 17:57:03, 0.0043230683656895891, 231.31718386333827770034
2023/03/11 18:01:18, 0.00427672398722113273, 233.82383408141459230169
2023/03/11 19:14:31, 0.00425101504841698431, 235.2379346133778896459
2023/03/11 19:24:10, 0.00415810355020499869, 240.49425126767201177492
2023/03/11 21:12:18, 0.00416817185445204722, 239.91333249177202606906
2023/03/11 21:57:04, 0.004155606894377532, 240.63873831593253083536
2023/03/11 22:53:04, 0.00414937191279356292, 241.00032993348875672848
2023/03/12 02:32:34, 0.00423149208837337908, 236.32325882107659951231
2023/03/12 02:32:34, 0.00429467580504726108, 232.84644648258739169775
2023/03/12 02:33:34, 0.00429467580504726108, 232.84644648258739169775
2023/03/12 02:36:22, 0.00429467580504880853, 232.84644648250349316755
2023/03/12 02:37:29, 0.00425266724156016617, 235.14654291012252318736
2023/03/12 02:38:40, 0.00424964158500218959, 235.31396236548376094507
2023/03/12 04:45:50, 0.00424614220006352261, 235.50789231341332002922
2023/03/12 05:13:15, 0.00424453176125997105, 235.59724752846572832119
2023/03/12 09:19:26, 0.0042782020992028973, 233.7430483207694221571
2023/03/12 09:49:06, 0.00423509988920638002, 236.12193954353012622883
2023/03/12 10:26:57, 0.00432057996120760563, 231.45040919934720571198
2023/03/12 10:27:53, 0.00442763293922778387, 225.85431396993996191192
2023/03/12 10:28:27, 0.0043959485082634858, 227.48219141334438795344
2023/03/12 13:34:15, 0.00439594850827987007, 227.48219141249653239359
2023/03/12 14:45:01, 0.00429861709098409489, 232.63295586326976085645
2023/03/12 15:17:06, 0.00423411994470477599, 236.17658759303876984511
2023/03/12 15:25:19, 0.00423411994470640234, 236.17658759294805303054
2023/03/12 16:01:14, 0.00428889391001443996, 233.16034879413307156403
2023/03/12 18:02:39, 0.00428950043745824618, 233.12738035120761258119
2023/03/12 20:00:42, 0.00431410083485281516, 231.79801267536138919697
2023/03/12 20:04:43, 0.00437514355354801969, 228.56392887704237282588
2023/03/12 23:17:05, 0.00438127134696593878, 228.24425168108043161484
2023/03/13 00:58:38, 0.00447370274177526833, 223.52848584731335080911
2023/03/13 00:58:38, 0.00439645871384760438, 227.45579228352177480278
2023/03/13 03:41:53, 0.0044574585167763919, 224.34308614120186788378
2023/03/13 04:41:40, 0.00439438742201068042, 227.56300343278415938878
2023/03/13 09:04:48, 0.0043914407668797097, 227.71569812395285549869
2023/03/13 09:18:53, 0.0043560561450283825, 229.5654524887865875028
2023/03/13 09:31:53, 0.00435605614502850235, 229.56545248878027168959
2023/03/13 09:38:30, 0.00432145277559582179, 231.403662594027688994
2023/03/13 09:43:06, 0.00438254136747948604, 228.17810857884180268474
2023/03/13 10:09:51, 0.00438861239867756588, 227.86245609234779696586
2023/03/13 10:18:58, 0.00438448314047084888, 228.07705445814764256296
2023/03/13 17:02:30, 0.0043809889621313251, 228.25896359106687659382
2023/03/13 18:25:28, 0.00438252137917735017, 228.17914927952080813628
2023/03/13 21:53:02, 0.00438865372538317268, 227.86031037631936987654
2023/03/14 00:20:37, 0.00438396879667197435, 228.10381332073698627579
2023/03/14 00:42:34, 0.00438396879668948144, 228.1038133198260690543
2023/03/14 01:06:02, 0.00438114345286323809, 228.25091457492981390754
2023/03/14 01:38:28, 0.00444266653674635536, 225.09004259688664627436
2023/03/14 02:04:57, 0.00443417691334029048, 225.52099736739966015812
2023/03/14 02:26:10, 0.00443417691334036241, 225.52099736739600151966
2023/03/14 03:02:53, 0.00443417691334737873, 225.52099736703915347176
2023/03/14 04:35:04, 0.00443676596368496108, 225.38939583133856526463
2023/03/14 07:25:09, 0.00443133429615463274, 225.66566482419693759595
2023/03/14 11:26:04, 0.00449277651506341717, 222.57951105450982717841
2023/03/14 13:06:24, 0.00448000913787422063, 223.21383042412796436463
2023/03/14 14:37:49, 0.00450780196498392615, 221.83760683541158718459
2023/03/14 16:19:13, 0.00454375557404857357, 220.08226096303432428704
2023/03/14 17:53:53, 0.00454375557405490095, 220.08226096272784990903
2023/03/14 18:00:32, 0.00454326978012790691, 220.10579349127864214246
2023/03/14 19:23:01, 0.00452463272461896703, 221.01241379414127278474
2023/03/14 20:03:39, 0.00452772692837913956, 220.8613760984886665357
2023/03/14 20:05:55, 0.00448598154164428287, 222.91665507688691067403
2023/03/14 20:07:02, 0.00454780126409014476, 219.88647742725513850909
2023/03/14 20:28:44, 0.00455090332345550493, 219.73659489665869529484
2023/03/14 21:03:05, 0.00455090332346554986, 219.73659489617368423682
2023/03/14 21:04:58, 0.00449578457426646587, 222.43058658191166264981
2023/03/14 21:15:42, 0.00448847201582073669, 222.79296751216251864321
2023/03/15 00:17:25, 0.00448847201582073986, 222.79296751216236133554
2023/03/15 02:34:02, 0.00448648159134592107, 222.89180945909224542863
2023/03/15 02:39:00, 0.00448833021853927396, 222.80000608454557308872
2023/03/15 07:49:22, 0.00449449505734517619, 222.4944042080409898424
2023/03/15 07:51:02, 0.00449155873847666182, 222.63985805942188244008
2023/03/15 08:32:59, 0.00448315640854830052, 223.05712959138356686873
2023/03/15 10:34:51, 0.00448187656978912994, 223.12082549097274699285
2023/03/15 11:45:48, 0.00448187656979344888, 223.1208254907577378353
2023/03/15 12:28:35, 0.00448187656979354257, 223.12082549075307363314
2023/03/15 14:23:26, 0.00448807947670693567, 222.81245356504598766589
2023/03/15 14:35:37, 0.00449428666660883171, 222.50472081135646691191
2023/03/15 15:57:32, 0.00457223232463313605, 218.71154591433351554578
2023/03/15 16:46:52, 0.00457223232465772758, 218.71154591315718640072
2023/03/15 16:49:17, 0.00452713314780662351, 220.89034436384882720252
2023/03/15 18:09:30, 0.00458543766013502464, 218.08169124047225605135
2023/03/15 19:33:18, 0.00464965689258700234, 215.06963268500750754895
2023/03/15 19:48:09, 0.00459012791759018017, 217.85885229207306773797
2023/03/15 20:17:29, 0.00456087905958110399, 219.25597827447006553091
2023/03/15 20:45:19, 0.00459284625614497281, 217.72990956578518745256
2023/03/15 21:11:10, 0.0045902000318755937, 217.85542962305103063362
2023/03/15 22:12:26, 0.00459020003187565455, 217.85542962304814244726
2023/03/15 22:28:38, 0.00448024965264872727, 223.20184755972229808399
2023/03/15 22:28:38, 0.00459612641145452776, 217.57452047180134443129
2023/03/15 23:30:48, 0.00461076856991567612, 216.88358130243098831926
2023/03/16 00:15:29, 0.00462665061147292009, 216.13907856371380677235
2023/03/16 00:16:38, 0.00464255991820547193, 215.39840467724937486518
2023/03/16 00:17:57, 0.00465849648997266734, 214.66153342660719092427
2023/03/16 00:24:18, 0.00461423212905707794, 216.72078301018436348546
2023/03/16 00:31:20, 0.00463011989291719175, 215.97712869805479311216
2023/03/16 02:30:19, 0.00463632925769984403, 215.68787383666442842935
2023/03/16 03:59:32, 0.00465110736829279434, 215.00256193119308516401
2023/03/16 04:08:41, 0.00464758251683710234, 215.16562565102057703907
2023/03/16 07:35:28, 0.00467949966782812909, 213.69805983213684024166
2023/03/16 09:01:20, 0.00468097257065498451, 213.63081814856161890533
2023/03/16 09:23:33, 0.00470408452196153365, 212.58121433222351956365
2023/03/16 11:26:12, 0.00471317091298556187, 212.17138492576947588366
2023/03/16 12:13:27, 0.00483687908839647612, 206.74488274866518475493
2023/03/16 12:13:27, 0.00480220896214290373, 208.23750234179044974161
2023/03/16 12:15:27, 0.0047140448761458462, 212.13204928536648648783
2023/03/16 13:28:34, 0.00471404487614586956, 212.13204928536543521238
2023/03/16 13:45:34, 0.0047299357491424068, 211.419362341509989315
2023/03/16 13:49:54, 0.00474585332063053516, 210.71026271565000055482
2023/03/16 14:51:18, 0.00473412410532407526, 211.23231621143671583105
2023/03/16 14:51:18, 0.00473714763628540521, 211.09749511293290734057
2023/03/16 15:04:49, 0.00474033142007156415, 210.95571414390750194071
2023/03/16 15:37:46, 0.00474942856264737994, 210.55164570000181168439
2023/03/16 15:39:10, 0.00478775396533539004, 208.86620474658170023305
2023/03/16 15:59:45, 0.00491661683506125641, 203.39189193447508957155
2023/03/16 15:59:45, 0.00488682112584820199, 204.63200396483321787863
2023/03/16 15:59:45, 0.00480261220081617107, 208.22001822884155516721
2023/03/16 16:15:45, 0.0048157675468497925, 207.65121868353974554048
2023/03/16 16:47:37, 0.00479437443363925464, 208.57778503564485429453
2023/03/16 18:42:44, 0.00480719176069376077, 208.02165792023298342858
2023/03/16 18:58:39, 0.00471135522183397513, 212.25315284351091577663
2023/03/16 21:39:55, 0.00500791566482227732, 199.68387387679547766064
2023/03/16 21:42:35, 0.00489405574961972047, 204.32950729621384660977
2023/03/16 22:06:00, 0.0048313349848883547, 206.98212877555386098803
2023/03/17 00:11:43, 0.00490230670455165865, 203.98560519918656959972
2023/03/17 00:11:43, 0.00483167517031087047, 206.9675557133241429072
2023/03/17 00:43:26, 0.00480837648350261642, 207.9704040295029993168
2023/03/17 01:03:42, 0.00481030057512210774, 207.88721710485115828311
2023/03/17 01:22:56, 0.00481029156032404287, 207.88760669896597780168
2023/03/17 02:15:57, 0.00482269440271085491, 207.35296838171960218069
2023/03/17 02:53:57, 0.0048259061961715237, 207.2149684122160509439
2023/03/17 03:00:04, 0.00492275709617177426, 203.1381968404776407904
2023/03/17 03:36:58, 0.00485711515794597356, 205.88352704877810814205
2023/03/17 03:44:32, 0.00490536843594703874, 203.85828568388427387217
2023/03/17 06:28:53, 0.00478512701273570865, 208.98086870807829000923
2023/03/17 06:32:12, 0.00483787787864036151, 206.70219982506881029923
2023/03/17 07:34:21, 0.00485255336013622651, 206.07707443570014436252
2023/03/17 08:53:17, 0.00486151113912337352, 205.69735857487302824023
2023/03/17 09:24:30, 0.00473749117893899748, 211.08218722297626138187
2023/03/17 09:24:36, 0.00483951602495660113, 206.63223240571201640818
2023/03/17 09:41:09, 0.00483951602497754158, 206.63223240481792468831
2023/03/17 09:54:18, 0.00484602041968789563, 206.35488780387851967272
2023/03/17 11:52:21, 0.00495706425860655181, 201.73230521750458712017
2023/03/17 11:55:50, 0.00495480606865892629, 201.82424622537470792129
2023/03/17 11:58:09, 0.00499270801159893432, 200.29210554208758510409
2023/03/17 12:19:07, 0.00499833497659937332, 200.06662312183644329397
2023/03/17 12:35:00, 0.00499040086013178454, 200.38470416053759530076
2023/03/17 12:54:05, 0.00500030951076561004, 199.98762033570347328914
2023/03/17 13:10:53, 0.00500860647415541726, 199.65633258672539119328
2023/03/17 13:28:58, 0.00501518996870509858, 199.39424154219942469175
2023/03/17 13:34:35, 0.00487896016942290045, 204.96170603464535120338
2023/03/17 13:34:35, 0.00495173883530908141, 201.94926131187636391963
2023/03/17 13:39:42, 0.00495173883532105697, 201.94926131138795853524
2023/03/17 13:43:43, 0.00491486436449723388, 203.46441444519802424979
2023/03/17 13:52:39, 0.0049643051563429726, 201.4380600117387836087
2023/03/17 13:57:47, 0.00499077455151716963, 200.3697000691015339137
2023/03/17 14:04:54, 0.00501067270478130566, 199.57400112080274145488
2023/03/17 14:07:32, 0.00501386007355380228, 199.44712962266701960013
2023/03/17 14:20:34, 0.00501047219532362592, 199.58198768836997733802
2023/03/17 14:31:25, 0.00504372296082340725, 198.26624256871280207477
2023/03/17 14:34:13, 0.00521162543146904597, 191.87871675538304054506
2023/03/17 14:34:13, 0.00510918236071144137, 195.72603391293952621912
2023/03/17 14:50:08, 0.00507510216040750486, 197.0403685272229262602
2023/03/17 14:53:27, 0.00512198048377647281, 195.23697975176446865537
2023/03/17 14:59:08, 0.00504854533037114486, 198.0768586911915063139
2023/03/17 15:02:28, 0.00511540410610116155, 195.48797695323743268463
2023/03/17 15:06:08, 0.00528447350668833144, 189.23361026114387658222
2023/03/17 15:06:08, 0.00517032743713744834, 193.4113481512207621655
2023/03/17 15:07:22, 0.00517066511578308083, 193.39871711041049911897
2023/03/17 15:15:32, 0.00516527308349573316, 193.60060617031770571697
2023/03/17 15:20:07, 0.00517876171864590421, 193.09635282108923885237
2023/03/17 16:06:59, 0.00520579170353938055, 192.09374038536869472457
2023/03/17 16:17:17, 0.00522607909125846195, 191.34804172265134440967
2023/03/17 16:19:16, 0.00530043832230481652, 188.66364236178205736752
2023/03/17 16:19:45, 0.00522022122142386585, 191.56276287602239258835
2023/03/17 16:29:45, 0.00511458015320958229, 195.51946983809886583243
2023/03/17 16:57:31, 0.00512128858843728016, 195.26335662039735234515
2023/03/17 17:36:18, 0.00513807889511140318, 194.62527150983307850668
2023/03/17 17:58:58, 0.00524359529281905445, 190.70884462984201506345
2023/03/17 18:32:24, 0.00514074010456456709, 194.52451975000249068821
2023/03/17 18:44:43, 0.00517441076185951101, 193.25871988574662030173
2023/03/17 19:14:07, 0.00517441076187878924, 193.25871988502659892739
2023/03/17 19:52:04, 0.00516747349072063225, 193.51816739761243911384
2023/03/17 19:55:15, 0.00516848482208070581, 193.48030117604648638317
2023/03/17 20:26:47, 0.0051752295589931977, 193.228143525007717515
2023/03/17 20:28:54, 0.00527692826953775065, 189.50418670132845807358
2023/03/17 20:36:30, 0.00529056266484331741, 189.01581237193709483538
2023/03/17 20:59:26, 0.00522175680786834332, 191.50642911848396830365
2023/03/17 21:10:36, 0.005218219461514404, 191.63624822130138999
2023/03/17 21:22:27, 0.005221057282330686, 191.53208745367352992725
2023/03/17 21:45:40, 0.00555056488448984848, 180.1618431295772227225
2023/03/17 21:45:40, 0.00534148669352207617, 187.21379596672153268259
2023/03/17 21:45:40, 0.00519490091231832527, 192.4964531332572824418
2023/03/17 21:49:46, 0.00520514283487403222, 192.11768662717218948905
2023/03/17 22:34:51, 0.0051907048224109093, 192.65206445230560150071
2023/03/17 22:46:06, 0.00488096673763625969, 204.87744616024100954214
2023/03/17 22:46:07, 0.00510907259075314089, 195.73023914553297691187
2023/03/17 22:46:07, 0.00520738979991349095, 192.03478871825818525775
2023/03/17 22:48:22, 0.00516603504291565365, 193.57205123324346295023
2023/03/17 23:05:58, 0.00518627299340352061, 192.816691537817490942
2023/03/17 23:18:01, 0.00499517459073421442, 200.19320282717390734319
2023/03/17 23:18:01, 0.00509400208433846759, 196.30930326363715375962
2023/03/17 23:31:27, 0.00508549058349941587, 196.63786287298212692009
2023/03/17 23:54:14, 0.00515257369061500919, 194.07776774186035747745
2023/03/18 00:57:12, 0.00515593935128428407, 193.95107891463302775877
2023/03/18 01:36:01, 0.00507121163944204864, 197.19153352275064671038
2023/03/18 01:45:21, 0.00507392963355795397, 197.08590229281075594429
2023/03/18 01:58:41, 0.00507330956533683469, 197.10999045523580582925
2023/03/18 02:17:07, 0.00507932169451119208, 196.87668160113156251662
2023/03/18 02:42:24, 0.00507932169451134898, 196.87668160112548074293
2023/03/18 03:53:03, 0.00514636259715332341, 194.31199825545588562704
2023/03/18 04:01:29, 0.0051637658659151003, 193.65711497509663260739
2023/03/18 04:01:57, 0.0051488904384307127, 194.21660102458533676378
2023/03/18 04:32:47, 0.0051525912947634253, 194.07710466310403006078
2023/03/18 04:48:40, 0.00504781661178484748, 198.10545368572967638506
2023/03/18 05:03:31, 0.00504563174237752823, 198.19123769995840764442
2023/03/18 05:08:25, 0.00506563065506570141, 197.40878640648347151363
2023/03/18 05:56:00, 0.00503199674438979509, 198.7282684780959581131
2023/03/18 06:45:20, 0.00502457618215943489, 199.02176098964539262546
2023/03/18 06:45:20, 0.00509077215843039958, 196.43385499859468485534
2023/03/18 07:07:08, 0.00510248517958568783, 195.98293082767917305169
2023/03/18 07:24:26, 0.00513602506019850991, 194.70309982509109986967
2023/03/18 07:24:26, 0.00520343410520463618, 192.18077519224640218199
2023/03/18 07:42:46, 0.00521191542590581304, 191.86804049611058800921
2023/03/18 08:25:47, 0.00520170046109653885, 192.24482599084455529151
2023/03/18 08:58:07, 0.00501092225530333081, 199.56406207293393159998
2023/03/18 10:07:52, 0.00498178810622773733, 200.73113883545130984161
2023/03/18 10:26:31, 0.00494615159697965108, 202.1773858711985795766
2023/03/18 10:45:45, 0.00495274661807298903, 201.90816876254397535898
2023/03/18 10:47:29, 0.00495202916805831151, 201.93742121920892632391
2023/03/18 11:11:50, 0.00500494363359115269, 199.80244997933750836895
2023/03/18 11:29:13, 0.00500742479502638147, 199.70344856566768059931
2023/03/18 11:59:18, 0.00500941503433558626, 199.62410643673747794067
2023/03/18 12:11:52, 0.00503233120169398245, 198.71506065884140810716
2023/03/18 12:23:47, 0.00510172802248327097, 196.01201702501754450646
2023/03/18 12:41:52, 0.00507914423384575265, 196.88356029276107517418
2023/03/18 13:02:18, 0.00508281927888104391, 196.74120702165605462506
2023/03/18 14:57:36, 0.00505575265006899467, 197.79448664015499927313
2023/03/18 16:46:58, 0.00512262492912169078, 195.21241821064906028278
2023/03/18 17:38:34, 0.0051266511978550727, 195.05910611168311999793
2023/03/18 18:04:59, 0.00523188928300411838, 191.13554318676373081183
2023/03/18 18:14:07, 0.00517033279946686966, 193.41114755768010722645
2023/03/18 18:17:47, 0.00510133371411747509, 196.0271678037042238639
2023/03/18 18:24:09, 0.00510133371414712008, 196.02716780256506626372
2023/03/18 18:29:38, 0.0051066998282778232, 195.82118268683097801162
2023/03/18 18:29:49, 0.00508988382989774541, 196.46813825613182407814
2023/03/18 19:05:59, 0.00512343056342424915, 195.18172201628300267588
2023/03/18 19:36:46, 0.00513015309960140633, 194.92595651340234890632
2023/03/18 19:56:33, 0.00514495817893136955, 194.36503956339338010024
2023/03/18 21:31:54, 0.00513915434719045071, 194.58454298939179833287
2023/03/18 22:22:56, 0.00513982743022594678, 194.55906128662378180715
2023/03/18 22:30:51, 0.00513982743023845753, 194.55906128615020981534
2023/03/18 22:35:39, 0.00513874236463653283, 194.60014319490616508717
2023/03/19 00:45:40, 0.00513768758055925676, 194.64009524128094429891
2023/03/19 04:59:09, 0.00517814823350058606, 193.11923006189599074127
2023/03/19 05:33:25, 0.00517639933585542266, 193.18447730129492039308
2023/03/19 05:42:45, 0.00517815349646305185, 193.11903377971549288324
2023/03/19 06:57:58, 0.0051781534964631076, 193.11903377971341380299
2023/03/19 09:13:13, 0.00517815349648108839, 193.11903377904282092903
2023/03/19 11:12:54, 0.00518085702069951671, 193.01825856313257265148
2023/03/19 11:39:08, 0.00518121357172102112, 193.00497579524295887981
2023/03/19 13:59:55, 0.00504390597137130163, 198.2590487760672992197
2023/03/19 15:20:42, 0.00507730916444362098, 196.95471904744281473878
2023/03/19 16:55:54, 0.00509439095568922101, 196.294318339121232953
2023/03/19 17:19:06, 0.00511155905197190722, 195.63502834115275959197
2023/03/19 17:58:35, 0.0051115590519948521, 195.63502834027458870875
2023/03/19 18:05:38, 0.00511379783516226398, 195.54938076042839498952
2023/03/19 18:13:22, 0.00508004855153647085, 196.84851234296727336519
2023/03/19 20:58:42, 0.0050779280819702881, 196.93071344405290551014
2023/03/19 22:46:22, 0.00510415295613940849, 195.91889361332204599621
2023/03/20 08:16:16, 0.00509729314906147832, 196.18255626206657978991
2023/03/20 13:12:05, 0.0051318350680773324, 194.86206916908087366215
2023/03/20 14:51:27, 0.0049630504041426999, 201.48898733031032546008
2023/03/20 14:51:37, 0.00506290372774518926, 197.51511262596320320308
2023/03/20 15:21:04, 0.00507995603355336208, 196.85209741874738659236
2023/03/20 19:02:29, 0.00512703687189671256, 195.04443306842394025723
2023/03/20 20:48:21, 0.00507209980796355125, 197.15700358063342887988
2023/03/21 04:10:39, 0.00507209980796969165, 197.15700358039474595048
2023/03/21 04:13:32, 0.00506837740872715495, 197.30180279750213451598
2023/03/21 04:22:51, 0.00505932838318558068, 197.65469332321833340983
2023/03/21 05:24:21, 0.00505754480804057165, 197.72439750018285860456
2023/03/21 11:10:13, 0.00505415904539805873, 197.85685235024917054601
2023/03/21 12:19:07, 0.00505415904540051641, 197.85685235015295870584
2023/03/21 12:36:34, 0.00505482946776109525, 197.83061058297657929412
2023/03/21 15:01:03, 0.00498755174196749928, 200.49917308838143913347
2023/03/21 16:15:01, 0.00498120768388923941, 200.75452851209319089595
2023/03/21 18:17:07, 0.00497789416037917378, 200.88816029062146161858
2023/03/21 19:23:56, 0.00497725152331907973, 200.91409793434551804626
2023/03/21 22:14:16, 0.00500733857140985461, 199.70688734922957768422
2023/03/21 23:10:46, 0.00484222770249860132, 206.51651707415526072059
2023/03/21 23:13:21, 0.00465025833776141544, 215.04181646849953064384
2023/03/21 23:18:10, 0.00478594983838701774, 208.94493961872038363506
2023/03/22 00:16:38, 0.00484787497233170168, 206.27594682356794111874
2023/03/22 00:28:22, 0.00485256773158052372, 206.07646411445168215248
2023/03/22 00:46:00, 0.00485256773158052533, 206.07646411445161402059
2023/03/22 00:48:51, 0.00486825640428143303, 205.41235238155097390536
2023/03/22 04:18:08, 0.00487470006680915283, 205.14082636771805004401
2023/03/22 05:03:35, 0.0048763116467194939, 205.07302905316630502335
2023/03/22 05:07:21, 0.00488895565986123948, 204.54266096338096996458
2023/03/22 08:57:56, 0.00488895565986345129, 204.54266096328843277791
2023/03/22 11:02:19, 0.00476235403636110478, 209.98018886560897228124
2023/03/22 11:16:11, 0.00466695228169681907, 214.2726001124695805478
2023/03/22 11:16:24, 0.00475726924517990484, 210.20462548198345060753
2023/03/22 11:49:18, 0.00474975912269237046, 210.53699233344625282134
2023/03/22 12:01:09, 0.00474975912272375038, 210.53699233205531222877
2023/03/22 12:02:04, 0.00474975912272375038, 210.53699233205531222877
2023/03/22 12:04:54, 0.00474975912274306337, 210.53699233119924779346
2023/03/22 12:07:35, 0.00474652557864691916, 210.68041948381696912833
2023/03/22 12:43:50, 0.00481082453045990868, 207.86457574340198978099
2023/03/22 13:20:43, 0.00482018369448512714, 207.46097314592406328299
2023/03/22 16:29:05, 0.00481396422817089501, 207.72900516129471953681
2023/03/22 17:59:09, 0.00481396422817104299, 207.72900516128833381521
2023/03/22 19:13:19, 0.00475698470135592109, 210.21719908305823769639
2023/03/22 21:15:52, 0.00475698470135594679, 210.21719908305710203601
2023/03/22 21:25:44, 0.00476700324823619305, 209.77539723095496198791
2023/03/22 21:48:20, 0.00476700324823976219, 209.77539723079789923138
2023/03/22 22:08:32, 0.00477339804551220538, 209.49436658444348496551
2023/03/22 22:09:49, 0.00479889865018260434, 208.38114594521572107596
2023/03/22 22:17:04, 0.004801452436804597, 208.27031261097060492373
2023/03/22 22:24:58, 0.00480452901610753107, 208.1369467532462941414
2023/03/22 22:26:35, 0.00480437926105302257, 208.14343449247598875677
2023/03/22 23:54:17, 0.00469041253761163335, 213.20086281988360672076
2023/03/23 01:41:30, 0.00475373412636498945, 210.36094434769414681612
2023/03/23 02:56:18, 0.00478555381334722252, 208.96223070586618613365
2023/03/23 03:20:34, 0.00484951128456777714, 206.20634561305636708309
2023/03/23 03:55:10, 0.00477270765839762202, 209.52467060086762558753
2023/03/23 06:12:03, 0.00463247979167568826, 215.86710465460530936506
2023/03/23 06:51:33, 0.00472702614960668769, 211.54949609982695357125
2023/03/23 09:03:50, 0.0047481209344079806, 210.60963143405802663886
2023/03/23 09:59:38, 0.00464287986863782413, 215.38356112870744813277
2023/03/23 10:33:08, 0.00464287986865166828, 215.38356112806521677272
2023/03/23 11:54:32, 0.0046432569060561133, 215.36607175358285032575
2023/03/23 12:47:10, 0.00473799655577174504, 211.05967221141547341702
2023/03/23 13:37:45, 0.00476444008804053451, 209.88825161431902599395
2023/03/23 16:24:03, 0.00474328140517113476, 210.82451463027220421657
2023/03/23 20:31:39, 0.00474480583127881585, 210.75678026859971401359
2023/03/23 21:43:48, 0.00459648266762237231, 217.55765708505784713785
2023/03/23 22:03:08, 0.00460711731601747863, 217.0554668801939766402
2023/03/24 00:03:46, 0.00460880747629216646, 216.97586743295912180589
2023/03/24 00:52:10, 0.00460996529073761022, 216.92137292426264206987
2023/03/24 06:45:50, 0.00460131196648354456, 217.32931982967215939166
2023/03/24 12:33:22, 0.00463031754427355129, 215.9679094226980512922
2023/03/24 13:52:37, 0.00493641466130885268, 202.5761749388487616952
2023/03/24 13:52:37, 0.00473199997402824935, 211.32713556393399633171
2023/03/24 13:53:44, 0.00471246797925983339, 212.20303340014749552841
2023/03/24 15:35:45, 0.00478873261002267618, 208.82352000757559103088
2023/03/24 16:07:19, 0.00479511555213736117, 208.5455478865911468577
2023/03/24 16:11:36, 0.00485917871939719565, 205.79609389712975630551
2023/03/24 16:29:15, 0.00479946942204194872, 208.35636443633117032031
2023/03/24 18:44:27, 0.00489793667799801981, 204.16760479817789322299
2023/03/24 19:27:17, 0.00483533119261230022, 206.81106632940843226025
2023/03/24 21:41:04, 0.0048706587255450336, 205.31103826990025576339
2023/03/25 00:58:08, 0.00487065872554518504, 205.31103826989387231772
2023/03/25 06:18:17, 0.00487319856077727223, 205.20403335268583910798
2023/03/25 08:55:59, 0.00487630403715084185, 205.07334907367392193798
2023/03/25 08:59:45, 0.00487757460654407611, 205.01992909720621817715
2023/03/25 09:15:00, 0.00487189322752469557, 205.25901395997517525952
2023/03/25 10:57:25, 0.00490369271227238608, 203.92794954245755869011
2023/03/25 11:18:15, 0.00490159164786774392, 204.01536313923927099081
2023/03/25 11:20:44, 0.00489908646030676384, 204.11968804840881706647
2023/03/25 11:29:19, 0.00490035998566486958, 204.06664059891965212021
2023/03/25 13:01:21, 0.00489755268077845539, 204.18361275106328524703
2023/03/25 13:19:19, 0.00489777213561333385, 204.17446388096878862662
2023/03/25 23:12:27, 0.00496164256409392816, 201.54615877345354440947
2023/03/25 23:17:09, 0.00499373262829610841, 200.25100950212586981135
2023/03/25 23:24:30, 0.00500659755471209055, 199.73644557446479453341
2023/03/25 23:28:11, 0.00500659755471211298, 199.73644557446389944078
2023/03/25 23:53:40, 0.00494284486684792535, 202.31264118910220784754
2023/03/26 00:51:03, 0.00494347824689704274, 202.28672000886967519638
2023/03/26 00:56:27, 0.00494313154938403297, 202.30090783738310356775
2023/03/26 05:06:17, 0.00484106867555238668, 206.56596033228049889733
2023/03/26 10:46:08, 0.00483862157004901987, 206.67042989887490682806
2023/03/26 13:58:04, 0.0048376997989125453, 206.7098087038777300118
2023/03/26 17:31:10, 0.00484402066442142105, 206.44007721619451069948
2023/03/26 18:04:11, 0.00485667476304989571, 205.90219621213008196425
2023/03/26 18:24:19, 0.00485539614677809428, 205.95641833747636872823
2023/03/26 21:02:28, 0.0048566622950880918, 205.90272480163491772254
2023/03/27 03:23:28, 0.00485617146033683791, 205.92353630170981378848
2023/03/27 04:03:52, 0.00485414670482483187, 206.00943086578721084462
2023/03/27 05:56:50, 0.00485572921144148842, 205.9422913542447255594
2023/03/27 06:07:26, 0.004887433498140905, 204.60636454294113047043
2023/03/27 06:25:45, 0.00490014403729378607, 204.07563377509864428765
2023/03/27 14:12:44, 0.00490332424501251453, 203.94327399766884996145
2023/03/27 14:46:08, 0.00489709174829201593, 204.20283127200448754579
2023/03/27 17:41:52, 0.00489963503589404807, 204.0968342895212436626
2023/03/27 17:55:45, 0.00483791045374439012, 206.7008080370796313185
2023/03/27 19:16:14, 0.0048581517412481506, 205.83959770327823934371
2023/03/27 19:31:50, 0.00485947521621949578, 205.78353742031542488722
2023/03/27 21:02:20, 0.00485947521623985892, 205.78353741945310969545
2023/03/27 21:28:21, 0.00489120585889467772, 204.44856112148621541338
2023/03/28 00:27:17, 0.00489120585889473651, 204.44856112148375833311
2023/03/28 04:02:37, 0.00489183794386207121, 204.42214388044652242588
2023/03/28 04:50:07, 0.00486206870105058491, 205.67377005263669799614
2023/03/28 07:54:46, 0.00483436080923730399, 206.8525787502744620802
2023/03/28 09:13:24, 0.00484473734619687051, 206.40953854495377420713
2023/03/28 09:17:03, 0.00484641899263697813, 206.33791703096050826588
2023/03/28 10:44:39, 0.00485254145133790185, 206.07758017693767965166
2023/03/28 13:24:25, 0.00485254145133791292, 206.07758017693720940159
2023/03/28 14:59:43, 0.00485386316660027072, 206.02146489852889833244
2023/03/29 00:01:55, 0.00476338575513111677, 209.93470850493275635458
2023/03/29 00:01:55, 0.00485692834176428943, 205.89144612266358836591
2023/03/29 08:54:36, 0.0048613366230758206, 205.70474285882492847026
2023/03/29 09:25:28, 0.00486209252870803999, 205.67276210716643530197
2023/03/29 09:56:19, 0.00481626836683022603, 207.62962605801366173992
2023/03/29 11:23:37, 0.00481195216516630817, 207.81586467941094398387
2023/03/29 11:41:52, 0.00481819147214987643, 207.54675395948931134156
2023/03/29 12:26:07, 0.00481734841279871964, 207.58307564867062824635
2023/03/29 13:11:56, 0.00487359976698451422, 205.18714047352700518705
2023/03/29 14:45:55, 0.00480170145202266477, 208.25951175676713998722
2023/03/29 16:34:53, 0.00479681788311320955, 208.47153766675511517872
2023/03/29 16:34:53, 0.00482782455780158462, 207.13263044822895550487
2023/03/29 16:44:47, 0.00477370740776023067, 209.48079020812644409361
2023/03/29 17:20:05, 0.00476745595311943206, 209.75547751955254861268
2023/03/29 19:54:09, 0.00478076530453629157, 209.17153139710433901258
2023/03/29 19:54:09, 0.00482723425119408187, 207.15796001667754919822
2023/03/29 20:08:38, 0.00484215167268295816, 206.51975972613764177866
2023/03/29 22:40:55, 0.00469499324523320166, 212.99285169692075081005
2023/03/29 22:40:55, 0.0047882876254555821, 208.84292636970714577215
2023/03/29 23:06:06, 0.00473605436294428847, 211.14622497245251309118
2023/03/30 00:14:52, 0.00473913055387229369, 211.00916900947380041578
2023/03/30 00:40:30, 0.00475144529865027249, 210.46227771664902152954
2023/03/30 02:57:36, 0.00474179914795419152, 210.89041707543462790001
2023/03/30 03:37:33, 0.00474084729100714087, 210.93275919198844271369
2023/03/30 05:06:18, 0.00474207826483919317, 210.87800414738844959507
2023/03/30 07:32:16, 0.00474207826483929153, 210.87800414738407577582
2023/03/30 07:58:11, 0.00474515079416189582, 210.74145867615642269249
2023/03/30 12:25:35, 0.00475129883501699948, 210.46876543104705393688
2023/03/30 14:23:16, 0.00469870469627632823, 212.82461117262572316102
2023/03/30 14:47:03, 0.00469870469627688007, 212.82461117260072794519
2023/03/30 15:20:52, 0.00470795650231616109, 212.40638045573118737807
2023/03/30 15:50:37, 0.00475159211764960343, 210.45577466246293271476
2023/03/30 16:57:27, 0.00478244199835614913, 209.09819718539738774423
2023/03/30 22:17:42, 0.00484444092723754735, 206.42216821709320858605
2023/03/30 22:18:51, 0.00487558982423366195, 205.10338975391116552887
2023/03/30 22:52:54, 0.00487558982423375975, 205.10338975390705118622
2023/03/31 02:08:49, 0.00487558906531903042, 205.10342167948187613463
2023/03/31 02:35:29, 0.00487863071196824606, 204.97554724664898601076
2023/03/31 04:27:10, 0.0048755981860436472, 205.10303799490498614002
2023/03/31 04:32:01, 0.00488534149053443608, 204.69398135985866399978
2023/03/31 04:48:30, 0.00458830018911064995, 217.94563537348456755348
2023/03/31 04:48:30, 0.00471411331492229575, 212.1289695847040374217
2023/03/31 05:02:19, 0.00477543808644669781, 209.40487174111365986753
2023/03/31 06:07:20, 0.00477686638280187572, 209.34225910113253092486
2023/03/31 09:52:13, 0.00483461275005588539, 206.84179927098412701014
2023/03/31 14:10:06, 0.00483417363960868688, 206.86058767242528387637
2023/03/31 15:11:37, 0.00483417363961792314, 206.86058767203005231849
2023/03/31 16:52:10, 0.00482139048771958958, 207.40904569896759163381
2023/03/31 17:45:51, 0.00481427221487345651, 207.71571597271739876483
2023/03/31 18:24:25, 0.00481606395718056001, 207.63843854462101393504
2023/03/31 19:15:15, 0.00481606395719994902, 207.63843854378508163526
2023/03/31 19:19:51, 0.00481581678219529957, 207.64909572497233369326
2023/03/31 19:42:01, 0.00481589886033444645, 207.6455567280234950395
2023/03/31 19:44:36, 0.00483290609712835005, 206.91484169207984292292
2023/03/31 20:30:31, 0.00483440670330197014, 206.85061505416692528537
2023/03/31 21:11:16, 0.00483440670332621896, 206.85061505312938647405
2023/03/31 21:41:08, 0.00481916181996045391, 207.50496400807848553156
2023/04/01 01:34:40, 0.00466524823594447834, 214.35086611153291621137
2023/04/01 01:35:36, 0.00473400266000286563, 211.23773513033781673972
2023/04/01 02:58:28, 0.00473302381374863501, 211.28142163476313996309
2023/04/01 03:34:16, 0.00473302381376227736, 211.28142163415414766473
2023/04/01 03:48:27, 0.0046096678793567823, 216.93536848462424770041
2023/04/01 03:48:27, 0.00473506478335816857, 211.1903523505305026459
2023/04/01 03:56:04, 0.00467382825824601271, 213.95736957936030499611
2023/04/01 04:47:11, 0.00473577673083037613, 211.15860329518932723313
2023/04/01 09:03:40, 0.00473670905345030923, 211.11704111773150283677
2023/04/01 12:23:50, 0.00473826312817194926, 211.04779809596730524732
2023/04/01 13:47:55, 0.00473811647306246446, 211.05433048876774751142
2023/04/01 14:31:17, 0.00474122533825487523, 210.91594021727611708399
2023/04/01 15:26:11, 0.00474122533826491621, 210.91594021682943872705
2023/04/01 15:31:02, 0.00472378180775195525, 211.69479046617933498449
2023/04/01 15:49:38, 0.00471933198873344331, 211.89439572959059087178
2023/04/01 17:18:48, 0.00472153946600051699, 211.79532802826952052039
2023/04/01 21:03:52, 0.00471869102128794519, 211.923178586729029276
2023/04/01 22:09:54, 0.00471579411829643868, 212.05336257581276805989
2023/04/01 22:47:16, 0.00472200963257407888, 211.77423974352979065726
2023/04/02 04:50:22, 0.00470359440201206396, 212.60336553939013761967
2023/04/02 06:19:30, 0.00470669761415954931, 212.46319223729541357419
2023/04/02 08:44:44, 0.00470085973757224886, 212.72704480147887276221
2023/04/02 12:25:15, 0.00461769698849753425, 216.55816795492491402479
2023/04/02 15:38:25, 0.00461089058868231385, 216.87784187604783936701
2023/04/02 18:52:11, 0.00468026789705768737, 213.66298297340271752105
2023/04/02 19:31:48, 0.00469483036870113648, 213.00024100267082554023
2023/04/02 19:37:54, 0.00468755440764684899, 213.33085720961257533176
2023/04/02 19:52:37, 0.00469064983206429977, 213.19007723923654585909
2023/04/02 20:02:26, 0.00466604485175077897, 214.3142708164888475347
2023/04/02 20:36:11, 0.0047954219401217606, 208.53222354290037528707
2023/04/02 20:44:10, 0.00466642511696403619, 214.29680642782870765515
2023/04/02 22:09:56, 0.00466642511697989325, 214.29680642710050185931
2023/04/02 22:37:44, 0.00466749452885334882, 214.24770694817876643264
2023/04/02 23:41:26, 0.00466749452885347905, 214.24770694817278868684
2023/04/03 02:11:44, 0.00467985581883111569, 213.68179677162987903811
2023/04/03 07:19:12, 0.00468604258167961891, 213.39968268951791230759
2023/04/03 09:47:47, 0.00485819478596327284, 205.83777391744124190655
2023/04/03 11:09:34, 0.0047926485368390758, 208.6528966840401758074
2023/04/03 16:12:26, 0.00480681998375589777, 208.03774707174107440531
2023/04/03 17:18:24, 0.00489249492771593325, 204.3946932545622737584
2023/04/03 18:24:18, 0.00489178315883661051, 204.42443328535135587583
2023/04/03 20:28:26, 0.00489494510358655911, 204.29238302739969302725
2023/04/03 21:45:14, 0.00489028127718839183, 204.4872152169819412454
2023/04/03 22:51:51, 0.00478693480197194585, 208.90194693858305166589
2023/04/03 23:26:18, 0.00479319145411726055, 208.62926289769188483648
2023/04/04 00:25:31, 0.00479506924471648946, 208.54756187345224295072
2023/04/04 03:48:32, 0.00491157687332243702, 203.60060033501009385499
2023/04/04 07:23:13, 0.0049179143091497705, 203.33823184749312231103
2023/04/04 12:42:22, 0.00491791430917809811, 203.33823184632187639562
2023/04/04 13:31:34, 0.00498152825957063577, 200.74160938036940217422
2023/04/04 16:48:21, 0.00498152808270260077, 200.74161650765512738617
2023/04/04 17:38:21, 0.00499431080273799017, 200.22782712116718424334
2023/04/04 20:49:37, 0.00507064568269008659, 197.21354292486839503706
2023/04/04 22:13:20, 0.00507228225007609006, 197.14991214950604378598
2023/04/05 10:22:13, 0.00507228225007611902, 197.14991214950491783051
2023/04/05 11:14:31, 0.00514937628406723529, 194.19827661344451545299
2023/04/05 12:16:28, 0.00508326423284961765, 196.72398565034103254801
2023/04/05 13:53:23, 0.00512499545758697371, 195.12212416102995243262
2023/04/05 15:27:23, 0.00513143074836038895, 194.877422894096967989
2023/04/05 17:22:20, 0.00512329487355516031, 195.18689138149866252881
2023/04/05 19:24:32, 0.00511765080966529194, 195.40215563582046688585
2023/04/05 20:06:09, 0.00507747425690877612, 196.94831512721668343742
2023/04/05 21:46:37, 0.00443931904040720457, 225.2597731539189379234
2023/04/05 21:46:37, 0.00481840556468192967, 207.5375321931854715289
2023/04/05 22:00:10, 0.00483131422894802613, 206.98301799710111734265
2023/04/05 22:02:58, 0.00492537102723365162, 203.03038988753153700117
2023/04/05 22:26:57, 0.00493167362969312942, 202.77092019615751210696
2023/04/06 00:58:05, 0.00493192449271607407, 202.76060622519530409377
2023/04/06 09:08:07, 0.00498528831926499368, 200.5902038073968541635
2023/04/06 10:35:42, 0.00499003842238365361, 200.39925855366812669398
2023/04/06 12:55:11, 0.00498519130724401022, 200.59410730073572823598
2023/04/06 13:50:55, 0.00499823657360309326, 200.07056194203450968842
2023/04/06 15:56:49, 0.0050172649852810473, 199.31177702067971664283
2023/04/06 17:02:26, 0.00475242412964349888, 210.41892994407773617622
2023/04/06 17:02:26, 0.00481208386527032657, 207.81017704557885726055
2023/04/06 17:50:38, 0.00480824594275817414, 207.97605029046534920352
2023/04/06 18:03:41, 0.00481446252911338064, 207.70750503362158163646
2023/04/06 18:30:25, 0.0047530668973406366, 210.39047452908872969529
2023/04/06 19:07:28, 0.00475924765638702271, 210.11724377443909481512
2023/04/06 20:31:01, 0.00475924765638706487, 210.11724377443723366735
2023/04/06 22:22:34, 0.00477403663817785843, 209.4663438489398212632
2023/04/07 00:09:50, 0.00477367605199583406, 209.48216617713478033529
2023/04/07 00:20:55, 0.00477986921479061058, 209.21074511947844502144
2023/04/07 02:29:39, 0.00479475444524751032, 208.56125405779334715691
2023/04/07 03:23:34, 0.00479331952120859944, 208.62368877672013112557
2023/04/07 03:51:33, 0.00479393992714157439, 208.59668982048720005984
2023/04/07 06:46:10, 0.00482391194377236464, 207.30063310774002675394
2023/04/07 12:17:00, 0.00476765177246729062, 209.74686233900290361819
2023/04/07 14:43:02, 0.00477260277066043263, 209.52927533535753072464
2023/04/07 15:58:40, 0.00479739628267603125, 208.44640323150267475859
2023/04/07 16:26:51, 0.00476326103736085977, 209.94020528298857218733
2023/04/07 17:23:35, 0.00476944727489681249, 209.66790119755231169549
2023/04/07 17:26:18, 0.00476919586712423499, 209.67895382392575105894
2023/04/07 17:26:18, 0.00477167141846290078, 209.57017202205640309314
2023/04/07 20:38:58, 0.00477476675970149088, 209.43431382657067278402
2023/04/07 21:03:55, 0.00477402774944684388, 209.46673385295420721637
2023/04/07 22:10:48, 0.00477402774945671375, 209.46673385252115414264
2023/04/07 22:12:05, 0.00477293741911279235, 209.51458445601889791809
2023/04/07 22:17:20, 0.00477659253472639076, 209.35426095692318893306
2023/04/08 02:16:06, 0.00478279083746170413, 209.08294633488810023748
2023/04/08 03:13:17, 0.00477967338840237563, 209.21931662243847971448
2023/04/08 03:49:12, 0.00479605855371593975, 208.50454363723513737824
2023/04/08 04:11:04, 0.00479270582372789778, 208.6504026700667862612
2023/04/08 04:17:16, 0.00478787125866474842, 208.86108793971250131436
2023/04/08 09:23:46, 0.00478787125867523723, 208.86108793925494855258
2023/04/08 15:33:01, 0.00478675089478319466, 208.90997296095826965151
2023/04/08 16:28:06, 0.00479359585689981936, 208.61166227866648657386
2023/04/08 16:33:25, 0.00477551126725461239, 209.40166278256709670374
2023/04/09 01:05:04, 0.00478172642635041072, 209.12948814665600560578
2023/04/09 02:40:24, 0.0047822859883718979, 209.10501848519609753153
2023/04/09 07:19:47, 0.00481498375876971416, 207.68502036557480293049
2023/04/09 07:31:51, 0.00480918040927095309, 207.9356386947427565607
2023/04/09 09:01:23, 0.00440150501292972875, 227.19501558272229022928
2023/04/09 09:01:23, 0.00440721328163619512, 226.90075022390250642193
2023/04/09 09:01:25, 0.00465589785684067593, 214.78134416775282737428
2023/04/09 09:02:19, 0.00472052662257806253, 211.84077115825294188554
2023/04/09 09:44:49, 0.00472209383210020266, 211.77046360284609345721
2023/04/09 10:08:49, 0.00476436452487185238, 209.89158045729028382541
2023/04/09 12:34:39, 0.0047635161101259256, 209.9289635809722429201
2023/04/09 15:02:40, 0.00479324120086387846, 208.62709763484707249971
2023/04/09 15:12:30, 0.00482932370245929601, 207.06833122218700729518
2023/04/09 15:13:44, 0.00482377020536483566, 207.30672428960929610502
2023/04/09 15:15:02, 0.00481822387175859303, 207.5453583345043239838
2023/04/09 15:16:28, 0.0048126846409337078, 207.78423574539266667581
2023/04/09 15:18:32, 0.0048071516659449095, 208.02339295517873361321
2023/04/09 15:25:41, 0.00480715166595962156, 208.02339295454208788818
2023/04/09 15:29:04, 0.0048436042011730735, 206.45782736702759371783
2023/04/09 15:55:52, 0.00484331429269333602, 206.47018540766769279142
2023/04/09 15:57:43, 0.00477748033564229063, 209.31535657813622555894
2023/04/09 16:52:28, 0.00477216769840507568, 209.54837784393323048449
2023/04/09 21:58:03, 0.00478733000490581587, 208.88470169703156360684
2023/04/09 22:11:20, 0.00482310079908047556, 207.33549673907915368569
2023/04/09 22:27:11, 0.00485301133292083333, 206.05762719250441429046
2023/04/09 22:29:58, 0.00483889454332211486, 206.658771140206710366
2023/04/09 22:33:04, 0.00485086690118135925, 206.14871947042379242969
2023/04/09 22:33:04, 0.0048808624579550371, 204.8818233691788411521
2023/04/09 22:34:30, 0.00491095032923361693, 203.62657590879278164815
2023/04/09 22:34:30, 0.0048363561154030713, 206.76723883403653374815
2023/04/09 22:37:23, 0.00483874872187734543, 206.66499904793948651994
2023/04/09 22:53:03, 0.00486870621456395292, 205.3933747344747482667
2023/04/09 22:53:27, 0.00489875601786747346, 204.13345681080071699444
2023/04/09 22:56:47, 0.0048515195817412825, 206.12098604394071786919
2023/04/09 23:01:45, 0.00485271765898220205, 206.07009726787560982649
2023/04/10 01:37:48, 0.00486350790078558425, 205.61290747332264811736
2023/04/10 01:52:08, 0.00487935392701244828, 204.94516588844463740186
2023/04/10 02:32:08, 0.00486475804469438841, 205.56006913655693214156
2023/04/10 02:59:42, 0.00486417450681398817, 205.58472945391825196366
2023/04/10 09:15:57, 0.0048821844984427811, 204.82634368261983014457
2023/04/10 11:42:09, 0.00488819520790270656, 204.57448147392066180975
2023/04/10 12:17:15, 0.00489029982786848705, 204.48643952284322281374
2023/04/10 12:27:25, 0.00488832704714151491, 204.56896405586392477636
2023/04/10 12:31:13, 0.00490159588513768847, 204.01518677460483063822
2023/04/10 12:36:36, 0.00484310189371657908, 206.47924035986027435564
2023/04/10 12:53:24, 0.00483408831611053782, 206.86423884050811736774
2023/04/10 16:27:06, 0.00483408831613256615, 206.86423883956546308307
2023/04/10 16:32:00, 0.00478033957919880886, 209.19015970149997211923
2023/04/10 17:38:37, 0.00478632044691005231, 208.92876084917777344488
2023/04/10 18:10:39, 0.00480188818734259787, 208.25141298290157593045
2023/04/10 18:19:22, 0.00481114648986123775, 207.85066555494589102562
2023/04/10 18:41:02, 0.00481984176891115307, 207.47569068556980211208
2023/04/10 19:09:48, 0.00483030723837273785, 207.02616845070208155366
2023/04/10 19:27:09, 0.00486040456877489391, 205.7441897788476609748
2023/04/10 20:35:47, 0.00485881277822378814, 205.81159341676980485551
2023/04/10 20:58:47, 0.00487737264902780814, 205.02841836358904395016
2023/04/10 21:11:17, 0.00488945868941155, 204.52161752906654487333
2023/04/10 22:04:46, 0.00489429728424892649, 204.31942359084934652569
2023/04/10 22:45:43, 0.00486509225033505225, 205.5459482666811440864
2023/04/11 07:05:11, 0.00486803685881961065, 205.42161635203343293808
2023/04/11 09:03:45, 0.00486804275072229745, 205.42136772558636031229
2023/04/11 09:28:04, 0.00481111914799095055, 207.85184678238214879243
2023/04/11 12:15:08, 0.00495704261784978378, 201.73318591191979084511
2023/04/11 13:51:01, 0.00499669470840012038, 200.13229912143013168061
2023/04/11 13:55:31, 0.00493363608199157177, 202.69026401240518598354
2023/04/11 14:10:03, 0.00493363608199165245, 202.69026401240187109196
2023/04/11 15:33:44, 0.00487253935308476399, 205.2317954839930327035
2023/04/11 16:19:11, 0.00486504098312198523, 205.54811428500687038776
2023/04/11 16:26:06, 0.00485927608269603419, 205.79197044617761506712
2023/04/11 16:47:22, 0.00486107744422914499, 205.71571045163156931739
2023/04/11 17:22:55, 0.00486107744425270103, 205.71571045063470255227
2023/04/11 17:47:31, 0.00486716613768075874, 205.45836565104545999973
2023/04/11 18:08:40, 0.00484895224160362187, 206.23011945138995000582
2023/04/11 21:42:38, 0.00484561893776321392, 206.37198526007288230996
2023/04/11 22:55:15, 0.00483424852332785939, 206.85738335016498357499
2023/04/11 23:09:29, 0.00474178826646464925, 210.89090102826824560505
2023/04/11 23:44:59, 0.00479604625166655686, 208.50507845968216670783
2023/04/12 02:00:40, 0.00464805870762570157, 215.14358206349228081812
2023/04/12 02:00:40, 0.0047740652401215195, 209.46508891331068355545
2023/04/12 02:17:10, 0.00477406524012155656, 209.46508891330905731147
2023/04/12 03:01:47, 0.00483457072855294456, 206.84359711483922232508
2023/04/12 03:59:25, 0.00483457072855295636, 206.84359711483871725836
2023/04/12 14:08:08, 0.00484355383903248761, 206.45997406725483658369
2023/04/12 17:19:39, 0.00484355383904077514, 206.45997406690157470315
2023/04/12 17:37:08, 0.00483262427684185839, 206.9269081794838968807
2023/04/12 20:01:18, 0.00483112792194643918, 206.99100006383283844017
2023/04/12 20:29:43, 0.0048320256669028831, 206.95254308136906467103
2023/04/12 21:11:06, 0.0048567483034960845, 205.89907845958569080009
2023/04/12 22:23:30, 0.00478246751033930466, 209.09708175498977641313
2023/04/12 22:33:21, 0.00478812583544576174, 208.84998313894619461035
2023/04/12 22:48:51, 0.00478270593919567482, 209.08665778606778887859
2023/04/12 23:44:57, 0.00484243636489368277, 206.50761820015270706433
2023/04/13 00:43:17, 0.00483717263002640773, 206.73233652910598488916
2023/04/13 06:58:05, 0.00483717263002652119, 206.7323365291011359099
2023/04/13 06:58:49, 0.00483717263002652119, 206.7323365291011359099
2023/04/13 07:01:09, 0.0048371726300510275, 206.73233652805377890835
2023/04/13 07:03:46, 0.00483417047400325385, 206.86072313289440391011
2023/04/13 07:56:52, 0.00483716375618081782, 206.73271578251258225445
2023/04/13 08:10:25, 0.00486634460162213386, 205.49305112232758130746
2023/04/13 20:41:10, 0.00486782523252292138, 205.43054695530120370435
2023/04/13 22:45:03, 0.00487082889877223243, 205.30386527271886467814
2023/04/13 23:27:42, 0.00487683900772125866, 205.05085331230933054887
2023/04/14 03:19:04, 0.00481580273730216233, 207.64970131650475092884
2023/04/14 04:35:10, 0.00482399081395659288, 207.29724383115257247024
2023/04/14 04:48:04, 0.00482312532963006579, 207.33444222497533632492
2023/04/14 05:44:07, 0.00482222335337922806, 207.37322324550533016745
2023/04/14 07:28:55, 0.00482521260333593104, 207.24475421220731107102
2023/04/14 10:37:41, 0.00482778281579048057, 207.13442135989380970425
2023/04/14 10:43:35, 0.00482591629756988343, 207.21453467884543995989
2023/04/14 13:38:32, 0.00482890668828380374, 207.08621320562327626619
2023/04/14 13:46:46, 0.00483489024556863778, 206.82992771480972637775
2023/04/14 17:02:09, 0.00483489024556866255, 206.82992771480866677239
2023/04/14 18:17:27, 0.00482257912441488326, 207.35792491975517194415
2023/04/14 19:04:02, 0.00482257912441585511, 207.35792491971338507786
2023/04/14 19:05:06, 0.0048225791244348745, 207.35792491889560237437
2023/04/14 19:27:20, 0.00482882926021996617, 207.08953373813165393736
2023/04/15 00:53:07, 0.00483351951367748984, 206.8885823612139179129
2023/04/15 05:46:23, 0.00483408452784759347, 206.86440095106410714897
2023/04/15 08:32:44, 0.00483408452784764442, 206.86440095106192694762
2023/04/15 09:06:48, 0.00484015247497412015, 206.60506154929487178258
2023/04/15 10:26:43, 0.00484623184867077326, 206.34588505588738337801
2023/04/15 11:22:28, 0.00484623184867083846, 206.3458850558846075608
2023/04/15 14:03:54, 0.00485562760295529406, 205.94660088664279637797
2023/04/15 14:07:34, 0.00486188405744206532, 205.68158108774812053717
2023/04/15 16:08:59, 0.00471503579570808789, 212.08746727018716781657
2023/04/15 17:34:46, 0.00471811784003897944, 211.94892410566378510757
2023/04/15 18:27:48, 0.00471998356051110379, 211.86514469379103567049
2023/04/15 20:46:51, 0.00472313208017463874, 211.72391180790878990446
2023/04/15 21:29:36, 0.00478501710364803761, 208.98566887830190203207
2023/04/16 00:52:40, 0.00481611035858819035, 207.63643802654537325389
2023/04/16 02:27:19, 0.00481704470745089018, 207.59616335991729219239
2023/04/16 10:57:44, 0.00482005604469777915, 207.4664673453399009853
2023/04/16 11:15:12, 0.00474506618127560384, 210.74521656749002221103
2023/04/16 11:46:32, 0.0047760290397721455, 209.37896140759394099747
2023/04/16 12:36:06, 0.00476962464906423394, 209.66010400759581989105
2023/04/16 13:14:26, 0.00483181047469031285, 206.96176003552651698057
2023/04/16 14:15:14, 0.00483082075723377876, 207.00416145694863408947
2023/04/16 16:48:15, 0.00483631134489245632, 206.76915291156399203459
2023/04/16 17:27:34, 0.00483631134489382741, 206.76915291150537318448
2023/04/16 19:26:24, 0.00485192942132095539, 206.10357512738641034006
2023/04/16 20:18:29, 0.00485511859318134261, 205.9681922918271321438
2023/04/16 20:33:57, 0.00485824624787744723, 205.83559354096077556051
2023/04/16 20:35:27, 0.0048781229822046148, 204.99688172028431336675
2023/04/16 23:06:34, 0.00487778660486071536, 205.01101852293000962699
2023/04/16 23:18:36, 0.00487232472822724923, 205.24083590049238141964
2023/04/16 23:26:58, 0.00487232472822725145, 205.24083590049228811959
2023/04/16 23:57:37, 0.00487221072039556684, 205.24563845605011770847
2023/04/17 00:01:46, 0.00487370838426631484, 205.18256759642778760646
2023/04/17 00:13:40, 0.00486737015627475526, 205.44975374655923336864
2023/04/17 01:30:55, 0.00487360883279529951, 205.18675878762341144313
2023/04/17 02:55:02, 0.00479845294971724936, 208.40050126133369183688
2023/04/17 03:02:43, 0.00492309786281849281, 203.1241360348453611126
2023/04/17 04:14:44, 0.00484680112448700106, 206.32164892176028531439
2023/04/17 05:33:52, 0.00487796714900275312, 205.00343062056886391664
2023/04/17 07:45:23, 0.00487859148528441737, 204.97719536803990574233
2023/04/17 09:30:34, 0.00489108659965913356, 204.45354618535916998148
2023/04/17 10:36:12, 0.00489108659966452555, 204.4535461851337779404
2023/04/17 12:35:04, 0.0048917121845325663, 204.42739929834123232475
2023/04/17 13:21:31, 0.00481609338529298129, 207.63716979694034591879
2023/04/17 13:40:33, 0.00483162446810148106, 206.96972759410996764271
2023/04/17 14:16:01, 0.00482532219161403766, 207.240047460023961347
2023/04/17 15:32:00, 0.00482581927291170862, 207.21870079412226347148
2023/04/17 17:01:18, 0.00483203494882876713, 206.95214554323311644767
2023/04/17 18:53:26, 0.00483396159395406728, 206.8696617802508105092
2023/04/17 20:42:16, 0.00483095679945189699, 206.99833211372463713387
2023/04/17 21:26:45, 0.00488082058229267413, 204.88358118057859721629
2023/04/17 21:35:45, 0.00488642367120754532, 204.64864843634761684785
2023/04/17 23:14:35, 0.0048894895446077252, 204.52032689237055520718
2023/04/17 23:32:52, 0.00481788832702927125, 207.55981295577348992946
2023/04/17 23:37:58, 0.00481730450695540218, 207.58496760089860722075
2023/04/18 00:10:37, 0.0048452812590055792, 206.3863677967860419029
2023/04/18 05:47:36, 0.00481363397632273977, 207.74325694865690977097
2023/04/18 06:29:00, 0.00481468280104661494, 207.69800240685018094437
2023/04/18 08:16:02, 0.00481404506422845523, 207.72551703569678505975
2023/04/18 09:34:36, 0.00484512454522167296, 206.39304328847716835959
2023/04/18 11:18:31, 0.00484014680934218191, 206.6053033907681627659
2023/04/18 11:44:16, 0.00485260013463753004, 206.07508804652333669616
2023/04/18 12:13:18, 0.00485397097458637252, 206.01688910700877150339
2023/04/18 12:25:21, 0.00485397097458651, 206.01688910700293669044
2023/04/18 18:06:33, 0.00485465636024216727, 205.98780341892551517325
2023/04/18 18:37:01, 0.00486088935758459975, 205.72367038958998347051
2023/04/18 23:05:51, 0.00486088935759235617, 205.72367038926171448626
2023/04/18 23:51:04, 0.00486213763088359834, 205.67085424487862027709
2023/04/19 00:33:29, 0.00485201233139745101, 206.10005327665465209421
2023/04/19 02:02:48, 0.00481164449287709442, 207.82915310562686704037
2023/04/19 04:50:18, 0.00487393703530822291, 205.17294186521246240882
2023/04/19 08:13:31, 0.00487456197793408192, 205.1466376931402043686
2023/04/19 08:53:37, 0.00487456197794403256, 205.14663769272143052373
2023/04/19 10:59:40, 0.00487391796174405494, 205.17374478789251442006
2023/04/19 11:33:01, 0.00493501069226067136, 202.63380615735030117714
2023/04/19 13:09:13, 0.00487042695958014594, 205.32080827800870546679
2023/04/19 19:54:13, 0.00479520365198843485, 208.54171638473131024337
2023/04/19 20:45:19, 0.00478636303192344386, 208.92690197762555261744
2023/04/19 21:50:51, 0.00478639277861462378, 208.92560352922823919585
2023/04/19 21:54:28, 0.00479259100737440035, 208.65540131867950674117
2023/04/19 23:01:18, 0.00479855748110052326, 208.39596148187754886957
2023/04/19 23:06:50, 0.00480603124577757036, 208.07188902039888148132
2023/04/19 23:42:35, 0.00486832080526729135, 205.40963506719762712667
2023/04/20 00:07:22, 0.0048996156817214552, 204.09764050078618715941
2023/04/20 00:09:20, 0.00492280356219848905, 203.13627943208181026054
2023/04/20 00:25:29, 0.00492239034058103235, 203.15333218412771001353
2023/04/20 01:46:58, 0.00493182010525855478, 202.76489787892905461199
2023/04/20 05:25:44, 0.00493182010528056722, 202.76489787802404372872
2023/04/20 05:45:33, 0.00477370036217891001, 209.48109938420172122513
2023/04/20 05:50:41, 0.00477370036219479693, 209.48109938350456643757
2023/04/20 06:36:11, 0.00478011236599149631, 209.20010314288477381612
2023/04/20 06:50:44, 0.00481909783617377308, 207.50771907838493287368
2023/04/20 09:11:59, 0.00481725493256859885, 207.58710385850225358809
2023/04/20 09:54:11, 0.00483333302653751164, 206.89656485689688701037
2023/04/20 10:33:12, 0.00485916625196798077, 205.79662191944887769056
2023/04/20 10:45:04, 0.00487496374578984709, 205.12973062899750424048
2023/04/20 12:03:55, 0.00488606785492585451, 204.66355148790189658827
2023/04/20 16:41:26, 0.00488606785492600872, 204.66355148789543734424
2023/04/20 17:10:25, 0.00495112995965958669, 201.97409644822869286231
2023/04/20 17:16:03, 0.00495112995968442826, 201.97409644721531763025
2023/04/20 17:26:33, 0.00496747701828380237, 201.30943662533274839509
2023/04/20 17:28:02, 0.00496822704019721382, 201.27904620886749763303
2023/04/20 18:17:15, 0.00488556188222384023, 204.68474744706617523016
2023/04/20 18:54:37, 0.00488239272879753217, 204.81760799408010439851
2023/04/20 20:19:51, 0.00488264470027439567, 204.80703827247594619534
2023/04/20 21:10:37, 0.00480528089728644952, 208.10437961383313513125
2023/04/20 22:36:40, 0.00481171936045115672, 207.82591940404395079963
2023/04/20 22:54:41, 0.00481229903298219274, 207.80088542841397518113
2023/04/20 23:02:39, 0.00481874218749797424, 207.52303424625171272094
2023/04/21 01:54:16, 0.00482196537794184482, 207.38431772540621340867
2023/04/21 09:15:50, 0.00481974726380218494, 207.47975884758811737137
2023/04/21 11:35:41, 0.00486233473466076449, 205.66251699447591194085
2023/04/21 12:52:16, 0.00490557843256863658, 203.84955897573623480648
2023/04/21 12:52:16, 0.00492940510982000619, 202.8642356879680977028
2023/04/21 16:06:01, 0.00493747256236318387, 202.53277104214991765601
2023/04/21 16:10:08, 0.00493747256236318942, 202.53277104214968992864
2023/04/21 17:00:14, 0.00493825484441133078, 202.50068728869052967611
2023/04/21 17:11:51, 0.0049447762705112602, 202.23361893309805879123
2023/04/21 20:04:31, 0.00494351717431467807, 202.28512711471067837671
2023/04/21 22:45:30, 0.00489993807398757998, 204.08421186151805427062
2023/04/21 22:49:19, 0.00476860459988682171, 209.70495226711269936666
2023/04/22 01:10:30, 0.00476860459988690313, 209.70495226710911909709
2023/04/22 03:02:33, 0.00476097074088908464, 210.04119840762886048694
2023/04/22 03:51:41, 0.00478730425327714722, 208.88582531921809603957
2023/04/22 03:55:51, 0.00479747978648009502, 208.44277506246644589962
2023/04/22 06:40:56, 0.00479087507701546966, 208.73013466737300530422
2023/04/22 07:07:11, 0.00478918549292512646, 208.80377289149904267334
2023/04/22 08:11:59, 0.00481808608156886775, 207.55129382710810116103
2023/04/22 08:29:21, 0.00479646621825393217, 208.48682227642836069841
2023/04/22 08:51:16, 0.00479967551247159084, 208.34741794556241360901
2023/04/22 09:23:31, 0.00476753478559511091, 209.75200915606414200723
2023/04/22 12:46:31, 0.00476661738323351894, 209.79237887175084503037
2023/04/22 19:45:33, 0.004775129827672735, 209.41838988435882779501
2023/04/23 00:41:34, 0.0047786522263116744, 209.26402521905927869418
2023/04/23 03:00:20, 0.00478505991111490534, 208.98379927849280490166
2023/04/23 03:49:26, 0.00478826536022234874, 208.8438974805614829822
2023/04/23 06:31:52, 0.0047848910645131342, 208.99117378375481486017
2023/04/23 09:31:55, 0.00479050757618310168, 208.74614727084156276397
2023/04/23 10:42:48, 0.00480787169279147078, 207.99223937263511732025
2023/04/23 14:35:17, 0.00482073039053951108, 207.43744598587377114841
2023/04/23 15:15:16, 0.00481763011870743599, 207.57093744430066878176
2023/04/23 17:05:32, 0.00485197129750339623, 206.10179629763154654887
2023/04/23 18:13:26, 0.00489077499952138635, 204.46657229127500072248
2023/04/23 23:48:39, 0.00487496417637830548, 205.12971251060908408353
2023/04/24 02:56:30, 0.00486564501033908952, 205.52259728670781934608
2023/04/24 07:54:08, 0.00486457089882387233, 205.56797727868951102095
2023/04/24 10:16:27, 0.00486521719178009009, 205.54066973403074144142
2023/04/24 11:04:26, 0.00485365719506421292, 206.0302076992419730991
2023/04/24 15:23:25, 0.00484516948436410273, 206.39112898467442494547
2023/04/24 16:12:15, 0.00484516948436414248, 206.39112898467273171806
2023/04/24 18:01:37, 0.00484516948439329528, 206.39112898343090097558
2023/04/24 18:08:23, 0.00475258995961103448, 210.41158789171932945622
2023/04/24 19:22:57, 0.00479829124371009263, 208.40752451424536258752
2023/04/25 00:51:53, 0.00479579139832734546, 208.5161586362525066915
2023/04/25 18:05:25, 0.00479579139832749756, 208.51615863624589351816
2023/04/25 19:04:55, 0.00478336375756676276, 209.05790374359642613345
2023/04/25 20:05:07, 0.00478973176577605341, 208.77995864930770318241
2023/04/25 21:10:45, 0.00478851155237490288, 208.83316017146111430471
2023/04/26 00:25:05, 0.00479169673545175625, 208.69434257001680362996
2023/04/26 01:08:16, 0.00479782696276801233, 208.42769190305887559329
2023/04/26 01:23:33, 0.00479782696277068125, 208.42769190294293190361
2023/04/26 01:46:59, 0.00479748073627918842, 208.4427337952327324312
2023/04/26 03:10:47, 0.00479748073628944901, 208.44273379478692648017
2023/04/26 06:55:16, 0.00479522544506749356, 208.54076861571309102636
2023/04/26 08:37:12, 0.00472820172172499985, 211.49689857884656434952
2023/04/26 08:37:12, 0.00477920875636872775, 209.23965680875722196429
2023/04/26 08:38:42, 0.00434847002622747967, 229.96594065696048661785
2023/04/26 08:38:42, 0.00437206697530975766, 228.72476694599371970495
2023/04/26 08:38:42, 0.00470140533684859527, 212.7023577742205943265
2023/04/26 08:51:14, 0.00480404810854614366, 208.15778222975196483506
2023/04/26 08:55:56, 0.00470378311944461336, 212.59483581761574331229
2023/04/26 10:15:21, 0.00470378311944325769, 212.59483581767701468933
2023/04/26 11:58:31, 0.00464446925272098083, 215.30985470818781121203
2023/04/26 12:05:30, 0.00474540627496374122, 210.73011288325167003804
2023/04/26 15:33:10, 0.00472278802851518379, 211.73933574029025348894
2023/04/26 15:59:17, 0.00473291699680929662, 211.28619003336664501542
2023/04/26 16:53:59, 0.00473291699680950242, 211.28619003335745760623
2023/04/26 17:23:01, 0.00483477545923731808, 206.8348382321253016801
2023/04/26 17:23:01, 0.00476697893308955421, 209.77646724188148063276
2023/04/26 18:38:08, 0.00476284946213811236, 209.95834698312834434117
2023/04/26 18:43:21, 0.00476770627943707721, 209.74446440061948174515
2023/04/26 18:55:18, 0.00477787580743629228, 209.29803123881928138064
2023/04/26 20:26:39, 0.00477792668221582443, 209.29580265895525352285
2023/04/26 21:11:15, 0.00478280657406894736, 209.08225840068947152805
2023/04/27 00:25:22, 0.00478891662615576232, 208.81549587609680239139
2023/04/27 00:31:53, 0.0047889166261557635, 208.81549587609675126616
2023/04/27 01:41:09, 0.00459461306552842493, 217.64618385443744232311
2023/04/27 01:41:09, 0.00465915172226002324, 214.63134484809783614125
2023/04/27 02:56:06, 0.00465447573327643419, 214.84696823117134355387
2023/04/27 03:46:27, 0.00465648367975569316, 214.75432295565694991182
2023/04/27 05:04:49, 0.00465648367978471655, 214.75432295431840778994
2023/04/27 05:08:50, 0.00475805644238251827, 210.16984815322335637179
2023/04/27 09:29:29, 0.00478874147503211346, 208.8231334294975627059
2023/04/27 15:40:05, 0.00481952498621377324, 207.48932786125083355553
2023/04/27 17:34:23, 0.0048710497591844489, 205.29455649975298171668
2023/04/27 17:34:23, 0.00482102929160881503, 207.42458498240988921811
2023/04/27 20:53:29, 0.00486739574669925348, 205.44867359062266393641
2023/04/27 21:06:42, 0.00480905996147877392, 207.94084665405221931438
2023/04/27 21:57:38, 0.00480659240477094303, 208.04759708924284195856
2023/04/28 05:52:30, 0.00475629781118807971, 210.24755801618089646583
2023/04/28 11:55:56, 0.00483111920023331959, 206.99137374869675289011
2023/04/28 23:21:53, 0.00484038407997957355, 206.59517581179632465351
2023/04/29 02:05:17, 0.00484038407998288143, 206.59517581165513895659
2023/04/29 02:41:05, 0.00483975216479983627, 206.62215046322692443513
2023/04/29 14:53:47, 0.00483835359859977521, 206.68187630796581025776
2023/04/29 16:05:08, 0.00473978885837622481, 210.97986215837130450543
2023/04/29 16:35:21, 0.00465041233849732257, 215.03469525094365766411
2023/04/29 16:35:21, 0.00480120720118226871, 208.28095062295081743954
2023/04/29 17:13:30, 0.00480120720118234467, 208.28095062294752223587
2023/04/29 17:24:36, 0.00480811019189217205, 207.98192222929533548223
2023/04/29 17:28:26, 0.00480811019189229352, 207.9819222292900812237
2023/04/29 18:10:29, 0.00474450115650756451, 210.77031430973487760943
2023/04/29 18:24:46, 0.00477146623036709837, 209.5791842003802306086
2023/04/29 19:04:38, 0.00481880889025063859, 207.52016167795926836506
2023/04/29 19:34:51, 0.00481880889025064681, 207.52016167795891446918
2023/04/30 03:02:31, 0.00484400474183583657, 206.44075579930347298714
2023/04/30 05:02:37, 0.00485885646247043081, 205.80974303808951567058
2023/04/30 06:01:27, 0.00486381207637702601, 205.60004874713079558239
2023/04/30 08:07:46, 0.00481594964397855913, 207.64336712912109803263
2023/04/30 10:32:21, 0.00482581946980710525, 207.2186923395150124902
2023/04/30 14:08:25, 0.00479609710749812423, 208.50286755800244253606
2023/04/30 15:43:39, 0.0048146195968781171, 207.70072897315030940587
2023/04/30 16:25:38, 0.00482941921708580491, 207.06423589448206554253
2023/04/30 17:01:31, 0.0048390035883048022, 206.65411416864016008139
2023/04/30 17:58:03, 0.00483900358834402859, 206.65411416696496083713
2023/04/30 23:29:20, 0.00473988295722245477, 210.97567366642202416759
2023/04/30 23:29:20, 0.00474969194195334662, 210.53997021725633428211
2023/04/30 23:53:55, 0.00470015591861553774, 212.75889934616396033276
2023/05/01 03:21:41, 0.00469099214347878473, 213.17452031765965248436
2023/05/01 03:51:57, 0.00469099214347883808, 213.17452031765722824422
2023/05/01 04:07:53, 0.00470072155473365727, 212.73329814504615304404
2023/05/01 04:52:15, 0.00469319412111723731, 213.07450196880950998843
2023/05/01 07:52:13, 0.00469319412111799241, 213.07450196877522803528
2023/05/01 10:27:27, 0.00474200477937159068, 210.88127206242920694996
2023/05/01 16:43:22, 0.00468771167275133492, 213.32370030622533015151
2023/05/01 18:46:00, 0.00466136617202738946, 214.52938110739869098065
2023/05/01 21:48:32, 0.00466330709563508242, 214.44009143983104267397
2023/05/01 21:51:05, 0.00464951338716945346, 215.07627072535076504533
2023/05/01 22:46:03, 0.00465856558266781417, 214.65834971187234260194
2023/05/01 23:05:19, 0.00466477606027213079, 214.37256302967363135519
2023/05/01 23:16:11, 0.00467254496706290462, 214.01613190436255837855
2023/05/01 23:41:35, 0.00468577700165986186, 213.41177773627851475191
2023/05/02 00:01:32, 0.00470412045732314134, 212.57959039787121401521
2023/05/02 00:11:10, 0.00471333259075242239, 212.16410697645314617857
2023/05/02 00:21:58, 0.00471333259077174223, 212.16410697558349023837
2023/05/02 00:44:42, 0.00469673738347569811, 212.91375658308067002808
2023/05/02 02:13:17, 0.0044432519719765246, 225.06038512039698961466
2023/05/02 02:13:28, 0.00461257452089442956, 216.7986653592512290326
2023/05/02 02:36:45, 0.00474959291927424669, 210.5443596948942869861
2023/05/02 04:17:42, 0.00477902476743632288, 209.24771238137850740759
2023/05/02 04:17:42, 0.00463196559814355099, 215.89106801673802551932
2023/05/02 05:15:31, 0.00462200733917036986, 216.35621205644723940522
2023/05/02 09:56:11, 0.00460356478505709711, 217.22296669875086743727
2023/05/02 19:45:02, 0.00461804123660331072, 216.54202480346970104929
2023/05/02 20:53:24, 0.00456885998814432403, 218.87297982316970276904
2023/05/02 21:09:23, 0.00457282477269275815, 218.68320998688497821581
2023/05/02 22:03:03, 0.00458244085870675482, 218.22431119868670582364
2023/05/02 22:28:25, 0.00456047602909519297, 219.27535494543579100584
2023/05/02 22:43:27, 0.0045518068207275221, 219.69297893889277620421
2023/05/03 00:27:58, 0.00446851281554170703, 223.78810160775434903326
2023/05/03 00:41:24, 0.00446698555545654644, 223.8646146456579280682
2023/05/03 01:10:44, 0.00446427035327707254, 224.00077075662167866693
2023/05/03 02:20:05, 0.00453979491425020462, 220.27426764611031516941
2023/05/03 06:50:17, 0.00449764935594348359, 222.33836407867936213673
2023/05/03 11:49:52, 0.00444243468972555447, 225.10178986149106005608
2023/05/03 12:45:12, 0.00444859389055974171, 224.79013023015584540231
2023/05/03 13:17:22, 0.00444708620194678469, 224.86634047305708883783
2023/05/03 14:41:41, 0.00446606111351401128, 223.91095298137879409346
2023/05/03 16:04:50, 0.00452112549424471116, 221.18386257425878034673
2023/05/03 17:45:22, 0.00452275012738130561, 221.10441033341032243486
2023/05/03 17:53:24, 0.00452275012738132467, 221.10441033340939056607
2023/05/03 18:49:05, 0.00451374564353995611, 221.54549214158613557836
2023/05/03 20:20:37, 0.00452673933730967522, 220.90956105157989191518
2023/05/03 21:52:07, 0.00453187339974989188, 220.65929733500249177525
2023/05/03 22:24:18, 0.00452321598971375366, 221.08163799254782201154
2023/05/03 22:47:34, 0.0045464674632619073, 219.95098570056416392866
2023/05/03 23:50:48, 0.00454399071053783594, 220.07087243398831154551
2023/05/04 03:13:37, 0.0045439907105788031, 220.07087243200422296258
2023/05/04 10:19:26, 0.00446186496223044245, 224.1215295543390507672
2023/05/04 11:25:19, 0.00447424486657498295, 223.5014018724228010533
2023/05/04 12:01:17, 0.00447320737185215666, 223.55323973856914629413
2023/05/04 17:57:18, 0.00451607710370183261, 221.43111754675292598709
2023/05/04 19:44:36, 0.0043794630777236504, 228.33849315605561357871
2023/05/04 20:09:22, 0.00431815518006188996, 231.58037594787584742086
2023/05/04 21:45:47, 0.00435888216941321412, 229.41661672277285527126
2023/05/04 22:08:10, 0.00436498208776379235, 229.09601457547017352636
2023/05/05 00:55:22, 0.00436909506024735256, 228.88034849564153444303
2023/05/05 01:20:16, 0.004360577967769891, 229.32739820070803496456
2023/05/05 03:28:35, 0.00440761917244728166, 226.87985528585517329372
2023/05/05 05:04:05, 0.00440761917245460142, 226.8798552854783922499
2023/05/05 07:32:24, 0.00441713040093051089, 226.3913240572070063441
2023/05/05 08:55:34, 0.00442284204930660923, 226.0989628053244484436
2023/05/05 14:50:15, 0.00438102451577840671, 228.25711118448811800054
2023/05/05 15:07:40, 0.00443330464788108924, 225.56536927322440765711
2023/05/05 15:24:10, 0.00442283583367739333, 226.09928055334217872173
2023/05/05 16:04:00, 0.00439322078684285613, 227.62343358541739192637
2023/05/05 17:45:47, 0.00436866209993365809, 228.90303189509343462939
2023/05/05 18:35:16, 0.00437150167698735947, 228.75434436277160677823
2023/05/05 18:44:26, 0.00437150167701422005, 228.75434436136603157695
2023/05/05 20:31:49, 0.00436867035605425118, 228.90259930327912404656
2023/05/05 20:36:09, 0.00436453852469217353, 229.11929734210078612008
2023/05/05 21:59:52, 0.00432995629441273736, 230.94921334203162984438
2023/05/05 22:08:15, 0.00433089995900728517, 230.89889156183989868476
2023/05/05 22:36:31, 0.00432676517647518421, 231.11954525220012562305
2023/05/05 22:43:01, 0.00430646220428919346, 232.20916672715946759183
2023/05/05 23:45:10, 0.00429838103850390416, 232.64573127468948423533
2023/05/06 00:48:21, 0.0042933808160892546, 232.91667868187798644645
2023/05/06 00:51:23, 0.00429944718068231148, 232.58804166569677685759
2023/05/06 01:17:58, 0.00430755567596987874, 232.15022050175647184159
2023/05/06 02:28:46, 0.00431695777849343664, 231.64460977169604881008
2023/05/06 04:06:48, 0.00431695777853784475, 231.64460976931314415809
2023/05/06 04:17:43, 0.00431520378086406268, 231.73876618168961195114
2023/05/06 05:17:24, 0.00435053333820035917, 229.85687552819899030593
2023/05/06 06:42:55, 0.00436465540506048971, 229.11316179521874812428
2023/05/06 10:58:57, 0.00432381904813005653, 231.27702359155732041427
2023/05/06 11:17:49, 0.0043708365162600104, 228.78915655616171747783
2023/05/06 11:33:44, 0.00435030318175491955, 229.86903629935013756102
2023/05/06 12:10:59, 0.00431817711439701295, 231.57919962707209559687
2023/05/06 13:12:52, 0.00432223905566317274, 231.36156679944842036551
2023/05/06 13:15:23, 0.00430840941429568339, 232.10421848070231677657
2023/05/06 15:48:50, 0.00430840941429572497, 232.1042184807000765932
2023/05/06 16:33:13, 0.00431773067146126903, 231.60314435767377255716
2023/05/06 16:34:41, 0.00434472478827106548, 230.16417580684984851533
2023/05/06 16:40:24, 0.00429114706863485311, 233.0379229622001737666
2023/05/06 19:39:30, 0.00429715584553001199, 232.71206257046044279196
2023/05/06 20:45:00, 0.00428652254385653917, 233.2893364653368967201
2023/05/06 20:53:06, 0.00428460523276246467, 233.39373073473517302959
2023/05/06 22:08:08, 0.00428460523276257714, 233.39373073472904624923
2023/05/07 00:07:31, 0.00428295496516623332, 233.48365979402429602401
2023/05/07 01:32:38, 0.00428232423264770808, 233.51804900156109256694
2023/05/07 02:51:45, 0.00427794595808877741, 233.75704363660585870169
2023/05/07 02:58:05, 0.00428592164864494941, 233.3220441199999944104
2023/05/07 04:14:18, 0.00424623567450592515, 235.50270796412070695422
2023/05/07 04:49:36, 0.00427263557730340306, 234.0475760001820647802
2023/05/07 06:57:46, 0.00430050594311043506, 232.53077968698913369199
2023/05/07 07:46:25, 0.00429840742121256972, 232.64430334477287901734
2023/05/07 07:53:34, 0.00429567676548101141, 232.79218958832073610986
2023/05/07 10:18:45, 0.00430498174233570834, 232.28902231242462690465
2023/05/07 17:28:52, 0.00429648488119770168, 232.74840425395302326065
2023/05/07 18:34:27, 0.00392311961023309565, 254.89918721611042268832
2023/05/07 18:34:27, 0.00402148424360919339, 248.66440831868635172149
2023/05/07 18:35:07, 0.00403048672355712458, 248.10899243390768535942
2023/05/07 18:37:53, 0.00391188781500629899, 255.63105265031476432978
2023/05/07 18:37:53, 0.00414394350323665405, 241.31603126802850741201
2023/05/07 18:38:09, 0.004255511707358399, 234.98936644231397136745
2023/05/07 18:57:47, 0.0042566147237441073, 234.92847365814742731592
2023/05/07 20:09:11, 0.0041482028705075626, 241.06824839973238185256
2023/05/07 20:11:36, 0.00419235916222955553, 238.52918161434096771834
2023/05/07 21:17:33, 0.00425089513530914922, 235.24457041852535013785
2023/05/07 21:30:59, 0.00433144408937353757, 230.8698852775983329346
2023/05/07 21:30:59, 0.0042927428295169879, 232.95129471161874702739
2023/05/07 21:31:00, 0.00426440407719182915, 234.49935369598329629053
2023/05/07 21:34:02, 0.00464294020000934379, 215.38076238802031659071
2023/05/07 21:34:02, 0.00431271735073060176, 231.87237156420502201288
2023/05/07 21:34:02, 0.00429522555108452746, 232.81664445945195052097
2023/05/07 21:36:34, 0.00452119028208907958, 221.18069304925072319667
2023/05/07 21:38:05, 0.00441300262327347585, 226.60308306325462390039
2023/05/07 21:38:28, 0.00437053184699120775, 228.80510542176395007077
2023/05/08 01:31:16, 0.00436234856391259121, 229.23431847525265597969
2023/05/08 01:41:16, 0.00434199065486722982, 230.30910922828280074636
2023/05/08 02:24:16, 0.00435134002703516226, 229.81426268389372441285
2023/05/08 02:59:50, 0.00432782736450627545, 231.06282108230104676512
2023/05/08 08:48:46, 0.00432674391721757699, 231.12068084747560041654
2023/05/08 09:36:38, 0.00433047586936173292, 230.92150381786784880565
2023/05/08 11:19:57, 0.00425077029428071361, 235.25147932492860957989
2023/05/08 12:50:50, 0.00425036508094067167, 235.27390728955558320968
2023/05/08 13:04:37, 0.0042478733162122003, 235.41191687225107470802
2023/05/08 14:35:26, 0.00424323951810928947, 235.66899670221346666172
2023/05/08 16:44:07, 0.00423922556633866523, 235.89214217343006409064
2023/05/08 17:28:32, 0.00429108743536251446, 233.0411614918583472204
2023/05/08 17:53:56, 0.00429228709712959797, 232.97602825047161092501
2023/05/08 19:57:02, 0.00429121699543974299, 233.03412553191682077628
2023/05/08 20:54:52, 0.00422716978974847097, 236.56490033240489705234
2023/05/08 21:35:21, 0.00424101045002345945, 235.79286393752423503741
2023/05/08 22:14:30, 0.00426875956721112764, 234.26008990553700598391
2023/05/09 01:11:00, 0.00426678201591022488, 234.36866384810422807019
2023/05/09 04:56:59, 0.00428245015381781448, 233.51118263653287963622
2023/05/09 06:40:19, 0.00437574842058368356, 228.53233410219900914891
2023/05/09 08:24:57, 0.00426972831847464035, 234.20693903944919252856
2023/05/09 10:33:24, 0.00427899848151982548, 233.69954542372669344198
2023/05/09 11:46:46, 0.00426909359625360832, 234.24176056424749823281
2023/05/09 13:13:15, 0.00422510961158999253, 236.68025020152794792783
2023/05/09 13:36:28, 0.00422510961161743629, 236.68025019999061597364
2023/05/09 17:01:48, 0.00422972442866923262, 236.42202154399517543432
2023/05/09 19:23:27, 0.00423064769358626536, 236.37042656991202377241
2023/05/09 20:29:58, 0.00420444994760435453, 237.84324048613971046386
2023/05/09 22:34:12, 0.00418515546862934024, 238.93974966896632372974
2023/05/09 22:37:07, 0.00424358339291438353, 235.649899485827192588
2023/05/09 23:13:37, 0.00423978580838385032, 235.86097156667134399975
2023/05/10 02:14:12, 0.00433271896552913885, 230.80195322058552206692
2023/05/10 02:46:09, 0.00433060694369172225, 230.91451452473027935599
2023/05/10 05:58:23, 0.00433527883234621155, 230.66567080733986826633
2023/05/10 10:36:47, 0.00442924544950633244, 225.77208949019891318744
2023/05/10 10:37:00, 0.00434241262709093905, 230.28672903199393355114
2023/05/10 11:25:47, 0.00431290852033632072, 231.86209382480015433426
2023/05/10 12:24:45, 0.00429894929781836991, 232.61497885250236300818
2023/05/10 13:00:02, 0.00429816842894474945, 232.65723913139245656219
2023/05/10 19:50:12, 0.00432638940634567767, 231.13961922458077414965
2023/05/10 23:37:49, 0.00432825686702339113, 231.03989220670153803907
2023/05/11 05:17:29, 0.00432746800393520237, 231.0820089462580728225
2023/05/11 05:26:15, 0.00435084312306489347, 229.84050946327003463417
2023/05/11 05:28:20, 0.00434843907922351946, 229.96757728029740458091
2023/05/11 06:26:09, 0.00433922034080797096, 230.4561468325432224424
2023/05/11 12:18:25, 0.00433778327889484601, 230.5324945267376074067
2023/05/11 13:57:06, 0.00433918528307614554, 230.45800876497203278408
2023/05/11 14:01:29, 0.00433918528307623923, 230.45800876496705674073
2023/05/11 14:30:45, 0.00434325572079020636, 230.24202678493480146252
2023/05/11 15:07:53, 0.00434236404472955156, 230.28930547951821553809
2023/05/11 18:29:19, 0.00434236404472961149, 230.28930547951503725219
2023/05/11 19:03:37, 0.00433362158748105787, 230.75388097770107178565
2023/05/11 19:17:01, 0.00421363375223742447, 237.32485042607311881456
2023/05/11 19:20:43, 0.00411228727363421125, 243.17367281499658027419
2023/05/11 19:35:04, 0.00418837297837722993, 238.75619606051570126431
2023/05/11 20:05:29, 0.00419020937862965024, 238.65155882187350408012
2023/05/11 21:13:59, 0.00418905525578529747, 238.71730949811400861433
2023/05/11 21:37:15, 0.00418749717765189746, 238.80613110305217733927
2023/05/11 21:55:20, 0.00407029806746764866, 245.68225309901045733954
2023/05/11 22:14:36, 0.00412629204908505704, 242.34833310495676189359
2023/05/12 01:14:23, 0.00410728278323068835, 243.46996610090343404197
2023/05/12 01:23:38, 0.00410541638012117255, 243.58065234067310634152
2023/05/12 01:39:20, 0.00409897223655636811, 243.96359435703834249009
2023/05/12 02:39:49, 0.004190296766500837, 238.64658178734755583849
2023/05/12 06:09:15, 0.00419488932942626989, 238.3853116184042048436
2023/05/12 06:47:11, 0.00419562437231408746, 238.34354824487116424839
2023/05/12 07:19:03, 0.00419681895418704487, 238.27570617558542185719
2023/05/12 07:44:31, 0.00420141508353165847, 238.0150449594264204606
2023/05/12 09:36:59, 0.00420601372443468178, 237.75481144784118069541
2023/05/12 17:06:06, 0.00419800929068210144, 238.20814361216382220714
2023/05/12 18:37:06, 0.00419556259301827182, 238.34705783297676706037
2023/05/12 20:24:42, 0.00419500914127410842, 238.37850319827430510355
2023/05/12 21:20:01, 0.00419776591258187317, 238.22195444551150016083
2023/05/12 22:27:46, 0.00418616640166199989, 238.88204721221260196655
2023/05/13 00:58:17, 0.00418616640170727198, 238.88204720962916698981
2023/05/13 01:15:44, 0.0041908536904329094, 238.61486796421694686458
2023/05/13 10:16:42, 0.00471173792123863988, 212.23591309958006614435
2023/05/13 10:16:42, 0.00437569237769169747, 228.53526109336061700387
2023/05/13 10:16:42, 0.00422910009731191054, 236.4569239294235114302
2023/05/13 10:18:18, 0.00419349265569548472, 238.46470760878235968471
2023/05/13 10:19:52, 0.00420597292128377515, 237.75711796422439152203
2023/05/13 10:36:10, 0.00467398139807921287, 213.9503594111335353543
2023/05/13 10:36:10, 0.00446129575606628703, 224.1501246897251780185
2023/05/13 10:39:13, 0.00430948880607710364, 232.04608365378090778566
2023/05/13 11:31:33, 0.00432347936347351406, 231.29519443261384993657
2023/05/13 12:01:51, 0.00432487966282708185, 231.22030621918420449931
2023/05/13 12:12:38, 0.00422036409440796628, 236.94638131459135358146
2023/05/13 12:12:38, 0.00426660212901410535, 234.37854521276221110343
2023/05/13 14:44:34, 0.0042785316816325501, 233.7250427040035749122
2023/05/13 17:59:55, 0.00428549875865332447, 233.3450681745711424381
2023/05/13 19:18:47, 0.00428549875865295624, 233.34506817459119244631
2023/05/14 04:23:37, 0.00394413572318823903, 253.54097074317989794091
2023/05/14 04:23:37, 0.0042084513363971042, 237.61709951388190454256
2023/05/14 07:24:30, 0.0042084513364273382, 237.61709951217483611747
2023/05/14 07:33:43, 0.00419976626413157698, 238.10848916535570423921
2023/05/14 15:29:51, 0.00419921898252040172, 238.13952169738781750769
2023/05/14 17:21:19, 0.00419337596951039239, 238.47134320196845683053
2023/05/14 19:14:44, 0.00418182484668580618, 239.1300536636591431801
2023/05/14 19:47:48, 0.00433316804012300511, 230.7780337020147323466
2023/05/14 19:48:41, 0.00434691217824582883, 230.04835593516503800515
2023/05/14 21:39:17, 0.00444109379070445359, 225.16975482325455623862
2023/05/14 21:41:31, 0.00435896387763173637, 229.41231633773227000069
2023/05/15 00:53:14, 0.00434956035593462689, 229.90829375101786058647
2023/05/15 06:05:42, 0.00434459232706847392, 230.1711932255684979995
2023/05/15 11:40:17, 0.00437273241160793107, 228.68995993109084568171
2023/05/15 14:44:37, 0.00436351127190887549, 229.17323634242311136785
2023/05/15 15:40:59, 0.00436820513163118634, 228.92697798433688516495
2023/05/15 16:44:23, 0.00436902808577949574, 228.88385708822606651242
2023/05/15 17:56:14, 0.00438312611780749581, 228.14766746894673380716
2023/05/15 23:01:08, 0.0043780001170905039, 228.41479517012255283565
2023/05/16 01:09:01, 0.00437800011711094024, 228.41479516905632116858
2023/05/16 01:10:45, 0.00437800011711094024, 228.41479516905632116858
2023/05/16 01:15:44, 0.00437800011714280168, 228.41479516739400363991
2023/05/16 01:18:43, 0.00437323508712652041, 228.66367347680373604568
2023/05/16 01:35:10, 0.00437323508712654109, 228.66367347680265452719
2023/05/16 02:22:56, 0.00431221678982034282, 231.89928724378033244065
2023/05/16 03:16:01, 0.00431268352020281105, 231.87419046992192747472
2023/05/16 03:39:56, 0.00431268352021022713, 231.87419046952319686351
2023/05/16 06:04:31, 0.00430062080246357946, 232.52456934290910932451
2023/05/16 06:56:41, 0.00430062080250184871, 232.52456934083997977592
2023/05/16 16:21:53, 0.00431070822958719584, 231.98044189962782347832
2023/05/16 17:31:04, 0.00431070822961779206, 231.98044189798128994928
2023/05/16 18:35:21, 0.00430987241200741668, 232.02543008326046536756
2023/05/16 19:14:28, 0.00443530352186539988, 225.46371292745710817034
2023/05/16 19:14:31, 0.00435235583495407341, 229.76062572111641734196
2023/05/16 19:23:08, 0.00435152251111619882, 229.8046252651677881618
2023/05/16 21:49:42, 0.00423947934682506887, 235.87802137752987832667
2023/05/16 21:50:26, 0.00417853999202559052, 239.31803977188684184332
2023/05/17 00:47:06, 0.00421738796591587448, 237.11358975788079178357
2023/05/17 02:15:28, 0.00422433414945390404, 236.72369765759980274659
2023/05/17 04:32:11, 0.00422479654639072674, 236.69778864364652023684
2023/05/17 08:13:29, 0.00448294927347851985, 223.06743596588936981632
2023/05/17 08:13:29, 0.00423706075136072021, 236.01266507185501116866
2023/05/17 08:16:40, 0.00415796181797278175, 240.50244898293725894665
2023/05/17 08:18:01, 0.00423322429698474231, 236.22655683807823317847
2023/05/17 08:42:54, 0.00423283190220737022, 236.24845566829908708462
2023/05/17 09:54:55, 0.00423176150061955292, 236.30821345994913873605
2023/05/17 14:41:11, 0.0041686267246575771, 239.88715374417287366006
2023/05/17 15:14:03, 0.00426175930287520227, 234.64487995024695749344
2023/05/17 15:42:21, 0.00419194467633713162, 238.55276660611546681342
2023/05/17 17:12:26, 0.00419194467637872014, 238.55276660374877142547
2023/05/17 17:30:11, 0.00423113765287483826, 236.34305523493236906904
2023/05/17 17:31:54, 0.00411613682578675283, 242.94624846657310828384
2023/05/17 18:23:53, 0.00422371411885221914, 236.75844810058944401257
2023/05/17 18:39:58, 0.00422252326014434456, 236.82521999081079485418
2023/05/17 19:56:18, 0.00424103305314876904, 235.79160724945227380537
2023/05/17 20:04:52, 0.00424182533214564877, 235.74756660104354744212
2023/05/17 20:08:27, 0.00424142976924025904, 235.76955281735663093341
2023/05/17 20:17:31, 0.00424182394703851267, 235.7476435810504724013
2023/05/17 20:20:42, 0.00424162714963740603, 235.75858148811704030051
2023/05/17 21:08:25, 0.00422317011954833866, 236.78894567168144581487
2023/05/18 01:14:50, 0.00422050401516207929, 236.93852592190868277188
2023/05/18 03:22:17, 0.00425755237765307739, 234.87673463485081523931
2023/05/18 10:14:52, 0.00426683970413854937, 234.36549515325518954728
2023/05/18 14:15:25, 0.00426683970413866865, 234.36549515324863782105
2023/05/18 16:36:26, 0.00422981538794059267, 236.41693745099328673913
2023/05/18 16:41:44, 0.00422948151533982597, 236.43560005478663068869
2023/05/18 17:57:51, 0.00422948151536833702, 236.43560005319281231809
2023/05/18 18:00:15, 0.00420588319873200466, 237.76218994894612125591
2023/05/18 19:25:25, 0.00420809958310247826, 237.63696182844049799726
2023/05/18 19:27:17, 0.00423353731543546162, 236.20909076530485389455
2023/05/18 19:28:50, 0.00423353731543564036, 236.20909076529488127231
2023/05/18 22:31:47, 0.00423908081747187635, 235.90019701402741080811
2023/05/18 23:14:17, 0.00424324082014804343, 235.66892438716470577114
2023/05/19 14:20:49, 0.00424324082017213775, 235.66892438582651115083
2023/05/19 15:05:34, 0.00424269934677420591, 235.69900157085522599392
2023/05/20 01:43:39, 0.00424189052864112328, 235.74394323663674479741
2023/05/20 04:06:29, 0.00426047597374768851, 234.715559050637996222
2023/05/20 05:16:36, 0.0042707152518952147, 234.15281539930112203006
2023/05/20 05:22:29, 0.00428936357272349987, 233.13481896454334638283
2023/05/20 08:27:43, 0.00428936357274053367, 233.13481896361752759061
2023/05/20 08:45:15, 0.00428836809141377344, 233.18893776917449112066
2023/05/20 09:17:31, 0.0042883680914307902, 233.18893776824916948578
2023/05/20 13:27:25, 0.00419759174733802513, 238.23183868087390073458
2023/05/20 13:30:25, 0.00424417894627810425, 235.61683252704066292051
2023/05/20 13:31:54, 0.00435297136057788009, 229.72813675191391192352
2023/05/20 14:27:25, 0.0043047313858328354, 232.30253188179597123921
2023/05/20 14:31:07, 0.00430404378247666016, 232.33964395793707757438
2023/05/20 16:50:10, 0.0043490083689735796, 229.93747428359456434571
2023/05/20 17:41:43, 0.00434900836900509478, 229.93747428192831754958
2023/05/20 17:52:06, 0.00434710558234791873, 230.03812101105885403232
2023/05/20 18:18:28, 0.00434710558237049171, 230.0381210098643475358
2023/05/20 18:29:06, 0.00431034577273849394, 231.9999491281344569754
2023/05/20 18:54:05, 0.0042485088461002039, 235.37670185573960702248
2023/05/20 22:01:22, 0.00424850884613425931, 235.37670185385286266111
2023/05/21 01:18:55, 0.00434640785457436239, 230.07504897349965637592
2023/05/21 02:45:10, 0.00434640785457222291, 230.0750489736129086559
2023/05/21 04:19:23, 0.00436118863360467187, 229.29528713676980506048
2023/05/21 13:55:51, 0.00434486805007005998, 230.15658668480743233962
2023/05/21 17:26:21, 0.00439620601093962586, 227.46886690741418902699
2023/05/21 17:46:16, 0.00436556221537443809, 229.06557063331855987311
2023/05/21 18:30:30, 0.00434163206530711913, 230.32813120917049065312
2023/05/22 07:50:41, 0.00434360025779637085, 230.22376384776434208722
2023/05/22 08:37:46, 0.00434852268867666184, 229.96315567214368616538
2023/05/22 12:49:47, 0.00434852268868862793, 229.96315567151088262544
2023/05/22 12:52:56, 0.00434726708519496787, 230.02957499565537364272
2023/05/22 12:55:30, 0.00433595558210152628, 230.62966883884121576822
2023/05/22 14:36:02, 0.00426847336993521855, 234.27579683252814272303
2023/05/22 19:25:42, 0.00435333225878255685, 229.70909192207115383764
2023/05/22 19:36:26, 0.00435333225881139562, 229.70909192054943966365
2023/05/23 00:17:00, 0.00439678401639372947, 227.43896363146953776617
2023/05/23 00:44:59, 0.00438843883204975753, 227.87146825353351067836
2023/05/23 00:56:29, 0.00439468537304350077, 227.54757510830832932465
2023/05/23 04:33:18, 0.00442104948953482357, 226.19063694426513916972
2023/05/23 05:23:07, 0.00444097906586304751, 225.17557168571403351973
2023/05/23 05:35:32, 0.00444097906586326176, 225.17557168570317036549
2023/05/23 06:45:03, 0.00443575873854799367, 225.44057486934944132612
2023/05/23 08:46:44, 0.00452508083905127775, 220.99052714595450851195
2023/05/23 08:47:06, 0.00446856239203467937, 223.78561878928314990611
2023/05/23 10:03:11, 0.00442043274694412888, 226.22219525708334178652
2023/05/23 10:11:45, 0.00443031009121514473, 225.71783451070355271242
2023/05/23 12:30:21, 0.00443470493396812293, 225.49414558348338857388
2023/05/23 15:55:55, 0.00443470493400322161, 225.4941455816987044807
2023/05/23 16:10:21, 0.00443019695095080898, 225.72359898929097859887
2023/05/23 20:05:07, 0.00443266938121807272, 225.59769610545724943925
2023/05/23 20:16:11, 0.00444236795491529545, 225.10517141956725475237
2023/05/23 20:39:02, 0.00443783574950381604, 225.33506340603246604141
2023/05/23 21:47:56, 0.00447254226422501384, 223.58648413427042967237
2023/05/23 23:18:54, 0.0044755233811697792, 223.43755463492347925471
2023/05/24 00:33:22, 0.0045253548567589165, 220.97714580469505553024
2023/05/24 02:59:38, 0.00452535485678930783, 220.97714580321101958663
2023/05/24 04:45:56, 0.00451791268304506775, 221.34115246468225136186
2023/05/24 08:41:40, 0.00455795791949360745, 219.39649677834251525953
2023/05/24 08:55:23, 0.00451843048525024447, 221.31578725496690888535
2023/05/24 10:02:07, 0.00451843048527075719, 221.31578725396218165588
2023/05/24 10:06:08, 0.00450660835130745201, 221.89636241850951036331
2023/05/24 11:55:27, 0.00455669257332341139, 219.45742090532403577311
2023/05/24 18:31:52, 0.00451713264443414145, 221.37937464204560957466
2023/05/24 19:16:50, 0.00451713264446158151, 221.37937464070080408618
2023/05/24 19:47:03, 0.00450858008025822829, 221.79932089455648319241
2023/05/24 20:18:04, 0.00450319411427823516, 222.06460006449853424875
2023/05/24 22:00:56, 0.00455330597056128166, 219.62064628763152488922
2023/05/25 05:07:19, 0.00455330597057352205, 219.62064628704113151621
2023/05/25 05:08:53, 0.00455329367764911012, 219.62123921607124354243
2023/05/25 05:19:19, 0.00455156350219587488, 219.70472333683928996783
2023/05/25 05:37:51, 0.00454303867879069619, 220.11699012569012823449
2023/05/25 07:04:27, 0.00463592443072904154, 215.70670854156715588526
2023/05/25 07:04:40, 0.00458647128875805408, 218.03254333044884885422
2023/05/25 07:18:57, 0.00463328979548068245, 215.82936620441946954846
2023/05/25 07:21:03, 0.0045511959040033538, 219.72246879559133460493
2023/05/25 08:16:15, 0.0045058564722742742, 221.93338961266616167331
2023/05/25 08:59:42, 0.00450585647230263569, 221.93338961126923248037
2023/05/25 09:04:12, 0.00449417061697601671, 222.51046638564601969166
2023/05/25 15:14:20, 0.0044941706170140675, 222.51046638376209059236
2023/05/25 15:19:06, 0.00444880521582343664, 224.77945234446690931051
2023/05/25 15:37:35, 0.00453058999716795665, 220.72180458286751125682
2023/05/25 21:07:19, 0.00452471481636169762, 221.00840397364433273177
2023/05/26 05:35:26, 0.00449760498929338416, 222.34055733674142879087
2023/05/26 08:45:30, 0.00452575110706287745, 220.95779824025279478249
2023/05/26 10:15:12, 0.00453578865340007021, 220.46882613245008940605
2023/05/26 10:41:42, 0.00453556636134893327, 220.47963150132097037664
2023/05/26 11:04:10, 0.00466271009027461899, 214.46754797939906633073
2023/05/26 11:15:31, 0.00455939571074266987, 219.32731077582038033558
2023/05/26 11:50:04, 0.00458621996642736407, 218.04449139385557715924
2023/05/26 12:22:20, 0.00458514362720670316, 218.09567623276524584687
2023/05/26 13:10:14, 0.00459524634398354054, 217.61618967594174411749
2023/05/26 13:13:13, 0.0045952463439837203, 217.61618967593323143087
2023/05/26 14:43:57, 0.00459524634401790488, 217.61618967431435905396
2023/05/26 15:43:55, 0.00460838313137351982, 216.99584680624241074703
2023/05/26 15:55:26, 0.00460769917957198957, 217.02805696028321704302
2023/05/26 17:21:48, 0.00460769917959188021, 217.02805695934634441161
2023/05/26 19:38:02, 0.0045194659590087818, 221.26508066880582846405
2023/05/26 21:07:43, 0.0045345190835156573, 220.53055276254128176659
2023/05/26 21:36:53, 0.00453451908351580228, 220.53055276253423101967
2023/05/26 22:02:26, 0.00451850391454005861, 221.31219069703752540616
2023/05/27 01:10:43, 0.00451397687611415382, 221.53414327209571428747
2023/05/27 02:00:47, 0.00451058622359092185, 221.70067269080829356054
2023/05/27 05:00:44, 0.00451559618728334069, 221.4547002267749217492
2023/05/27 08:06:38, 0.00451081232700944993, 221.68955999616453340182
2023/05/27 09:16:11, 0.0045036703261270584, 222.04111926193147640199
2023/05/27 12:11:50, 0.00450367032617529369, 222.04111925955336731019
2023/05/27 12:16:27, 0.00449253605901306984, 222.59142427889208528122
2023/05/27 15:01:41, 0.00448096634657839444, 223.16614824915758063581
2023/05/27 15:36:48, 0.00449096802843275079, 222.66914252537621312908
2023/05/27 16:45:45, 0.0044909680284804584, 222.66914252301079627203
2023/05/27 16:49:10, 0.00474360967279855499, 210.80992513661791910969
2023/05/27 16:49:15, 0.00463650632529687965, 215.67963674372192393589
2023/05/27 17:21:16, 0.00456118898305969517, 219.24108027841221457817
2023/05/27 19:29:13, 0.00456118898308240458, 219.24108027732064942525
2023/05/27 19:31:07, 0.0045575401623053759, 219.41660728978902561645
2023/05/27 20:06:41, 0.0045645011548766091, 219.0819907957790238405
2023/05/27 21:14:33, 0.00458976660242895703, 217.87600255550871625231
2023/05/28 00:39:16, 0.00458897335944605646, 217.91366427124167617359
2023/05/28 01:43:44, 0.00458998533599578112, 217.8656197782935898467
2023/05/28 02:09:36, 0.00449750233210967792, 222.34563234365735821639
2023/05/28 02:27:01, 0.00455276839299229596, 219.64657845086480012188
2023/05/28 04:23:48, 0.00455276839302798104, 219.64657844914318712947
2023/05/28 04:31:15, 0.00452519525750426318, 220.98493945463919044321
2023/05/28 08:50:38, 0.00451514554164275032, 221.47680307912486721455
2023/05/28 09:44:47, 0.00448481183006821778, 222.97479535162329293919
2023/05/28 12:59:24, 0.004204863281295355, 237.81986074275852660001
2023/05/28 13:02:43, 0.00420778707566717803, 237.65461084825497354522
2023/05/28 13:03:45, 0.00439851821189149601, 227.34929169929927875549
2023/05/28 13:12:11, 0.00450830253868619523, 221.81297537574285009864
2023/05/28 14:02:49, 0.00450133988955206379, 222.15607453262360722556
2023/05/28 14:58:00, 0.00451193161178214785, 221.63456498069890661557
2023/05/28 18:53:24, 0.00449702520086510704, 222.36922306053050817973
2023/05/28 20:45:42, 0.00449702520086526288, 222.369223060522802127
2023/05/28 22:36:25, 0.00445200691899783774, 224.61780006063051728201
2023/05/28 22:44:46, 0.00448216517341302786, 223.1064588899412290251
2023/05/28 22:57:07, 0.00447957831512143762, 223.23529797980344883241
2023/05/28 23:29:59, 0.00447627919724178282, 223.39982738703726106807
2023/05/29 03:08:36, 0.00422751257097343903, 236.54571883856921665606
2023/05/29 03:08:44, 0.00442209545049081615, 226.13713593382708221567
2023/05/29 05:24:06, 0.00440006498770119518, 227.26937051955860433683
2023/05/29 06:22:18, 0.00440006498770124912, 227.26937051955581811219
2023/05/29 06:53:48, 0.00439920861387961021, 227.31361200852709529318
2023/05/29 10:00:05, 0.00439851299430132927, 227.34956138485672110418
2023/05/29 10:48:52, 0.00438102340798612483, 228.25716890193048404723
2023/05/29 11:58:34, 0.00448361129437159238, 223.03449927859024601142
2023/05/29 13:00:34, 0.00446636390185897213, 223.89577337927704381706
2023/05/29 13:07:55, 0.00446636390188900157, 223.89577337777168863983
2023/05/29 14:44:17, 0.00448243953699688817, 223.09280286912082606478
2023/05/29 16:53:43, 0.0044971248438852486, 222.36429601453079311993
2023/05/29 19:55:09, 0.00449451224768960514, 222.49355322461251760718
2023/05/29 20:13:28, 0.00449301242468195639, 222.56782431906724000728
2023/05/29 20:19:10, 0.00448814875774778503, 222.80901413388396645869
2023/05/29 20:31:56, 0.00447926333081359712, 223.2509960110703365924
2023/05/29 20:36:20, 0.00445540683712387212, 224.44639436014703700945
2023/05/29 21:57:59, 0.00445471769122117324, 224.48111627156100824685
2023/05/29 22:15:04, 0.00434510955289990309, 230.14379449480285257089
2023/05/29 22:16:21, 0.00442953686168954019, 225.75723630361077420529
2023/05/30 01:47:52, 0.00441586002224574567, 226.45645354750995959532
2023/05/30 01:53:11, 0.0043057533571882741, 232.24739483290236959006
2023/05/30 01:53:11, 0.00443270640789791091, 225.59581167348786684481
2023/05/30 02:03:56, 0.00440950380261899008, 226.78288641140480927147
2023/05/30 03:49:53, 0.00440697664465646646, 226.91293388462062127068
2023/05/30 04:16:10, 0.0043775219717343667, 228.43974432498432770615
2023/05/30 05:15:37, 0.00441057974079631754, 226.72756389604529952146
2023/05/30 09:08:24, 0.00432942097558778129, 230.97776946124662517744
2023/05/30 09:31:08, 0.00430522695193991471, 232.27579199963076827148
2023/05/30 09:33:09, 0.00429985892289041974, 232.56576969920383055301
2023/05/30 10:49:13, 0.00429802042673692358, 232.66525067662474840972
2023/05/30 11:57:41, 0.00432987231622949343, 230.95369261854178987419
2023/05/30 12:35:07, 0.00430873458399034322, 232.08670214118744861989
2023/05/30 13:23:17, 0.00433048908729200628, 230.9207989773118382826
2023/05/30 14:19:53, 0.00434043648231161896, 230.39157561117504620359
2023/05/30 14:32:34, 0.00433389162259620321, 230.73950321834613859599
2023/05/30 14:41:44, 0.00434384289409019504, 230.21090411913873388079
2023/05/30 15:32:54, 0.00434907187087435623, 229.93411690824867259833
2023/05/30 18:08:36, 0.00434701349738516772, 230.04299402371854784416
2023/05/30 18:57:15, 0.0044170171480577903, 226.39712875910176139595
2023/05/30 20:16:07, 0.00432604277340072615, 231.15813975502939130101
2023/05/30 20:40:03, 0.00411887050890761926, 242.78500570420060733996
2023/05/30 20:41:19, 0.0043196378561195544, 231.50088810878386971067
2023/05/31 00:25:02, 0.00431963785615046847, 231.50088810712710243727
2023/05/31 00:28:51, 0.00432813963623358387, 231.04615008914452361275
2023/05/31 01:08:36, 0.00433664976199753401, 230.59275128996885764978
2023/05/31 02:16:06, 0.00433664976199767043, 230.59275128996160371222
2023/05/31 03:44:12, 0.00429577743865137302, 232.78673401523857121131
2023/05/31 05:14:09, 0.00428904585131414344, 233.15208898818479926882
2023/05/31 05:16:59, 0.00438923255873205162, 227.83026112630427825935
2023/05/31 05:24:02, 0.00440183700658679556, 227.17788016767221221024
2023/05/31 06:31:35, 0.00436202964152355602, 229.25107855313040466894
2023/05/31 07:32:31, 0.00432372530634755565, 231.28203786025083367211
2023/05/31 07:59:28, 0.00423852497193864391, 235.93113326464926933501
2023/05/31 08:04:37, 0.00421626229620662203, 237.17689501900809378337
2023/05/31 08:13:45, 0.00430104069074818513, 232.50186917577047100232
2023/05/31 11:41:06, 0.00430017570838440346, 232.54863703597469357524
2023/05/31 13:38:52, 0.00432514356009747706, 231.20619838511503616496
2023/05/31 14:07:12, 0.0043221369568338843, 231.3670320925079600203
2023/05/31 14:51:16, 0.00432213695685394304, 231.36703209143420127301
2023/05/31 14:53:05, 0.004315660317224326, 231.71425146897641462349
2023/05/31 15:35:08, 0.00432565970928006092, 231.17861024866297597637
2023/05/31 16:21:25, 0.00431593604220829886, 231.69944832832563763913
2023/05/31 18:16:34, 0.00431718715532902303, 231.632302242358459418
2023/05/31 18:17:53, 0.00410928333459081003, 243.35143590179745217158
2023/05/31 18:17:53, 0.00421541638277832907, 237.22448963414435111998
2023/05/31 18:40:38, 0.00430017596498587148, 232.54862315925845342331
2023/05/31 19:29:57, 0.00430017596498589102, 232.5486231592573963258
2023/05/31 20:18:06, 0.00430017596498604153, 232.54862315924925729632
2023/05/31 21:25:00, 0.00429919427788556062, 232.60172380295924769565
2023/05/31 21:35:29, 0.00425664606130561112, 234.92674410737289047404
2023/05/31 21:55:45, 0.00425363664983481083, 235.09295276521439815312
2023/05/31 22:34:05, 0.00425859700018006832, 234.81911999602604240108
2023/05/31 22:40:30, 0.00405490533570419604, 246.614881781533570136
2023/05/31 22:40:30, 0.00418600402782812392, 238.891313374784861068
2023/05/31 23:40:34, 0.00422761746280784388, 236.53984987937698364055
2023/06/01 01:40:53, 0.00416561185258339489, 240.06077267612637192605
2023/06/01 01:49:50, 0.00424884515065879976, 235.35807132084965706163
2023/06/01 02:08:54, 0.00427117481183225321, 234.12762156906870158179
2023/06/01 05:24:46, 0.0041713296813977871, 239.73171060046879506865
2023/06/01 05:33:07, 0.00427010641212800316, 234.18620134612781771678
2023/06/01 10:04:10, 0.00419518903523426163, 238.36828128631859319382
2023/06/01 13:14:42, 0.00424926219548443856, 235.33497204824628724085
2023/06/01 13:20:10, 0.00421244329552126575, 237.39191956915249654565
2023/06/01 16:00:50, 0.00421661560655438264, 237.15702195988226501134
2023/06/01 16:20:40, 0.00421533289855997813, 237.22918783985369644696
2023/06/01 19:21:11, 0.00410971586152242112, 243.3258243866902333625
2023/06/01 19:32:58, 0.00411897984160131015, 242.77856130784952443446
2023/06/01 20:01:59, 0.0041194677075825197, 242.74980919484932249587
2023/06/01 20:50:50, 0.0041176989819706883, 242.85408048973271620668
2023/06/01 23:34:55, 0.00422030349305249198, 236.9497837409585645983
2023/06/01 23:39:26, 0.00432678935509723175, 231.11825372823770549282
2023/06/01 23:41:18, 0.00422605583222257772, 236.62725711649614668492
2023/06/02 00:29:08, 0.0042756127408775691, 233.8846056939081199226
2023/06/02 00:38:03, 0.00427561274087775101, 233.88460569389816882004
2023/06/02 02:07:35, 0.00427733464799705761, 233.79045183389352184516
2023/06/02 05:55:16, 0.00427733464799715755, 233.79045183388805981406
2023/06/02 05:56:52, 0.00427733464799730176, 233.79045183388017725056
2023/06/02 06:21:34, 0.0042735345219802639, 233.99834372617201371328
2023/06/02 07:41:40, 0.00438133616798052766, 228.24087485186651009935
2023/06/02 07:41:40, 0.00428822440660551539, 233.19675119138244507091
2023/06/02 09:00:26, 0.00427119091782559491, 234.1267387104031332618
2023/06/02 12:07:29, 0.00428106720801918506, 233.586615535216476376
2023/06/02 12:31:02, 0.00298469418480053179, 335.04270055286430180531
2023/06/02 12:31:02, 0.00322013807499463725, 310.54568987749551094285
2023/06/02 12:31:02, 0.00415839281028414737, 240.47752235596736333101
2023/06/02 12:31:30, 0.00406369718634881024, 246.08132794916484059283
2023/06/02 12:48:11, 0.00397017139369426049, 251.87829462180874966762
2023/06/02 13:31:54, 0.00385313015441701683, 259.52925541683426129451
2023/06/02 13:31:54, 0.00396208900323758453, 252.39210910781136221582
2023/06/02 14:03:14, 0.00403869812639275478, 247.60454203423475475701
2023/06/02 14:11:49, 0.00411754968403469168, 242.86288611826126996482
2023/06/02 14:36:45, 0.00414214017802011409, 241.42109079417640948688
2023/06/02 16:27:10, 0.00391608298999181543, 255.35720324509516835289
2023/06/02 16:29:43, 0.00393448258944597733, 254.16302582770154713572
2023/06/02 16:37:29, 0.00393916850371162982, 253.86068127265008492428
2023/06/02 16:51:36, 0.0040141671928937465, 249.11767545963041944495
2023/06/02 17:18:33, 0.00401348146590065845, 249.16023868459343358118
2023/06/02 17:24:01, 0.00400393938056160704, 249.75403095631692065139
2023/06/02 18:43:37, 0.00408071053745274206, 245.0553624968016520855
2023/06/02 23:08:21, 0.00408071053745290327, 245.05536249679197117142
2023/06/02 23:36:08, 0.00410330703789050021, 243.7058671861166586651
2023/06/03 01:49:43, 0.00403372880200481298, 247.90957674273681036568
2023/06/03 01:49:43, 0.00404162816531871303, 247.42503740968026874105
2023/06/03 02:26:17, 0.00413785407174465488, 241.67116158795982587151
2023/06/03 03:47:25, 0.00409125270225057533, 244.42391433066590305578
2023/06/03 04:27:29, 0.00412039711376610261, 242.69505399346946060817
2023/06/03 04:41:29, 0.00412153890677214864, 242.6278200011380065886
2023/06/03 14:37:26, 0.00416638297689314503, 240.01634164358456638963
2023/06/03 16:53:27, 0.0040055296459549445, 249.65487423364044325605
2023/06/03 16:55:57, 0.00393188492841970114, 254.3309425898989620005
2023/06/03 16:58:27, 0.00400379303803834124, 249.76315970866218631742
2023/06/03 18:19:07, 0.00401196514467364133, 249.25440873473648729228
2023/06/03 19:19:01, 0.00401196514467374228, 249.25440873473021529
2023/06/03 20:03:48, 0.00401014340605508939, 249.36764069086822327907
2023/06/03 20:30:12, 0.00396944259623699672, 251.92453997142895311228
2023/06/03 23:25:51, 0.00387927419796758959, 257.78017973669278671374
2023/06/03 23:25:51, 0.0039625414531830326, 252.36329053333168741856
2023/06/04 04:08:46, 0.00401691711284997722, 248.94713331301634479908
2023/06/04 17:15:46, 0.00399290416111782028, 250.44427806152209431466
2023/06/04 18:21:26, 0.00402969166227712649, 248.15794452990802040205
2023/06/04 20:50:55, 0.00403880090133679745, 247.59824126735519478323
2023/06/04 20:51:19, 0.00393278315342854694, 254.27285486824097639861
2023/06/04 21:05:59, 0.00398654301437091905, 250.84390069168766247216
2023/06/04 22:11:04, 0.00398560340512114181, 250.90303734563503364671
2023/06/04 22:35:19, 0.00397654092424635644, 251.47484184122219116935
2023/06/04 23:17:28, 0.00397654092426688115, 251.47484183992421689409
2023/06/04 23:30:38, 0.00398695928834998523, 250.81771035937839396112
2023/06/04 23:44:48, 0.00398940583377373395, 250.66389373929930637912
2023/06/05 05:09:48, 0.00398727315244451335, 250.79796687290436096931
2023/06/05 06:32:57, 0.00396538605065320223, 252.18225595847697810591
2023/06/05 11:59:39, 0.00401069122129448619, 249.33357988033821334897
2023/06/05 12:38:32, 0.00379709255664468237, 263.3593954011103756362
2023/06/05 12:38:32, 0.00388017853433240639, 257.72010002937978015448
2023/06/05 12:42:34, 0.00395068813281741805, 253.12046063399437324323
2023/06/05 12:42:34, 0.00394886325656843531, 253.23743442790182578871
2023/06/05 13:20:17, 0.00394886325656852048, 253.23743442789636389467
2023/06/05 13:55:16, 0.00394072737468487466, 253.7602591907201618191
2023/06/05 14:59:36, 0.003937096149990749, 253.99430491489259180846
2023/06/05 17:24:23, 0.00387008487529000278, 258.39226586085286433792
2023/06/05 17:32:48, 0.00394024821360989899, 253.79111817015195084596
2023/06/05 18:04:04, 0.00394380634440658259, 253.56214597562046170139
2023/06/05 18:08:05, 0.00395101050948521984, 253.09980765662168789815
2023/06/05 18:11:25, 0.00398334003717909545, 251.04560260142282074226
2023/06/05 19:14:49, 0.00398105578049689906, 251.1896479569507816206
2023/06/05 20:41:27, 0.00400171013596316139, 249.89316217910234874499
2023/06/05 22:14:24, 0.00400152341001431148, 249.90482312245762733775
2023/06/06 01:00:59, 0.00400152341005130674, 249.90482312014718350139
2023/06/06 01:04:12, 0.00400152341008679325, 249.90482311793096543711
2023/06/06 01:06:33, 0.00399913119031109121, 250.05431240234214488899
2023/06/06 01:12:15, 0.00395342782843451942, 252.9450500670909085182
2023/06/06 01:26:33, 0.00393973886606925322, 253.82392945188207210636
2023/06/06 01:28:58, 0.00393841128010974503, 253.9094901160588526809
2023/06/06 01:30:53, 0.0039368983505998438, 254.00706620927498353225
2023/06/06 01:45:59, 0.00393641992794920459, 254.03793759396493994804
2023/06/06 02:43:37, 0.00402749692787689529, 248.29317511786468559055
2023/06/06 02:59:32, 0.00403207804189562395, 248.01107260559477454754
2023/06/06 04:01:37, 0.00405042852160016477, 246.88745762755477263595
2023/06/06 04:17:35, 0.00405042852161976346, 246.88745762636016540328
2023/06/06 04:29:30, 0.00400960803859700485, 249.40093654388928875161
2023/06/06 05:20:13, 0.00401867604260911611, 248.8381719245904472641
2023/06/06 13:05:01, 0.00397225358466059771, 251.74626410097210801645
2023/06/06 15:54:59, 0.00392875116316479918, 254.53380946490171919858
2023/06/06 16:10:39, 0.00393056815439293687, 254.41614563593457433371
2023/06/06 17:05:18, 0.00402167189990876577, 248.65280532275286972196
2023/06/06 18:41:00, 0.0040677558745275797, 245.8357951769015191698
2023/06/06 21:05:57, 0.00409645953806020583, 244.11323746981995934542
2023/06/06 21:43:18, 0.00401050691812470216, 249.34503802516720542555
2023/06/07 02:17:37, 0.00400315575148877712, 249.80292101502648940192
2023/06/07 19:36:04, 0.00400610263064202411, 249.61916660625803210744
2023/06/07 23:03:09, 0.00401087372162492542, 249.32223485581838830268
2023/06/07 23:16:03, 0.00408581513717054252, 244.74920338478834460021
2023/06/07 23:35:34, 0.00397151794616403725, 251.79289469555794505477
2023/06/08 00:09:19, 0.00397151794616406176, 251.79289469555639131539
2023/06/08 04:32:52, 0.00397151794617019552, 251.79289469516751322843
2023/06/08 06:40:50, 0.00395120443635475761, 253.08738540559163443288
2023/06/08 06:47:21, 0.00396042476307096944, 252.49816871273823664679
2023/06/08 06:48:56, 0.00403474889692968394, 247.84689841813162478226
2023/06/08 06:49:11, 0.00403474889692968394, 247.84689841813162478226
2023/06/08 06:50:31, 0.00403474889695874183, 247.84689841634665407969
2023/06/08 06:52:07, 0.00403007398874174383, 248.13440219548342416543
2023/06/08 13:25:54, 0.00403473119312628643, 247.84798593364436852685
2023/06/08 15:57:23, 0.0038932137165588405, 256.85720661743856623242
2023/06/08 16:09:36, 0.00398411842974491411, 250.9965548549282655265
2023/06/08 16:11:40, 0.00398542502242523915, 250.91426745533727143359
2023/06/08 16:54:15, 0.00398727715308469761, 250.79771523440874641692
2023/06/08 17:04:13, 0.00400442975298675215, 249.72344670402520051994
2023/06/08 20:11:30, 0.00397655002258907398, 251.47426646702020333823
2023/06/08 21:04:32, 0.00397655002260614836, 251.47426646594043144838
2023/06/08 21:25:38, 0.00397180760817974829, 251.77453156103223787581
2023/06/08 21:50:59, 0.00395860918594392452, 252.61397451174546184071
2023/06/09 00:11:16, 0.0039604561273554763, 252.49616908841560707546
2023/06/09 01:41:29, 0.0039700122404790949, 251.88839213234303651398
2023/06/09 05:59:59, 0.00396901941301248878, 251.95140057049991402668
2023/06/09 08:51:41, 0.00398329881210463701, 251.04820079305942541093
2023/06/09 08:57:19, 0.0040018445821304694, 249.88476675614127707692
2023/06/09 08:59:40, 0.00401485220437215553, 249.07517116346265831193
2023/06/09 09:57:20, 0.00401303098351146362, 249.18820814211224253987
2023/06/09 10:29:39, 0.00398493241297936193, 250.94528497971265994953
2023/06/09 10:32:17, 0.00403614754078698602, 247.76101217672918563534
2023/06/09 12:32:44, 0.00403511879414912053, 247.82417842319522229132
2023/06/09 16:09:38, 0.00405051470324109389, 246.88220467384838633249
2023/06/09 22:01:31, 0.00405174804432313586, 246.8070544023807490963
2023/06/10 02:16:13, 0.00405853618498284382, 246.39425507653252191218
2023/06/10 03:06:14, 0.00405853618498288717, 246.39425507652988976376
2023/06/10 03:27:42, 0.00393616515542215425, 254.05438047295296067036
2023/06/10 05:40:25, 0.00394537584082090972, 253.46127728909374936251
2023/06/10 05:42:28, 0.00394033124241859069, 253.78577040294614909442
2023/06/10 06:23:47, 0.00394397378710775036, 253.5513809115181494663
2023/06/10 08:53:56, 0.00395277639991826334, 252.98673611304658937691
2023/06/10 11:06:09, 0.00404581759931030626, 247.16882940310279810929
2023/06/10 11:25:57, 0.00405982835668186584, 246.3158321346641796356
2023/06/10 12:57:16, 0.00422507618769295266, 236.68212254085691694457
2023/06/10 12:57:35, 0.0040394691748312804, 247.55727961255398500105
2023/06/10 13:49:12, 0.00404656356465406631, 247.12326496852849094906
2023/06/10 14:08:15, 0.0040426620907325178, 247.36175756376489752497
2023/06/10 14:41:20, 0.00409035972609831629, 244.47727509625981048693
2023/06/10 17:50:39, 0.00398697574804634747, 250.81667489199266657549
2023/06/10 19:06:15, 0.00398697574808990586, 250.81667488925245194114
2023/06/10 20:47:58, 0.00398585833056338802, 250.8869902204108882668
2023/06/10 23:53:05, 0.00398459706205371463, 250.96640499066839720322
2023/06/11 00:34:45, 0.00397950607926588126, 251.28746635423530717372
2023/06/11 02:46:26, 0.00397797862686961336, 251.38395496783475031153
2023/06/11 02:58:45, 0.00398167359528384107, 251.1506722159411777164
2023/06/11 07:07:00, 0.00398811771044874491, 250.74485574486203463996
2023/06/11 09:14:12, 0.00401606245086997012, 249.0001119836613452286
2023/06/11 13:58:42, 0.00413030374356011462, 242.11294424996699309978
2023/06/11 14:13:41, 0.00413030374359361093, 242.11294424800348413697
2023/06/11 14:16:57, 0.00413998293075718266, 241.54688961896393233047
2023/06/11 17:54:12, 0.00423160162354970628, 236.31714158412283589706
2023/06/11 17:54:29, 0.00415501086116054637, 240.67325776392495965454
2023/06/11 17:55:18, 0.00403827457118191502, 247.6305120846009678915
2023/06/11 18:31:18, 0.00403827457118991815, 247.63051208411020923949
2023/06/11 19:52:44, 0.00404293906972089429, 247.34481097906710459369
2023/06/11 20:47:44, 0.00405227613576289335, 246.77489057930082943176
2023/06/11 22:31:01, 0.00405414483806802672, 246.66114308746372720501
2023/06/11 22:37:48, 0.00404183475802931008, 247.41239062617520400865
2023/06/12 02:15:07, 0.00404402951646495469, 247.27811602971170814332
2023/06/12 02:50:33, 0.00400617666867349119, 249.61455340188876485148
2023/06/12 02:50:33, 0.00407758739253688322, 245.24305765469983022291
2023/06/12 04:29:18, 0.0040869641250950663, 244.68039586149759538286
2023/06/12 12:09:39, 0.00408509356516554839, 244.7924347503837424435
2023/06/12 12:29:16, 0.00409447889989753267, 244.23132331321227025349
2023/06/12 14:06:29, 0.00409784521947653209, 244.03069087312727652793
2023/06/12 14:09:53, 0.00416815463001970914, 239.9143239067576276784
2023/06/12 14:37:53, 0.00420804925995792686, 237.63980367710768003315
2023/06/12 14:39:15, 0.00413086346534466036, 242.08013854473027775494
2023/06/12 14:41:56, 0.00421014478128660962, 237.52152288083606542869
2023/06/12 14:49:09, 0.00413109794953203818, 242.06639789629723815614
2023/06/12 14:53:50, 0.00417045853082818949, 239.78178720827976780881
2023/06/12 15:25:45, 0.00418232228984242199, 239.10161166409706703249
2023/06/12 15:54:50, 0.004203627859425689, 237.88975462176680482931
2023/06/12 18:27:25, 0.00422741351668337996, 236.551261440009458382
2023/06/12 18:27:25, 0.00414374955500649045, 241.32732606674962917362
2023/06/12 19:12:15, 0.00418323380058494215, 239.04951233186389521052
2023/06/12 19:13:25, 0.00410116861505281621, 243.83293979419123900706
2023/06/12 19:32:47, 0.00410116861505626927, 243.83293979398593873959
2023/06/12 20:12:11, 0.00410116861508723603, 243.83293979214482535671
2023/06/12 21:48:35, 0.0041011686151180275, 243.83293979031413433621
2023/06/12 22:11:04, 0.00406946024734398021, 245.73283414002416412325
2023/06/12 22:35:11, 0.00405822205924210332, 246.41332716691107922834
2023/06/12 22:51:04, 0.00409683212965504743, 244.09103628178190216452
2023/06/12 23:18:17, 0.00412052388094012796, 242.68758752390548311767
2023/06/12 23:26:29, 0.00416002816328764821, 240.38298798672201770738
2023/06/12 23:29:26, 0.00420010299403614677, 238.08939957423192570046
2023/06/13 00:24:16, 0.00428200841934744697, 233.53527178547541256624
2023/06/13 00:24:35, 0.00420350648186085717, 237.8966237628610392973
2023/06/13 00:25:30, 0.00409886759912149116, 243.9698223515025578384
2023/06/13 00:43:27, 0.00409716426135137338, 244.07124933530700374454
2023/06/13 01:04:50, 0.00413838384679088114, 241.64022406366490166167
2023/06/13 01:25:17, 0.0041261596833812727, 242.35610755144791411872
2023/06/13 01:30:17, 0.00415103072947427292, 240.90402243942187554357
2023/06/13 03:34:41, 0.0041510307295036016, 240.90402243771979292486
2023/06/13 08:42:07, 0.0041534126372593528, 240.76586829568041722536
2023/06/13 09:50:59, 0.00419280807078110686, 238.50364317146126100799
2023/06/13 10:30:57, 0.00417269509662498392, 239.65326409994193453144
2023/06/13 11:26:33, 0.00421959645383823436, 236.98948725070114374612
2023/06/13 12:36:12, 0.00419558527597638115, 238.34576923651818373147
2023/06/13 13:42:07, 0.00419909821132563726, 238.14637088097644096141
2023/06/13 14:07:00, 0.00423976255772884723, 235.86226501695397693807
2023/06/13 16:14:23, 0.00432288233654305742, 231.32713827221229314979
2023/06/13 16:15:49, 0.00423453655379637529, 236.15335168224566421994
2023/06/13 16:22:06, 0.00428280093085664328, 233.49205721779382319176
2023/06/13 16:26:29, 0.00433133839203515923, 230.87551917875702063116
2023/06/13 16:27:41, 0.00427788127485106452, 233.76057813451478814087
2023/06/13 16:36:14, 0.0042184971119393058, 237.05124679824306947277
2023/06/13 16:46:43, 0.00420254648108681812, 237.95096722913355550674
2023/06/13 16:56:47, 0.00422030433134279094, 236.94973667499140791582
2023/06/13 23:57:31, 0.00420480270045946997, 237.82328714037577595067
2023/06/14 01:35:53, 0.00424144578099260642, 235.76866277092301109797
2023/06/14 06:28:28, 0.00423848307863341385, 235.93346521567886154422
2023/06/14 10:48:32, 0.0042384830786701493, 235.93346521363399778147
2023/06/14 10:51:05, 0.00421478665623549715, 237.25993307883481179304
2023/06/14 13:16:21, 0.00422634866504713693, 236.61086182269509724604
2023/06/14 13:37:09, 0.00423010682626641344, 236.40064922015746965495
2023/06/14 18:22:20, 0.00422940999646475042, 236.4395981557411056696
2023/06/14 19:45:56, 0.00427777281625257378, 233.76650489728969029099
2023/06/15 01:22:09, 0.00427640632174960883, 233.84120328184094699698
2023/06/15 10:43:07, 0.00428028657109500264, 233.62921696716568015295
2023/06/15 12:33:12, 0.00432222066294686536, 231.36255133216768968694
2023/06/15 13:12:05, 0.00432637815482361681, 231.14022034460121067872
2023/06/15 13:24:21, 0.00438642440677677932, 227.97611614030237724191
2023/06/15 13:24:37, 0.00430485017121306449, 232.29612186902426444995
2023/06/15 16:41:15, 0.00434710777263545476, 230.03800510649526492888
2023/06/15 18:58:08, 0.00434710777263601445, 230.03800510646564753563
2023/06/15 19:13:49, 0.00434710777265007203, 230.03800510572175594617
2023/06/15 19:38:19, 0.00445585225761775802, 224.42395801844475284124
2023/06/15 19:38:56, 0.00433584170926880612, 230.6357258989142000751
2023/06/15 19:50:56, 0.00434562710537812771, 230.11638498903983123021
2023/06/15 20:12:00, 0.00429125734162537285, 233.03193455679267677961
2023/06/15 21:50:00, 0.00441969822066356418, 226.25979197508695645286
2023/06/15 21:53:06, 0.0043294242350062539, 230.97759556902269917142
2023/06/15 22:17:50, 0.00435879036395060214, 229.42144872818502199708
2023/06/15 22:38:24, 0.004360199946357903, 229.34728046939797832836
2023/06/15 23:39:35, 0.00436105783704503502, 229.30216414593113122513
2023/06/15 23:54:36, 0.00436320367100829837, 229.18939279515886299853
2023/06/16 00:44:23, 0.00436546007840722031, 229.07092999115445478518
2023/06/16 00:44:39, 0.00421137953248779971, 237.4518829959899800791
2023/06/16 02:56:06, 0.0043083043510227424, 232.10987862605653328504
2023/06/16 07:35:55, 0.00433270743872688483, 230.80256724969139619178
2023/06/16 14:53:15, 0.00433270743876737002, 230.80256724753475731943
2023/06/16 17:04:22, 0.00435834410344441302, 229.4449396984732942938
2023/06/16 17:17:30, 0.00436243212588715879, 229.22992751357401459891
2023/06/16 17:33:23, 0.00427825875379077631, 233.73995299231121146054
2023/06/16 19:29:09, 0.00427268504019137385, 234.04486654022359983647
2023/06/16 20:15:42, 0.00427268504019142649, 234.04486654022071632345
2023/06/16 21:32:39, 0.00431652691053758608, 231.66773212018702597557
2023/06/17 02:14:33, 0.00434881959477084639, 229.94745544341056763122
2023/06/17 05:19:21, 0.00435029238010807467, 229.86960705734379131805
2023/06/17 07:44:19, 0.00444888313912974775, 224.77551527586570790241
2023/06/17 07:46:13, 0.00436805904408590987, 228.93463433236784222816
2023/06/17 08:11:32, 0.00446684676966400206, 223.87157016250646664215
2023/06/17 08:14:35, 0.00447579169777075331, 223.42415990852915875314
2023/06/17 08:32:15, 0.00438808955075269314, 227.88960627033444588315
2023/06/17 11:46:41, 0.00436383426315272233, 229.15627397763129002504
2023/06/17 13:07:22, 0.00437244194391124214, 228.70515213873343527282
2023/06/17 13:49:58, 0.00437244194395322436, 228.70515213653751135332
2023/06/17 14:06:38, 0.00437630846819323455, 228.50308822331518272197
2023/06/17 16:25:22, 0.00437157299510286275, 228.75061245007761408589
2023/06/17 18:35:53, 0.00439758990889414051, 227.39728367520050199166
2023/06/17 21:04:13, 0.00439332772447927591, 227.61789302174722717275
2023/06/18 00:22:29, 0.00446586677000167904, 223.92069703405505475713
2023/06/18 00:24:12, 0.00437249260811778081, 228.70250212509066739121
2023/06/18 00:44:56, 0.00435173277485220068, 229.7935217389269325408
2023/06/18 00:45:45, 0.00443329528312622774, 225.56584575048423006848
2023/06/18 00:53:34, 0.00434688375783791487, 230.04986001681981502948
2023/06/18 01:12:37, 0.00434208241597619653, 230.30424211217506274408
2023/06/18 01:20:00, 0.00443101799906120547, 225.68177340102631367533
2023/06/18 02:14:00, 0.00438752809363177893, 227.91876853197523747446
2023/06/18 13:08:42, 0.00439143209624067861, 227.71614773596480857662
2023/06/18 20:15:37, 0.00442193959395010368, 226.14510640718711904873
2023/06/19 01:28:11, 0.0044192526030535086, 226.28260699762763378014
2023/06/19 02:09:01, 0.00440863384007052296, 226.82763782986419284624
2023/06/19 04:52:47, 0.00441300038529300098, 226.60319798127664111892
2023/06/19 06:46:20, 0.00441226345801158281, 226.64104478717074361341
2023/06/19 08:35:20, 0.00441173238988014791, 226.6683270032085227682
2023/06/19 12:37:09, 0.0044087071318428511, 226.82386697389839688959
2023/06/19 12:56:48, 0.00445736480005850096, 224.34780298594259980435
2023/06/19 13:05:38, 0.00441348849085515243, 226.57813701610925814726
2023/06/19 14:44:56, 0.00443848939180780976, 225.30187902346141784405
2023/06/19 14:47:58, 0.00446059860972047779, 224.18515708201431983877
2023/06/19 15:11:55, 0.00435500856107288386, 229.6206737544606996563
2023/06/19 16:02:45, 0.00435898318909976483, 229.41129997946243964642
2023/06/19 16:20:08, 0.00432952542577462956, 230.97219710196807736082
2023/06/19 18:32:29, 0.00424612342208564765, 235.50893381917083901664
2023/06/19 18:32:29, 0.00433049191492065181, 230.92064819576580023779
2023/06/19 18:55:27, 0.0043214855924370059, 231.40190534248019845103
2023/06/20 01:14:47, 0.00433761259230979904, 230.54156606168816761312
2023/06/20 04:32:28, 0.00443598404561301332, 225.42912456796470371979
2023/06/20 09:13:31, 0.00444588168998525008, 224.92726296621664249585
2023/06/20 15:49:19, 0.00444588168998525727, 224.92726296621627875931
2023/06/20 17:14:47, 0.00445925945660351581, 224.25248177007175311311
2023/06/21 02:43:16, 0.00445925945660358362, 224.25248177006834295061
2023/06/21 05:28:26, 0.00447305255473487063, 223.56097715450888123231
2023/06/21 07:51:01, 0.00446309750393077035, 224.05963551530591232124
2023/06/21 08:25:30, 0.00445613557514981364, 224.4096893228793579905
2023/06/21 08:57:36, 0.0044461994058393374, 224.91119014740267290189
2023/06/21 09:14:29, 0.00443627434323724102, 225.41437310440980187759
2023/06/21 10:18:00, 0.00443825251551765357, 225.3139037275722589251
2023/06/21 13:44:27, 0.00446301686526494773, 224.06368386883405503537
2023/06/21 13:47:54, 0.0045627628185945214, 219.16545736822506131746
2023/06/21 13:49:03, 0.00451246013860096769, 221.60860579037438326077
2023/06/21 14:29:20, 0.00446778720096060469, 223.82444709653879361725
2023/06/21 15:01:41, 0.00449263279104381613, 222.58663160575393561927
2023/06/21 17:26:43, 0.00453252886490094135, 220.62738700768429677449
2023/06/21 17:54:23, 0.0045139902952207673, 221.53348469950413377336
2023/06/21 18:18:24, 0.00451157409143505972, 221.65212844413599284528
2023/06/21 18:34:10, 0.00450157681455137263, 222.14438211239544296867
2023/06/21 19:08:42, 0.00449658233859144768, 222.3911239026147877321
2023/06/21 19:12:39, 0.00451013299289184636, 221.72295175686411163213
2023/06/21 21:59:01, 0.00451511996525008875, 221.47805765878710812587
2023/06/21 22:36:25, 0.00447529447118907899, 223.44898339936534031071
2023/06/22 00:49:43, 0.00448523251132939575, 222.95388198361338827801
2023/06/22 01:01:11, 0.00458521896490131399, 218.09209279965600045663
2023/06/22 02:22:28, 0.00473726277438362623, 211.09236443615095757818
2023/06/22 02:23:13, 0.00458134345768299641, 218.27658398389271353927
2023/06/22 02:33:09, 0.00463961259293318711, 215.53523704180542830674
2023/06/22 02:58:32, 0.00460462335062692478, 217.17302890014855299933
2023/06/22 04:19:42, 0.00453781844541181961, 220.37020917200825269684
2023/06/22 05:01:13, 0.00453144973808345187, 220.67992757279124173096
2023/06/22 05:37:37, 0.00453144973808682225, 220.67992757262710505857
2023/06/22 05:41:56, 0.00450702123847325156, 221.87603454443646907541
2023/06/22 07:48:58, 0.00451451920603659841, 221.5075303396312934506
2023/06/22 08:14:41, 0.00449358412749800176, 222.53950780193659297383
2023/06/22 09:22:24, 0.00453889633486749612, 220.3178760259553216866
2023/06/22 10:30:05, 0.00450030272956548731, 222.20727361969088693755
2023/06/22 10:57:28, 0.0044057643060225374, 226.97537374685076174874
2023/06/22 10:57:55, 0.00450093931483939045, 222.17584598464722104391
2023/06/22 11:07:41, 0.00453922861718203297, 220.30174823421937780622
2023/06/22 11:52:29, 0.00453922861718844465, 220.30174823390820065116
2023/06/22 15:25:24, 0.00452419515875145109, 221.03378941680568383065
2023/06/22 19:37:03, 0.00450163054515602225, 222.14173063936790625442
2023/06/23 06:20:57, 0.00451412359542888116, 221.52694290706306374184
2023/06/23 11:54:52, 0.0045228289577009028, 221.10055661011148898879
2023/06/23 12:34:58, 0.00454789100183232581, 219.8821386873837305608
2023/06/23 15:39:06, 0.00454560913226247223, 219.99251825294381120306
2023/06/23 18:19:45, 0.0045506285685029058, 219.74986201279579345984
2023/06/23 23:29:15, 0.00454901228372085198, 219.8279401395796572004
2023/06/24 02:03:04, 0.0045490122837210667, 219.82794013956928076995
2023/06/24 06:55:53, 0.00454194421094145614, 220.17003150127191272455
2023/06/24 08:29:15, 0.00454194421094155431, 220.17003150126715392755
2023/06/24 09:48:49, 0.00453713636768352063, 220.40333791213769148928
2023/06/24 15:59:12, 0.00453713636769324081, 220.40333791166550854712
2023/06/24 16:43:10, 0.00452804090925752658, 220.8460612525632702878
2023/06/24 17:19:27, 0.00452954528823550085, 220.77271257167477473675
2023/06/24 20:38:17, 0.0045295452882685662, 220.7727125700631499611
2023/06/25 05:42:30, 0.00464569153188494045, 215.2532067909942622601
2023/06/25 06:18:04, 0.00464802891837393725, 215.14496092030322558637
2023/06/25 06:22:14, 0.00464802891837395497, 215.14496092030240516407
2023/06/25 09:17:33, 0.00465819574796968725, 214.67539238467129378571
2023/06/25 10:05:40, 0.00486386446903901211, 205.59783406086087522575
2023/06/25 10:05:40, 0.00472042204376529641, 211.84546439460718917046
2023/06/25 10:06:15, 0.00457117930259974083, 218.76192855337695508372
2023/06/25 10:06:34, 0.00466823565775514148, 214.21369299100025184659
2023/06/25 10:07:50, 0.00459725205112270433, 217.52124723198240885502
2023/06/25 10:51:57, 0.0046019148802495479, 217.30084671748057828623
2023/06/25 12:38:12, 0.00465260195404583666, 214.93349525213825463711
2023/06/25 12:41:02, 0.00473909861206846271, 211.01059122370371194606
2023/06/25 12:42:27, 0.00463971270886827906, 215.5305862125072130666
2023/06/25 13:04:56, 0.00468731356923277384, 213.34181834215998985389
2023/06/25 13:15:45, 0.00458995865348473525, 217.86688628247044940729
2023/06/25 15:17:30, 0.00460764347063181828, 217.03068094868808268831
2023/06/25 15:47:42, 0.00472677240141618587, 211.56085275025946047931
2023/06/25 15:50:14, 0.00476269801072589438, 209.96502355344330740725
2023/06/25 16:23:43, 0.00472106619503754985, 211.81655979556675545356
2023/06/25 16:47:57, 0.0047313104649465248, 211.35793294666035167057
2023/06/25 17:12:24, 0.00478032864553741893, 209.19063816533413054952
2023/06/25 17:16:33, 0.00475594559961845758, 210.26312834196932435584
2023/06/25 17:19:29, 0.00480534677028829839, 208.10152686233810849906
2023/06/25 17:23:12, 0.00485552127722069166, 205.95111068536015983194
2023/06/25 17:24:52, 0.00474767302921497156, 210.62950077784740541706
2023/06/25 17:26:31, 0.00479694342519859772, 208.46608170255814770934
2023/06/25 18:01:36, 0.00478987167120725765, 208.77386047963914640065
2023/06/25 19:39:22, 0.00471848723425846706, 211.9323313496586802403
2023/06/25 19:48:52, 0.00484194994893840162, 206.52836368522358962064
2023/06/25 19:48:52, 0.00474308806895714492, 210.83310819060300032638
2023/06/25 19:57:45, 0.0048675245869597414, 205.44323549572464777144
2023/06/25 20:16:36, 0.00480240852184708775, 208.22884922238623764783
2023/06/25 20:52:37, 0.00492917850403392337, 202.87356182812685697276
2023/06/25 20:57:17, 0.00482765352170850234, 207.13996882818982374281
2023/06/25 21:24:31, 0.00487955119252166992, 204.93688057471056754404
2023/06/25 22:26:56, 0.00479762643763753447, 208.4364035004825881413
2023/06/25 22:33:27, 0.00483381203091420546, 206.8760625371013389258
2023/06/25 22:35:08, 0.0047755733759826831, 209.39893940886777838969
2023/06/25 23:32:45, 0.0048003262470032014, 208.31917426951774554609
2023/06/26 03:26:54, 0.00486035350867685483, 205.74635120979755438839
2023/06/26 05:01:21, 0.00484301215235942977, 206.48306643476368434841
2023/06/26 05:13:29, 0.00485016847929525441, 206.17840478508559405081
2023/06/26 05:59:54, 0.00487354100621213623, 205.18961443544522584787
2023/06/26 06:44:47, 0.00487874251168078371, 204.97085009216613380983
2023/06/26 10:30:27, 0.00486569076301058023, 205.52066473317419573602
2023/06/26 11:39:55, 0.00486288633947044308, 205.63918837323630613738
2023/06/26 11:50:19, 0.00483071425715880802, 207.00872516275709689393
2023/06/26 12:13:17, 0.00477124629557659675, 209.58884493703374263687
2023/06/26 12:20:57, 0.00461752006129079432, 216.56646570593506774941
2023/06/26 12:20:57, 0.00473495116458637877, 211.1954200244333266513
2023/06/26 12:34:44, 0.00470199554108035839, 212.67565893315034246749
2023/06/26 12:41:42, 0.00470672015658748532, 212.46217466326493687048
2023/06/26 13:47:18, 0.00470454960471696301, 212.56019896088701126212
2023/06/26 14:48:10, 0.00480247662463453657, 208.2258963782252557384
2023/06/26 15:00:52, 0.00479626828641852037, 208.49542608608371266156
2023/06/26 15:51:01, 0.00479624167069319709, 208.49658308720518979171
2023/06/26 16:19:58, 0.00480140120041455311, 208.27253509114380455
2023/06/26 16:31:27, 0.00480063864295278, 208.30561814269764271918
2023/06/26 16:36:38, 0.00483423783013425714, 206.85784091268589051147
2023/06/26 20:43:33, 0.0045933129138036642, 217.70778929404848145609
2023/06/26 20:43:33, 0.00469054422956050988, 213.19487698204629053855
2023/06/26 21:30:28, 0.0046905442296012585, 213.19487698019418221086
2023/06/26 22:21:26, 0.00472122252660155599, 211.8095460160025294488
2023/06/26 22:57:28, 0.00472634527312081024, 211.57997188379321628853
2023/06/27 01:20:46, 0.00471425929526199134, 212.12240086264193651129
2023/06/27 02:34:03, 0.00481256142078072039, 207.78955582405314164129
2023/06/27 04:00:56, 0.00482756774345143821, 207.14364937840447433063
2023/06/27 04:35:17, 0.00482756774346123149, 207.14364937798425967482
2023/06/27 06:11:48, 0.0048265918066575098, 207.18553382133129170114
2023/06/27 09:32:04, 0.00493071616751372833, 202.81029489966393464338
2023/06/27 09:32:04, 0.00484175337327872131, 206.53674875695363241509
2023/06/27 09:40:19, 0.0049460371755140776, 202.18206303636663022837
2023/06/27 10:35:44, 0.00487199222779553008, 205.25484303830224464005
2023/06/27 13:39:45, 0.00488472831874501237, 204.71967625354456995852
2023/06/27 14:06:51, 0.00489515227727378348, 204.28373692123867872275
2023/06/27 14:12:14, 0.00518618546973096495, 192.81994557203433818109
2023/06/27 14:12:39, 0.00512872779384132237, 194.98012766456815080927
2023/06/27 14:14:37, 0.00507058261736074547, 197.21599576667645555116
2023/06/27 14:19:46, 0.0050812018095540282, 196.80383450224917547644
2023/06/27 14:23:36, 0.00500117996948725227, 199.95281235650580883232
2023/06/27 14:48:52, 0.0051250659908073764, 195.11943881184350765939
2023/06/27 14:49:19, 0.00514642854382562035, 194.30950832878864571431
2023/06/27 14:57:56, 0.00506486978492202344, 197.43844214454875089788
2023/06/27 15:00:41, 0.00510099833174184431, 196.04005627238241878167
2023/06/27 15:04:32, 0.00509032703624278456, 196.45103210070150053555
2023/06/27 15:07:25, 0.0050892184901275978, 196.4938235487169700973
2023/06/27 15:11:50, 0.00510281419329136734, 195.97029445334159294302
2023/06/27 15:27:39, 0.00599009399772249819, 166.94228844826330999115
2023/06/27 15:27:39, 0.00547613367149986834, 182.61058987738481518826
2023/06/27 15:28:05, 0.0053550177014271334, 186.74074592386427500808
2023/06/27 15:29:12, 0.00531566087622470462, 188.12336288657700510745
2023/06/27 15:29:52, 0.00528004558902199771, 189.39230412690927300445
2023/06/27 15:30:13, 0.00524066421393767637, 190.8155071909540041844
2023/06/27 15:31:35, 0.0054037220615648202, 185.05763039012004303511
2023/06/27 15:33:17, 0.00528725929512702484, 189.13390552297006176647
2023/06/27 15:33:35, 0.00530352380798620103, 188.55388157099828539225
2023/06/27 15:33:47, 0.00535791912018702792, 186.63962213096885620423
2023/06/27 15:41:48, 0.00529014735424752248, 189.03065132903870030038
2023/06/27 15:45:11, 0.00528441901882595677, 189.23556145670120037251
2023/06/27 15:46:57, 0.00528441901883046359, 189.23556145653981088509
2023/06/27 15:54:34, 0.00541486485566501347, 184.67681588651346504736
2023/06/27 16:05:02, 0.005290924130403278, 189.00289918233609011361
2023/06/27 16:09:11, 0.00527968147392120228, 189.40536563417020851426
2023/06/27 16:20:05, 0.00532458843108705072, 187.80794289406575613461
2023/06/27 16:44:59, 0.00531280804421648122, 188.22437996580720352437
2023/06/27 16:59:43, 0.0055591225805629467, 179.88450254657536495557
2023/06/27 17:06:58, 0.00553608710745527991, 180.63299593919511391059
2023/06/27 17:07:40, 0.00555204574320317781, 180.11378980877479324045
2023/06/27 17:08:52, 0.00545759726247484423, 183.2308160361639201988
2023/06/27 17:25:22, 0.00549913371154170459, 181.84682396450511411344
2023/06/27 17:25:58, 0.00553348522156907053, 180.71793091668198602107
2023/06/27 17:28:48, 0.00563602354972702063, 177.43006060512908014142
2023/06/27 17:31:35, 0.00571448084822792208, 174.99402422708320849303
2023/06/27 17:32:11, 0.0056227413777667525, 177.84919006841841609666
2023/06/27 17:32:27, 0.00555509896389093038, 180.01479478586551866718
2023/06/27 17:34:09, 0.00557810207507267173, 179.27244545573719384545
2023/06/27 17:46:29, 0.00565319019571273097, 176.89127119027066660236
2023/06/27 17:58:12, 0.00570896156608824631, 175.16320410004009011413
2023/06/27 18:01:16, 0.00557825962100405644, 179.26738229154085694309
2023/06/27 18:01:16, 0.0056359739635370438, 177.43162166285391834338
2023/06/27 18:02:32, 0.00569398488788847656, 175.6239294078692300984
2023/06/27 18:09:05, 0.00571144595121654406, 175.08701098484507870289
2023/06/27 18:11:35, 0.0058472923326863472, 171.01932708409376028621
2023/06/27 18:11:35, 0.00567848998252276701, 176.10315472560414226037
2023/06/27 18:12:09, 0.00559535899864738247, 178.71954243538961235904
2023/06/27 18:14:32, 0.00561844249493386273, 177.9852692096960689558
2023/06/27 18:18:20, 0.00573457237260270138, 174.38091892911947707438
2023/06/27 18:24:06, 0.00574009083149406179, 174.21327107113296470439
2023/06/27 18:27:39, 0.0057603135509832929, 173.60166094244968986433
2023/06/27 18:33:52, 0.00578373336504563075, 172.89870346436872819618
2023/06/27 18:36:35, 0.00579053930701658524, 172.69548602981891552708
2023/06/27 18:38:05, 0.00589657807250912359, 169.58988547309745331303
2023/06/27 18:38:05, 0.00579703121626246221, 172.50208989640961070081
2023/06/27 18:41:36, 0.00572959771945872516, 174.53232302921084581706
2023/06/27 18:48:04, 0.00571790226400506577, 174.88931321808862100048
2023/06/27 18:48:35, 0.00572023338407464214, 174.81804200227911660503
2023/06/27 18:48:52, 0.00570891468947519078, 175.16464238703276516504
2023/06/27 19:20:40, 0.00569748103485637924, 175.51616124426603981751
2023/06/27 19:21:13, 0.00569748103485637924, 175.51616124426603981751
2023/06/27 19:22:06, 0.00569748103487823772, 175.51616124359266926396
2023/06/27 19:23:13, 0.00569137750597439248, 175.70438772516372819429
2023/06/27 19:30:38, 0.00570300534502912184, 175.34614462033151000816
2023/06/27 19:35:40, 0.005819936188783593, 171.82318973311749164619
2023/06/27 19:44:53, 0.00571868097040010698, 174.86549873580989309515
2023/06/27 19:47:54, 0.00591040834047981923, 169.19304765308616931744
2023/06/27 19:49:17, 0.00580680139037611458, 172.21184827456766392091
2023/06/27 19:56:51, 0.00574458285211224651, 174.07704366772364900939
2023/06/27 19:57:59, 0.00584237084151371918, 171.16339019330493123086
2023/06/27 20:01:11, 0.00585415032113710449, 170.81898228499212295511
2023/06/27 20:02:43, 0.00588834618319461356, 169.82697159586300927792
2023/06/27 20:04:16, 0.00590017182722606002, 169.48658942194665301627
2023/06/27 20:08:11, 0.00585458880708532948, 170.80618860709429785628
2023/06/27 20:08:59, 0.0059730371302368794, 167.4190161882254839946
2023/06/27 20:16:19, 0.00599688616170386594, 166.75320708703846552601
2023/06/27 20:18:37, 0.00589101588837379549, 169.75000898801653556839
2023/06/27 20:19:20, 0.00600982619672629187, 166.39416303664920032822
2023/06/27 20:24:37, 0.0061563997618738095, 162.43259675775704606237
2023/06/27 20:24:43, 0.00597476873643647249, 167.37049484469743063936
2023/06/27 20:41:23, 0.00597476873649315874, 167.37049484310948534965
2023/06/27 20:43:07, 0.00586943744504746046, 170.37407917922089159702
2023/06/27 20:44:40, 0.00587179868328399247, 170.3055663074466652904
2023/06/27 20:49:24, 0.00614650830728472391, 162.69399633200188722429
2023/06/27 20:49:28, 0.00604076746972219074, 165.54187940725171923457
2023/06/27 20:51:11, 0.00605178994796204574, 165.24036832057469416885
2023/06/27 20:54:21, 0.00611187031998500319, 163.61603693228453827147
2023/06/27 20:55:15, 0.00601615842541140508, 166.21902704159866735706
2023/06/27 20:58:56, 0.006030866925710673, 165.81364044642068144651
2023/06/27 20:59:33, 0.0059259518969074484, 168.74926043896269142222
2023/06/27 20:59:48, 0.00604757845586998965, 165.35544057793335039117
2023/06/27 21:13:09, 0.00596859017414548529, 167.54375335263634534096
2023/06/27 21:16:26, 0.00601629718374176364, 166.2151934087242069369
2023/06/27 21:35:41, 0.00605251654785660692, 165.2205313431373505617
2023/06/27 21:37:35, 0.00607651285139423643, 164.56807126978316197893
2023/06/27 21:49:53, 0.00610147580667804043, 163.89477426190956481757
2023/06/27 21:55:52, 0.00613846786050749917, 162.90710039122446134753
2023/06/27 21:58:26, 0.00614681729094965697, 162.68581815053498668449
2023/06/27 22:04:08, 0.00615285815393331172, 162.52609356201950014337
2023/06/27 22:09:43, 0.00614074309432749323, 162.84674096262865012875
2023/06/27 22:16:16, 0.00644544606308930838, 155.14830008843469508689
2023/06/27 22:16:16, 0.00627194061172378217, 159.44028521742645753799
2023/06/27 22:17:16, 0.00615871709061648723, 162.37147855413180823575
2023/06/27 22:29:57, 0.0062314681154604458, 160.47582711993216703009
2023/06/27 22:33:08, 0.00679071190556342161, 147.25996536250208557957
2023/06/27 22:33:10, 0.00639054216747476174, 156.48124584633676375748
2023/06/27 22:35:26, 0.00621896896199810708, 160.79835839520055451245
2023/06/27 22:37:30, 0.00647047283368539898, 154.54821088097022140566
2023/06/27 22:37:30, 0.0063805966961103433, 156.72515402981151362581
2023/06/27 22:38:24, 0.0063382974138803111, 157.77107552733142319256
2023/06/27 22:40:58, 0.00646151378816374557, 154.76249572225757307929
2023/06/27 22:41:32, 0.00636020435895159054, 157.22765237764136206018
2023/06/27 22:42:02, 0.00634789020239392081, 157.53265543611313530738
2023/06/27 22:42:02, 0.00615753940740401842, 162.40253351810767959218
2023/06/27 22:42:51, 0.00618173433856668264, 161.76689990722948233454
2023/06/27 22:42:51, 0.00630342025792242115, 158.64403118975847620995
2023/06/27 22:44:06, 0.00655034656269231419, 152.66367823887800723385
2023/06/27 22:45:06, 0.00667558511797907615, 149.79960293019731424622
2023/06/27 22:45:06, 0.00650865401253016112, 153.6415974907939534576
2023/06/27 22:46:09, 0.00633200120271401337, 157.92795484173019722661
2023/06/27 22:46:27, 0.00644273167037667233, 155.21366574956788585014
2023/06/27 22:46:47, 0.00626214529966945868, 159.68968335065365523575
2023/06/27 22:48:00, 0.00631861213698711122, 158.26260234368929284295
2023/06/27 22:50:33, 0.00644159715978152534, 155.24100237803697509242
2023/06/27 22:51:44, 0.0064539606797098099, 154.94361518870658869286
2023/06/27 22:52:13, 0.00644167852318463294, 155.2390415635986496515
2023/06/27 22:53:18, 0.00632363362963867567, 158.13692863435839486689
2023/06/27 22:53:45, 0.00644665990680066929, 155.11908716405008237765
2023/06/27 22:54:08, 0.00648682982842571457, 154.15850676673130659734
2023/06/27 22:54:31, 0.00636783628239557499, 157.03921326692789726778
2023/06/27 22:59:39, 0.00625208873919459396, 159.94654614080572292041
2023/06/27 23:00:29, 0.00637441471515375555, 156.87714789292294537695
2023/06/27 23:02:42, 0.00649792401945505997, 153.89530517838583662087
2023/06/27 23:03:30, 0.00639582241711951529, 156.35205838788277574901
2023/06/27 23:09:37, 0.00640321173590492982, 156.17162780869304432439
2023/06/27 23:10:45, 0.00649593809203948144, 153.94235379574521576192
2023/06/27 23:11:58, 0.00658933001754323173, 151.76049724898137277241
2023/06/27 23:11:58, 0.0064395756110816582, 155.28973652846504645398
2023/06/27 23:14:50, 0.00628430450123745753, 159.12659862409397759965
2023/06/27 23:17:03, 0.00629200443666239959, 158.93186504656234133225
2023/06/27 23:18:15, 0.00641470614667617834, 155.8917863319672867587
2023/06/27 23:19:49, 0.00653859095010172095, 152.9381494623765974303
2023/06/27 23:19:49, 0.00644457777987621384, 155.16920334526675546466
2023/06/27 23:20:52, 0.00655627602781765462, 152.52560992812005806627
2023/06/27 23:22:06, 0.00650711431196571073, 153.67795186279947209013
2023/06/27 23:28:17, 0.0063875878029762409, 156.55362099822075393724
2023/06/27 23:30:30, 0.00665695732567680854, 150.21877880197026005966
2023/06/27 23:31:19, 0.00668209831230187576, 149.65358982506739410194
2023/06/27 23:33:03, 0.0065377200620615403, 152.95852231468440116662
2023/06/27 23:36:55, 0.00652524316250929991, 153.25099388563587176594
2023/06/27 23:39:04, 0.0065907943058897765, 151.72678035276615658715
2023/06/27 23:40:40, 0.00659336193123542845, 151.66769402762414646074
2023/06/27 23:41:43, 0.00659961231798494392, 151.52405199239482934466
2023/06/27 23:43:06, 0.006674847880237544, 149.81614831414136620919
2023/06/27 23:50:28, 0.00669594438013661829, 149.34413179513251283133
2023/06/27 23:51:11, 0.00682248175532945353, 146.57422853770762534662
2023/06/27 23:51:11, 0.00671284476062785334, 148.96814028311744470773
2023/06/27 23:56:27, 0.00663483117546078946, 150.71973552221544422086
2023/06/27 23:56:39, 0.00793136707618499122, 126.08166919958049331488
2023/06/27 23:56:39, 0.00788765428674147925, 126.78040436951206421833
2023/06/27 23:56:49, 0.0073568041952953592, 135.92858712204073292499
2023/06/27 23:56:49, 0.00681517442320305322, 146.73138762162620580472
2023/06/27 23:59:36, 0.00681517442320848655, 146.73138762150922558468
2023/06/28 00:02:28, 0.00687900823479910239, 145.36979254382364387363
2023/06/28 00:03:16, 0.00683934315667161736, 146.21287119136925753765
2023/06/28 00:04:21, 0.00686127789589510993, 145.74544496999152742615
2023/06/28 00:06:57, 0.0068707382366874903, 145.54476761468334644465
2023/06/28 00:07:51, 0.00700828975703297966, 142.68816425526313925447
2023/06/28 00:09:06, 0.00687505219624520813, 145.45344114567557725476
2023/06/28 00:11:15, 0.00689425399889634823, 145.04832577391010570293
2023/06/28 00:14:24, 0.0069198980027757509, 144.51080053475846246175
2023/06/28 00:18:03, 0.00692888462565740234, 144.32337295631062366385
2023/06/28 00:18:41, 0.00706503198893917127, 141.54217582674413431496
2023/06/28 00:18:41, 0.00694936957645445102, 143.89794484209849886592
2023/06/28 00:19:53, 0.00717135433668816102, 139.44367452101313926389
2023/06/28 00:19:53, 0.00704187330348077323, 142.00766712256858035061
2023/06/28 00:21:28, 0.00704187330348094887, 142.0076671225650384003
2023/06/28 00:24:35, 0.00713966484654392474, 140.0625969836759040025
2023/06/28 00:26:50, 0.00703570807869165257, 142.13210508670765866957
2023/06/28 00:27:12, 0.00710046381622437844, 140.83587014626080414523
2023/06/28 00:31:49, 0.00691965365857592282, 144.51590344563600610065
2023/06/28 00:33:55, 0.00694530565962411637, 143.98214405643891134727
2023/06/28 00:34:48, 0.00693243518654141983, 144.24945536330333952757
2023/06/28 00:35:21, 0.00695168740155214911, 143.84996652420294433817
2023/06/28 00:41:09, 0.00707682929218449037, 141.30622044315525979706
2023/06/28 00:45:23, 0.00712309102907507303, 140.38849088383040103397
2023/06/28 00:46:36, 0.00698618756899518412, 143.13958652327293999759
2023/06/28 00:49:46, 0.00701841237286849065, 142.48236593588624728049
2023/06/28 00:52:49, 0.00713424943683648561, 140.16891459340765330151
2023/06/28 00:57:32, 0.00699703383821946662, 142.91770243238808460695
2023/06/28 00:58:03, 0.00696748583464087504, 143.52379376621193761759
2023/06/28 01:11:49, 0.00757822397974809763, 131.95703936336285107126
2023/06/28 01:13:10, 0.00717320425752380573, 139.40771294099473748033
2023/06/28 01:13:25, 0.00713359523108176481, 140.18176916499316091117
2023/06/28 01:13:56, 0.00726426703493094533, 137.66013765620141137635
2023/06/28 01:14:11, 0.00717648215342526787, 139.34403773619214606476
2023/06/28 01:14:11, 0.0078436375512131108, 127.49186757684108421451
2023/06/28 01:14:11, 0.00749079365986584728, 133.4972027540682535105
2023/06/28 01:14:54, 0.00733510041729138847, 136.33078528041026295259
2023/06/28 01:15:30, 0.0069951792564393614, 142.95559317932521480582
2023/06/28 01:15:30, 0.00702096063945221079, 142.43065178015610895048
2023/06/28 01:16:37, 0.00703386907875331658, 142.16926542187504937991
2023/06/28 01:16:37, 0.00714326910519762318, 139.99192600379211805715
2023/06/28 01:16:37, 0.00727400428647869655, 137.47586069736758735734
2023/06/28 01:23:02, 0.00730937391628001329, 136.81062310586153450759
2023/06/28 01:32:15, 0.00731595762726899554, 136.68750571663633157793
2023/06/28 01:35:36, 0.00744161115464751918, 134.37950186035569561736
2023/06/28 01:35:43, 0.00733787607729140624, 136.27921614739575089149
2023/06/28 01:45:07, 0.00738675942237463157, 135.37736141385374151119
2023/06/28 01:45:50, 0.00741325028955126336, 134.89359740213650596698
2023/06/28 01:48:12, 0.00727755108779077922, 137.40886019716922512733
2023/06/28 01:48:12, 0.00729042925010723764, 137.16613462578909560942
2023/06/28 02:15:11, 0.00730358194982456577, 136.91911816283793455031
2023/06/28 02:21:09, 0.00712937594267742473, 140.26473116866547780021
2023/06/28 02:42:33, 0.00726160001922597543, 137.71069700236552860839
2023/06/28 02:48:22, 0.00726160001922603184, 137.71069700236445897294
2023/06/28 02:49:08, 0.007340499495808639, 136.23051136656180583823
2023/06/28 02:54:42, 0.00728909452576223176, 137.19125146006094242322
2023/06/28 03:03:44, 0.00722922237957911326, 138.32746421313161983997
2023/06/28 03:06:07, 0.00723314837070957223, 138.25238315993509039324
2023/06/28 03:12:28, 0.00730531372113017793, 136.88666061083188041786
2023/06/28 03:15:35, 0.00733164428400175608, 136.39505154145043622309
2023/06/28 03:18:40, 0.00736462400734274303, 135.78425714645731973272
2023/06/28 03:21:27, 0.0073381551325601813, 136.27403372312105468528
2023/06/28 03:25:57, 0.00710078526069295804, 140.82949466668015663868
2023/06/28 03:26:34, 0.00711375834404348768, 140.57266941564339717621
2023/06/28 03:29:01, 0.00721796910861920828, 138.54312549022521379477
2023/06/28 03:31:31, 0.00721891568690063461, 138.52495906200830880599
2023/06/28 03:37:34, 0.00721891568690107221, 138.5249590619999117243
2023/06/28 03:37:36, 0.00706669661326572665, 141.50883428655794925745
2023/06/28 03:44:25, 0.00794719254837505069, 125.83059915975841622706
2023/06/28 03:44:43, 0.00742922751886099774, 134.60349645521607152834
2023/06/28 03:44:43, 0.00734797280514489439, 136.09195713133576829983
2023/06/28 03:55:01, 0.00735039935318476944, 136.0470298211377559337
2023/06/28 03:56:06, 0.0073701655709712571, 135.6821621401129170628
2023/06/28 03:56:18, 0.00722633356721815786, 138.38276225393771839841
2023/06/28 04:21:49, 0.00723612948820715654, 138.19542638501937128148
2023/06/28 04:23:53, 0.00743344107686589962, 134.52719805799842879157
2023/06/28 04:27:24, 0.0074323539063386783, 134.54687607746324301061
2023/06/28 04:30:54, 0.00779035754367455308, 128.36381313614527050339
2023/06/28 04:30:54, 0.00749129195065564413, 133.4883230538731259497
2023/06/28 04:31:21, 0.0072802988234073763, 137.35699924635415127098
2023/06/28 04:32:04, 0.00733180727009249936, 136.39201947917321975057
2023/06/28 04:35:38, 0.00759717137764312629, 131.62793759566740563396
2023/06/28 04:37:33, 0.00746729675821351939, 133.9172705169468325285
2023/06/28 04:39:51, 0.00713209041905305319, 140.21134635766054793129
2023/06/28 04:39:51, 0.00741589340795088828, 134.84551961438096428429
2023/06/28 04:44:05, 0.00738851026652817874, 135.34528124434678826789
2023/06/28 04:44:05, 0.00739830189013915052, 135.16615229406265268963
2023/06/28 05:09:45, 0.00740358618071307021, 135.06967780088511592546
2023/06/28 05:12:29, 0.0073588955247141319, 135.88995748636431462173
2023/06/28 05:46:50, 0.00734921019589642923, 136.06904325016706542673
2023/06/28 06:02:32, 0.00736238048434226419, 135.82563440272095417632
2023/06/28 06:09:04, 0.00733112763527156603, 136.40466375033410897803
2023/06/28 07:06:54, 0.00728316852042532313, 137.30287816292378069249
2023/06/28 07:22:36, 0.00728316852042679158, 137.30287816289609736311
2023/06/28 07:23:57, 0.00739670095142291419, 135.19540759690014714376
2023/06/28 07:24:29, 0.00739670095142291419, 135.19540759690014714376
2023/06/28 07:25:33, 0.00739670095142420802, 135.19540759687649880732
2023/06/28 07:26:39, 0.00738941640172103477, 135.32868438258461497701
2023/06/28 07:29:36, 0.00767877427461125873, 130.22911785626429710811
2023/06/28 07:31:28, 0.0075848111591336481, 131.84243866055881432942
2023/06/28 07:32:58, 0.00820791016499581517, 121.83369212113079373163
2023/06/28 07:33:55, 0.00796289719893517795, 125.58243250129148266928
2023/06/28 07:34:14, 0.00780306048192381108, 128.15484415589898013939
2023/06/28 07:36:47, 0.00790694434924633444, 126.47110638831256185565
2023/06/28 07:44:49, 0.00759220932004394675, 131.71396596771012095623
2023/06/28 07:44:49, 0.00827712777910133083, 120.81485591232138568203
2023/06/28 07:45:27, 0.00826309841183902798, 121.01997945071561496618
2023/06/28 07:45:59, 0.00817278471327115735, 122.35731578444453687935
2023/06/28 07:46:45, 0.00812457959631579584, 123.08329165160299191586
2023/06/28 07:46:58, 0.00813844899814174889, 122.8735352680012965175
2023/06/28 07:47:16, 0.00827779338019500038, 120.80514142724868924953
2023/06/28 07:48:24, 0.00807857705219038584, 123.784175547210371017
2023/06/28 07:48:44, 0.0082174022434563219, 121.69295969371823744843
2023/06/28 07:53:34, 0.00807047095388811795, 123.90850617190179127872
2023/06/28 07:58:23, 0.00832398985907003842, 120.13469705400634078803
2023/06/28 07:59:21, 0.00863081649236162197, 115.86389316526567508973
2023/06/28 07:59:25, 0.00836405510865916786, 119.55923137865466079207
2023/06/28 08:03:17, 0.00816033968704267597, 122.54391831112634406632
2023/06/28 08:03:17, 0.0082298622367219291, 121.50871682128110428562
2023/06/28 08:11:36, 0.00836995467944271656, 119.47495993688957665934
2023/06/28 08:15:57, 0.00823471284675248945, 121.43714281359166056862
2023/06/28 08:23:32, 0.00806779516332447609, 123.94960206053775304359
2023/06/28 08:34:33, 0.00790033944027283405, 126.57683983834820238002
2023/06/28 08:35:00, 0.00810507841948598792, 123.3794354902020207974
2023/06/28 08:41:02, 0.00824409842993927631, 121.29889138251903627598
2023/06/28 08:41:02, 0.00817510119145154135, 122.32264489223326943622
2023/06/28 09:02:50, 0.00831471521869355279, 120.26870117592851351774
2023/06/28 09:02:50, 0.0082866140392143397, 120.67655079236811844115
2023/06/28 09:03:52, 0.00798459463871548696, 125.24117319008619327183
2023/06/28 09:28:39, 0.00790212865364110375, 126.54818009565371317229
2023/06/28 09:37:46, 0.0080115791305319916, 124.81933757466328124656
2023/06/28 09:42:32, 0.0073020279100909532, 136.94825770496734766664
2023/06/28 09:42:32, 0.00785837013226328786, 127.25285054904765205016
2023/06/28 09:45:57, 0.00798949063107624744, 125.16442488966184673821
2023/06/28 09:52:25, 0.00784007138615951503, 127.54985901854821195383
2023/06/28 09:54:15, 0.0078536888839082441, 127.32870053573708121895
2023/06/28 10:17:26, 0.00789461221922919119, 126.6686662030421202631
2023/06/28 10:41:45, 0.00796305382842228077, 125.57996235448403614321
2023/06/28 11:19:14, 0.00803179038697545074, 124.50524127492478495155
2023/06/28 11:25:13, 0.00807455512296314724, 123.84583234265252794196
2023/06/28 11:28:48, 0.00813048404969628017, 122.99390711397505146194
2023/06/28 11:30:52, 0.00814435097766346787, 122.78449231161325896352
2023/06/28 11:36:51, 0.00807473200295369484, 123.84311945389707261747
2023/06/28 11:37:10, 0.0078830911432037169, 126.85379146759381048553
2023/06/28 11:45:42, 0.00784391671458700849, 127.48733016763694506838
2023/06/28 12:02:55, 0.00777338361257086933, 128.6441078738005068735
2023/06/28 12:09:51, 0.00777406124550823317, 128.63289449614112162255
2023/06/28 12:12:34, 0.00791018146673825111, 126.41935007495449725486
2023/06/28 12:13:56, 0.00777773180696480856, 128.57218850160394070841
2023/06/28 12:14:40, 0.00791388051770662528, 126.36026002194324585005
2023/06/28 12:20:04, 0.00770181496440513323, 129.83952543934392217263
2023/06/28 12:28:51, 0.00780708354250382204, 128.08880480857367987606
2023/06/28 12:53:15, 0.00776484522620260362, 128.78556762799119549078
2023/06/28 12:56:08, 0.00779128321806938549, 128.34856236272098928654
2023/06/28 13:06:15, 0.00779076740917230777, 128.35706002757437486745
2023/06/28 13:11:00, 0.00777599295722061415, 128.60093952006762513602
2023/06/28 13:37:15, 0.00798062567906444575, 125.30345867784494098407
2023/06/28 13:37:20, 0.00768222164191239833, 130.17067804243432532897
2023/06/28 13:39:19, 0.00767383993811230141, 130.31285615347241582588
2023/06/28 13:40:11, 0.00765735432207179298, 130.5934083678966409436
2023/06/28 13:40:51, 0.00776170238784977509, 128.83771497930753104132
2023/06/28 13:46:05, 0.00776117693510503189, 128.84643764231706882278
2023/06/28 13:46:24, 0.00766962306496059174, 130.38450410537068898109
2023/06/28 13:47:54, 0.00773686505333778499, 129.25131731082564152641
2023/06/28 14:03:14, 0.00725744238672673655, 137.78958849593039942431
2023/06/28 14:03:14, 0.0073230462384726823, 136.55519403200752765346
2023/06/28 14:03:14, 0.00740146162993154004, 135.1084488442115343375
2023/06/28 14:04:49, 0.00753328073792355046, 132.7442896115453701331
2023/06/28 14:13:49, 0.00760432218236118288, 131.5041598736541998017
2023/06/28 14:25:15, 0.00757541184658565376, 132.00602426001620918429
2023/06/28 14:26:01, 0.00767806431273632598, 130.24115965546239748603
2023/06/28 14:35:23, 0.00794971815838011957, 125.79062302301365717354
2023/06/28 14:35:23, 0.00790706955471376532, 126.46910376599056524406
2023/06/28 14:35:58, 0.00780340210933880353, 128.14923362763011848552
2023/06/28 14:38:52, 0.00785779073224308514, 127.26223363224385277383
2023/06/28 14:39:47, 0.0081325656423950351, 122.96242587788085455961
2023/06/28 14:39:47, 0.00806208033280801669, 124.03746411835873263972
2023/06/28 14:39:47, 0.00776239536886684387, 128.82621310565635526649
2023/06/28 14:43:57, 0.00844795388244330636, 118.37185831213146795819
2023/06/28 14:44:38, 0.00821635104273231454, 121.70852910240967708725
2023/06/28 14:46:43, 0.00818450424768607481, 122.1821102093899288365
2023/06/28 14:48:27, 0.00806169588186847031, 124.04337929059023605273
2023/06/28 14:48:47, 0.00801317026576102912, 124.79455282172613499073
2023/06/28 14:57:13, 0.00805756530699555886, 124.10696803559288558139
2023/06/28 14:58:06, 0.00793108569238670513, 126.08614240039430929212
2023/06/28 15:04:21, 0.00795836410844817568, 125.65396435411308139587
2023/06/28 15:13:14, 0.00809600084845774167, 123.51777361664880702929
2023/06/28 15:17:29, 0.00823481580503042943, 121.43562450894489480371
2023/06/28 15:19:28, 0.00806528522275437662, 123.98817554259908346288
2023/06/28 15:24:10, 0.00807080451129164566, 123.90338517070099751587
2023/06/28 15:32:58, 0.00807080451134731133, 123.90338516984641542258
2023/06/28 15:35:12, 0.00813999911064893356, 122.85013627234640117233
2023/06/28 15:38:43, 0.00811220275875070058, 123.27108058551565214947
2023/06/28 15:40:43, 0.00783850801042426928, 127.57529859893244140684
2023/06/28 15:44:50, 0.00782785167369294018, 127.74897145288276652869
2023/06/28 15:45:33, 0.00772247312623940848, 129.49219552505807844557
2023/06/28 15:53:44, 0.00791636105205523897, 126.32066595047238833599
2023/06/28 15:54:06, 0.00791943387396231397, 126.27165223107950120553
2023/06/28 15:55:44, 0.00791943387400177321, 126.27165223045034221697
2023/06/28 15:56:12, 0.0079216404319828773, 126.23647950020480170379
2023/06/28 16:00:33, 0.00792164043198734272, 126.2364795001336423195
2023/06/28 16:04:48, 0.00806565107295907335, 123.98255155775372965204
2023/06/28 16:15:56, 0.00807713371074655151, 123.80629513035165824427
2023/06/28 16:31:36, 0.00806568548430225349, 123.98202260009249841769
2023/06/28 16:46:31, 0.00799266393678033178, 125.11473119722182690968
2023/06/28 17:08:16, 0.00801371678150876476, 124.78604214057677459564
2023/06/28 17:28:43, 0.00787260026267318087, 127.02283446821990544127
2023/06/28 17:28:43, 0.00828520749572097829, 120.69703752337708427965
2023/06/28 17:29:32, 0.00787379159541144332, 127.00361546053152938447
2023/06/28 17:32:18, 0.00815641984299829732, 122.60281094510214918175
2023/06/28 17:33:53, 0.00815875283733626459, 122.56775268687855768599
2023/06/28 17:35:01, 0.00788000408793611868, 126.90348746531091422721
2023/06/28 17:35:12, 0.00810760388801561104, 123.34100355817414339094
2023/06/28 17:44:29, 0.0082503489869633634, 121.20699398051301031652
2023/06/28 17:46:51, 0.00803464240993065309, 124.46104617724125814613
2023/06/28 17:53:49, 0.00804171780137068577, 124.35154088962847130026
2023/06/28 18:04:33, 0.0080488325210017997, 124.24162105382393790232
2023/06/28 18:12:33, 0.00811786226512016793, 123.185140045634550663
2023/06/28 18:13:47, 0.00809769783229847008, 123.49188877008980567248
2023/06/28 18:39:44, 0.00809409687450784466, 123.54682869554909198411
2023/06/28 18:42:34, 0.00816525145013569661, 122.47020267616880417331
2023/06/28 18:57:33, 0.00819453060543529434, 122.03261518563574801722
2023/06/28 19:02:30, 0.00826612364626468877, 120.97568858069064183386
2023/06/28 19:05:11, 0.00815304685450200688, 122.65353282592911281003
2023/06/28 19:13:52, 0.00826745348062783512, 120.95622942943483373344
2023/06/28 19:13:57, 0.0083537806546516576, 119.7062792692752084449
2023/06/28 19:15:28, 0.00818851437929202918, 122.12227440534323234376
2023/06/28 19:32:50, 0.00821791728537792428, 121.68533282505680007392
2023/06/28 19:41:52, 0.00823223059068659491, 121.47375963099652863705
2023/06/28 19:45:38, 0.00824297372859151677, 121.31544184490210243569
2023/06/28 19:46:15, 0.00797013533556481607, 125.4683838977915474163
2023/06/28 19:48:12, 0.00827837194562821579, 120.79669850158123167346
2023/06/28 19:57:09, 0.00800726510051961184, 124.88658580007641451486
2023/06/28 19:59:14, 0.00806427437337270062, 124.00371734645885877157
2023/06/28 20:00:51, 0.00808149587841474845, 123.7394679209015674465
2023/06/28 20:29:04, 0.00814546160994882245, 122.76775066726794779412
2023/06/28 20:30:43, 0.0086014666817955273, 116.25924240530259851989
2023/06/28 20:30:49, 0.00851727445215151294, 117.40845098015999693987
2023/06/28 20:33:00, 0.00841496432556515006, 118.83591674440519678238
2023/06/28 20:44:51, 0.00866578313091159201, 115.39637963393224014629
2023/06/28 20:48:08, 0.00847795213293681768, 117.95301321825150540919
2023/06/28 21:01:46, 0.00847918773045134903, 117.93582496218299669102
2023/06/28 21:06:02, 0.00852283372900733122, 117.3318677562036261534
2023/06/28 21:07:22, 0.00837339759946792947, 119.42583498764503514691
2023/06/28 21:16:24, 0.00837461038884900162, 119.40854004760919225862
2023/06/28 21:19:33, 0.00864883465492734215, 115.6225133093842089325
2023/06/28 21:27:27, 0.00864819740359757026, 115.63103307332106391212
2023/06/28 21:37:25, 0.00879555197412353802, 113.69383103436760949291
2023/06/28 21:37:29, 0.00875156948043752693, 114.26521862567740126496
2023/06/28 21:40:48, 0.00860842036334449991, 116.16533089602574442757
2023/06/28 21:40:48, 0.00846710215145628493, 118.10416150796133829187
2023/06/28 21:42:08, 0.00858364587214106715, 116.50061231505166539063
2023/06/28 22:14:43, 0.00863488371788774591, 115.80931865109339382419
2023/06/28 22:16:18, 0.0086410200125893447, 115.72707834758765974831
2023/06/28 22:18:46, 0.00858988084150482107, 116.41605028653862853196
2023/06/28 22:19:13, 0.00860450983749271658, 116.21812501656593813682
2023/06/28 22:23:19, 0.00873836471136618981, 114.43788775481953122955
2023/06/28 22:24:05, 0.00841723150084574711, 118.80390837528015457214
2023/06/28 22:24:14, 0.00850181360993808756, 117.62196231061366007066
2023/06/28 22:27:23, 0.008523647666207419, 117.32066354227287289233
2023/06/28 22:28:01, 0.00856009991365516088, 116.82106635283421695591
2023/06/28 22:28:14, 0.00885451700493347223, 112.93670783429857185782
2023/06/28 22:28:14, 0.00876490135800275549, 114.0914151973831743191
2023/06/28 22:31:27, 0.00844325368810739289, 118.43775361251239797374
2023/06/28 22:31:27, 0.00845775547546604571, 118.23467856226917406545
2023/06/28 22:31:51, 0.008566915364437591, 116.72812879080531802651
2023/06/28 22:39:49, 0.00853765025772205808, 117.1282460411784708045
2023/06/28 22:43:08, 0.00858779817946736619, 116.44428281872154589366
2023/06/28 22:50:28, 0.00866104799745841273, 115.45946868017014980951
2023/06/28 22:50:57, 0.00876175694551397756, 114.13236023535214917514
2023/06/28 22:51:42, 0.0087469528356279695, 114.3255278486027249316
2023/06/28 22:53:52, 0.00876171251446408609, 114.13293900583605597517
2023/06/28 22:54:44, 0.00888767198173627522, 112.5154035899333779055
2023/06/28 22:55:08, 0.00884273759902330763, 113.08715076091948693407
2023/06/28 22:56:39, 0.00919570546071306544, 108.74641475548703464627
2023/06/28 22:57:08, 0.00911259728982578432, 109.73819737612020767313
2023/06/28 22:57:08, 0.00905998663744418118, 110.3754387304592784393
2023/06/28 22:57:29, 0.00886392092316103995, 112.81689092995442713075
2023/06/28 22:59:53, 0.00906533043905427396, 110.3103749745192293569
2023/06/28 23:01:12, 0.00886451507564741785, 112.80932927140013091778
2023/06/28 23:02:45, 0.00894638079138961623, 111.77704407154714966697
2023/06/28 23:04:38, 0.00953335981797631103, 104.89481348583719738322
2023/06/28 23:04:38, 0.00942947572102187613, 106.05043478404858675356
2023/06/28 23:05:02, 0.0092208425381037332, 108.44995952025551639211
2023/06/28 23:05:02, 0.00906981810942898197, 110.25579432077034742237
2023/06/28 23:07:25, 0.00904723437777187335, 110.53101514169870550556
2023/06/28 23:08:20, 0.00876251908387676523, 114.12243333541182075787
2023/06/28 23:09:07, 0.00883640157835420834, 113.16823835277202770799
2023/06/28 23:17:15, 0.00896255644365995551, 111.57530848326120391167
2023/06/28 23:20:21, 0.00897002297169779219, 111.48243467772591370164
2023/06/28 23:25:07, 0.00888510164904852781, 112.54795268516553746889
2023/06/28 23:28:00, 0.00889997304597277478, 112.35989084848954523084
2023/06/28 23:43:12, 0.00904942710957827604, 110.50423279740658439464
2023/06/28 23:44:38, 0.00935195016634840195, 106.92956893615097236057
2023/06/28 23:44:46, 0.00924743705750996584, 108.138070449248074107
2023/06/28 23:45:41, 0.00966141193089724799, 103.50454024240437897493
2023/06/28 23:45:41, 0.00964579404540790309, 103.67212852487478320789
2023/06/28 23:45:41, 0.0095609117934168025, 104.59253485515401508107
2023/06/28 23:46:29, 0.00889293969035452847, 112.44875539689325322219
2023/06/28 23:47:37, 0.0091928187932643247, 108.78056257703138328259
2023/06/28 23:48:43, 0.00898784728866156721, 111.26134744874106951074
2023/06/28 23:52:46, 0.00865563799726499599, 115.53163386869685188147
2023/06/28 23:55:06, 0.00866297399348666073, 115.43379914932902921151
2023/06/28 23:59:04, 0.00873650481864607201, 114.4622501513109270858
2023/06/29 00:00:57, 0.00875590783076715629, 114.20860284596944547951
2023/06/29 00:03:37, 0.00875073968540704458, 114.27605390520590618823
2023/06/29 00:20:27, 0.0092924529197529676, 107.61421216074175133788
2023/06/29 00:20:27, 0.00899887749314832951, 111.1249709490313301952
2023/06/29 00:23:03, 0.00907381156764675362, 110.20726984959253000444
2023/06/29 00:28:36, 0.0090918418652508901, 109.98871458840589063167
2023/06/29 00:31:12, 0.00893202434226574624, 111.95670339455596688579
2023/06/29 00:33:00, 0.00892798975476830616, 112.00729699156687711819
2023/06/29 00:36:30, 0.00902507891597262319, 110.80235522707682162234
2023/06/29 00:37:31, 0.00884102182967579762, 113.10909748502116737425
2023/06/29 00:42:38, 0.00883112636562072933, 113.23583862336808417488
2023/06/29 00:43:44, 0.00884426368589048774, 113.06763745582678823635
2023/06/29 00:45:28, 0.00887394056827320081, 112.68950837638888444316
2023/06/29 00:45:37, 0.00902307020689331119, 110.82702196376958806296
2023/06/29 00:52:31, 0.00894792982374975095, 111.75769364504654580745
2023/06/29 00:57:27, 0.00902264682330428575, 110.832222471252472989
2023/06/29 00:59:00, 0.00909707255935040713, 109.92547256008770401233
2023/06/29 01:06:55, 0.0090207362351635775, 110.85569668935858225147
2023/06/29 01:12:38, 0.00903571504789203165, 110.67192742352946603067
2023/06/29 01:27:29, 0.00921302357293750006, 108.54199949486918228974
2023/06/29 01:27:53, 0.00910588991916221974, 109.8190301966668421804
2023/06/29 01:27:53, 0.00922959032144331731, 108.34717091144091564628
2023/06/29 01:31:35, 0.00893252750141268311, 111.95039700038422104853
2023/06/29 01:34:12, 0.00888788021379398569, 112.51276749297323959255
2023/06/29 01:48:25, 0.00890274720496373907, 112.32487871187093922731
2023/06/29 01:52:24, 0.00885658324667598354, 112.91035968925329004795
2023/06/29 01:54:31, 0.00888627712407405162, 112.53306486367313346103
2023/06/29 01:54:31, 0.00900219122168751709, 111.0840655762635245204
2023/06/29 02:19:51, 0.0095676428311865962, 104.51895180915508828226
2023/06/29 02:19:51, 0.00913677249444225602, 109.44783845808605447172
2023/06/29 02:21:38, 0.00909040283252168409, 110.006126067638666151
2023/06/29 02:26:38, 0.00941261154834774722, 106.24044080258852961842
2023/06/29 02:26:38, 0.00926590274998559715, 107.92256588291458080888
2023/06/29 02:27:30, 0.00907435284677286651, 110.20069605907294613871
2023/06/29 02:27:30, 0.00907759661029097827, 110.16131724407452492619
2023/06/29 02:29:37, 0.00922837674302228743, 108.36141911480963720004
2023/06/29 02:30:58, 0.00922389346402667436, 108.41408824809342174138
2023/06/29 02:33:16, 0.00905861036197517955, 110.39220808057314086252
2023/06/29 02:34:31, 0.00905753566704045058, 110.40530633943945161759
2023/06/29 02:38:44, 0.00906128578521452599, 110.35961382342881208277
2023/06/29 02:41:16, 0.00906233595706775752, 110.34682500598484183462
2023/06/29 02:43:15, 0.00906029688307783134, 110.3716592187754721796
2023/06/29 02:51:23, 0.0094501531585761706, 105.81839079427865439558
2023/06/29 02:51:31, 0.00927333093760122767, 107.83611700357091900784
2023/06/29 02:54:07, 0.00928684189675848471, 107.67923166098519194875
2023/06/29 02:59:27, 0.00945223676377764033, 105.79506470173778183961
2023/06/29 03:00:31, 0.00911959884497973472, 109.65394607795625766844
2023/06/29 03:02:02, 0.00988752120204844633, 101.13758338063791845667
2023/06/29 03:02:02, 0.00986037239898621466, 101.41604794792680477253
2023/06/29 03:02:11, 0.00969613809440498775, 103.13384465687788876001
2023/06/29 03:02:11, 0.00949532543883780988, 105.31497908537150976551
2023/06/29 03:02:50, 0.00938206379933629543, 106.58635683875245573123
2023/06/29 03:03:53, 0.00950079883871082172, 105.2543072405153214646
2023/06/29 03:05:26, 0.00943841351503001321, 105.95000933234912417992
2023/06/29 03:05:46, 0.00931565344515826826, 107.34620023029533206777
2023/06/29 03:08:55, 0.00938710416112381019, 106.52912579168413990886
2023/06/29 03:10:06, 0.00939197509244101161, 106.47387691698999492829
2023/06/29 03:13:53, 0.00906498776452328009, 110.31454492565320517673
2023/06/29 03:14:20, 0.00923689519312318166, 108.2614860396483195856
2023/06/29 03:17:04, 0.00931275361357378712, 107.37962599401876321895
2023/06/29 03:24:47, 0.00932035647128162181, 107.29203363425564232538
2023/06/29 03:33:28, 0.00939655562170868913, 106.42197420613553809613
2023/06/29 03:35:31, 0.00922902345116088607, 108.35382587246688083899
2023/06/29 03:41:06, 0.00926414592449608343, 107.94303200209945769481
2023/06/29 03:44:20, 0.00934011371383539553, 107.06507764661497679891
2023/06/29 03:46:53, 0.00932484967789962226, 107.24033464797313619741
2023/06/29 04:17:08, 0.00935529853619638442, 106.89129760326958037491
2023/06/29 04:17:38, 0.00943163763468135003, 106.02612597444062236002
2023/06/29 04:20:47, 0.0095159684075228349, 105.08651954008710902878
2023/06/29 04:23:19, 0.0093471182114096744, 106.98484574415007873254
2023/06/29 04:24:59, 0.00943038442782259674, 106.04021582086153739282
2023/06/29 04:27:56, 0.00943497418258400935, 105.98863130393054090575
2023/06/29 04:29:06, 0.00945303624897680605, 105.78611714392185000517
2023/06/29 04:42:51, 0.00952976961211528052, 104.934331122621384513
2023/06/29 04:44:23, 0.00962534917567967047, 103.89233489073786749047
2023/06/29 04:46:56, 0.00947830172046318741, 105.50413243767595676903
2023/06/29 04:46:56, 0.00955513542296049201, 104.65576422884098133497
2023/06/29 04:47:47, 0.00955898522654280679, 104.61361497068339749629
2023/06/29 04:49:50, 0.00963614410735784623, 103.77594905792582782219
2023/06/29 04:52:37, 0.00803644354968116942, 124.43315178138383041986
2023/06/29 04:52:37, 0.00911028160362430154, 109.7660910505965685647
2023/06/29 04:53:12, 0.00931875020275879902, 107.31052751086211347272
2023/06/29 05:09:40, 0.00949436273336739369, 105.32565777011629345917
2023/06/29 05:12:43, 0.01027707170250760345, 97.30398200452373991407
2023/06/29 05:12:43, 0.01024428599734757125, 97.6153926451211801171
2023/06/29 05:12:43, 0.01019809017376250487, 98.05757577754952268061
2023/06/29 05:12:54, 0.00995401185597283734, 100.46200612067352304288
2023/06/29 05:12:54, 0.00980301304801911414, 102.00945312442168820801
2023/06/29 05:12:54, 0.0094868900662060566, 105.40862105719691787778
2023/06/29 05:14:34, 0.00947375489963705921, 105.55476794510591898723
2023/06/29 05:14:59, 0.00945325170911100855, 105.78370604859741009628
2023/06/29 05:22:10, 0.00946090771295773151, 105.69810322009508219015
2023/06/29 05:23:19, 0.00929920073856212535, 107.53612359965287364977
2023/06/29 05:42:51, 0.0093143903900606551, 107.36075664888338679653
2023/06/29 05:43:46, 0.00939052448692062078, 106.490324517318211304
2023/06/29 05:52:47, 0.00939815489389427942, 106.40386451277497730056
2023/06/29 05:55:06, 0.00947462935278471592, 105.54502585434511862718
2023/06/29 05:56:45, 0.0095575932800846036, 104.62885066303512163068
2023/06/29 05:58:25, 0.00950638506979521191, 105.19245671809738322955
2023/06/29 06:01:45, 0.009356076934415758, 106.88240456013791740089
2023/06/29 06:03:32, 0.00901981781123582595, 110.86698433690288733176
2023/06/29 06:18:15, 0.00915662655145659827, 109.21052577391879511107
2023/06/29 06:35:50, 0.00913676930088421454, 109.44787671318620201808
2023/06/29 06:39:26, 0.0091367693009052905, 109.44787671293373652238
2023/06/29 06:40:21, 0.0091367693009052905, 109.44787671293373652238
2023/06/29 06:41:23, 0.00913676930093865411, 109.44787671253407921524
2023/06/29 06:42:23, 0.00915047113916557134, 109.28399038600647322985
2023/06/29 06:56:38, 0.00929057609346473909, 107.63595173645141634587
2023/06/29 07:00:10, 0.00909794460996239636, 109.91493605104869963206
2023/06/29 07:01:05, 0.00917334312720161661, 109.01151152132428776737
2023/06/29 07:01:05, 0.00901979010290817422, 110.8673249145319361221
2023/06/29 07:05:10, 0.0091568868690230687, 109.20742107046345412075
2023/06/29 07:31:57, 0.00917076818458759571, 109.04211946831250518926
2023/06/29 08:07:38, 0.00892100937903911436, 112.09493875767121063136
2023/06/29 08:08:44, 0.00884273350355402515, 113.08720313668677625065
2023/06/29 08:09:15, 0.00884718416837493684, 113.03031348376252899463
2023/06/29 08:31:28, 0.00865351886211498053, 115.55992607562110364436
2023/06/29 08:32:17, 0.0088477701468096967, 113.02282760595641148496
2023/06/29 08:44:28, 0.0088477701468100242, 113.02282760595222800535
2023/06/29 08:49:14, 0.00878278826554414502, 113.859058167565213532
2023/06/29 09:32:59, 0.00907957116305963799, 110.13736023883087766812
2023/06/29 09:33:11, 0.00894598859371730519, 111.78194444628420857081
2023/06/29 09:33:36, 0.00877514995860093624, 113.95816649490452020153
2023/06/29 09:50:51, 0.00877644469780806785, 113.94135489166264776342
2023/06/29 09:51:01, 0.00914804204951630065, 109.31300868395927756995
2023/06/29 09:51:04, 0.00897997750543394669, 111.35885356003196290916
2023/06/29 10:02:15, 0.00912938108704055871, 109.53645055079705239557
2023/06/29 10:08:57, 0.00892736116867582102, 112.01518355824828260434
2023/06/29 10:19:48, 0.00906168954859745217, 110.35469650963464537208
2023/06/29 10:25:50, 0.00906848539046398593, 110.27199768679732570703
2023/06/29 10:34:40, 0.00893440546096550038, 111.92686568446095220575
2023/06/29 10:39:39, 0.00893246349209519507, 111.95119922795681079743
2023/06/29 11:18:25, 0.00880137939754122753, 113.61855395977614290052
2023/06/29 12:13:00, 0.0088190948689001094, 113.39032121385002727594
2023/06/29 12:23:37, 0.00882855605741017732, 113.26880562316394482214
2023/06/29 12:29:55, 0.00880538045872068081, 113.56692702694283679953
2023/06/29 12:37:23, 0.00862969650191027601, 115.87893036315231475486
2023/06/29 12:43:23, 0.00859009508265465869, 116.41314681361627348891
2023/06/29 12:49:10, 0.00856515198541766867, 116.75216058074844307456
2023/06/29 12:54:20, 0.00851807666632033301, 117.39739370436816163544
2023/06/29 12:58:16, 0.0086432275287912166, 115.69752117122077459278
2023/06/29 13:02:21, 0.00864138103267109619, 115.72224349548150369212
2023/06/29 13:15:28, 0.00903369884051473176, 110.69662799861733374085
2023/06/29 13:15:28, 0.00891079887418153304, 112.22338357309755026163
2023/06/29 13:15:28, 0.00877248277423340645, 113.99281431902112292633
2023/06/29 13:19:04, 0.00841300757197890722, 118.86355639696399923292
2023/06/29 13:19:04, 0.00852805700894618692, 117.26000411945770113874
2023/06/29 13:28:28, 0.00865340810985735046, 115.56140509088791623452
2023/06/29 13:28:28, 0.00853753579090865027, 117.12981643542485940361
2023/06/29 13:31:40, 0.00858109987216207018, 116.53517787901503195786
2023/06/29 13:56:50, 0.00872711359651438835, 114.58542265330432784421
2023/06/29 14:10:19, 0.00859120345951388486, 116.39812800529146029758
2023/06/29 14:10:19, 0.00849322383127033728, 117.74092145295896651596
2023/06/29 14:11:15, 0.00842081696867850476, 118.75332330812219888747
2023/06/29 14:15:22, 0.00854379458528550036, 117.04401247219169791988
2023/06/29 14:25:16, 0.00835659053742373394, 119.66602833077083227576
2023/06/29 14:27:07, 0.00836089529956137232, 119.60441605487654026169
2023/06/29 14:30:59, 0.00833355760040782706, 119.99677064103595681001
2023/06/29 14:37:13, 0.0084058796434496597, 118.9643490528985826986
2023/06/29 14:39:26, 0.00828621640787429541, 120.68234170781631895947
2023/06/29 14:39:44, 0.00839867261550429252, 119.06643415936456142211
2023/06/29 14:41:09, 0.00838175276503459595, 119.30678797537551418824
2023/06/29 14:45:22, 0.00845374915511043689, 118.2907112160387188211
2023/06/29 14:56:01, 0.00842422454815711652, 118.70528786162994834486
2023/06/29 15:21:56, 0.00844189683441704574, 118.45678993885204125042
2023/06/29 15:22:25, 0.00841157796400133601, 118.88375811050631195436
2023/06/29 15:26:36, 0.0083874246213261998, 119.22610874586701906437
2023/06/29 15:41:14, 0.00853162007293964339, 117.2110327757997974969
2023/06/29 15:43:59, 0.00853462362705664144, 117.16978319111567944454
2023/06/29 15:49:31, 0.00839854397121946968, 119.06825795362239079633
2023/06/29 15:54:22, 0.00839716506552599968, 119.08781025461000035625
2023/06/29 15:55:53, 0.00839989461702972949, 119.04911258917770427316
2023/06/29 16:06:01, 0.00847188432427741676, 118.0374945789043117982
2023/06/29 16:15:11, 0.00850076603058320488, 117.63645727953223580791
2023/06/29 16:18:03, 0.00946307399155902004, 105.67390690297796792917
2023/06/29 16:18:03, 0.00930731517176157966, 107.44236995798775630581
2023/06/29 16:18:03, 0.00884048414323101319, 113.11597688523434047374
2023/06/29 16:18:21, 0.00826284897663164938, 121.02363274799317805464
2023/06/29 16:18:38, 0.00840848088250944823, 118.92754636335183999524
2023/06/29 16:19:22, 0.0087227627517998578, 114.64257695116832831447
2023/06/29 16:31:04, 0.00871870908267098643, 114.6958787726461064489
2023/06/29 16:31:09, 0.00860328887165087115, 116.23461851840755654803
2023/06/29 16:36:29, 0.00847744228925697804, 117.96010705578592031432
2023/06/29 16:42:12, 0.00847624861898173856, 117.97671882353671967599
2023/06/29 17:04:46, 0.00845184357464816902, 118.31738142901298551613
2023/06/29 17:11:12, 0.00842148527162060682, 118.74389941283633292112
2023/06/29 17:13:58, 0.00842306720595771252, 118.72159814808207260987
2023/06/29 17:19:05, 0.00846626814094222283, 118.11579592714253443922
2023/06/29 17:20:59, 0.00861512854067069256, 116.07487866015629315933
2023/06/29 17:20:59, 0.00850183553582203235, 117.62165896841371814758
2023/06/29 17:27:04, 0.00853891905708942606, 117.11084193610564156566
2023/06/29 17:29:32, 0.00841660520954894416, 118.81274873929737103148
2023/06/29 17:35:47, 0.00841360494362273699, 118.85511700403408426205
2023/06/29 17:52:03, 0.00836401436780435625, 119.55981374796594930908
2023/06/29 18:17:09, 0.00822362642922229019, 121.60085439272199249928
2023/06/29 18:17:12, 0.00835338583984254899, 119.71193707231519015059
2023/06/29 18:25:35, 0.008350266747194252, 119.7566533232015600263
2023/06/29 18:40:39, 0.00835771398681112603, 119.64994274487593325964
2023/06/29 18:45:13, 0.00847910197533844361, 117.93701773000376842442
2023/06/29 18:55:53, 0.00852244209618289411, 117.33725952187915061778
2023/06/29 18:55:53, 0.00835497335057309975, 119.68919086156105513637
2023/06/29 19:14:41, 0.0083424720709572842, 119.86854633667976242924
2023/06/29 19:17:35, 0.0084635232089724289, 118.1541038299358243269
2023/06/29 19:33:25, 0.0084498659942720302, 118.34507206124653326312
2023/06/29 19:38:32, 0.00810351124504492208, 123.40329639345819994369
2023/06/29 19:40:36, 0.00796471072225365727, 125.55383803280738365104
2023/06/29 19:43:52, 0.00818236301928349676, 122.21408383413020300102
2023/06/29 19:43:52, 0.00809106902220405464, 123.59306257995487181818
2023/06/29 19:47:43, 0.00777974349031006233, 128.53894235016030272263
2023/06/29 19:47:43, 0.0080820638842805697, 123.73077153534720749149
2023/06/29 19:53:19, 0.00825607498470495016, 121.12293091482105780731
2023/06/29 19:54:04, 0.00811683682661567438, 123.20070260879585708638
2023/06/29 19:54:04, 0.00829197310731538982, 120.59855803412755114463
2023/06/29 19:54:04, 0.00818789630816140897, 122.13149292123239740699
2023/06/29 19:54:41, 0.00753354585585643116, 132.73961812054539549698
2023/06/29 19:54:41, 0.00805920885596089156, 124.08165837027076051154
2023/06/29 19:57:17, 0.00707271154047624204, 141.38848930528628033208
2023/06/29 19:57:17, 0.00750158360958959346, 133.30518621716852660438
2023/06/29 19:58:52, 0.00761763178233602732, 131.27439453280313693279
2023/06/29 19:59:16, 0.00761867626698240311, 131.25639743137148642005
2023/06/29 19:59:45, 0.0080780859047010389, 123.7917016230355256633
2023/06/29 20:03:36, 0.00796655863369972467, 125.52471474569353876019
2023/06/29 20:08:12, 0.00807943181348730691, 123.77107983393850285174
2023/06/29 20:08:20, 0.00802248781567389833, 124.64961281041208207392
2023/06/29 20:09:09, 0.00801993329647346221, 124.68931636123726696429
2023/06/29 20:11:59, 0.00802624541965014359, 124.59125627429282494752
2023/06/29 20:23:15, 0.00808301681259845739, 123.7161845861024216086
2023/06/29 20:24:51, 0.0079704053293353414, 125.46413371468911432261
2023/06/29 20:40:27, 0.00804046150420387062, 124.370970432127625016
2023/06/29 20:40:46, 0.00769222635638707539, 130.00137459159290336342
2023/06/29 20:44:24, 0.00790860690720055524, 126.44451946265394141279
2023/06/29 20:44:43, 0.00764547301849736902, 130.79635459841550185359
2023/06/29 20:44:43, 0.00763258258360577273, 131.01725255458442258471
2023/06/29 20:44:43, 0.00775998408758445267, 128.86624363056941665423
2023/06/29 20:46:27, 0.00741799181021208166, 134.80737450037840197993
2023/06/29 20:46:40, 0.00773105277977110858, 129.34848958948728831296
2023/06/29 20:48:33, 0.00789369304117670256, 126.68341608719703901538
2023/06/29 20:49:45, 0.007680231736941304, 130.20440453509749058131
2023/06/29 20:51:40, 0.0078364514052118392, 127.60877957271878962817
2023/06/29 21:09:02, 0.00768913026802713095, 130.05372066047451167507
2023/06/29 21:12:44, 0.00765774917030660434, 130.58667472128256707193
2023/06/29 21:15:13, 0.00776406230702699317, 128.79855421754323618238
2023/06/29 21:22:08, 0.0077583829480781331, 128.89283845517252786429
2023/06/29 21:24:54, 0.0077476954351066205, 129.07063892428786783473
2023/06/29 21:29:06, 0.00775079909206575211, 129.01895509376167068236
2023/06/29 21:30:24, 0.00756244484393100309, 132.23236937754565454757
2023/06/29 21:31:55, 0.00766676740012014357, 130.43306882954728812897
2023/06/29 21:37:27, 0.00766157581661944617, 130.52145197477596644549
2023/06/29 21:45:43, 0.00764062359834558276, 130.87936961277991561133
2023/06/29 22:06:02, 0.00774657228129800524, 129.08935251456032937288
2023/06/29 22:20:42, 0.0077066878393732208, 129.75742898149216564426
2023/06/29 22:23:57, 0.00773694930438234549, 129.24990983637210095581
2023/06/29 22:38:51, 0.00772622371141673813, 129.42933538441802704095
2023/06/29 22:45:14, 0.00771910892336720262, 129.54863183402048789141
2023/06/29 22:47:03, 0.00773286778908675432, 129.31812973852734441131
2023/06/29 22:48:49, 0.00762751396166374098, 131.10431590503131334599
2023/06/29 22:48:49, 0.0076411908300637933, 130.86965398973701494269
2023/06/29 23:09:35, 0.00770975884422330523, 129.70574309847194357252
2023/06/29 23:15:47, 0.00784781276531061474, 127.42403901635645290704
2023/06/30 00:23:35, 0.00784989287245481563, 127.39027350411221152726
2023/06/30 00:30:31, 0.00784989287249634297, 127.39027350343829417311
2023/06/30 00:34:10, 0.00782690667411055703, 127.76439551882597898144
2023/06/30 00:36:01, 0.00782690667411085594, 127.76439551882109972577
2023/06/30 00:45:49, 0.00775751401995013974, 128.90727589125612051431
2023/06/30 01:04:14, 0.00775805653556098831, 128.89826149322970646109
2023/06/30 01:09:25, 0.00772828291935309834, 129.39484882156795346417
2023/06/30 01:25:25, 0.00775172669372283639, 129.00351618559722669185
2023/06/30 01:26:13, 0.00775862866271481957, 128.88875643780202282545
2023/06/30 01:51:53, 0.0077265904173003821, 129.42319263629262840435
2023/06/30 02:01:43, 0.00776107486011564632, 128.84813225279200405066
2023/06/30 02:03:41, 0.00789977998766319624, 126.58580385297618677883
2023/06/30 02:07:12, 0.00792069143861631711, 126.25160413706157258667
2023/06/30 02:42:28, 0.00792627248267423461, 126.16270790410820187148
2023/06/30 03:40:58, 0.00797672621141416007, 125.36471398116524143773
2023/06/30 04:01:31, 0.00792642312722935114, 126.16031013594727430638
2023/06/30 04:31:47, 0.00791537332288702204, 126.33642902332039910316
2023/06/30 05:11:34, 0.00779232979457678491, 128.33132405355435193585
2023/06/30 05:25:46, 0.00780617227550435537, 128.1037574763734229837
2023/06/30 05:48:17, 0.00808560118435477264, 123.67664162498506327391
2023/06/30 05:48:17, 0.00800861626736249848, 124.86551566658256031729
2023/06/30 05:51:04, 0.00779277708756037979, 128.32395804010630589265
2023/06/30 05:51:31, 0.00781810218919962978, 127.90827950310713163885
2023/06/30 08:57:02, 0.00782789163499486563, 127.74831929576857350186
2023/06/30 10:14:06, 0.00769825931055066387, 129.89949541313502999424
2023/06/30 10:31:53, 0.00763443874967236246, 130.98539824462089426188
2023/06/30 10:32:10, 0.00774788516682509392, 129.06747821738523789551
2023/06/30 10:56:10, 0.00764475121183360137, 130.80870420636605398911
2023/06/30 12:18:33, 0.0074288320330156222, 134.610662289273095717
2023/06/30 12:18:33, 0.00755882026061487178, 132.29577705538073749058
2023/06/30 12:42:43, 0.00755781519465976259, 132.31337023252233120816
2023/06/30 12:42:46, 0.00762241152220648294, 131.19207708566841070689
2023/06/30 12:56:57, 0.00762664241439303228, 131.1192980691995878483
2023/06/30 13:23:15, 0.00769522499191000675, 129.95071632750184928954
2023/06/30 13:43:10, 0.00779159940686340582, 128.34335388432925308311
2023/06/30 14:02:05, 0.00780535259244320395, 128.11721035743543841179
2023/06/30 14:11:25, 0.00768105961137655378, 130.19037093773914264044
2023/06/30 14:43:28, 0.00749821486473788979, 133.36507662680273816205
2023/06/30 14:53:46, 0.00749821486475124454, 133.36507662656520730385
2023/06/30 15:06:05, 0.00759300464390407667, 131.70016968221323771803
2023/06/30 16:51:20, 0.00761529577771687073, 131.31466317120624711435
2023/06/30 17:38:57, 0.00753168881268254992, 132.7723469291652202313
2023/06/30 18:48:27, 0.00742190933550725793, 134.73621878077738404728
2023/06/30 18:49:58, 0.00742190933550729156, 134.73621878077677340025
2023/06/30 18:55:54, 0.00754333886036374204, 132.56729128986520212305
2023/06/30 19:05:16, 0.0076111811035282168, 131.38565308036658483526
2023/06/30 19:26:05, 0.00760512362194908971, 131.49030176365674987967
2023/06/30 19:38:05, 0.00761192179445478928, 131.37286837714100501245
2023/06/30 20:00:37, 0.00749416980072521989, 133.43706195491177542343
2023/06/30 20:03:19, 0.0076173803610833419, 131.27872740987562470678
2023/06/30 20:13:52, 0.00762257992253417329, 131.18917875085314777671
2023/06/30 21:26:28, 0.00762362047358245416, 131.17127268667467237816
2023/06/30 22:38:14, 0.00763137985407582943, 131.03790128673936543044
2023/06/30 22:54:49, 0.00818575393238008857, 122.16345717947084104172
2023/06/30 22:55:36, 0.00793798595930359795, 125.97653927920657604065
2023/06/30 22:56:09, 0.00763922459943257394, 130.90333802651619444662
2023/06/30 22:56:37, 0.00777547593423102986, 128.60949071909086399533
2023/06/30 23:38:42, 0.00787625992221396841, 126.96381402797917401406
2023/06/30 23:42:05, 0.00788317713789606801, 126.85240766604019747272
2023/06/30 23:44:56, 0.00785461216728720405, 127.31373347302724694786
2023/07/01 00:15:14, 0.00786221078439906938, 127.19068814388608113872
2023/07/01 01:04:15, 0.00805255508510844808, 124.18418619070302991048
2023/07/01 01:05:13, 0.00788625770339003583, 126.80285600737264451887
2023/07/01 01:07:40, 0.00772152141570415311, 129.50815599192460816635
2023/07/01 01:08:38, 0.00785906609846662111, 127.24158156592035215217
2023/07/01 01:49:27, 0.00792829287220847877, 126.13055750063926964596
2023/07/01 01:59:57, 0.00792829287220853399, 126.13055750063839102059
2023/07/01 02:00:54, 0.00792829287220853399, 126.13055750063839102059
2023/07/01 02:02:24, 0.00792829287226007481, 126.13055749981843242015
2023/07/01 02:03:26, 0.00792077836908332691, 126.25021852691103362479
2023/07/01 02:14:42, 0.0078896543820745925, 126.74826444514658206139
2023/07/01 02:31:43, 0.0078910391342014286, 126.726022136398868266
2023/07/01 02:52:10, 0.00800754566090433689, 124.88221014865426448565
2023/07/01 02:52:48, 0.00789699968116406511, 126.63037107437162803432
2023/07/01 03:15:37, 0.00787715087897590659, 126.94945359863515756408
2023/07/01 03:41:45, 0.00788809357076176963, 126.77334403164640918177
2023/07/01 04:07:52, 0.0078935734664981658, 126.68533513296494842533
2023/07/01 05:26:59, 0.00789412747648776956, 126.67644435416653091345
2023/07/01 08:32:18, 0.00801008111024297606, 124.84268089635689303454
2023/07/01 08:47:05, 0.00799334425788968418, 125.10408256381154846564
2023/07/01 09:26:24, 0.00792360239488002867, 126.20522209016534175612
2023/07/01 09:53:53, 0.00797903084153993252, 125.32850415790629533699
2023/07/01 11:18:46, 0.00803482579132650164, 124.45820556302391047606
2023/07/01 11:51:25, 0.00803762062720866709, 124.41492904191516756397
2023/07/01 12:20:28, 0.00789805917118325138, 126.61338416513591893507
2023/07/01 12:28:11, 0.00782873725275197084, 127.73452061486395195222
2023/07/01 12:29:43, 0.007780393944925252, 128.52819626855118392401
2023/07/01 12:29:43, 0.00796495191291892518, 125.55003607467214939068
2023/07/01 13:53:34, 0.00795554189034336337, 125.69853993400815670734
2023/07/01 13:59:16, 0.00795721036856131271, 125.67218330069146741732
2023/07/01 14:01:24, 0.008207086305730867, 121.84592226131668989844
2023/07/01 14:01:24, 0.00805265678937759865, 124.18261775655428491573
2023/07/01 15:27:39, 0.00794119225482818177, 125.92567563038257248238
2023/07/01 16:02:53, 0.00792760128158173265, 126.1415609187244309256
2023/07/01 16:05:56, 0.00793037715217780678, 126.09740757731606883002
2023/07/01 16:21:17, 0.00796511652357292073, 125.54744140157650119294
2023/07/01 16:35:30, 0.00802097595528334571, 124.67310780819743897635
2023/07/01 16:39:40, 0.00804356878583897988, 124.3229251374762213301
2023/07/01 16:57:47, 0.008115751817529605, 123.21717352667828246918
2023/07/01 17:03:28, 0.00812979881512081132, 123.00427387453617954407
2023/07/01 17:11:34, 0.0080391649484688553, 124.39102897005001307859
2023/07/01 17:28:04, 0.00807413885699058524, 123.85221727196337695768
2023/07/01 17:35:32, 0.00811710406504621227, 123.1966464870383306802
2023/07/01 18:01:48, 0.00818746516699429365, 122.13792420531429687838
2023/07/01 18:11:33, 0.00809586998922422134, 123.51977012118792704583
2023/07/01 18:31:27, 0.00809881514353600924, 123.47485184893253198678
2023/07/01 19:35:50, 0.00815501556798878819, 122.62392286844189094346
2023/07/01 19:41:39, 0.00789244139575288452, 126.70350653957651483369
2023/07/01 21:31:58, 0.00784891220639688103, 127.40619001764317863316
2023/07/02 01:19:24, 0.00785029299304414798, 127.38378056539580460614
2023/07/02 01:36:09, 0.00781793748864270629, 127.91097414794151295747
2023/07/02 01:41:23, 0.00782028025452497247, 127.8726551291278538788
2023/07/02 01:42:49, 0.00782028025452548273, 127.87265512911951042316
2023/07/02 01:47:29, 0.00795868672169515584, 125.64887084624504270212
2023/07/02 02:56:10, 0.0079600768991774495, 125.62692705937733992959
2023/07/02 04:43:50, 0.00797676849622872863, 125.36404942337010908256
2023/07/02 06:02:44, 0.00797973829913169724, 125.31739294117119586696
2023/07/02 06:13:12, 0.00796555688574507875, 125.54050072626685412034
2023/07/02 06:32:17, 0.00796792097979217504, 125.50325267232792112974
2023/07/02 07:23:07, 0.00782454101050741524, 127.80302367348072708298
2023/07/02 07:34:45, 0.00793384423965628028, 126.04230304921176831177
2023/07/02 08:56:55, 0.00789175171947101146, 126.71457941748711791261
2023/07/02 09:01:38, 0.00787787404089744972, 126.93780007252815971561
2023/07/02 09:22:25, 0.00798829888026720175, 125.18309780198795687242
2023/07/02 09:22:25, 0.00786004587133195639, 127.22572060899956145982
2023/07/02 10:14:11, 0.00788187223754317277, 126.87340898990593708592
2023/07/02 10:57:06, 0.0079037895979842977, 126.52158658867005423955
2023/07/02 11:41:13, 0.00789285238233835916, 126.69690899549512692536
2023/07/02 12:06:43, 0.00790393043871823976, 126.5193320909549211297
2023/07/02 12:07:00, 0.00791501625230137418, 126.34212844594469257484
2023/07/02 12:14:39, 0.00786587282310876739, 127.13147319928035937906
2023/07/02 15:15:07, 0.00781090244213535871, 128.02617974148172588172
2023/07/02 15:30:04, 0.00782467901001317941, 127.80076968273177270411
2023/07/02 15:35:49, 0.00782467901001319711, 127.80076968273148365113
2023/07/02 15:39:01, 0.00793247168278887175, 126.06411216943964669581
2023/07/02 15:42:15, 0.00804250607461842509, 124.33935277412206091907
2023/07/02 15:54:46, 0.00804250607461879338, 124.33935277411636698162
2023/07/02 16:27:16, 0.00804250607461899996, 124.33935277411317316871
2023/07/02 20:04:22, 0.00790490941771894384, 126.50366337639349701597
2023/07/02 20:14:05, 0.00789156942364545405, 126.71750653345417220931
2023/07/02 20:24:36, 0.00790522298025258637, 126.49864557875484059782
2023/07/02 20:52:28, 0.00790522298025390341, 126.4986455787337655145
2023/07/02 21:17:26, 0.00789029303594929496, 126.73800522285523083262
2023/07/02 21:51:34, 0.00752479470456293495, 132.89399103388340469752
2023/07/02 21:51:34, 0.007819748866637267, 127.88134466395348805666
2023/07/02 22:59:14, 0.00787422680667922174, 126.9965959263151495309
2023/07/02 23:50:12, 0.00788104981033120827, 126.88664886867072002321
2023/07/02 23:54:05, 0.00777489836878446306, 128.61904459290587479468
2023/07/03 00:39:08, 0.00780203517391131741, 128.17168568322152979413
2023/07/03 00:40:27, 0.00774932720056267094, 129.04346069261225604828
2023/07/03 00:41:21, 0.00785560318521195636, 127.29767230127961828609
2023/07/03 00:42:55, 0.00780235318466857466, 128.16646162147267797143
2023/07/03 01:25:03, 0.00745631392152510756, 134.11452502196432793318
2023/07/03 01:25:03, 0.00781443213760997477, 127.9683516844574696669
2023/07/03 01:46:24, 0.00803189540798709842, 124.50361330721231584331
2023/07/03 02:12:05, 0.00803534490060353818, 124.45016516028945739144
2023/07/03 02:19:50, 0.00804646023366186469, 124.2782504307375248749
2023/07/03 02:23:50, 0.00805542413900049128, 124.13995622632465986281
2023/07/03 02:32:03, 0.00805011855168516256, 124.22177308067918069846
2023/07/03 03:01:32, 0.00805011855168559626, 124.22177308067248825873
2023/07/03 03:10:17, 0.00805011855168564162, 124.22177308067178832712
2023/07/03 03:57:44, 0.00792818907368248138, 126.13220884444932761368
2023/07/03 04:13:36, 0.00790101288413527481, 126.5660510449154712762
2023/07/03 04:53:00, 0.00784468375745876675, 127.47486462398114114022
2023/07/03 06:01:48, 0.00784468375745901959, 127.47486462397703259951
2023/07/03 07:12:55, 0.00779241939704644687, 128.32984841383524939985
2023/07/03 07:52:16, 0.00779716646110730885, 128.25171874783672839207
2023/07/03 08:32:48, 0.00783791485752338733, 127.58495316393096304012
2023/07/03 09:29:34, 0.00784219340245653553, 127.51534534799333348577
2023/07/03 10:10:40, 0.00785580345391084523, 127.29442709035333575598
2023/07/03 10:18:34, 0.00788808831258202984, 126.77342853843724584998
2023/07/03 10:58:29, 0.00789149964171181606, 126.71862705465206353113
2023/07/03 11:26:23, 0.0078917156814990886, 126.7151580668758648911
2023/07/03 11:39:25, 0.0077845234414911299, 128.46001524898092281427
2023/07/03 11:47:06, 0.00778452344152432323, 128.46001524843316738527
2023/07/03 11:51:38, 0.00778370485192633482, 128.47352501457156047349
2023/07/03 12:08:52, 0.00789060681006596135, 126.73296541963171562766
2023/07/03 12:59:09, 0.00789743137239933095, 126.62344917549925343288
2023/07/03 13:32:37, 0.00789943235471775679, 126.59137455652401190603
2023/07/03 14:41:05, 0.00779266967073415619, 128.32572690147006754581
2023/07/03 15:07:21, 0.00792887039062848718, 126.1213704769279670346
2023/07/03 15:14:44, 0.00803878349693222686, 124.39693149860567402822
2023/07/03 15:17:00, 0.00815759100852802778, 122.5852091572855185754
2023/07/03 15:17:21, 0.00785936423837526098, 127.23675473866656166802
2023/07/03 15:19:11, 0.00786345009323125268, 127.17064242078498653619
2023/07/03 16:26:15, 0.00788021319251571809, 126.90012003098549064391
2023/07/03 16:55:50, 0.0078777967362960932, 126.93904570964728828053
2023/07/03 17:06:33, 0.00793242581927245598, 126.06484104401214825307
2023/07/03 17:50:12, 0.00792158475502948489, 126.237366754813936904
2023/07/03 18:02:33, 0.0079237723346946344, 126.20251538796109380533
2023/07/03 18:27:26, 0.00782015872747629557, 127.87464229932808546948
2023/07/03 18:28:03, 0.0078473492970614056, 127.43156474180009837446
2023/07/03 18:30:37, 0.00789368144224259907, 126.68360223514409659345
2023/07/03 18:51:03, 0.00783667093812480135, 127.60520479877200349912
2023/07/03 19:01:45, 0.00792113693618354313, 126.24450354241782656275
2023/07/03 19:19:34, 0.00791981833432245416, 126.26552248885020407535
2023/07/03 19:48:22, 0.00792840684331075554, 126.12874436983591535387
2023/07/03 21:24:00, 0.00794471745268240959, 125.86980039955551098618
2023/07/03 22:49:54, 0.00799947845685252865, 125.00814964297804603371
2023/07/03 23:01:36, 0.00802705761038055581, 124.57864992856216357878
2023/07/03 23:50:29, 0.00796558651049225322, 125.54003382962474587838
2023/07/04 01:28:31, 0.00798365711675068722, 125.25588027846009656285
2023/07/04 01:39:11, 0.00826000772566187011, 121.06526206909455667069
2023/07/04 01:56:05, 0.00822558541053394092, 121.57189428965977892083
2023/07/04 02:00:14, 0.00808243794539784624, 123.72504518508573051597
2023/07/04 02:24:21, 0.00803596424041935422, 124.4405736613650386026
2023/07/04 03:22:42, 0.00805427412508729644, 124.15768130925907325032
2023/07/04 03:24:16, 0.00806428771342867736, 124.0035122177990801555
2023/07/04 03:29:12, 0.00804599864708097669, 124.28538008302945979772
2023/07/04 06:07:13, 0.00803494464699568768, 124.45636453437246636833
2023/07/04 07:01:39, 0.00804037454838064861, 124.37231549137253592445
2023/07/04 08:07:33, 0.00805412827480214494, 124.15992965105409510106
2023/07/04 08:42:00, 0.00819231179639790548, 122.06566654844510048509
2023/07/04 09:03:19, 0.00807979989756748329, 123.76544130765682753817
2023/07/04 10:33:04, 0.00790932251833177328, 126.4330791521343905627
2023/07/04 11:57:03, 0.00791614138752767677, 126.32417121497550501253
2023/07/04 12:19:06, 0.00791068841559551785, 126.41124861251659408166
2023/07/04 14:49:50, 0.00789540675251496888, 126.65591923829184667765
2023/07/04 15:09:49, 0.0079062058980882567, 126.48291897404327306063
2023/07/04 15:19:13, 0.00791161377862677859, 126.39646322239586495463
2023/07/04 16:09:03, 0.00780481881684924996, 128.12597235968802578822
2023/07/04 16:13:00, 0.00785810401949726296, 127.25715993563252528879
2023/07/04 17:16:57, 0.00786082231793083889, 127.21315398758746036988
2023/07/04 17:39:13, 0.00785717659375949095, 127.27218079764723578531
2023/07/04 17:44:40, 0.00784355232798752988, 127.49325282522547559218
2023/07/04 18:13:13, 0.0078972341827725363, 126.62661089390705202452
2023/07/04 18:41:00, 0.00789723418281170304, 126.62661089327904074104
2023/07/04 20:02:39, 0.00772706576910241985, 129.41523081097840089379
2023/07/04 20:06:46, 0.00772399988905617475, 129.46659947741064068157
2023/07/04 20:12:04, 0.00780839512328609071, 128.06728965569550599638
2023/07/04 20:19:05, 0.00779780212308629451, 128.24126391196622094598
2023/07/04 20:31:38, 0.00770017555732955293, 129.86716894371735605058
2023/07/04 21:10:20, 0.00771558328866185555, 129.60782906323003311241
2023/07/04 21:51:48, 0.00758240019752887015, 131.88436035411364584371
2023/07/04 21:52:09, 0.00766490473619217708, 130.46476563214101008493
2023/07/04 21:52:30, 0.00775849854027094266, 128.89091810863161576663
2023/07/04 22:17:52, 0.00770625452536248782, 129.76472509554982123403
2023/07/04 23:10:14, 0.00775896831588599226, 128.88311426050855809821
2023/07/05 00:06:10, 0.0079194240802379703, 126.2718083876057638172
2023/07/05 00:56:00, 0.00792920928546633204, 126.11598004266677357655
2023/07/05 01:07:46, 0.00790755399136313069, 126.46135595055439453316
2023/07/05 01:35:57, 0.00781680802733301533, 127.92945617997809504875
2023/07/05 02:47:45, 0.00775115840644779455, 129.01297426306638855872
2023/07/05 03:22:39, 0.00779247583690051603, 128.32891893800897905429
2023/07/05 03:29:25, 0.00776611734522517178, 128.76447207108301488358
2023/07/05 03:34:36, 0.00778644310762576378, 128.42834477537449411641
2023/07/05 03:37:43, 0.00778644310762578934, 128.42834477537407254279
2023/07/05 03:38:06, 0.00778720314091970307, 128.41581013153017416293
2023/07/05 03:56:37, 0.00773474133827088095, 129.2868056300835884361
2023/07/05 04:27:40, 0.00773744088402828847, 129.24169825506662316293
2023/07/05 04:39:44, 0.00758561750925852204, 131.82842382699412829162
2023/07/05 05:00:56, 0.007688327037126242, 130.06730790340858952137
2023/07/05 05:49:50, 0.00767836216850099034, 130.2361073957032666918
2023/07/05 05:53:30, 0.00770525885847339948, 129.78149318115504494966
2023/07/05 07:40:15, 0.00770473492210044369, 129.7903185652210270473
2023/07/05 08:01:45, 0.00768840008997920943, 130.06607204317642998982
2023/07/05 08:07:20, 0.00768512214917308987, 130.1215492206065751041
2023/07/05 08:52:03, 0.0077052990354724479, 129.78081647400791965561
2023/07/05 09:37:33, 0.00773224264495371057, 129.3285849807920179321
2023/07/05 10:41:23, 0.00773831142190135386, 129.22715893415070681599
2023/07/05 10:44:49, 0.00761312649555959896, 131.35207993499857278335
2023/07/05 11:24:56, 0.00768110959510283686, 130.18952374244983259863
2023/07/05 11:31:00, 0.00761040257187062706, 131.3990936164368109187
2023/07/05 11:45:12, 0.00760023270681198001, 131.57491863423001312832
2023/07/05 11:51:25, 0.00760023270681218614, 131.5749186342264445254
2023/07/05 13:11:06, 0.00745961426578013628, 134.0551889643074840122
2023/07/05 14:40:47, 0.00726688396938289175, 137.61056378679466033589
2023/07/05 14:45:36, 0.00736304821385924378, 135.81331684311534641651
2023/07/05 15:25:22, 0.00729235072444584246, 137.12999247934439120796
2023/07/05 15:29:31, 0.00729259792146512835, 137.12534418723221897335
2023/07/05 15:32:44, 0.00738927037569028393, 135.33135873466843314077
2023/07/05 16:35:48, 0.00674344849633927351, 148.29207942239890210174
2023/07/05 16:35:48, 0.00718055731254869968, 139.26495625240757947098
2023/07/05 16:35:48, 0.00726967664682209035, 137.55770009896464141636
2023/07/05 17:34:17, 0.00736587929267081385, 135.76111693752821843458
2023/07/05 17:45:05, 0.00737214981063199385, 135.64564281613164719786
2023/07/05 18:33:27, 0.00747039949944929404, 133.86164957760537551295
2023/07/05 18:41:02, 0.00737244165462488305, 135.64027317499075761784
2023/07/05 19:16:24, 0.00737244165463355456, 135.64027317483121664211
2023/07/05 19:26:51, 0.00691038431242073068, 144.70975198913309975332
2023/07/05 19:26:51, 0.00718914596665857109, 139.09858064334003484254
2023/07/05 19:38:19, 0.0070584377859208076, 141.67440874730967511754
2023/07/05 19:38:59, 0.00721088264784280386, 138.67927809075611616311
2023/07/05 19:40:42, 0.00715102618514156876, 139.84006967808397348896
2023/07/05 19:45:46, 0.00715361733248565527, 139.78941751033413156174
2023/07/05 19:48:19, 0.00729513236701831754, 137.07770465153632134322
2023/07/05 19:59:51, 0.00714152084319218988, 140.02619637430194677531
2023/07/05 20:08:08, 0.00720639526797903297, 138.76563285994174580141
2023/07/05 20:26:30, 0.00730141263303112749, 136.95979809113423448878
2023/07/05 20:45:04, 0.00731581812831800513, 136.690112091388481091
2023/07/05 20:48:59, 0.00719686086518120564, 138.94946959973243452652
2023/07/05 21:04:06, 0.00721766823283276233, 138.54890080026910485597
2023/07/05 21:18:20, 0.00717093121169479171, 139.4519024766461357958
2023/07/05 21:27:25, 0.00728421349015811556, 137.28318113563327109893
2023/07/05 21:31:27, 0.00641775849140732383, 155.81764277027416119336
2023/07/05 21:31:27, 0.00654972229325389476, 152.67822897315561012621
2023/07/05 21:31:27, 0.0070901821048658078, 141.04010097480091186681
2023/07/05 21:45:52, 0.0069470042953279698, 143.94693849153432134234
2023/07/05 21:46:23, 0.00708297312432343326, 141.18365020557947720602
2023/07/05 21:49:02, 0.0069495175196591764, 143.89488150380873808893
2023/07/05 21:53:41, 0.00708495103642126053, 141.14423584007130246983
2023/07/05 21:55:44, 0.00698189418281536554, 143.22760755402367464374
2023/07/05 22:11:03, 0.00699469645894018049, 142.96546045566608958846
2023/07/05 22:30:58, 0.00700751044406272334, 142.70403276348639959037
2023/07/05 22:49:40, 0.00702033613815090975, 142.44332184689244201915
2023/07/05 23:14:32, 0.00703882571345916198, 142.06915197344185853412
2023/07/05 23:16:38, 0.00700764342909176909, 142.7013246491061480027
2023/07/05 23:37:09, 0.00700674514492857431, 142.71961935475731465114
2023/07/06 00:06:06, 0.0069177816032852147, 144.55501161313126034485
2023/07/06 00:08:37, 0.00705227792161761173, 141.79815530733162597809
2023/07/06 00:35:20, 0.00705227792161770542, 141.79815530732974228236
2023/07/06 01:08:08, 0.00711664300629558952, 140.5156896468420429745
2023/07/06 01:29:15, 0.00712632292195640662, 140.32482262612197044207
2023/07/06 01:59:42, 0.00713556031238357112, 140.14316412749355646659
2023/07/06 02:50:19, 0.0070051121136823877, 142.75289014244320400042
2023/07/06 02:50:45, 0.00686156186276784192, 145.73941327064219493476
2023/07/06 03:00:18, 0.00694958581561254864, 143.89346739966232821146
2023/07/06 03:42:18, 0.00693445830934835479, 144.20737069713121424457
2023/07/06 03:45:23, 0.00693221569887342329, 144.25402258653221390853
2023/07/06 04:34:03, 0.00677980534220349863, 147.49686009052744728884
2023/07/06 04:37:05, 0.00686625336230287288, 145.63983401635065453469
2023/07/06 05:24:02, 0.00688188512027457399, 145.30902253132960206672
2023/07/06 07:17:37, 0.00685600863473323418, 145.8574592415036805632
2023/07/06 08:02:52, 0.00694392167576896669, 144.01084094734701342259
2023/07/06 08:09:18, 0.00696943222828288866, 143.48371104634121777998
2023/07/06 08:18:07, 0.00688129873333905563, 145.3214049776856213569
2023/07/06 09:25:38, 0.00688065977840033573, 145.33489987968668997022
2023/07/06 10:45:42, 0.00691240942899908044, 144.66735662456273031998
2023/07/06 13:58:16, 0.00692512970859843094, 144.40162741766014563968
2023/07/06 16:04:12, 0.00691632511780872347, 144.58545296332551669243
2023/07/06 16:57:05, 0.00692277015088783647, 144.45084528362555440623
2023/07/06 16:59:04, 0.00692168596909281704, 144.47347141509568822878
2023/07/06 17:03:41, 0.00692168596911591415, 144.47347141461359193332
2023/07/06 17:06:39, 0.0069074873990862323, 144.77044143899365682527
2023/07/06 17:39:29, 0.00689270344796553909, 145.08095517951835455061
2023/07/06 18:24:59, 0.00700108013027467604, 142.83510278302822671572
2023/07/06 19:03:33, 0.00707040952005907216, 141.43452329924521212789
2023/07/06 19:55:22, 0.00701688025768460663, 142.51347654177794942015
2023/07/06 20:33:03, 0.00701553080312012156, 142.5408893586861735998
2023/07/06 23:04:19, 0.00710662895070138365, 140.71369237608862587285
2023/07/06 23:15:24, 0.00709746707054488037, 140.89533492167775530022
2023/07/06 23:36:28, 0.00709746707060656389, 140.89533492045324530315
2023/07/07 00:28:27, 0.00707887693513570661, 141.26534606591933337657
2023/07/07 01:37:25, 0.00706066714527935578, 141.62967598162212075853
2023/07/07 02:36:15, 0.0069706593592190192, 143.45845184321821410547
2023/07/07 03:12:46, 0.00697321730149808433, 143.40582786444443329386
2023/07/07 04:06:52, 0.00696636648106408822, 143.54685512428761599576
2023/07/07 05:18:36, 0.00695976985447463926, 143.68291206598890636033
2023/07/07 07:26:55, 0.00694695879887940269, 143.94788121693014917734
2023/07/07 08:14:36, 0.00700068257113350185, 142.84321419219654077756
2023/07/07 09:06:41, 0.00685093583125154914, 145.96545999429059813449
2023/07/07 12:17:27, 0.00687631513494854267, 145.42672643339858661504
2023/07/07 15:14:42, 0.0068155834801236154, 146.72258111375415640929
2023/07/07 16:56:56, 0.0068342067053635853, 146.32276182328307185616
2023/07/07 19:04:05, 0.00683331770714078152, 146.34179806318754830448
2023/07/07 21:51:28, 0.00681512302867492085, 146.73249415930678635889
2023/07/08 00:34:58, 0.00683001884054706661, 146.41248045516410624006
2023/07/08 00:35:45, 0.00671668292649757083, 148.88301427107148138764
2023/07/08 00:46:14, 0.00671707530362648827, 148.8743172880776004332
2023/07/08 00:50:49, 0.00659236627522246978, 151.69060065101637965172
2023/07/08 01:40:24, 0.00666718815533094556, 149.9882674228146256992
2023/07/08 01:48:22, 0.00670927247470634526, 149.04745689938140302071
2023/07/08 01:59:50, 0.00670927247470650741, 149.04745689937780079582
2023/07/08 03:34:55, 0.006700863788050144, 149.23449149695158471287
2023/07/08 06:44:07, 0.00671089702185693883, 149.01137608624710947189
2023/07/08 08:14:00, 0.0068989343598927662, 144.94992238417869671706
2023/07/08 08:14:00, 0.0067729836654262187, 147.64541735198039370587
2023/07/08 08:45:56, 0.00682499494410986017, 146.52025506085169933488
2023/07/08 08:52:42, 0.00660638003908955274, 151.36882741880731015082
2023/07/08 10:54:42, 0.00659086116365685821, 151.72524123466170944211
2023/07/08 12:42:26, 0.00660143289066313943, 151.48226401185851294655
2023/07/08 13:07:52, 0.00660143289068416371, 151.48226401137607145525
2023/07/08 13:41:29, 0.00660143289068455866, 151.48226401136700855253
2023/07/08 16:39:02, 0.0066014328907377316, 151.48226401014685572227
2023/07/08 17:46:26, 0.00660762029112597219, 151.3404154507787100652
2023/07/08 17:50:14, 0.00657096928558795819, 152.18454942306458330033
2023/07/08 17:57:44, 0.00657393200258876908, 152.11596341522956076156
2023/07/08 19:01:35, 0.00663580712207830074, 150.69756875133602902761
2023/07/08 19:54:58, 0.00676042596528916865, 147.91967327715958018533
2023/07/08 20:46:42, 0.00678209082853851653, 147.44715535098364050816
2023/07/08 21:08:01, 0.00674422897939679139, 148.27491816409838263805
2023/07/08 21:57:05, 0.00683833919295003998, 146.2343372833781382707
2023/07/08 23:30:04, 0.00690144108795652762, 144.89727395414072526521
2023/07/08 23:30:04, 0.00678703429282408671, 147.33975943768213141207
2023/07/09 03:32:03, 0.00682597587239248513, 146.49919933712025326002
2023/07/09 05:28:27, 0.00688901933413928192, 145.15854165837387387402
2023/07/09 05:37:09, 0.00680277704913152762, 146.99879075526433569607
2023/07/09 08:55:43, 0.00682791645820878145, 146.45756229160681643694
2023/07/09 09:36:21, 0.00704852284501756916, 141.87369779284689242191
2023/07/09 09:36:21, 0.00691672666342204074, 144.57705915839262233393
2023/07/09 09:54:53, 0.00690952008668610512, 144.72785192807983960174
2023/07/09 09:55:46, 0.00682842568173418117, 146.4466403544477025523
2023/07/09 10:02:21, 0.00695481306291095188, 143.78531686679840988481
2023/07/09 10:03:40, 0.00694043383193283397, 144.08321211838584338534
2023/07/09 10:12:16, 0.00695947163660547527, 143.68906897187328697697
2023/07/09 10:18:34, 0.00687191749029254665, 145.51979144287261692904
2023/07/09 10:44:52, 0.00690983045712143076, 144.72135115404704588916
2023/07/09 10:45:42, 0.00690983045714252198, 144.72135115360530574058
2023/07/09 10:56:27, 0.00691489421145399548, 144.61537218365194668883
2023/07/09 11:37:01, 0.00689741611641031242, 144.98182843004105555711
2023/07/09 12:21:52, 0.00696078932517654248, 143.66186840091408418295
2023/07/09 12:28:13, 0.00683169021868133942, 146.37666053204343504494
2023/07/09 12:33:32, 0.00686318895279083961, 145.70486210981574386057
2023/07/09 13:25:49, 0.00688212290309857963, 145.30400198894500696375
2023/07/09 13:59:49, 0.00688844000263705838, 145.17074978038224296049
2023/07/09 14:21:07, 0.0068636335865968561, 145.69542318703852761604
2023/07/09 16:18:57, 0.00686363358653415366, 145.69542318836952208882
2023/07/09 16:19:44, 0.00686363358653415366, 145.69542318836952208882
2023/07/09 16:21:20, 0.00686363358658839058, 145.6954231872182265208
2023/07/09 16:23:06, 0.00685732095776314553, 145.82954570150373574269
2023/07/09 17:59:24, 0.00686993174947434117, 145.56185366419628159382
2023/07/09 18:37:44, 0.00685694409003615183, 145.83756070770699632554
2023/07/09 19:01:42, 0.00684815199594886396, 146.02479626497284439482
2023/07/09 19:29:42, 0.00685248016764916539, 145.93256390890997973236
2023/07/09 23:44:51, 0.00674604274179296683, 148.23505250045591438576
2023/07/10 00:39:14, 0.00683143774383672077, 146.38207028999035728616
2023/07/10 01:00:54, 0.0068129813217596515, 146.77862051465609779859
2023/07/10 01:21:05, 0.00682673886153287188, 146.48282588261484997257
2023/07/10 01:45:21, 0.00681665113059303171, 146.69960085121775705175
2023/07/10 03:33:56, 0.00681665113065485425, 146.69960084988728802671
2023/07/10 08:54:43, 0.00675649937039986926, 148.00563800553082797804
2023/07/10 09:00:35, 0.00706223789172163335, 141.59817544127217982453
2023/07/10 09:00:35, 0.00695402965844724005, 143.80151496553859013765
2023/07/10 09:47:30, 0.00704360709890208034, 141.97271170276868951362
2023/07/10 10:21:47, 0.00695429582979232059, 143.79601105204399544663
2023/07/10 10:36:24, 0.00691605797810937517, 144.59103772194914501727
2023/07/10 11:33:53, 0.00691028192353991985, 144.71189613747791724392
2023/07/10 11:53:49, 0.00692296745545693847, 144.44672843460546548085
2023/07/10 13:38:10, 0.00694505161114325541, 143.98741089202440251535
2023/07/10 14:26:54, 0.00694505161113971003, 143.98741089209790679001
2023/07/10 14:40:25, 0.00685743572190871577, 145.8271051386038373617
2023/07/10 15:02:44, 0.00687006848664219784, 145.55895650012044917948
2023/07/10 15:09:11, 0.00687259643113701674, 145.505415605286444436
2023/07/10 17:22:38, 0.00707416695973463419, 141.35940043426851085447
2023/07/10 17:46:48, 0.00706773681044102414, 141.48800766360177652795
2023/07/10 18:01:02, 0.00708839014913900437, 141.07575612517118712187
2023/07/10 18:15:10, 0.00705723151631912197, 141.69862469264368908473
2023/07/10 18:53:03, 0.00695291447544618834, 143.82457939493454639468
2023/07/10 19:03:09, 0.00647705557409566927, 154.39114093746534726623
2023/07/10 19:06:41, 0.00676327728036128724, 147.85731215009138887207
2023/07/10 19:18:09, 0.00686550775686191611, 145.65565074200420834985
2023/07/10 20:35:36, 0.00684387659887377644, 146.11601853904836652078
2023/07/10 21:04:55, 0.00681719570821846857, 146.68788205602638812888
2023/07/10 22:10:25, 0.00682343773696159838, 146.5536931015199646215
2023/07/10 22:15:21, 0.0068217417327409025, 146.59012891099451646626
2023/07/10 22:30:05, 0.00684568799209150076, 146.07735572454553250801
2023/07/11 00:05:31, 0.00685515198738531533, 145.87568617591204145872
2023/07/11 01:00:15, 0.00698196313827645234, 143.22619300549002464004
2023/07/11 01:00:15, 0.00688217622815434033, 145.30287613227533665814
2023/07/11 01:08:55, 0.00690749457592795725, 144.77029102345105482702
2023/07/11 01:24:08, 0.00686174537083989866, 145.73551566772827307064
2023/07/11 02:40:03, 0.00674494822320247856, 148.25910695059470566722
2023/07/11 02:47:16, 0.0067402029905846775, 148.36348421507335176207
2023/07/11 03:17:44, 0.00671791689086721895, 148.85566705349782091695
2023/07/11 03:46:13, 0.00674293032097856369, 148.30347525449078112729
2023/07/11 06:32:31, 0.00673028157561281286, 148.58219359253879665882
2023/07/11 07:37:54, 0.00674042410772665074, 148.35861720536023551293
2023/07/11 08:38:12, 0.00673759884389902138, 148.42082812714685429639
2023/07/11 09:27:31, 0.00675011796865456507, 148.14555903225498885256
2023/07/11 09:40:00, 0.00680987072251413527, 146.84566576189131130069
2023/07/11 11:50:35, 0.0067502960490835946, 148.14165078519153370206
2023/07/11 11:50:35, 0.00666653677670883879, 150.00292258099321545528
2023/07/11 13:26:15, 0.00665894370027690765, 150.1739682764423552
2023/07/11 16:38:15, 0.00665288427268820908, 150.31074628868198945238
2023/07/11 16:59:08, 0.00662956567066756975, 150.83944404148336155725
2023/07/11 17:00:31, 0.00670121363432283664, 149.22670050065503609383
2023/07/11 17:56:35, 0.006394394697420497, 156.38696816813648586138
2023/07/11 18:01:21, 0.00644324595978887957, 155.20127684723154050316
2023/07/11 18:07:28, 0.00671112445443466251, 149.00632625568539885048
2023/07/11 18:13:19, 0.00660823035164451443, 151.32644396258696993455
2023/07/11 18:35:51, 0.00660823035164469711, 151.32644396258278654501
2023/07/11 18:42:54, 0.00658324367052815361, 151.90080301550998841594
2023/07/11 19:13:16, 0.00682681837567661611, 146.48111975014840119311
2023/07/11 19:13:16, 0.00670269469806172689, 149.19372656033075591457
2023/07/11 19:29:36, 0.00669379483775799232, 149.39208987393139365292
2023/07/11 19:31:35, 0.00656930555914818748, 152.22309131403312817593
2023/07/11 19:35:53, 0.00656638576378499363, 152.29077851551328501256
2023/07/11 20:12:10, 0.00659987068235142434, 151.51812029803538564713
2023/07/11 22:22:54, 0.00658375349863607463, 151.88904022715390479452
2023/07/12 03:19:55, 0.00656083581199722598, 152.4196045527290227223
2023/07/12 05:29:51, 0.00657412189090524668, 152.11156966581608464295
2023/07/12 09:05:31, 0.00657338378609081357, 152.12864980072907828317
2023/07/12 11:53:05, 0.00655361359092188105, 152.58757418734729016267
2023/07/12 16:25:34, 0.00655963471553941024, 152.44751321762712669463
2023/07/12 17:58:24, 0.00656589961359323604, 152.30205437952816478446
2023/07/12 17:59:43, 0.00658578514509155759, 151.84218403257637647057
2023/07/12 18:18:53, 0.00648176611535207574, 154.27893913535356389683
2023/07/12 19:18:57, 0.00632185961191870267, 158.18130445584145275006
2023/07/12 19:18:57, 0.00648035580817035057, 154.31251455965005184693
2023/07/12 22:03:11, 0.00637947183361166486, 156.75278864486520699606
2023/07/12 22:16:50, 0.00635566729530657095, 157.33989108247746325032
2023/07/12 22:16:50, 0.0064227370260615296, 155.69686193632117014289
2023/07/12 22:46:18, 0.00645137151317880517, 155.00579961287437352304
2023/07/12 23:21:45, 0.00643103758146842654, 155.49590362861255246765
2023/07/12 23:29:29, 0.00642216685936104007, 155.71068486680411290137
2023/07/13 00:55:01, 0.00642871264158502092, 155.55213862435864075119
2023/07/13 01:27:02, 0.00651267338192239138, 153.54677585640307374481
2023/07/13 06:16:00, 0.00686603028815162437, 145.64456578725723423551
2023/07/13 06:16:51, 0.00676377848709853013, 147.84635568823480894176
2023/07/13 06:18:40, 0.00667625925264671992, 149.78447692898720814207
2023/07/13 08:54:42, 0.00655642657827315322, 152.52210759346020307643
2023/07/13 08:58:19, 0.00657446876144173944, 152.1035442231999170347
2023/07/13 10:08:21, 0.00655818350301730151, 152.48124721425042500848
2023/07/13 12:24:51, 0.00654010961833280604, 152.90263594311410800232
2023/07/13 12:53:38, 0.00660027144329312968, 151.50892029086935213028
2023/07/13 12:55:02, 0.00659120248363556014, 151.71738426831371215222
2023/07/13 14:13:46, 0.00657884525935314579, 152.00235916452051737541
2023/07/13 18:13:35, 0.00658691467089540424, 151.8161460962212797646
2023/07/13 18:53:23, 0.00649270970613264153, 154.01889892835610749902
2023/07/13 21:08:58, 0.00633820117259814159, 157.7734711740116924583
2023/07/13 21:08:58, 0.00647402321420601111, 154.46345601691548263299
2023/07/13 21:46:53, 0.00647100563502328708, 154.53548588918843052447
2023/07/13 21:58:25, 0.00627469009474610025, 159.37042067421245444521
2023/07/13 22:10:36, 0.00638717641863710312, 156.56370428130121752897
2023/07/13 22:30:23, 0.00642534454432693153, 155.63367740068048296417
2023/07/13 22:39:53, 0.00629830801145836639, 158.77280027917387992354
2023/07/13 22:39:53, 0.00652265131760685011, 153.31188979865603677644
2023/07/13 22:41:07, 0.00645718516663606795, 154.86624189855151921876
2023/07/13 22:41:21, 0.0062831675120227265, 159.15539384976100482773
2023/07/13 22:41:49, 0.00650723116173129777, 153.67519228161897385342
2023/07/13 22:42:59, 0.00634454426200410156, 157.61573388158885069178
2023/07/14 00:17:01, 0.00634454426200433973, 157.6157338815829339142
2023/07/14 00:36:42, 0.00634366720674028925, 157.63752533195270436704
2023/07/14 00:43:11, 0.00641918878962129236, 155.78292410044481391941
2023/07/14 00:53:16, 0.00641193133303388795, 155.95924972684277188423
2023/07/14 01:44:37, 0.00640435434244120431, 156.14376509011541791742
2023/07/14 02:05:02, 0.0063839905655161632, 156.64183550044880893942
2023/07/14 02:12:37, 0.00638753638359580432, 156.55488124782457713332
2023/07/14 02:44:55, 0.00626980433670170396, 159.49461040534806261
2023/07/14 02:52:23, 0.00638156814063686052, 156.70129628988073951023
2023/07/14 02:58:58, 0.00650007152917920892, 153.84446086645975134928
2023/07/14 03:02:34, 0.0063737580118058567, 156.89331131614034442914
2023/07/14 03:04:17, 0.00626199120223430341, 159.69361305445399149848
2023/07/14 03:09:05, 0.00633602784902411259, 157.82758911863399677282
2023/07/14 03:17:58, 0.00633013500500617981, 157.97451384672699382568
2023/07/14 05:21:32, 0.00631953480795535001, 158.23949553077062370458
2023/07/14 08:53:01, 0.00631212362560618942, 158.42528748063996725991
2023/07/14 10:09:35, 0.00640942919242846922, 156.02013377124303753089
2023/07/14 15:21:17, 0.00641179390541035799, 155.96259249009649893524
2023/07/14 20:52:41, 0.00637443417368262137, 156.87666901143676353965
2023/07/14 21:25:21, 0.00639212856564543118, 156.44241033800720971274
2023/07/14 22:18:08, 0.00639110600468895847, 156.46744073190628793618
2023/07/15 00:44:59, 0.00638742625899395971, 156.55758038567215224363
2023/07/15 00:58:50, 0.00638742625899482925, 156.5575803856508397058
2023/07/15 03:24:33, 0.00638742625899509646, 156.55758038564429025115
2023/07/15 07:14:59, 0.00625431727092233399, 159.88955415632894953311
2023/07/15 07:15:14, 0.006327850894015928, 158.03153657518575423112
2023/07/15 10:53:19, 0.0058160328823831721, 171.93850520154572294989
2023/07/15 10:53:19, 0.00587354461786777261, 170.25494229803301478214
2023/07/15 10:53:19, 0.00614817885882065146, 162.64978995614659007851
2023/07/15 10:56:13, 0.00625656969738196852, 159.83199234853008786348
2023/07/15 12:10:09, 0.00629333741143229645, 158.89820211823199682148
2023/07/15 15:02:48, 0.00617386728828505533, 161.97303137654175051416
2023/07/15 15:17:09, 0.00626089193478160521, 159.72165155009697143187
2023/07/15 17:25:17, 0.00627925353735132843, 159.25459834542898980002
2023/07/15 17:58:49, 0.0062792535373514826, 159.25459834542507978522
2023/07/15 20:12:27, 0.00631621572987143844, 158.32264804868439892558
2023/07/15 20:52:42, 0.00632794142448867261, 158.02927570253302356861
2023/07/15 21:27:28, 0.00632257025351115211, 158.16352526010506642162
2023/07/15 22:53:47, 0.00635991589935681646, 157.23478357648264252631
2023/07/16 06:26:09, 0.00636226824814637596, 157.17664848402869739533
2023/07/16 07:35:00, 0.00636226824818394043, 157.17664848310068598631
2023/07/16 20:40:18, 0.00635972306395652749, 157.2395511476685893461
2023/07/16 22:12:58, 0.00635972306395442194, 157.2395511477206475776
2023/07/16 22:22:00, 0.00623696305670539053, 160.33444336741660535682
2023/07/16 23:22:22, 0.00622497404602997098, 160.64324005298597596134
2023/07/16 23:34:36, 0.00629374038384885718, 158.88802826475385549768
2023/07/17 00:23:11, 0.00628530881225405552, 159.10117225272454431442
2023/07/17 00:55:36, 0.00628530881228687824, 159.10117225189369679919
2023/07/17 00:58:20, 0.0062659460277997054, 159.59282055149639095545
2023/07/17 07:42:15, 0.00634207766250508028, 157.67703475346695291421
2023/07/17 08:17:40, 0.00631535467898012747, 158.34423414545118383816
2023/07/17 09:51:55, 0.00631897065537360474, 158.253623024757613255
2023/07/17 14:42:42, 0.00633103137911296941, 157.95214714922300487083
2023/07/17 17:08:06, 0.0062895383909331652, 158.99418015184929407624
2023/07/17 18:59:15, 0.00616710144471745866, 162.15072979812387133096
2023/07/17 19:03:24, 0.00624142880134743037, 160.21972401321233975977
2023/07/17 21:10:50, 0.00612184748394511696, 163.34938147716930460381
2023/07/17 21:17:24, 0.0061953540532313913, 161.41127551514461199907
2023/07/17 21:28:18, 0.00619490301517128397, 161.42302753586382375386
2023/07/17 22:01:32, 0.00617890264558516141, 161.84103510912282248628
2023/07/17 22:24:16, 0.00621602552547431771, 160.87450025773412106507
2023/07/17 22:34:15, 0.00629123883484022344, 158.95120599493131104314
2023/07/17 22:41:53, 0.0062989386811527514, 158.75690344345323222122
2023/07/17 22:46:11, 0.00637566570539567726, 156.84636651412065507828
2023/07/17 22:55:39, 0.00624771120627722465, 160.05861458437389345687
2023/07/17 22:56:48, 0.00608241640671839889, 164.40834252903815879873
2023/07/17 23:39:24, 0.00608602521371345719, 164.31085394564750385762
2023/07/18 00:28:10, 0.00599702388804865701, 166.74937746919417873215
2023/07/18 00:38:31, 0.00610438687026841048, 163.81661602584993164085
2023/07/18 03:24:38, 0.0061308018715238368, 163.11080034159475447195
2023/07/18 07:18:51, 0.00624043291687291504, 160.24529280591972855732
2023/07/18 07:20:16, 0.00631608231609559766, 158.32599227715074733326
2023/07/18 07:52:59, 0.00635228309389842873, 157.42371446898076911034
2023/07/18 07:53:05, 0.00622956762267704943, 160.52478447457116092463
2023/07/18 09:54:25, 0.00620207653888838547, 161.23632040491274496225
2023/07/18 11:21:16, 0.0062770250989951298, 159.31113612403541487928
2023/07/18 11:24:54, 0.00570159790826932259, 175.38942873359207503667
2023/07/18 11:24:54, 0.00603178131056379289, 165.78850401101985910244
2023/07/18 11:49:31, 0.00621387407030938567, 160.930200497322035656
2023/07/18 11:49:31, 0.00610536830898865413, 163.79028248430906305869
2023/07/18 13:22:34, 0.00617855397118354965, 161.85016828596906954158
2023/07/18 16:02:23, 0.00616286664322646305, 162.26215134787780571231
2023/07/18 18:06:04, 0.00616405673849204687, 162.23082337243970243803
2023/07/18 19:39:01, 0.00617358163552020823, 161.98052589868059587654
2023/07/18 23:04:57, 0.00618549808370987639, 161.6684681600014283123
2023/07/19 00:09:38, 0.00621533942819502952, 160.89225883040884507299
2023/07/19 00:29:19, 0.00509301920123146977, 196.34718827649508419358
2023/07/19 00:29:19, 0.00524228166400376426, 190.75663310243719532651
2023/07/19 00:29:19, 0.00600419597100281434, 166.55019336968461379896
2023/07/19 01:00:49, 0.00600384345639001214, 166.55997233500146547485
2023/07/19 01:13:14, 0.0061113320910649851, 163.63044670114400751423
2023/07/19 03:12:00, 0.00617035319938538746, 162.06527692768176576374
2023/07/19 05:06:36, 0.00618822200255362688, 161.59730526592949924118
2023/07/19 09:57:18, 0.00614131605831632561, 162.83154791322616060843
2023/07/19 09:57:32, 0.00601751784345716605, 166.18147648490943927133
2023/07/19 09:57:59, 0.00608909888295896431, 164.22791273740252802878
2023/07/19 12:10:29, 0.00596535842468281859, 167.63452064544982522478
2023/07/19 12:11:55, 0.00571352392641417469, 175.02333286413715893376
2023/07/19 12:11:55, 0.00580493458941854194, 172.26722964679713467568
2023/07/19 12:12:29, 0.00592606687226490182, 168.74598642823058602381
2023/07/19 13:39:25, 0.00594692139183860396, 168.15423209938057756573
2023/07/19 18:47:49, 0.00585129733712720567, 170.90227045118289506895
2023/07/19 19:22:06, 0.0058854576874416599, 169.91032016656777384279
2023/07/19 20:04:39, 0.00588720144558401494, 169.85999362228367336069
2023/07/19 21:10:52, 0.00590095548245191212, 169.4640813633945539508
2023/07/19 22:19:22, 0.00591842759395768822, 168.96379724589888409559
2023/07/20 01:09:27, 0.00584332008271022844, 171.13558488074188657322
2023/07/20 01:15:44, 0.00580959058489343349, 172.12916906748656954799
2023/07/20 01:49:03, 0.00581363043666646629, 172.00955769273143864854
2023/07/20 03:10:50, 0.00581940828579047065, 171.83877653708335581488
2023/07/20 03:35:26, 0.00584718188726215377, 171.02255740982832046603
2023/07/20 05:21:33, 0.00588632126996065128, 169.88539261410119600747
2023/07/20 05:26:57, 0.00595627621325982336, 167.89013205495851661921
2023/07/20 06:50:53, 0.00595627621329788431, 167.89013205388568904213
2023/07/20 07:44:31, 0.00619277943525598067, 161.4783814690575453278
2023/07/20 07:44:31, 0.00606363544270496253, 164.91756627669294106259
2023/07/20 08:48:43, 0.00606599859012186956, 164.85331889599225883638
2023/07/20 08:59:27, 0.00606543951539122457, 164.86851405614905159917
2023/07/20 09:25:32, 0.00599439842721744068, 166.82241131312208344425
2023/07/20 10:16:38, 0.0060298684492883179, 165.84109726606492391679
2023/07/20 10:53:43, 0.00599450156596019361, 166.81954104049365497256
2023/07/20 11:31:25, 0.00585611199104472065, 170.76176164820947385833
2023/07/20 11:46:03, 0.00589035905397054944, 169.76893782492325978899
2023/07/20 14:24:41, 0.00587324945016995129, 170.26349867892355538648
2023/07/20 21:06:13, 0.00587964611852081981, 170.07826318832542215739
2023/07/20 22:17:21, 0.0058776352506653744, 170.13645069023219182369
2023/07/20 23:45:23, 0.0058724592989685529, 170.28640797487373330512
2023/07/21 00:36:13, 0.00586045443292996858, 170.63523169483021330894
2023/07/21 01:35:46, 0.00588077652002794238, 170.04557078377950717619
2023/07/21 03:29:21, 0.00583659938739127081, 171.33264314153321860556
2023/07/21 08:02:58, 0.00583982929649801187, 171.23788200447451948691
2023/07/21 09:37:22, 0.00590826501371208799, 169.25442539885540445321
2023/07/21 09:57:52, 0.00591690397101851241, 169.00730599957057624256
2023/07/21 10:13:56, 0.00583576180898308178, 171.3572336795316006589
2023/07/21 13:53:52, 0.00583091986457549822, 171.49952721444266583804
2023/07/21 15:34:25, 0.00575037568622937283, 173.90168131009861109736
2023/07/21 15:34:25, 0.00581749031629705569, 171.89543009613795207919
2023/07/21 18:22:23, 0.00582847693015756826, 171.57140913191635335313
2023/07/21 18:30:23, 0.00584584529299501975, 171.06166001318638198352
2023/07/21 19:15:59, 0.00561443588232270389, 178.11228428995753440597
2023/07/21 19:16:27, 0.00568564690015252807, 175.88148148510121804497
2023/07/21 19:18:30, 0.00535603052755210046, 186.70543322258399150219
2023/07/21 19:18:30, 0.00558164620928351838, 179.15861423405476889358
2023/07/21 19:18:56, 0.00567518255295296228, 176.20578557066344251519
2023/07/21 20:09:28, 0.00566913193603006284, 176.39384852635348870015
2023/07/22 01:16:44, 0.00566913193603026027, 176.39384852634734559005
2023/07/22 05:01:37, 0.00568523033057665356, 175.89436871567697538145
2023/07/22 06:51:06, 0.005597707272795858, 178.64456843963102656367
2023/07/22 08:51:10, 0.00560235638810607461, 178.49632024892631180339
2023/07/22 10:19:17, 0.00566663490093222521, 176.47157748516473979752
2023/07/22 11:14:07, 0.00560968397939916551, 178.26316128900841499428
2023/07/22 11:29:46, 0.00566600159738521126, 176.49130216650264780391
2023/07/22 12:41:30, 0.00521274727309086617, 191.83742230554296584178
2023/07/22 12:41:30, 0.00545249294771782625, 183.40234633747779906966
2023/07/22 12:41:30, 0.00573459578320447649, 174.3802070459450457295
2023/07/22 12:41:45, 0.00547698281331060603, 182.58227825176285483549
2023/07/22 12:47:49, 0.00546405249941554208, 183.01434697176943037586
2023/07/22 14:56:26, 0.00549486914211154137, 181.98795533385985309274
2023/07/22 14:58:51, 0.00549486914214170357, 181.98795533286089263027
2023/07/22 15:14:08, 0.00548867186435680608, 182.19343854274766548636
2023/07/22 15:39:50, 0.00548333541492779026, 182.370751436727301542
2023/07/22 23:27:46, 0.00518824429355378946, 192.74342984243527806828
2023/07/22 23:27:46, 0.00542600447821532671, 184.29767318012076808509
2023/07/23 04:02:23, 0.00542489666065483189, 184.33530858803333615813
2023/07/23 05:46:39, 0.00542489666065488529, 184.33530858803152179872
2023/07/23 05:47:03, 0.00542489666065488529, 184.33530858803152179872
2023/07/23 05:49:20, 0.00542489666067366763, 184.33530858739330688752
2023/07/23 05:50:53, 0.00541925207634239108, 184.5273085497304878125
2023/07/23 07:14:04, 0.00542046578803570481, 184.48599052266778412997
2023/07/23 08:18:31, 0.00548164376015636337, 182.42703169960739908466
2023/07/23 11:08:32, 0.00548164376018623491, 182.42703169861328575606
2023/07/23 11:40:19, 0.00541617961537423567, 184.63198619953893929424
2023/07/23 12:42:26, 0.00546269333275818594, 183.05988256805307540583
2023/07/23 15:14:53, 0.00546015524530501738, 183.14497575135111374068
2023/07/23 15:30:23, 0.00545926606595236897, 183.17480553598004568039
2023/07/23 18:37:29, 0.00542474769544849402, 184.34037049115229805113
2023/07/23 19:06:12, 0.00543691908578108631, 183.92769585540679330514
2023/07/23 21:39:42, 0.00543654836846704179, 183.94023785388902898288
2023/07/23 22:43:25, 0.00543868235380197855, 183.86806490012007432136
2023/07/23 23:25:57, 0.00546930541985642949, 182.83857331672843869036
2023/07/24 00:41:03, 0.00547154798253331382, 182.76363529887246949084
2023/07/24 03:39:39, 0.00539814510400104971, 185.24881801691663857079
2023/07/24 09:26:44, 0.00542842551361325192, 184.21547785674286063471
2023/07/24 10:31:13, 0.00538736977165003711, 185.61933603709574362203
2023/07/24 10:31:47, 0.00528123084336352276, 189.34979925306912730142
2023/07/24 11:39:24, 0.00531053030646302441, 188.3051112208096186737
2023/07/24 11:51:37, 0.00523507816948531894, 191.01911521185822548908
2023/07/24 11:51:37, 0.00530743828503951545, 188.41481451018976935383
2023/07/24 14:28:00, 0.00529573496818793409, 188.83120209132644404977
2023/07/24 15:44:56, 0.00531041425038486225, 188.30922652174016134001
2023/07/24 15:59:30, 0.0052887324956502367, 189.08122141221144348285
2023/07/24 16:06:12, 0.00545538665211149845, 183.30506410814192995543
2023/07/24 16:15:04, 0.00536037118924115945, 186.55424497600229178844
2023/07/24 17:20:32, 0.00522743029118865044, 191.29858157756760001694
2023/07/24 18:41:37, 0.00528536905687094929, 189.20154661669382707778
2023/07/24 19:55:19, 0.00529915290950799274, 188.70940640451275408256
2023/07/24 20:44:28, 0.00518905806639713615, 192.71320289817443327
2023/07/24 21:12:56, 0.00524635680769215933, 190.60846157733864834238
2023/07/25 02:06:51, 0.00518587777305744289, 192.83138626894961493347
2023/07/25 02:32:40, 0.00527209830771874666, 189.67779840825902787685
2023/07/25 02:48:15, 0.00528667722824505904, 189.15472929902236193962
2023/07/25 03:09:44, 0.00536965322960444392, 186.23176530035722744363
2023/07/25 05:07:53, 0.00536923858381704871, 186.24614726825742645694
2023/07/25 06:34:09, 0.00536923858383531756, 186.2461472676237234809
2023/07/25 07:29:46, 0.0053692385838810486, 186.24614726603742217405
2023/07/25 07:36:35, 0.00515164331598456517, 194.11281772889652788034
2023/07/25 07:43:29, 0.00526176520178804098, 190.05028952264580214412
2023/07/25 08:30:15, 0.00527284126684110767, 189.65107223853285421172
2023/07/25 09:10:02, 0.00526916424687747583, 189.78341785276541886845
2023/07/25 14:34:35, 0.00517532433949972363, 193.22460475910302146748
2023/07/25 15:09:12, 0.00519455500722402994, 192.50927146007834338553
2023/07/25 15:53:29, 0.00522208917696027699, 191.49424035345360555621
2023/07/25 16:47:28, 0.00530982348305131504, 188.33017767764763732324
2023/07/25 18:05:58, 0.00529791091466111702, 188.75364574981068686468
2023/07/25 18:35:56, 0.00530346626827021096, 188.55592727775790612709
2023/07/25 19:07:03, 0.0053312866812332458, 187.57198023511233181332
2023/07/25 19:29:07, 0.00522339761842594075, 191.44627176618190815836
2023/07/25 19:48:11, 0.00531116200474386807, 188.28271461251071632412
2023/07/25 20:09:40, 0.00535887667910193778, 186.60627215022683497819
2023/07/25 21:51:11, 0.00540567354495601849, 184.99082337909404333703
2023/07/25 22:17:24, 0.00534844765002668572, 186.9701388953504234097
2023/07/25 22:49:47, 0.00537850792105463778, 185.92517008023970534704
2023/07/25 23:21:35, 0.00544023628938564427, 183.81554528267156083934
2023/07/26 00:35:58, 0.00544023628940803408, 183.81554528191505062766
2023/07/26 02:33:49, 0.00541582361046170891, 184.64412283817865392992
2023/07/26 03:04:05, 0.00543207134134649749, 184.09183848313023116586
2023/07/26 03:30:32, 0.00540294880280238164, 185.08411545216265463069
2023/07/26 08:57:43, 0.00552661217916823327, 180.9426765585896599671
2023/07/26 08:58:52, 0.00542796327827331454, 184.23116530701903967455
2023/07/26 09:03:07, 0.00531379205687339223, 188.18952441063243825417
2023/07/26 09:17:28, 0.0053137920568734528, 188.18952441063029309481
2023/07/26 09:56:46, 0.00528146289944062865, 189.34147963169677827785
2023/07/26 13:04:22, 0.00534004662891897339, 187.26428240991552397521
2023/07/26 16:22:49, 0.00530298722879576846, 188.57296026848729695134
2023/07/26 19:29:19, 0.00530339644488382865, 188.55840976487758786306
2023/07/26 22:08:57, 0.00531439272418058363, 188.16825400388303949694
2023/07/26 23:49:55, 0.00532540037461585877, 187.77930853173340500613
2023/07/27 01:51:44, 0.00532760326786999269, 187.70166427948114030258
2023/07/27 01:54:02, 0.00532760326787015358, 187.70166427947547193719
2023/07/27 02:46:05, 0.00532979630089461899, 187.62443131872556187046
2023/07/27 03:02:03, 0.00533857294300033034, 187.31597576298923706363
2023/07/27 04:22:15, 0.00535819682056256354, 186.62994912064629893014
2023/07/27 09:10:08, 0.00535984626121611743, 186.57251556560615076052
2023/07/27 10:59:45, 0.00546482239371416095, 182.98856357166093065974
2023/07/27 11:00:02, 0.00537764141876134123, 185.95512830424735742919
2023/07/27 12:29:01, 0.00559784907166748636, 178.64004320182933481635
2023/07/27 12:29:19, 0.00535521774561928235, 186.7337702221404391248
2023/07/27 12:30:16, 0.00542746350240034055, 184.24812982302722864247
2023/07/27 12:32:03, 0.00530937692890529196, 188.34601750646170455768
2023/07/27 12:34:34, 0.00538013057180365981, 185.86909493253346533952
2023/07/27 14:30:35, 0.00550102224592410487, 181.7843948442372016225
2023/07/27 15:03:34, 0.00546690634465681831, 182.91880946110745691008
2023/07/27 16:52:21, 0.00568640997783538775, 175.85787938221508964666
2023/07/27 16:52:21, 0.00556761840670395962, 179.61001041233388806987
2023/07/27 16:53:46, 0.00549403179657847983, 182.01569212299979067817
2023/07/27 17:45:47, 0.00549403179661689041, 182.01569212172725936525
2023/07/27 18:49:07, 0.00555588937443690549, 179.98918491809439987983
2023/07/27 18:53:09, 0.00540361329968731541, 185.06135515986420303947
2023/07/27 19:23:44, 0.00552529006174694648, 180.98597337418828499185
2023/07/27 21:56:15, 0.00546412617097756553, 183.01187943123463681235
2023/07/27 23:32:09, 0.00543473076141023391, 184.00175535844106580662
2023/07/27 23:51:26, 0.00541694937319219966, 184.60574967690746364649
2023/07/28 03:15:21, 0.00542059728687804079, 184.4815150575304526722
2023/07/28 03:28:41, 0.00542059728687830264, 184.48151505752154096817
2023/07/28 04:28:09, 0.0054184782665453015, 184.55366078963296366829
2023/07/28 11:12:09, 0.00544159791862484808, 183.76954985544228701197
2023/07/28 11:21:58, 0.00544658225775218999, 183.60137654704236699311
2023/07/28 12:50:21, 0.00552999043629263302, 180.83213913664760348897
2023/07/28 13:10:39, 0.00552350688097638839, 181.04440196211547904899
2023/07/28 18:22:38, 0.00551548246449970701, 181.30780152715198985363
2023/07/28 23:47:31, 0.00552105814411396691, 181.12469999362458752225
2023/07/28 23:49:27, 0.00552105814411419448, 181.1246999936171219142
2023/07/29 00:09:13, 0.00561060667425383817, 178.23384494030519301316
2023/07/29 00:28:14, 0.00564437269010798291, 177.16760655307984730742
2023/07/29 00:51:58, 0.00564314494078053358, 177.2061519762568153107
2023/07/29 02:52:34, 0.00569129682928928599, 175.70687841366329499962
2023/07/29 02:53:50, 0.00560905573653129918, 178.28312767282480797829
2023/07/29 04:31:51, 0.0056312471388517482, 177.58055637457019765978
2023/07/29 05:49:47, 0.00562837783601847857, 177.67108554805219596819
2023/07/29 09:04:16, 0.00567397869691308856, 176.24317139999962674791
2023/07/29 09:19:47, 0.00559401027486268812, 178.76263196970016897813
2023/07/29 14:06:43, 0.00560978348354129363, 178.25999932687758571691
2023/07/29 14:21:44, 0.00560801509703809518, 178.31621040538133411189
2023/07/29 15:03:31, 0.00553680000242879808, 180.60973839787158894363
2023/07/29 15:11:13, 0.00559931976068726161, 178.59312251123515112088
2023/07/29 20:03:28, 0.00559518089999115353, 178.72523120773111862504
2023/07/29 20:11:09, 0.00572424982194426453, 174.69538037393797178642
2023/07/29 22:19:26, 0.00572067795913547352, 174.80445624509915291372
2023/07/30 02:52:03, 0.00577749819125591521, 173.08529867018782074982
2023/07/30 05:51:57, 0.0057774981912562102, 173.08529867017898311518
2023/07/30 07:00:43, 0.00574488517769879108, 174.06788283287614197437
2023/07/30 07:27:46, 0.00575845990197769033, 173.65754334011410874944
2023/07/30 14:25:47, 0.00578112000023002294, 172.97686260797412166169
2023/07/30 16:48:48, 0.00576425226813191248, 173.48303881989562875193
2023/07/30 17:19:14, 0.00582101411036641683, 171.79137192248667312355
2023/07/30 17:51:27, 0.00577455814741461063, 173.17342287872202411644
2023/07/30 19:01:24, 0.00573544248970638961, 174.35446380898019987294
2023/07/30 21:43:21, 0.0057289945728398115, 174.55069773339110035769
2023/07/30 22:59:32, 0.00563778101888857702, 177.37475021637828226115
2023/07/30 23:03:17, 0.00568989519387186926, 175.75016163338473578058
2023/07/31 03:22:02, 0.00570671578068508545, 175.23213673696414806715
2023/07/31 06:36:55, 0.00570951095560139802, 175.14634927163693179275
2023/07/31 09:40:21, 0.00570951095565540371, 175.14634926998023991902
2023/07/31 09:43:34, 0.00582446211010271289, 171.68967384395350766754
2023/07/31 10:08:30, 0.00582446211011781219, 171.68967384350842029688
2023/07/31 10:30:44, 0.00583602336464518599, 171.34955388596139091068
2023/07/31 10:37:49, 0.00586497660781814629, 170.50366384530458530964
2023/07/31 10:37:49, 0.00576992160937215022, 173.3125799102172315966
2023/07/31 12:29:10, 0.00574175332395762043, 174.1628285958355367811
2023/07/31 14:25:21, 0.00573517150763570673, 174.36270191198598730982
2023/07/31 14:48:49, 0.00567965092086478637, 176.06715869216475024975
2023/07/31 14:49:10, 0.00554340559618892595, 180.39452149911182403861
2023/07/31 20:27:36, 0.00554842308504876214, 180.23138911210328713187
2023/07/31 20:44:11, 0.00587604581137799372, 170.18247169953387786833
2023/07/31 20:44:11, 0.00574785243154054791, 173.97802255893659421627
2023/07/31 21:27:43, 0.00573013662510652876, 174.51590868156813564279
2023/07/31 23:54:10, 0.00575307971222318646, 173.81994514613910175257
2023/08/01 03:02:55, 0.00571308295172309376, 175.03684235818685405176
2023/08/01 05:24:45, 0.0057532033742335028, 173.81620897996320829385
2023/08/01 07:01:31, 0.00571411042884416146, 175.00536828131932847704
2023/08/01 09:35:18, 0.00568967357174586894, 175.75700739069839127052
2023/08/01 11:31:40, 0.00557627607765462139, 179.33114969095996448037
2023/08/01 11:33:18, 0.00565551982267618123, 176.81840597400680690696
2023/08/01 11:36:28, 0.00576969382038528923, 173.31942233517373938422
2023/08/01 11:38:11, 0.00588500707463447791, 169.92333013671198196726
2023/08/01 11:38:11, 0.0057541075016802098, 173.78889770620347136942
2023/08/01 11:48:22, 0.00562460332405688477, 177.79031558064172527489
2023/08/01 13:44:06, 0.00553022998201282249, 180.82430626800673660464
2023/08/01 15:06:02, 0.00561717512884548184, 178.02542684930202434033
2023/08/01 18:49:17, 0.00551308379814671766, 181.38668603879388562059
2023/08/01 18:52:52, 0.00552430474093646427, 181.01825422297084797279
2023/08/01 22:36:46, 0.0055308675811326576, 180.80346081892844496161
2023/08/02 10:46:10, 0.00552908739624869635, 180.86167360611211477111
2023/08/02 10:50:06, 0.00552908739626012918, 180.8616736057381359561
2023/08/02 10:55:47, 0.00552299028236223913, 181.06133613769275499371
2023/08/02 12:48:31, 0.00552246057295103061, 181.078703376895491945
2023/08/02 16:56:22, 0.00548570330551065418, 182.29203154232779129226
2023/08/02 19:02:53, 0.00549197342321457216, 182.0839109987313321287
2023/08/03 09:18:52, 0.00544106566679198138, 183.78752642211609397491
2023/08/03 09:18:54, 0.00547791532273356436, 182.55119714062767848476
2023/08/03 18:13:11, 0.00547179321988835439, 182.75544411387750558487
2023/08/03 18:35:17, 0.00517511466293977777, 193.23243350746156964701
2023/08/03 18:36:05, 0.00552413864806954152, 181.02369685262311998801
2023/08/03 21:04:00, 0.00547483597632247174, 182.65387389225764207738
2023/08/03 22:09:08, 0.00544683507125767614, 183.59285473446502694053
2023/08/04 03:32:45, 0.00546054619940952835, 183.13186327553353057191
2023/08/04 14:56:19, 0.00538910179636402765, 185.55967910546612114311
2023/08/04 18:34:39, 0.00540111411686993085, 185.14698604063616201358
2023/08/04 20:54:24, 0.00539007288707376558, 185.52624815114388789213
2023/08/05 02:13:02, 0.00539007288707392062, 185.52624815113855149933
2023/08/05 04:20:50, 0.00537895125720246597, 185.90984602453696921095
2023/08/05 10:41:26, 0.00540780444874400922, 184.91792916666119712279
2023/08/05 14:14:29, 0.00541669784523096147, 184.6143219674755930094
2023/08/05 19:05:01, 0.0054166978452311106, 184.61432196747051029431
2023/08/05 21:03:10, 0.00541781136199707612, 184.57637839044047520848
2023/08/05 23:21:17, 0.00596668409122482665, 167.59727592595276658154
2023/08/05 23:21:46, 0.00542012766964206313, 184.49749912736621138909
2023/08/05 23:22:04, 0.0055534850738488425, 180.0671086177872913126
2023/08/06 01:17:37, 0.00555168577138463943, 180.12546840355324627806
2023/08/06 01:56:37, 0.00556294428693504983, 179.76092306884458685587
2023/08/06 02:00:25, 0.00562676904551329711, 177.72188478170883760927
2023/08/06 02:10:32, 0.00556356350608005953, 179.74091585494881670567
2023/08/06 02:49:14, 0.00562002923331321013, 177.93501750354132907272
2023/08/06 02:53:22, 0.00573381511024445166, 174.403949337907176524
2023/08/06 03:02:32, 0.00586575463548845053, 170.48104841445152642877
2023/08/06 03:02:32, 0.00574595043774280296, 174.03561183392884748214
2023/08/06 03:08:20, 0.00568073769638452977, 176.03347548267257432104
2023/08/06 03:11:45, 0.00581847352364565544, 171.86638315635651195846
2023/08/06 03:16:21, 0.00575202910767125022, 173.8516932514023895267
2023/08/06 03:24:13, 0.00569969007187844215, 175.44813619496170718792
2023/08/06 03:27:21, 0.00583345072598054022, 171.42512159163061648671
2023/08/06 03:44:45, 0.00577337070733793696, 173.20904038415599767775
2023/08/06 04:55:12, 0.00583087876433170777, 171.50073606694386632471
2023/08/06 07:42:18, 0.0058886713898502081, 169.81759276355838552715
2023/08/06 08:32:35, 0.00568803278933136468, 175.80770664255457684145
2023/08/06 08:36:14, 0.00576687816485268544, 173.40404485995326048627
2023/08/06 09:49:42, 0.00578349455686343663, 172.90584268178686278238
2023/08/06 10:15:23, 0.00584104982475217215, 171.20210065019067858247
2023/08/06 11:54:21, 0.0058525597091338348, 170.86540756505971125058
2023/08/06 12:00:04, 0.00587841093750764989, 170.11400030226257849801
2023/08/06 12:29:57, 0.00591268733641476152, 169.12783360642973178903
2023/08/06 12:37:20, 0.00593011501837871069, 168.63079331527018214372
2023/08/06 13:19:29, 0.00616493423078039004, 162.20773208044665574117
2023/08/06 13:19:29, 0.00601672366338373791, 166.20341168163458821022
2023/08/06 13:20:21, 0.00592470949556653094, 168.78464686720952487672
2023/08/06 13:22:11, 0.00595590824250963872, 167.90050472279109392334
2023/08/06 13:30:45, 0.00592136160554273195, 168.88007634324223763999
2023/08/06 14:09:09, 0.00581273037915952597, 172.03619207684495290536
2023/08/06 14:21:35, 0.00588778871086650434, 169.84305128925563267527
2023/08/06 15:08:00, 0.00591098022928955445, 169.17667818357613056643
2023/08/06 15:59:26, 0.00602762124982618056, 165.902925640664159916
2023/08/06 16:02:48, 0.00603934785965411481, 165.58079170774440920159
2023/08/06 16:09:21, 0.00595521084561311974, 167.9201670477621570987
2023/08/06 16:19:48, 0.00599021259849287199, 166.93898314253461024532
2023/08/06 16:28:20, 0.0060019025892328627, 166.61383371898671340525
2023/08/06 16:42:47, 0.00601360395831769466, 166.28963379220435717104
2023/08/06 16:59:08, 0.00594381575489872233, 168.24209249350111568063
2023/08/06 17:03:17, 0.00595429530726558542, 167.94598661906709411277
2023/08/06 17:50:48, 0.00607135566046669906, 164.70786030728613183937
2023/08/06 17:57:26, 0.00603580436328875498, 165.67800077852848915256
2023/08/06 19:27:46, 0.00604284339364868713, 165.4850100949243653067
2023/08/06 19:37:41, 0.00607810004611775819, 164.52509705540734062481
2023/08/06 19:48:46, 0.00602127385842848336, 166.07781401608496989118
2023/08/06 20:21:56, 0.00607998643529625577, 164.47405115818710100138
2023/08/06 20:44:07, 0.0060817804552200266, 164.42553416108507128235
2023/08/06 20:53:10, 0.00604613854623781315, 165.39482057060141604177
2023/08/06 21:02:25, 0.0061049712285690229, 163.8009357554982921897
2023/08/06 21:07:01, 0.00606912597986762539, 164.76837081932037081899
2023/08/06 22:57:16, 0.00607536048965702232, 164.59928619913941627381
2023/08/06 23:09:15, 0.00603977551593620011, 165.56906748627630416773
2023/08/07 00:34:37, 0.0060397755159364433, 165.56906748626963760041
2023/08/07 00:37:33, 0.0060369422493062217, 165.6467726049428642066
2023/08/07 00:47:24, 0.00603928825806149508, 165.58242582065164528682
2023/08/07 01:02:59, 0.00603928825811248084, 165.58242581925374123074
2023/08/07 03:15:24, 0.00607514042115317252, 164.60524871459378559418
2023/08/07 04:01:34, 0.00611116602739075754, 163.63489316407315993749
2023/08/07 04:43:26, 0.00607667865467453458, 164.56358100008165648896
2023/08/07 07:18:47, 0.00601063734933605482, 166.37170767097796922466
2023/08/07 07:51:25, 0.00610508720062066964, 163.79782419788134461127
2023/08/07 08:39:48, 0.00610803775496847691, 163.71869986994880965069
2023/08/07 11:15:55, 0.00617364365967224106, 161.9788985445088083966
2023/08/07 12:44:38, 0.00660210035547484127, 151.46694932783663233798
2023/08/07 12:44:38, 0.00643515726179817674, 155.39635774504287473334
2023/08/07 12:45:12, 0.00630699116962212154, 158.55420962320995608202
2023/08/07 12:45:44, 0.00621251484630667499, 160.96541010191671000899
2023/08/07 12:48:46, 0.00604599057681997973, 165.39886843918499017943
2023/08/07 13:23:24, 0.00604951371563260664, 165.30254281693590868469
2023/08/07 14:04:30, 0.00605303787911125428, 165.20630136000840503321
2023/08/07 14:09:27, 0.00599304554195196842, 166.86007022638016059044
2023/08/07 14:34:18, 0.0059966309346540282, 166.76030439376945963972
2023/08/07 15:07:18, 0.00602486348002948899, 165.9788646356357689071
2023/08/07 15:19:59, 0.00614264434242898712, 162.79633725376484896823
2023/08/07 15:36:50, 0.00626156361509478133, 159.70451814771876166631
2023/08/07 15:37:19, 0.00615913601153183996, 162.3604346661098977851
2023/08/07 16:45:27, 0.00592884364023074914, 168.66695441492200420884
2023/08/07 16:46:56, 0.00587068002710175134, 170.33801797807773440876
2023/08/07 16:46:56, 0.00600370658714856714, 166.56376947877218067963
2023/08/07 16:54:54, 0.00601541167286715601, 166.23966145335568619561
2023/08/07 17:23:23, 0.00602712814070522949, 165.91649897839915383043
2023/08/07 18:13:22, 0.0060652853311702509, 164.87270514065948624009
2023/08/07 19:15:02, 0.0059940084710624521, 166.83326438855493429115
2023/08/07 20:53:46, 0.00603030143646830268, 165.82918955800300821427
2023/08/07 21:17:10, 0.00599655376363355645, 166.7624504702279568919
2023/08/07 22:04:23, 0.006007115521568248, 166.46924741326348514641
2023/08/07 22:21:51, 0.00613281328787518345, 163.05730389298495302845
2023/08/07 22:55:03, 0.00616833436917253473, 162.11831916857439741992
2023/08/07 22:56:35, 0.00615008983289302314, 162.59925093315207792409
2023/08/07 22:57:00, 0.00626905796028215161, 159.51359938535214642145
2023/08/07 23:03:58, 0.00620953483494097512, 161.04265884346319541827
2023/08/07 23:24:26, 0.00626820707534239149, 159.53525274137126169972
2023/08/07 23:58:20, 0.00634005210197809841, 157.72741042427705915191
2023/08/08 00:00:32, 0.00608107307099501576, 164.44466105327936330591
2023/08/08 00:05:26, 0.00656105911811656762, 152.41441694051710487145
2023/08/08 00:06:30, 0.00631065637263094647, 158.46212199684303832236
2023/08/08 00:16:06, 0.00616477570201178652, 162.21190329336139193652
2023/08/08 00:23:16, 0.0063307649633021419, 157.958794205242086219
2023/08/08 00:26:03, 0.00645143003261802668, 155.00439359088799760793
2023/08/08 00:27:39, 0.00623144994545928857, 160.47629504408946538389
2023/08/08 00:30:30, 0.00635116446221170643, 157.45144153482739985627
2023/08/08 00:52:11, 0.00627545485613006879, 159.35099891973048218379
2023/08/08 01:01:40, 0.00623416299749240919, 160.40645719437136270315
2023/08/08 01:02:05, 0.00635390006064465039, 157.38365263153707317183
2023/08/08 01:10:04, 0.00627814379421017559, 159.28274865609467979826
2023/08/08 01:27:01, 0.00689013370075293688, 145.13506463462711285513
2023/08/08 01:28:14, 0.0064284304973978852, 155.55896581673898271059
2023/08/08 01:34:06, 0.00635135438374084177, 157.44673333926246515758
2023/08/08 01:50:30, 0.0063133354580553126, 158.39487805516175185269
2023/08/08 02:34:56, 0.00630076783923989246, 158.71081517592263597799
2023/08/08 04:16:25, 0.00630675819707264831, 158.56006663838183602041
2023/08/08 07:11:36, 0.00632575214669527873, 158.08396801041650857049
2023/08/08 07:53:39, 0.00632420081827082883, 158.12274605685612849311
2023/08/08 07:54:18, 0.00632420081827082883, 158.12274605685612849311
2023/08/08 07:54:59, 0.00632420081830399699, 158.12274605602683135462
2023/08/08 07:56:00, 0.00631783380127612033, 158.28209975989127705093
2023/08/08 08:51:26, 0.00629873637945080221, 158.76200236962318166486
2023/08/08 10:17:00, 0.00630113269517483909, 158.70162530710722510456
2023/08/08 10:41:38, 0.00625314958466957392, 159.91941124383666008293
2023/08/08 10:56:47, 0.00613082597473690729, 163.11015907492188978233
2023/08/08 12:12:34, 0.00613810052600234272, 162.91684956344071623305
2023/08/08 12:30:29, 0.0059999139168283781, 166.66905790018588048295
2023/08/08 12:30:29, 0.0060174652558137119, 166.18292877285171341628
2023/08/08 12:30:29, 0.00613018457802757574, 163.12722517104959599484
2023/08/08 12:49:44, 0.00620350213835416529, 161.19926739725560083268
2023/08/08 15:03:55, 0.00622730245856279399, 160.58317492270820334166
2023/08/08 15:21:53, 0.00630237361455416979, 158.67037740997842253724
2023/08/08 15:57:07, 0.00629705655020722621, 158.80435438793884981083
2023/08/08 15:58:04, 0.00637339568067614237, 156.90223078914688606791
2023/08/08 16:09:12, 0.00600607281764826965, 166.49814785155381244491
2023/08/08 16:09:12, 0.00611516197388422199, 163.52796610632066022748
2023/08/08 16:47:34, 0.00626255901717693258, 159.67913392228357169994
2023/08/08 19:07:04, 0.00633826337319299193, 157.77192286287647972256
2023/08/08 20:02:13, 0.0063382633732089311, 157.77192286247972213488
2023/08/08 20:07:48, 0.00633671271225094799, 157.81053132907089002119
2023/08/08 20:26:33, 0.00626736537476822284, 159.55667815792239405953
2023/08/08 20:52:28, 0.00634316519792053894, 157.65000103226493896096
2023/08/08 20:54:51, 0.00635519273904211194, 157.35163999931263420605
2023/08/08 23:12:15, 0.00636318112570991445, 157.15409953672095634562
2023/08/09 01:24:38, 0.0060225110505200314, 166.0436969914155762808
2023/08/09 01:24:38, 0.00613526856008991168, 162.99205001473401049564
2023/08/09 01:32:49, 0.0061718066770150686, 162.02711010443376507602
2023/08/09 03:16:28, 0.00617773684321597344, 161.87157617407110364888
2023/08/09 08:07:26, 0.00617585964410489349, 161.92077826032530302148
2023/08/09 08:41:22, 0.00617906070369910546, 161.83689527460836507259
2023/08/09 10:31:07, 0.00625325321746016506, 159.91676096017141247708
2023/08/09 14:27:26, 0.00603837506082999293, 165.60746722853399111163
2023/08/09 14:27:26, 0.0062951868006612852, 158.85152127573940134976
2023/08/09 18:05:03, 0.00631413105563140307, 158.37491987248617358818
2023/08/09 18:16:08, 0.00631952868414019706, 158.23964886964587220081
2023/08/09 18:56:58, 0.00632852985052528013, 158.01458215718111516035
2023/08/09 19:41:09, 0.00623446135200765745, 160.39878083099740316037
2023/08/09 20:56:02, 0.00624638316282666824, 160.09264464453237392163
2023/08/09 21:57:21, 0.00635419175586573702, 157.37642778515005659656
2023/08/10 05:57:01, 0.00618688134634281198, 161.63232233168974427341
2023/08/10 06:51:28, 0.00619459935194325864, 161.43094059606904689344
2023/08/10 06:58:33, 0.00600222444514307586, 166.60489942344414625103
2023/08/10 06:58:51, 0.00613822241955437981, 162.91361434123424877211
2023/08/10 11:47:43, 0.00617374205703425747, 161.97631691797309265788
2023/08/10 11:58:20, 0.00602990235757122837, 165.84016468266459411098
2023/08/10 11:58:20, 0.00612691919159014996, 163.21416501993475824189
2023/08/10 12:11:35, 0.00623726509736595337, 160.32667914376574264417
2023/08/10 15:30:08, 0.00641730446986162952, 155.82866680183589407396
2023/08/10 15:31:35, 0.00631406116913996125, 158.37667282786398408119
2023/08/10 16:26:08, 0.00635453204406170422, 157.36800020302009999663
2023/08/10 19:41:25, 0.00618965636120365243, 161.55985755007860967598
2023/08/10 20:35:15, 0.00618903889961760809, 161.57597588565574319105
2023/08/11 01:18:24, 0.00630106675585052447, 158.70328608588419436494
2023/08/11 01:57:09, 0.00629322166797229106, 158.90112453677564973985
2023/08/11 02:46:30, 0.00572891805732199516, 174.55302903519863853158
2023/08/11 02:46:30, 0.00614628965749787122, 162.6997840526597981612
2023/08/11 03:02:04, 0.00621985827757469357, 160.77536743971110753299
2023/08/11 03:31:08, 0.00623104760549842165, 160.48665702980293248615
2023/08/11 04:24:06, 0.006252687885013219, 159.93121972341753465957
2023/08/11 05:45:29, 0.00625853470798668103, 159.78180942639395356892
2023/08/11 06:09:24, 0.00533343252863243035, 187.4965127301262663869
2023/08/11 06:09:24, 0.00601144538337853895, 166.34934466259464861101
2023/08/11 06:29:31, 0.00601144538342045316, 166.34934466143479417613
2023/08/11 06:36:33, 0.00518411201765821017, 192.89706638162583318928
2023/08/11 06:36:33, 0.00577308317020119611, 173.2176673223208179995
2023/08/11 06:36:33, 0.00591566038917660124, 169.04283447873681283616
2023/08/11 07:17:32, 0.00599047936222455464, 166.9315491354354066682
2023/08/11 15:48:20, 0.0060030560044013762, 166.58182087037181357527
2023/08/11 19:14:48, 0.00596172489627349827, 167.73668986723474359168
2023/08/11 23:01:57, 0.00599437284438596352, 166.82312327911853187313
2023/08/12 09:38:44, 0.00593673773656373885, 168.44267750638636576097
2023/08/12 10:38:44, 0.00589836459334902433, 169.53851939359539889829
2023/08/12 21:26:33, 0.00591084393057685078, 169.18057924469815099044
2023/08/12 21:59:49, 0.00590400576290176908, 169.37652843829685349397
2023/08/12 23:31:42, 0.00590462971317879494, 169.35863018946934820376
2023/08/12 23:38:15, 0.00597923622981142266, 167.2454409836118317342
2023/08/13 02:29:07, 0.00598438603967575217, 167.10151941571307880349
2023/08/13 02:31:32, 0.00598438603967585907, 167.10151941571009377112
2023/08/13 02:34:42, 0.00599366771851935186, 166.84274920849889986982
2023/08/13 07:17:23, 0.00598116455022714534, 167.19152125015908914089
2023/08/13 10:15:47, 0.00596243708573585531, 167.71665438488812330717
2023/08/13 11:28:14, 0.00598140923223853511, 167.1846819325136226065
2023/08/13 13:19:44, 0.00593853912591587276, 168.39158230615761690719
2023/08/13 19:04:26, 0.00593853912593531572, 168.39158230560629782572
2023/08/13 19:07:36, 0.00589903989600701959, 169.51911118229366265565
2023/08/13 21:50:08, 0.0057613073952696152, 173.57171409063522606103
2023/08/13 21:50:35, 0.00585468300977290372, 170.80344031107310542442
2023/08/13 22:03:29, 0.0057954818639652702, 172.5482062531724910467
2023/08/13 22:21:21, 0.00583168427312409115, 171.4770473100886983739
2023/08/13 22:25:11, 0.00580998736893945095, 172.11741377374783524091
2023/08/13 23:30:17, 0.00592003163400586812, 168.91801629163537143991
2023/08/14 02:26:28, 0.00591966965946097178, 168.92834525010592306788
2023/08/14 02:28:20, 0.00588422718693988325, 169.94585155031278568716
2023/08/14 08:51:48, 0.00566975527806798541, 176.37445550220608847475
2023/08/14 08:51:48, 0.00578785477228545857, 172.77558600613065419315
2023/08/14 09:06:06, 0.00586045045997780192, 170.63534737290276107623
2023/08/14 17:20:10, 0.00587916462518986952, 170.09219230150485481555
2023/08/15 01:22:41, 0.00587484651400099443, 170.21721292918712841333
2023/08/15 07:32:29, 0.00588589412548636721, 169.89772134533040368193
2023/08/15 08:25:58, 0.00592968581637463036, 168.64299913471523669255
2023/08/15 08:26:04, 0.00592968581637498049, 168.64299913470527875194
2023/08/15 08:53:20, 0.00583923497049320311, 171.2553108503418123895
2023/08/15 11:09:01, 0.00583923497049325456, 171.25531085034030351335
2023/08/15 11:13:54, 0.00583923497049326947, 171.2553108503398662318
2023/08/15 12:41:22, 0.00579498176311863371, 172.56309698235165957212
2023/08/15 13:55:34, 0.00579498176311894086, 172.56309698234251309706
2023/08/15 13:58:21, 0.00580202693592630055, 172.35356040972064225806
2023/08/15 14:11:09, 0.00570024204637179545, 175.43114693462887004281
2023/08/15 14:11:09, 0.00579016206754239043, 172.70673745138289890329
2023/08/15 14:24:26, 0.00579016206754266468, 172.70673745137471876689
2023/08/15 14:28:52, 0.00579016206754297133, 172.70673745136557197713
2023/08/15 14:34:46, 0.00579016206757917296, 172.70673745028576382338
2023/08/15 14:38:05, 0.00581375173108958218, 172.00596899458335854705
2023/08/15 14:39:18, 0.00586387976604920178, 170.53555664456462318683
2023/08/15 14:40:14, 0.00586387976604947604, 170.53555664455664686386
2023/08/15 14:42:40, 0.00586157713808751484, 170.60254884341159472336
2023/08/15 14:45:03, 0.00586157713808772274, 170.60254884340554378492
2023/08/15 14:45:58, 0.00586157713808800958, 170.60254884339719515889
2023/08/15 14:52:17, 0.00586157713808813215, 170.60254884339362760669
2023/08/15 14:56:54, 0.00587286344157544803, 170.27468967195005569611
2023/08/15 15:05:27, 0.00587709580538319148, 170.15206712880855903908
2023/08/15 15:24:31, 0.0058770958053833193, 170.15206712880485850227
2023/08/15 15:28:43, 0.00583861905327016308, 171.27337661118824448872
2023/08/15 15:30:39, 0.00586102921957596921, 170.61849762836491985263
2023/08/15 15:46:33, 0.00586102921957625992, 170.61849762835645709089
2023/08/15 15:47:31, 0.00590584476635709134, 169.32378678433010859012
2023/08/15 16:34:05, 0.00592265059639990312, 168.84332170596933678761
2023/08/15 17:02:15, 0.00592265059639997431, 168.84332170596730723802
2023/08/15 17:11:34, 0.00592265059640029733, 168.84332170595809862074
2023/08/15 17:21:02, 0.00597720991499613617, 167.30213832562820867353
2023/08/15 17:28:49, 0.00599084974464509588, 166.92122864437506139459
2023/08/15 17:29:24, 0.00592665563865622241, 168.72922284830683164403
2023/08/15 17:46:22, 0.00592665563865644696, 168.72922284830043877253
2023/08/15 18:19:18, 0.0058457946525870353, 171.0631418702765436142
2023/08/15 18:26:23, 0.0058457946525872921, 171.06314187026902910299
2023/08/15 18:34:38, 0.00576916074916677653, 173.33543707278864674124
2023/08/15 19:34:33, 0.00577967153373957428, 173.02021302808847698881
2023/08/15 19:55:03, 0.00563095986687170782, 177.58961591668246187771
2023/08/15 19:55:16, 0.00575142164518809729, 173.87005538650531574927
2023/08/15 20:11:04, 0.00573519895212224577, 174.36186753904348237486
2023/08/15 20:21:10, 0.00576538606357704383, 173.44892240912061358504
2023/08/15 20:38:09, 0.00576538606357733178, 173.44892240911195074626
2023/08/15 21:37:47, 0.00576538606357735691, 173.44892240911119464125
2023/08/15 21:59:31, 0.00577666964017928782, 173.11012439495561376497
2023/08/15 22:00:46, 0.00577666964017930944, 173.11012439495496580417
2023/08/15 22:34:43, 0.00576779583619149372, 173.37645582481388966361
2023/08/15 23:11:44, 0.00572665393468854257, 174.62204131851165068696
2023/08/15 23:20:45, 0.00576448668009459401, 173.47598415885145417441
2023/08/15 23:23:26, 0.0057644866800948276, 173.47598415884442434748
2023/08/16 00:06:42, 0.0057644866800949694, 173.47598415884015705642
2023/08/16 01:12:35, 0.00576448668009511382, 173.47598415883581094486
2023/08/16 02:35:35, 0.00576448668009520643, 173.4759841588330240374
2023/08/16 02:51:13, 0.00576448668009535016, 173.47598415882869842428
2023/08/16 03:14:23, 0.00578910095917926623, 172.73839358672581063267
2023/08/16 03:28:28, 0.00569397851063647815, 175.62412610654884266296
2023/08/16 03:29:01, 0.00569397851060966918, 175.62412610737573423028
2023/08/16 04:55:24, 0.00569397851060977756, 175.62412610737239135252
2023/08/16 05:15:13, 0.00569397851060990673, 175.62412610736840734643
2023/08/16 07:28:45, 0.00569251093001048312, 175.66940358920987382475
2023/08/16 07:48:10, 0.00567698238833755475, 176.1499211366832510615
2023/08/16 08:08:21, 0.00570592885175464673, 175.25630374666993963597
2023/08/16 09:12:03, 0.00576146896927251042, 173.56684646455156930634
2023/08/16 09:52:35, 0.00575589530775743777, 173.73491811990780733615
2023/08/16 10:25:45, 0.00575589530775760835, 173.7349181199026585112
2023/08/16 12:52:55, 0.0057558953077576989, 173.73491811989992546378
2023/08/16 14:42:32, 0.00623626377094678932, 160.35242201568713299614
2023/08/16 14:42:32, 0.00592501658952534491, 168.77589874902111285186
2023/08/16 14:42:49, 0.00583084457633954195, 171.50174162724380679914
2023/08/16 15:25:05, 0.00583084457636544563, 171.50174162648190558571
2023/08/16 15:32:08, 0.00583223894390631359, 171.4607391120056863435
2023/08/16 15:50:00, 0.00583223894390631708, 171.46073911200558375416
2023/08/16 15:54:17, 0.00583223894395229263, 171.46073911065395815584
2023/08/16 17:39:45, 0.00581946566168831781, 171.83708232585126967577
2023/08/16 20:15:53, 0.00582551399249363814, 171.65867274347501584185
2023/08/16 22:12:23, 0.00576094178891605357, 173.58272946343281470538
2023/08/16 22:14:27, 0.00565259239590640214, 176.90997863638607840596
2023/08/16 22:14:44, 0.00572204883690574725, 174.76257692004592971299
2023/08/16 23:34:26, 0.00566972837737142111, 176.37529233166128680903
2023/08/17 00:03:45, 0.00568807237711796495, 175.80648305791784702915
2023/08/17 00:12:51, 0.00568807237714383034, 175.80648305711840180856
2023/08/17 00:14:21, 0.0056651776857543738, 176.51697007043482036439
2023/08/17 01:14:12, 0.00566517768575461164, 176.51697007042740970868
2023/08/17 03:21:33, 0.00568801632802699241, 175.80821543577933844295
2023/08/17 03:55:23, 0.00569715178493594472, 175.52630467809159603422
2023/08/17 09:37:24, 0.00569715178493459607, 175.52630467813314707414
2023/08/17 11:21:18, 0.00569715178493468333, 175.52630467813045865161
2023/08/17 11:35:23, 0.00569715178493493819, 175.52630467812260681373
2023/08/17 14:30:06, 0.00569715178496310421, 175.52630467725482610186
2023/08/17 14:33:19, 0.00568815664269851171, 175.80387862272217158191
2023/08/17 15:24:32, 0.00561126499841481775, 178.21293421046768944902
2023/08/17 15:54:35, 0.00559529261276633156, 178.72166287038858259297
2023/08/17 17:29:06, 0.00564558566023794722, 177.12954158910990952374
2023/08/17 17:53:54, 0.00569036004302703222, 175.73580449015701616367
2023/08/17 18:16:16, 0.00569036004302727856, 175.73580449014940818987
2023/08/17 20:14:05, 0.00568882078116021384, 175.7833544891624655085
2023/08/17 20:22:33, 0.00569526087434250349, 175.58458199958158179116
2023/08/17 22:45:48, 0.00568541199149898739, 175.88874851905762853719
2023/08/18 03:26:22, 0.0056871829743057376, 175.83397694744908726403
2023/08/18 03:38:19, 0.00567411106115451243, 176.23906004344754848097
2023/08/18 09:50:30, 0.00562392356540920481, 177.81180493821995154567
2023/08/18 09:57:17, 0.00571232967619280009, 175.05992417904145315895
2023/08/18 09:58:44, 0.00571232967619297149, 175.05992417903620051772
2023/08/18 10:02:26, 0.00580073045191241418, 172.39208204723854009827
2023/08/18 10:04:02, 0.00580073045191254712, 172.39208204723458910364
2023/08/18 10:08:21, 0.00578447909770587528, 172.87641343480695659779
2023/08/18 10:09:44, 0.00578447909770600961, 172.87641343480294199897
2023/08/18 10:37:44, 0.00578447909770620417, 172.87641343479712751473
2023/08/18 11:28:49, 0.00587203883996936639, 170.29860109120410051524
2023/08/18 11:30:25, 0.00578720312698035633, 172.79504072319981823703
2023/08/18 11:43:42, 0.00566391920446995696, 176.55619084587248811128
2023/08/18 12:22:48, 0.00574991188105666851, 173.91570874234489094589
2023/08/18 15:35:57, 0.00578448996907373495, 172.87608853095289893973
2023/08/18 15:54:59, 0.00573054306707946327, 174.50353104311350574442
2023/08/18 16:24:54, 0.00573054306707964668, 174.50353104310792078582
2023/08/18 18:38:05, 0.00573054306707973117, 174.50353104310534770356
2023/08/18 18:41:35, 0.00573779580751161672, 174.28295351515528888234
2023/08/18 18:51:22, 0.00574506231867149619, 174.0625156928224086936
2023/08/18 19:44:57, 0.00568663851851381944, 175.85081181867456867483
2023/08/18 21:14:22, 0.00568663851851748912, 175.85081181856108923209
2023/08/18 21:16:06, 0.00563904817082437275, 177.33489229154961224327
2023/08/18 22:30:54, 0.00563703539655532118, 177.39821194152512570342
2023/08/18 22:56:38, 0.00563913090383238642, 177.3322905698809256841
2023/08/18 23:19:08, 0.00549902978095273195, 181.85026083396577743994
2023/08/18 23:20:23, 0.00559757398221838514, 178.64882236066277191652
2023/08/18 23:21:45, 0.00565202473855588203, 176.92774647258612985616
2023/08/18 23:53:05, 0.00565688542307371588, 176.77572112758855554727
2023/08/19 00:51:47, 0.0057047470196113739, 175.2926109715770154548
2023/08/19 01:07:00, 0.0057119884681631875, 175.07038145712003957118
2023/08/19 01:15:57, 0.00633630828798707947, 157.82060382003293172445
2023/08/19 01:16:29, 0.00575308368417190159, 173.81982514025257412137
2023/08/19 01:16:29, 0.00584333207910550073, 171.13523353837530693497
2023/08/19 01:17:21, 0.00595104689349489678, 168.0376609186364048999
2023/08/19 01:17:52, 0.00578000882951687818, 173.0101163329165644784
2023/08/19 01:18:19, 0.00572350203164065554, 174.71820477599229741931
2023/08/19 01:18:19, 0.00614612677648172473, 162.70409582609322572793
2023/08/19 01:19:22, 0.00623366031228153599, 160.41939244424394745005
2023/08/19 01:25:39, 0.00616739791512868917, 162.14293511806493516442
2023/08/19 01:34:43, 0.00606987078482660195, 164.74815287662948301065
2023/08/19 01:49:26, 0.00675239668787077579, 148.09556461578809608268
2023/08/19 01:49:44, 0.00656997552128931023, 152.20756862177124584659
2023/08/19 01:51:07, 0.00637093537347388465, 156.96282278480079123543
2023/08/19 01:51:45, 0.00617623942021628071, 161.91082177396902356687
2023/08/19 01:54:40, 0.00623633976368988448, 160.35046804575081345342
2023/08/19 01:56:10, 0.00622763054571965304, 160.57471499932112919641
2023/08/19 01:57:06, 0.00616783444154626312, 162.13145950611834242006
2023/08/19 02:02:56, 0.00617054147801496193, 162.06033191137318617087
2023/08/19 02:04:46, 0.00653823301872233292, 152.94652196342410818902
2023/08/19 02:06:39, 0.00645078358131861493, 155.01992702033702543151
2023/08/19 02:06:39, 0.006627953269825649, 150.87613917747271712548
2023/08/19 02:09:00, 0.00662795326982591504, 150.87613917746666113005
2023/08/19 02:10:36, 0.00645125083906943142, 155.00869907954876931541
2023/08/19 02:12:03, 0.0064512508390723408, 155.00869907947886357993
2023/08/19 02:20:06, 0.00645125083907256093, 155.00869907947357450961
2023/08/19 02:49:48, 0.00639572357561765271, 156.35447470123460341061
2023/08/19 03:17:50, 0.00639572357561771219, 156.35447470123314926792
2023/08/19 03:33:02, 0.00639572357561783561, 156.35447470123013209634
2023/08/19 03:34:00, 0.00634269544014956185, 157.66167703244156201866
2023/08/19 03:38:58, 0.00630535792362964385, 158.59527914386113395472
2023/08/19 03:46:15, 0.00635720255888939619, 157.30189351945080728282
2023/08/19 04:02:10, 0.00630451775514759774, 158.6164142663420217952
2023/08/19 04:30:29, 0.0062295962321346745, 160.52404726354687202222
2023/08/19 04:30:29, 0.00645543777014223197, 154.90816201888150290998
2023/08/19 04:31:15, 0.00627225251173517721, 159.4323567377163214231
2023/08/19 04:38:32, 0.00635484085307103883, 157.36035301603819795497
2023/08/19 04:55:09, 0.00648181383933097813, 154.27780321799788448324
2023/08/19 04:56:43, 0.00641141412088012991, 155.97183104165552267376
2023/08/19 05:12:06, 0.00630829713996011738, 158.52138506055252946044
2023/08/19 06:14:29, 0.00633156003120025677, 157.93895897255398772467
2023/08/19 06:26:24, 0.00633156003120328678, 157.93895897247840495714
2023/08/19 06:30:40, 0.00633156003120328678, 157.93895897247840495714
2023/08/19 06:32:08, 0.00633156003121990848, 157.93895897206378135648
2023/08/19 06:33:22, 0.00633156003122007495, 157.93895897205962890913
2023/08/19 06:42:21, 0.00632740185296299728, 158.04275170727772838039
2023/08/19 06:57:49, 0.00632641073024243825, 158.0675113646436276835
2023/08/19 07:43:09, 0.00634569284369023369, 157.58720515354575312821
2023/08/19 07:45:06, 0.00628242568061464033, 159.17418698412125505531
2023/08/19 07:49:14, 0.00627293547725357007, 159.41499854830678459756
2023/08/19 07:54:15, 0.00627062003490401689, 159.47386294078122961524
2023/08/19 09:15:27, 0.00622204521418440189, 160.71885779940961038444
2023/08/19 10:40:10, 0.00621191628543775364, 160.98092022654004848153
2023/08/19 13:20:57, 0.00622159135863140555, 160.73058199373206381814
2023/08/19 13:32:07, 0.00630759789755014468, 158.53895829161803589496
2023/08/19 14:12:32, 0.00632716351495505584, 158.04870502182736243054
2023/08/19 15:57:04, 0.00628333500759043278, 159.15115122653397996962
2023/08/19 18:55:16, 0.00633796471667961533, 157.77935736503881328178
2023/08/19 21:07:35, 0.00632982308137056606, 157.9822985800536504422
2023/08/19 21:15:44, 0.00633147684632503888, 157.94103402280104039367
2023/08/19 22:07:28, 0.00633147684632510935, 157.94103402279928245248
2023/08/19 22:34:27, 0.00633070404985997449, 157.96031406998380750362
2023/08/19 23:48:25, 0.00633070404986014581, 157.96031406997953268648
2023/08/20 00:10:14, 0.00628227503916316331, 159.17800379099702607868
2023/08/20 00:11:33, 0.00623779457105035014, 160.31307036640918819657
2023/08/20 00:26:42, 0.00625691645774830837, 159.82313440698749774756
2023/08/20 01:16:08, 0.00625691645774835908, 159.82313440698620249618
2023/08/20 01:34:54, 0.00626458403714052389, 159.62751781624292380952
2023/08/20 02:58:13, 0.00631282702843563924, 158.40763504141292590057
2023/08/20 03:03:24, 0.00638624250390041095, 156.58659992777410371628
2023/08/20 03:10:41, 0.00646094549562854842, 154.77610833841521552897
2023/08/20 03:13:23, 0.00651147776536021646, 153.5749696205374000192
2023/08/20 03:19:53, 0.00639742702622341297, 156.31284200678550789168
2023/08/20 03:35:06, 0.00633500704190082014, 157.85302105993394417695
2023/08/20 03:48:01, 0.00633330213314530035, 157.89551468996019342862
2023/08/20 04:14:46, 0.00625983728631843049, 159.74856122628155908848
2023/08/20 04:20:14, 0.00625983728631852128, 159.74856122627924220206
2023/08/20 04:27:09, 0.00620330922677507825, 161.20428039984574335013
2023/08/20 09:45:03, 0.00620330922679818986, 161.20428039924514594443
2023/08/20 09:52:08, 0.00622219814679905545, 160.71490756276212577562
2023/08/20 10:21:35, 0.00620671111857916425, 161.11592450413887886232
2023/08/20 11:29:29, 0.00548016166090411905, 182.47636874183372877704
2023/08/20 11:29:29, 0.00602181853335988425, 166.06279223795344756782
2023/08/20 11:29:29, 0.0061478689652083527, 162.65798859070344030158
2023/08/20 13:28:55, 0.00609735482423747745, 164.00554483477315541343
2023/08/20 13:34:17, 0.00614287825621760253, 162.7901381551613245366
2023/08/20 14:14:18, 0.00615216908504285526, 162.54429717011494027924
2023/08/20 14:26:32, 0.00613799681145339915, 162.91960239112812248737
2023/08/20 15:39:17, 0.00613229528085629252, 163.07107766349494117093
2023/08/20 15:41:02, 0.00640614316336041631, 156.10016424850525223603
2023/08/20 15:41:36, 0.00626418708739365518, 159.63763311163663193992
2023/08/20 15:41:36, 0.00635666395375862529, 157.31522183246937711792
2023/08/20 15:42:10, 0.00631731392775196141, 158.29512533910967927268
2023/08/20 16:41:57, 0.00676550928945809088, 147.80853254583274573007
2023/08/20 16:42:03, 0.00665908623281879422, 150.17075391989623588766
2023/08/20 16:42:55, 0.00657690023983990267, 152.04731158037792709679
2023/08/20 16:44:22, 0.00702993194182190267, 142.24888779518345821465
2023/08/20 16:47:37, 0.00691285285743771428, 144.65807686389195394674
2023/08/20 16:50:20, 0.00738769933744525146, 135.36013775376667045991
2023/08/20 16:50:29, 0.00728311989196529175, 137.30379491668068430311
2023/08/20 16:50:29, 0.00702985029222860339, 142.25053997316064672279
2023/08/20 16:52:14, 0.00679613320180979525, 147.14249563762261324673
2023/08/20 16:52:14, 0.00696640046929839947, 143.54615477635784808012
2023/08/20 16:52:43, 0.00734769733703653955, 136.09705927317336304168
2023/08/20 16:57:23, 0.0071653122004552051, 139.56126014111025091377
2023/08/20 16:57:43, 0.00710987414399547802, 140.64946576368483375454
2023/08/20 17:15:37, 0.00705343074108460117, 141.77497968119705258975
2023/08/20 17:28:12, 0.00692334119191182988, 144.43893089773571244358
2023/08/20 18:09:58, 0.00686703667271509314, 145.62322114476481915019
2023/08/20 19:48:56, 0.00689359036407941729, 145.06228934209986758167
2023/08/20 20:42:19, 0.0069053909281717537, 144.81439362401983228503
2023/08/20 21:56:43, 0.00690539092817184346, 144.81439362401794977814
2023/08/20 22:24:52, 0.00710328699965163815, 140.77989528637127360077
2023/08/20 22:29:28, 0.00703563021709839494, 142.13367802783924579681
2023/08/20 22:32:27, 0.00700780430708219351, 142.6980486583200969854
2023/08/20 22:33:26, 0.0070136646676802135, 142.57881540988363370021
2023/08/20 22:48:43, 0.00706922164758458896, 141.45828916563677314517
2023/08/20 22:51:10, 0.00706922164759554393, 141.45828916541755937688
2023/08/20 22:57:32, 0.00706922164783866976, 141.45828916055250271479
2023/08/20 22:59:26, 0.00719227877143417812, 139.03799223852870116069
2023/08/20 23:03:10, 0.00713077992207597359, 140.2371144429979061949
2023/08/20 23:04:41, 0.00707308763064552224, 141.38097139745679044398
2023/08/20 23:34:01, 0.00705756224691275887, 141.69198442952980282155
2023/08/20 23:58:24, 0.00705756224691290112, 141.69198442952694695685
2023/08/21 00:25:30, 0.0070742678758439988, 141.35738390888888094619
2023/08/21 00:34:38, 0.00720538426154174491, 138.78510343125389035756
2023/08/21 00:38:56, 0.00718113548587321579, 139.25374364085005593269
2023/08/21 01:01:17, 0.00714736343394965519, 139.91173238092873911911
2023/08/21 01:19:05, 0.00709290070479098449, 140.9860424698372074479
2023/08/21 01:32:15, 0.00701155801881067168, 142.62165374902281293128
2023/08/21 02:20:41, 0.00700574226212105302, 142.74004988833842522457
2023/08/21 02:42:21, 0.00700574226212123377, 142.74004988833474246993
2023/08/21 03:09:22, 0.00700574226212140029, 142.74004988833134955212
2023/08/21 03:15:20, 0.007007065856485007, 142.71308711541573877825
2023/08/21 03:18:25, 0.00700706585649202671, 142.71308711527276802398
2023/08/21 04:12:44, 0.00700905242826973889, 142.67263802546001456847
2023/08/21 05:48:03, 0.00701574112174106971, 142.53661625300019830665
2023/08/21 06:01:05, 0.007015462728310847, 142.5422725096247081914
2023/08/21 06:02:58, 0.00701546272831107557, 142.54227250962006417164
2023/08/21 06:50:01, 0.00694918057064911025, 143.90185861965475289786
2023/08/21 08:22:37, 0.00694533138761312649, 143.98161069513284843989
2023/08/21 08:25:55, 0.00694117101501770989, 144.06790984351630651261
2023/08/21 10:02:57, 0.00692975470938958632, 144.30525205243316620553
2023/08/21 13:28:15, 0.00687216770277185944, 145.51449313389926140156
2023/08/21 13:28:30, 0.00686802605062186392, 145.60224329805144207269
2023/08/21 13:28:30, 0.00686802605061366342, 145.60224329822529271329
2023/08/21 13:33:28, 0.00687323290770032184, 145.4919414821030181674
2023/08/21 13:37:01, 0.00687323290770040441, 145.49194148210127028961
2023/08/21 15:05:40, 0.0068611467770031685, 145.7482302159381710375
2023/08/21 15:21:23, 0.00686114677700451697, 145.74823021590952614315
2023/08/21 15:47:10, 0.00685032211762168699, 145.97853689647847582919
2023/08/21 15:49:33, 0.00685032211764803021, 145.97853689591710891082
2023/08/21 15:57:14, 0.00684813317402207515, 146.02519761055927022875
2023/08/21 15:57:47, 0.00682930273486288963, 146.42783294626882213637
2023/08/21 16:46:19, 0.00682277185522154003, 146.56799629533110360039
2023/08/21 18:08:43, 0.00678721247092562235, 147.33589146998113723005
2023/08/21 18:11:46, 0.00683623828460646115, 146.2792779256620921907
2023/08/21 20:03:06, 0.00682599844035616334, 146.49871498473746048003
2023/08/21 20:16:41, 0.00692200836564555729, 144.46674247940444965021
2023/08/21 20:26:47, 0.00687776130227713705, 145.39614796880389615746
2023/08/21 21:34:16, 0.00686676604039877494, 145.628960433014377196
2023/08/21 22:00:53, 0.00682459419236656804, 146.52885897868009141719
2023/08/22 01:11:29, 0.00686930984739413252, 145.57503187592407717676
2023/08/22 01:28:22, 0.00682007716336836056, 146.62590701629409087754
2023/08/22 02:58:17, 0.00682094947049405668, 146.60715554715401738599
2023/08/22 06:41:00, 0.00682094947049422169, 146.60715554715047081045
2023/08/22 11:26:07, 0.00704769740606903494, 141.89031429454714167251
2023/08/22 11:26:07, 0.00690071265055691944, 144.91256927200053353627
2023/08/22 11:29:05, 0.00671405040981168372, 148.94138991548740665983
2023/08/22 13:49:06, 0.00671405040981174679, 148.94138991548600764681
2023/08/22 14:55:31, 0.0067075184055192819, 149.08643398982698926449
2023/08/22 15:41:07, 0.00670879072039828682, 149.0581599094258375664
2023/08/22 17:09:19, 0.00669880963963120426, 149.28025332797095599697
2023/08/22 23:10:18, 0.00683357055039824019, 146.33638339209404531817
2023/08/22 23:10:18, 0.00670722618576288686, 149.09292937260009279413
2023/08/23 00:02:11, 0.00670846456134536251, 149.06540697286667786769
2023/08/23 00:21:05, 0.00671218037344901407, 148.98288549509820941472
2023/08/23 00:25:32, 0.00670762244888240496, 149.08412147833628812078
2023/08/23 01:51:24, 0.00670549692506691082, 149.13137850555669261106
2023/08/23 08:22:49, 0.00670245316892464332, 149.19910289510344343999
2023/08/23 13:41:05, 0.00670176948989438334, 149.21432339741060224776
2023/08/23 13:41:28, 0.00660382009743502328, 151.42750487530816067923
2023/08/23 13:41:28, 0.00665956226639725924, 150.16001953248311960938
2023/08/23 19:01:17, 0.00666368306371481656, 150.06716112373568159226
2023/08/23 19:04:31, 0.00662014914380819992, 151.05399867543711766306
2023/08/23 20:10:45, 0.00662423338569834807, 150.96086471817097243773
2023/08/23 22:36:40, 0.00662423338569841891, 150.96086471816935801758
2023/08/23 22:50:34, 0.00662423338569850964, 150.96086471816729026266
2023/08/23 22:56:52, 0.00662423338569798502, 150.96086471817924603248
2023/08/23 23:15:10, 0.00662423338569815498, 150.96086471817537273868
2023/08/24 00:49:58, 0.00659944245065641662, 151.52795216822211007007
2023/08/24 01:15:45, 0.00659944245065656038, 151.52795216821880912868
2023/08/24 02:33:15, 0.00660554442883922839, 151.38797577896646798552
2023/08/24 03:03:50, 0.00660554442883932518, 151.38797577896424974992
2023/08/24 03:05:53, 0.00660554442883935236, 151.38797577896362697885
2023/08/24 05:16:50, 0.00664504885337678411, 150.48798316837574025919
2023/08/24 08:43:31, 0.00664360809319851023, 150.52061861140852779438
2023/08/24 09:59:27, 0.00666209017450704685, 150.10304180909616201692
2023/08/24 11:35:13, 0.00665918804412744687, 150.16845798218181391597
2023/08/24 13:14:43, 0.00666316511106153601, 150.07882640337062291644
2023/08/24 16:11:51, 0.00654176347090702553, 152.86397994168818017492
2023/08/24 16:55:10, 0.00634325143066515688, 157.6478578739136377026
2023/08/24 16:58:46, 0.00645558444529172563, 154.90464240295602634667
2023/08/24 18:32:31, 0.00645558444529177489, 154.90464240295484422433
2023/08/24 19:16:23, 0.00645558444529145729, 154.90464240296246538778
2023/08/24 19:21:44, 0.00645558444529146346, 154.90464240296231729493
2023/08/24 19:50:53, 0.00642366633936480847, 155.67433723509415966797
2023/08/24 20:32:07, 0.00644980690158698914, 155.04340133872035854423
2023/08/24 23:32:13, 0.00644542626634770435, 155.14877661716688929224
2023/08/25 01:18:42, 0.00653446536457062201, 153.03470815254825900122
2023/08/25 01:23:45, 0.00662141624941502173, 151.025092266076218482
2023/08/25 01:23:45, 0.00652974125972785456, 153.14542494470566952063
2023/08/25 01:24:53, 0.00643282708754938954, 155.45264724050804296333
2023/08/25 01:42:08, 0.00644424953581858051, 155.17710703810836293107
2023/08/25 03:43:48, 0.00648370565291354914, 154.23278808942154753145
2023/08/25 04:29:12, 0.00647999131572240619, 154.32119447038447371154
2023/08/25 07:37:05, 0.00648715522470375018, 154.15077416243992216555
2023/08/25 08:27:08, 0.00645012556008990155, 155.03574165865726905966
2023/08/25 08:33:42, 0.0064488531995407964, 155.06633025406858638334
2023/08/25 09:44:36, 0.00641113484894095413, 155.97862524529311992954
2023/08/25 13:52:40, 0.00641571815040382929, 155.86719624475028729987
2023/08/25 14:04:10, 0.00640681795085397119, 156.08372325714499152752
2023/08/25 14:48:05, 0.00643533480532036223, 155.39207053738026140714
2023/08/25 15:22:04, 0.00643647679282822998, 155.36450020518033473893
2023/08/25 17:29:37, 0.00644504492747397375, 155.15795642280077502409
2023/08/25 17:44:26, 0.00644504492747414658, 155.15795642279661430442
2023/08/25 18:32:24, 0.00641661556789268015, 155.84539691044886736442
2023/08/25 21:03:15, 0.0064141482615493612, 155.90534537448411074266
2023/08/25 22:36:04, 0.00641983642639775988, 155.76720862981720677966
2023/08/25 22:38:31, 0.00641983642639793013, 155.76720862981307604551
2023/08/25 22:54:57, 0.00634371603603880216, 157.63631195327409686291
2023/08/26 00:02:18, 0.0063578564928144008, 157.28571431742633750022
2023/08/26 00:18:46, 0.0063759396493515752, 156.83962756794580146955
2023/08/26 01:38:29, 0.00637593964935487164, 156.83962756786471331201
2023/08/26 02:12:52, 0.0064124426737516437, 155.94681323130536789359
2023/08/26 03:17:11, 0.00647080764627830477, 154.54021424592208033355
2023/08/26 03:37:43, 0.00647939895712183087, 154.33530279854894204349
2023/08/26 03:41:42, 0.00647939895712197386, 154.33530279854553599129
2023/08/26 04:26:35, 0.00643519862828370849, 155.39535883241318624066
2023/08/26 06:26:31, 0.00643519862828382141, 155.39535883241045944034
2023/08/26 07:51:38, 0.00643399164542824839, 155.42451018110386485549
2023/08/26 08:14:15, 0.00645234098782164476, 154.98250974141510190577
2023/08/26 08:25:34, 0.00644781168222264842, 155.09137817363896614848
2023/08/26 13:43:02, 0.00644062016012911135, 155.26455141548878170456
2023/08/26 17:23:25, 0.00644630306535035908, 155.12767393378046381172
2023/08/26 17:53:45, 0.00644081966162978403, 155.25974216563612836142
2023/08/26 18:09:59, 0.00643506235527860023, 155.39864958413536634431
2023/08/26 20:44:14, 0.00657701087648677794, 152.04475388281051221589
2023/08/26 20:54:23, 0.00657701087648680702, 152.04475388280983983367
2023/08/26 23:14:24, 0.00658268012643156961, 151.91380726289275832237
2023/08/26 23:17:10, 0.00658268012643161596, 151.91380726289168855319
2023/08/26 23:24:40, 0.00658125684533010164, 151.94666056979305726587
2023/08/26 23:35:14, 0.006581256845328976, 151.94666056981904582346
2023/08/27 00:24:21, 0.00659228415543743519, 151.69249025395574229734
2023/08/27 01:24:01, 0.006555146679403893, 152.55188768574393648586
2023/08/27 01:30:54, 0.0065551466794039167, 152.55188768574338483348
2023/08/27 02:38:09, 0.00658337256237623717, 151.89782904205784960892
2023/08/27 03:19:35, 0.00657897654739987591, 151.99932585186325200828
2023/08/27 04:12:51, 0.00654866645453247886, 152.7028452194076218291
2023/08/27 05:18:50, 0.0064799313907221845, 154.32262159932384623473
2023/08/27 07:16:04, 0.00644385782361877172, 155.18654001562302286736
2023/08/27 08:36:34, 0.00644261535131638702, 155.21646807544936791643
2023/08/27 09:12:47, 0.00644084637508849961, 155.25909822468939572314
2023/08/27 09:43:10, 0.00643979336241708452, 155.2844856538477925402
2023/08/27 10:33:06, 0.00643138701051094049, 155.48745525120485070145
2023/08/27 10:36:10, 0.00643717077330939548, 155.34775062148815054987
2023/08/27 13:45:21, 0.00652081205760198371, 153.35513294455355104042
2023/08/27 13:56:57, 0.00660445334189457194, 151.412985788939982941
2023/08/27 13:56:57, 0.00651483944314018448, 153.49572444996359075271
2023/08/27 17:59:05, 0.00651483944314025891, 153.49572444996183718489
2023/08/27 18:30:46, 0.00652071224322330221, 153.35748039476167624987
2023/08/27 18:35:06, 0.00651777959195039085, 153.42648303649654272782
2023/08/27 19:42:29, 0.00645818095018243031, 154.8423631536295153963
2023/08/27 20:13:59, 0.00645818095019816925, 154.8423631532521559749
2023/08/27 22:00:57, 0.00658583039391386217, 151.84114078068668612479
2023/08/27 22:15:11, 0.00656141987440586784, 152.4060369769507135022
2023/08/27 22:18:31, 0.00648242561376037322, 154.26324335712857197297
2023/08/27 22:21:05, 0.00647977075286889824, 154.32644736038742217326
2023/08/27 23:00:04, 0.00647471906374346332, 154.4468555554337614904
2023/08/28 01:42:53, 0.00647975559485523207, 154.3268083743738134591
2023/08/28 12:38:54, 0.00647975559485770185, 154.32680837431499138325
2023/08/28 12:50:18, 0.00634555216876223684, 157.59069871378269056445
2023/08/28 13:37:26, 0.00633613877409390581, 157.82482607366884238043
2023/08/28 14:03:47, 0.00638956867351232625, 156.50508682150262827281
2023/08/28 14:19:26, 0.0063575309866746516, 157.2937673596863706013
2023/08/28 16:44:10, 0.00635087769163549502, 157.45855117270843301322
2023/08/28 17:28:50, 0.00635087769165121691, 157.4585511723186370233
2023/08/28 19:35:09, 0.00635087769165948818, 157.45855117211356573351
2023/08/28 19:37:42, 0.00614045125954375618, 162.85448051488993499524
2023/08/28 19:37:42, 0.00650007143045815984, 153.84446320300123927374
2023/08/28 19:38:12, 0.00642971540512724602, 155.52787907262120829036
2023/08/28 19:38:44, 0.00631471250749539999, 158.36033688200783997469
2023/08/28 19:39:42, 0.006352245483240574, 157.42464655031779154413
2023/08/28 19:41:50, 0.00634548333974460787, 157.59240808916029103512
2023/08/28 21:01:25, 0.0063780887168869502, 156.78678117981479845659
2023/08/28 22:32:12, 0.00621285791679370939, 160.95652168335331635306
2023/08/28 22:32:12, 0.00632276271725299722, 158.15871079129510930357
2023/08/28 23:07:08, 0.00630681764464954213, 158.55857206341790462161
2023/08/29 00:28:33, 0.0065310759030957714, 153.11412925487417134897
2023/08/29 00:33:36, 0.00646807849123648087, 154.60542127849678481933
2023/08/29 03:21:43, 0.00641606036277139941, 155.85888278146634890321
2023/08/29 03:26:10, 0.00641606036277153728, 155.85888278146299982425
2023/08/29 08:30:17, 0.00641606036277154111, 155.85888278146290680976
2023/08/29 08:46:06, 0.00635751430012206591, 157.29418020826154387103
2023/08/29 09:16:02, 0.00637721968353813392, 156.80814675106060898042
2023/08/29 09:26:47, 0.00638215078225458737, 156.68699065845879142884
2023/08/29 09:33:48, 0.00635895740370106486, 157.25848382283173519287
2023/08/29 12:23:02, 0.00635895740370623965, 157.25848382270376144198
2023/08/29 12:24:20, 0.006264632806896007, 159.6262751264872363798
2023/08/29 14:12:14, 0.00632047824526171788, 158.21587563404263827028
2023/08/29 14:28:06, 0.00632047824526179397, 158.21587563404073366347
2023/08/29 14:34:27, 0.00625915815940947345, 159.76589415570000596942
2023/08/29 16:43:02, 0.00616162844181024615, 162.29475851130785468596
2023/08/29 16:44:01, 0.00619503332777066838, 161.41963200056873469722
2023/08/29 16:47:09, 0.00622520219154088688, 160.63735268853589005109
2023/08/29 17:18:09, 0.00610032286954760599, 163.92574973235130225499
2023/08/29 17:18:40, 0.00615607065401791165, 162.44128051833279183348
2023/08/29 17:21:27, 0.00608252130791696078, 164.40550708772824978659
2023/08/29 17:22:22, 0.00599457377542094774, 166.81753156499913742365
2023/08/29 17:22:22, 0.00624004735994948479, 160.25519396187648889051
2023/08/29 17:26:13, 0.0061331884649252547, 163.04732941419353905883
2023/08/29 17:37:45, 0.00616290346328373491, 162.26118191816966941045
2023/08/29 17:41:05, 0.00616096797695754999, 162.3121567487560003272
2023/08/29 19:10:04, 0.00616096797697013084, 162.31215674842455489218
2023/08/29 20:09:12, 0.00619687512301165511, 161.37165589904678071439
2023/08/29 20:33:48, 0.00614063449703209788, 162.84962091186533486092
2023/08/29 20:57:03, 0.00612642695033229479, 163.22727882126472186965
2023/08/29 21:17:32, 0.00612697123679230942, 163.21277860666701826975
2023/08/29 22:03:28, 0.00606162496708287863, 164.97226493397596642352
2023/08/29 22:05:31, 0.00609888076928680027, 163.96451051082597979988
2023/08/29 22:31:27, 0.00606039214998581367, 165.00582392219302617843
2023/08/29 22:34:24, 0.0060839975610360695, 164.36561487209173037797
2023/08/29 22:44:25, 0.00606900435315261015, 164.77167288247851592984
2023/08/29 22:56:56, 0.0059534051855563811, 167.97109701622703441999
2023/08/29 22:56:56, 0.00605780763392740412, 165.07622236127015545446
2023/08/29 23:17:52, 0.00599987592513870008, 166.67011326186430125738
2023/08/29 23:19:56, 0.00602896071075744929, 165.86606680247628713027
2023/08/29 23:20:40, 0.00606068573716094045, 164.9978308343106182165
2023/08/29 23:22:27, 0.00598017181086088185, 167.21927590505864766628
2023/08/29 23:31:34, 0.00600330780069791571, 166.57483394133894099937
2023/08/30 00:16:18, 0.00594094287150602547, 168.32344993522898437066
2023/08/30 00:19:13, 0.0059638511183598743, 167.67688866703486305617
2023/08/30 00:33:54, 0.00590218184888351353, 169.4288697982365690856
2023/08/30 00:33:54, 0.00596110961000441772, 167.75400310065073767525
2023/08/30 00:37:01, 0.00596039581124484633, 167.77409280662302808281
2023/08/30 01:19:15, 0.00596471609508473349, 167.65257290687432339067
2023/08/30 01:21:05, 0.00596471609508475154, 167.65257290687381583732
2023/08/30 02:46:20, 0.00596471609508485412, 167.65257290687093272037
2023/08/30 03:57:26, 0.00589159909865809153, 169.73320540899777546592
2023/08/30 03:57:26, 0.00593222456127740222, 168.57082695882760905422
2023/08/30 03:59:21, 0.00596405739857404958, 167.67108918822455678434
2023/08/30 07:55:57, 0.00588873424302190739, 169.8157802222082345069
2023/08/30 08:02:45, 0.00588873424303701374, 169.81578022177260651937
2023/08/30 08:07:34, 0.00592477439112843985, 168.78279812601248517527
2023/08/30 08:36:08, 0.00594638571541824932, 168.1693801677080195016
2023/08/30 08:45:20, 0.00594638571541830023, 168.16938016770657965584
2023/08/30 08:51:59, 0.00604279528623845707, 165.4863275407239429809
2023/08/30 09:52:53, 0.00606633089476835573, 164.84428847467036076857
2023/08/30 09:56:23, 0.00606633089476844097, 164.84428847466804448129
2023/08/30 10:12:26, 0.00619752079106877412, 161.35484393067249693001
2023/08/30 10:12:59, 0.00614089787429395657, 162.84263644670592636695
2023/08/30 10:49:18, 0.00601734791150895223, 166.18616950623235758286
2023/08/30 12:32:14, 0.00601574924339272522, 166.23033300437671787706
2023/08/30 12:35:40, 0.00601396858240591259, 166.27955172987384208083
2023/08/30 12:37:57, 0.00601079339116083235, 166.36738861637620743477
2023/08/30 12:49:22, 0.00593174840595156951, 168.58435853359162569609
2023/08/30 13:35:00, 0.00596028249250789594, 167.77728257964364276442
2023/08/30 14:29:11, 0.00592862906957163515, 168.67305885815076120837
2023/08/30 15:15:25, 0.00592910682518685015, 168.65946751912096857983
2023/08/30 16:12:11, 0.00593265997567546406, 168.55845507750422219515
2023/08/30 16:20:53, 0.00593102621990881804, 168.60488605551531766107
2023/08/30 18:25:02, 0.00591187747753587465, 169.15100216468107044711
2023/08/30 18:31:29, 0.00589857356554127501, 169.5325130539821093052
2023/08/30 19:46:55, 0.00590333918419796357, 169.39565367966595769974
2023/08/30 19:51:23, 0.00590333918421694157, 169.39565367912138603488
2023/08/30 19:54:05, 0.0058928065962475625, 169.69842530328124712282
2023/08/30 21:02:49, 0.00586482031785758563, 170.50820754987754399288
2023/08/30 21:04:55, 0.00586761835023491915, 170.42689900919739567647
2023/08/30 21:27:56, 0.00588163856775947459, 170.0206478993039490032
2023/08/30 21:41:51, 0.00588102359561015007, 170.03842677088443856523
2023/08/30 21:51:04, 0.00588245210709636222, 169.99713415322816829061
2023/08/30 22:49:27, 0.00591064946180413132, 169.18614552634389800123
2023/08/30 22:52:09, 0.00590745954141621687, 169.27750295861803653562
2023/08/30 23:44:11, 0.00590718440784319527, 169.28538724341526421005
2023/08/31 03:50:07, 0.00590718440784322514, 169.28538724341440819025
2023/08/31 03:50:47, 0.00590909544270429781, 169.23063939247357167923
2023/08/31 04:12:33, 0.00590909544270429781, 169.23063939247357167923
2023/08/31 04:15:46, 0.00590909544270933329, 169.2306393923293603688
2023/08/31 04:16:25, 0.00590599229815768852, 169.31955707289685492462
2023/08/31 05:02:09, 0.00593435277429425211, 168.51037308258537760027
2023/08/31 12:42:46, 0.00596291791848628259, 167.70313019063914051382
2023/08/31 12:57:51, 0.00583938678053271516, 171.25085862333854013229
2023/08/31 13:43:14, 0.00586726764812552099, 170.4370858758217277261
2023/08/31 17:03:41, 0.00585625783857112553, 170.7575089016215593795
2023/08/31 17:16:35, 0.00583668863673588521, 171.330023278274590911
2023/08/31 17:23:31, 0.00583905933636964893, 171.26046206986065689145
2023/08/31 18:09:01, 0.00581814002604298988, 171.87623459109422620785
2023/08/31 18:09:01, 0.0058744012334355924, 170.23011542150972699395
2023/08/31 22:37:04, 0.0058707289596022825, 170.33659821143332864141
2023/08/31 22:48:51, 0.00587633182581884775, 170.17418853140636740333
2023/08/31 23:20:14, 0.00587633182583299763, 170.17418853099659744649
2023/08/31 23:22:12, 0.00587094536793762551, 170.33031945096857644078
2023/09/01 01:03:29, 0.00582837551750514195, 171.57439444259654681106
2023/09/01 02:03:35, 0.00585056788405151302, 170.92357867105045812514
2023/09/01 02:47:10, 0.00587848693905812794, 170.11180093907354211587
2023/09/01 02:59:29, 0.00587811207141682922, 170.1226495599913355741
2023/09/01 03:43:19, 0.00587622638450691115, 170.17724208797862729926
2023/09/01 06:08:28, 0.00587048279777330162, 170.34374078726610550995
2023/09/01 09:17:21, 0.00587285628123662802, 170.27489727527152948799
2023/09/01 13:55:05, 0.00587761085830115074, 170.13715676458331959084
2023/09/01 18:35:48, 0.00588041061696961989, 170.05615171059853307342
2023/09/01 21:09:06, 0.00587699461437512656, 170.15499683358572188167
2023/09/01 21:36:21, 0.00587699461437520293, 170.15499683358351074518
2023/09/01 23:34:34, 0.0058769946143752801, 170.15499683358127646851
2023/09/02 01:13:36, 0.0058769946143753079, 170.15499683358047153561
2023/09/02 04:07:23, 0.00587414207545986106, 170.23762570838301437294
2023/09/02 05:16:14, 0.00587414207548124927, 170.23762570776316591062
2023/09/02 05:24:58, 0.00567394000530457336, 176.24437323360817916802
2023/09/02 05:24:58, 0.0057984291957633412, 172.46050029043319126968
2023/09/02 06:12:47, 0.00582333512538840177, 171.72290078931401373027
2023/09/02 07:57:30, 0.00582083741867015161, 171.79658665478813757488
2023/09/02 14:52:10, 0.00582013989930830988, 171.81717575531891302895
2023/09/02 15:29:07, 0.00581818824403120791, 171.87481017409242591928
2023/09/02 16:10:32, 0.00581763069296129346, 171.8912823410898688916
2023/09/02 16:52:25, 0.00588022980168554414, 170.06138088571879221954
2023/09/02 17:17:12, 0.00594381649422282648, 168.24207156663797426028
2023/09/02 19:26:56, 0.00614404499928366893, 162.75922460147825882453
2023/09/02 19:27:34, 0.00608863714358495595, 164.24036716551735883207
2023/09/02 19:27:47, 0.00605993795698415914, 165.01819112644324885909
2023/09/02 19:32:02, 0.00605993795698420042, 165.01819112644212465574
2023/09/02 22:16:43, 0.00622248014512427344, 160.70762407873111998738
2023/09/02 22:17:47, 0.00617621878177480271, 161.91136281487736987518
2023/09/02 22:18:20, 0.00614648171873920707, 162.69470011620311601032
2023/09/02 22:27:49, 0.00612569101888439584, 163.24688870483038302024
2023/09/02 22:39:58, 0.00620065818721350698, 161.27320194203232672227
2023/09/02 23:21:49, 0.00617959248166200092, 161.82296858045404278065
2023/09/02 23:56:47, 0.00614142638645580525, 162.82862271302031354434
2023/09/03 01:09:52, 0.00614142638645591287, 162.82862271301746001571
2023/09/03 02:00:03, 0.00612066272053238581, 163.3810006627874233135
2023/09/03 05:20:48, 0.00608479593823920122, 164.3440486994173219794
2023/09/03 06:33:16, 0.0060852786378910291, 164.33101251491243528399
2023/09/03 10:01:37, 0.00602067199407374777, 166.09441620209793941557
2023/09/03 10:01:37, 0.00608533687413192971, 164.32943987881517314118
2023/09/03 11:12:10, 0.00609257689017045434, 164.13416162434720123197
2023/09/03 12:49:45, 0.00608659661653225601, 164.29542862818046983512
2023/09/03 15:27:55, 0.00610105639799297223, 163.90604098151985221522
2023/09/03 17:06:51, 0.00612519411404781374, 163.26013206774166947035
2023/09/03 18:00:45, 0.00612072714896060311, 163.37928087021750619294
2023/09/03 18:30:04, 0.00615458755453374966, 162.48042474647296720111
2023/09/03 18:53:24, 0.00608072924513896791, 164.45395933381114992329
2023/09/03 21:06:28, 0.00608217581197861617, 164.41484608691147430303
2023/09/03 23:29:31, 0.00608217581197869547, 164.41484608690933072505
2023/09/04 00:20:23, 0.00606767500488669146, 164.80777220181292957835
2023/09/04 00:59:32, 0.00606767500488677004, 164.80777220181079505235
2023/09/04 00:59:58, 0.00606487184352592761, 164.88394574527911932084
2023/09/04 03:27:17, 0.00606582276829684779, 164.85809727684780873404
2023/09/04 08:58:00, 0.00602330878239361744, 166.02170603025394776107
2023/09/04 12:28:53, 0.00605203589997272271, 165.23365302649760007128
2023/09/04 13:44:27, 0.00605298580944948893, 165.207722515865055354
2023/09/04 14:37:54, 0.00605587049681873074, 165.12902654132381077772
2023/09/04 23:17:33, 0.00605587049681876977, 165.12902654132274639936
2023/09/05 01:56:28, 0.00609437447471861756, 164.08574893917572219369
2023/09/05 02:15:58, 0.00609408416171931831, 164.09356573734467888697
2023/09/05 02:54:20, 0.00610599917872342144, 163.7733597286643526715
2023/09/05 03:01:05, 0.00610599917872344306, 163.77335972866377282671
2023/09/05 06:43:52, 0.00610599917872345161, 163.77335972866354334979
2023/09/05 09:13:48, 0.00617274980148499961, 162.00235424403991992742
2023/09/05 09:17:22, 0.00614097807093209236, 162.84050984214272001845
2023/09/05 10:31:46, 0.00610744043482743761, 163.7347118929788552708
2023/09/05 11:51:40, 0.00610744043483771863, 163.7347118927032308989
2023/09/05 11:58:54, 0.00609976660119402381, 163.94069894481715120479
2023/09/05 12:22:18, 0.00602789102779274577, 165.89550066338434560258
2023/09/05 14:38:05, 0.00603139374154772508, 165.7991573508826311932
2023/09/05 21:38:58, 0.00601715887641654177, 166.1913904117386219444
2023/09/05 22:34:14, 0.00601715887643907483, 166.1913904111162684029
2023/09/05 23:36:12, 0.00601999316659276128, 166.11314536856644640162
2023/09/05 23:41:24, 0.00601999316659282227, 166.1131453685647635131
2023/09/06 08:00:46, 0.0060058007622912552, 166.50569001201647784105
2023/09/06 08:07:47, 0.00597756615702719285, 167.29216770347337350322
2023/09/06 13:19:12, 0.00598102454833643277, 167.19543481528442258008
2023/09/06 13:21:50, 0.00598116548848248672, 167.19149502310716259301
2023/09/06 13:28:26, 0.00600951075271602235, 166.40289719891856623443
2023/09/06 15:34:44, 0.00604732433114765039, 165.3623892552529574861
2023/09/06 18:04:46, 0.00604732433114778476, 165.36238925524928310709
2023/09/06 18:40:22, 0.0062837353831961614, 159.14101072336366339668
2023/09/06 18:40:22, 0.00624010236377694522, 160.25378138103655181491
2023/09/06 18:40:45, 0.00611388277149406111, 163.56218092085336236134
2023/09/06 19:42:51, 0.00611959557714359186, 163.40949126359820680687
2023/09/06 21:05:11, 0.00610862363652953216, 163.70299751649554710135
2023/09/07 03:44:28, 0.00610640242534696105, 163.7625446775530479853
2023/09/07 03:44:48, 0.00611130822985616601, 163.63108558566938977734
2023/09/07 05:00:49, 0.0061232155223542363, 163.31288623587805300385
2023/09/07 06:44:20, 0.0061196947325555617, 163.40684359306329804537
2023/09/07 08:13:34, 0.00612159507807996095, 163.3561167057214316284
2023/09/07 08:17:55, 0.0060912662330434118, 164.16947835497327667009
2023/09/07 18:17:13, 0.00602856210294374313, 165.87703384720887616296
2023/09/07 18:17:58, 0.00591940497420091739, 168.93589885442729651024
2023/09/07 18:17:58, 0.0059428003460449036, 168.27083895987308232569
2023/09/07 18:20:26, 0.00606046898179861149, 165.00373205494443304112
2023/09/07 19:47:36, 0.00606061273804873378, 164.99981820682351857747
2023/09/07 20:55:58, 0.00606061273804880608, 164.99981820682155012547
2023/09/07 20:58:31, 0.00605459298152116721, 165.16386866169790641974
2023/09/07 21:04:37, 0.00605289498359171817, 165.21020151692959271785
2023/09/07 21:30:27, 0.00605383633092761337, 165.1845119913859049393
2023/09/08 03:02:45, 0.00605383633092775141, 165.18451199138213827998
2023/09/08 03:45:31, 0.00605013260956518876, 165.28563331306353804104
2023/09/08 04:52:26, 0.00584902328803822127, 170.96871575893533321626
2023/09/08 04:52:26, 0.00587759325963113638, 170.13766618868716954217
2023/09/08 05:18:59, 0.00589844948760801374, 169.5360792867496390328
2023/09/08 05:29:33, 0.00589844948760808803, 169.53607928674750371433
2023/09/08 05:36:24, 0.00589844948760818656, 169.53607928674467190386
2023/09/08 08:34:42, 0.00589844948760821825, 169.53607928674376097518
2023/09/08 08:57:35, 0.00590183396143813929, 169.43885689327717417525
2023/09/08 09:07:31, 0.00590522161873205615, 169.34165465151766970906
2023/09/08 09:44:06, 0.00590751044408544475, 169.27604436166380645744
2023/09/08 10:30:51, 0.00590599764238639032, 169.31940385874211302697
2023/09/08 10:40:25, 0.00590735367995036447, 169.28053645983870215508
2023/09/08 18:08:30, 0.0059073536799512894, 169.28053645981219754598
2023/09/08 18:28:34, 0.00590361959737095317, 169.3876076374107765568
2023/09/08 18:53:24, 0.00593082705991409459, 168.61054788781592930033
2023/09/08 23:13:50, 0.00593765830761402803, 168.41656225277759331296
2023/09/09 06:00:21, 0.00593765830762601056, 168.41656225243771902008
2023/09/09 06:02:04, 0.00593664716352976269, 168.44524736845372003235
2023/09/09 07:56:48, 0.00593384531875887274, 168.52478389328165097783
2023/09/09 08:14:38, 0.00593270106239429062, 168.55728773167358400229
2023/09/09 09:05:53, 0.00596717866747690081, 167.58338500074265472895
2023/09/09 16:24:54, 0.00599016373753197427, 166.94034484139377917273
2023/09/09 17:05:56, 0.00599108179640278647, 166.91476330709222578471
2023/09/09 21:14:10, 0.00597586921455186509, 167.33967295751648222018
2023/09/09 21:59:24, 0.00597586921455190996, 167.33967295751522577006
2023/09/10 01:56:35, 0.00597738211543702147, 167.29731857319740370773
2023/09/10 02:29:06, 0.00597511561231835827, 167.36077841546529598359
2023/09/10 03:22:59, 0.00597511561233116964, 167.36077841510645425338
2023/09/10 03:37:11, 0.00597478048020124257, 167.37016586864091753946
2023/09/10 05:53:40, 0.00597845899773323676, 167.26718379755637756922
2023/09/10 07:49:11, 0.00582438653383537145, 171.6919016604994761888
2023/09/10 07:50:01, 0.00556874617857076927, 179.57363613520847496254
2023/09/10 07:50:01, 0.00577489311343167177, 173.16337815398285770806
2023/09/10 07:52:17, 0.00567975535905790655, 176.06392120485074317188
2023/09/10 07:52:17, 0.00571523348564161172, 174.97097931559598715853
2023/09/10 08:07:53, 0.00576712815687453926, 173.39652818499945409202
2023/09/10 09:07:31, 0.00576776043968595236, 173.37751982890066108081
2023/09/10 09:13:53, 0.00576702741938113225, 173.39955704724417508276
2023/09/10 10:05:41, 0.00577029398316876577, 173.30139554706855154779
2023/09/10 10:41:32, 0.00579290174415353403, 172.62505807374456644145
2023/09/10 10:45:46, 0.0057920156626735821, 172.65146681913531428913
2023/09/10 10:50:27, 0.00579201566267359465, 172.65146681913494041049
2023/09/10 11:52:21, 0.00598808469909832948, 166.99830584403347698869
2023/09/10 11:52:21, 0.00580223904691912289, 172.34725972398202511289
2023/09/10 12:30:21, 0.00579949046706545665, 172.42894107316296735963
2023/09/10 14:07:02, 0.00579949046706563485, 172.42894107315766910167
2023/09/10 14:10:25, 0.00580351368178453042, 172.30940682343814549536
2023/09/10 14:14:06, 0.00580351368178458699, 172.30940682343646599246
2023/09/10 17:09:02, 0.00580324493457465627, 172.31738644050427623893
2023/09/10 18:43:45, 0.00580585477702373684, 172.23992648893490723904
2023/09/10 19:32:59, 0.00579377063573227713, 172.59916949984844820787
2023/09/10 20:59:35, 0.0057977087031382752, 172.48193229485714415854
2023/09/10 22:29:03, 0.00579706975991231951, 172.50094296176366302504
2023/09/11 02:28:46, 0.0057450543730553742, 174.06275642752065814663
2023/09/11 05:52:08, 0.0057414606181050518, 174.17170760461409615391
2023/09/11 07:38:21, 0.00574060602151165008, 174.1976363214478405729
2023/09/11 08:40:15, 0.00574060602153292511, 174.19763632080225387735
2023/09/11 09:30:16, 0.00558664671835561078, 178.99825251422785443642
2023/09/11 09:30:16, 0.00573047004227635391, 174.50575478495358156574
2023/09/11 09:30:29, 0.00568394206029954186, 175.93423532316941511668
2023/09/11 12:53:32, 0.00568713144677824048, 175.83557006872065912912
2023/09/11 14:36:52, 0.00568802776797572009, 175.80786184450789408176
2023/09/11 16:01:47, 0.00568548329577564347, 175.88654261687963520965
2023/09/11 17:52:29, 0.00556040475630897025, 179.84302291400202828383
2023/09/11 20:21:18, 0.00555995458495922887, 179.8575842157410349872
2023/09/12 03:47:18, 0.00556216997936855979, 179.78594751854816154682
2023/09/12 03:55:39, 0.00556216997936863892, 179.78594751854560370561
2023/09/12 06:11:36, 0.00556438197238679659, 179.71447771962680295293
2023/09/12 06:39:21, 0.00558652608221440026, 179.00211782482498755734
2023/09/12 08:18:13, 0.00558652608221447699, 179.00211782482252895356
2023/09/12 09:45:09, 0.00559896105047085005, 178.60456448717463975523
2023/09/12 10:36:03, 0.00559904976980004007, 178.60173442175228059959
2023/09/12 12:35:24, 0.00559731640614698845, 178.65704338275342393697
2023/09/12 17:26:39, 0.00562230010714368989, 177.8631487012585513242
2023/09/12 19:27:27, 0.00561605729246859054, 178.06086154802039821739
2023/09/12 20:28:14, 0.00564733838307558779, 177.0745671973336973184
2023/09/12 21:14:00, 0.00564733838307560474, 177.07456719733316602842
2023/09/13 02:39:52, 0.00566383278042979058, 176.55888490481116485164
2023/09/13 04:08:43, 0.00566636797445135296, 176.47989055931814406362
2023/09/13 07:55:45, 0.00566859928540816703, 176.41042339580281022674
2023/09/13 10:21:25, 0.00566938426251305308, 176.38599779030194440157
2023/09/13 12:48:20, 0.00566891261513335845, 176.40067291396684883659
2023/09/13 13:59:17, 0.00566617343219110475, 176.48594981557082293341
2023/09/13 16:08:44, 0.00566597622959903684, 176.49209235577164218764
2023/09/13 19:39:27, 0.00571206381886837072, 175.06807201571360543015
2023/09/13 19:40:30, 0.00566174862904817286, 176.62387815478049586309
2023/09/13 19:41:02, 0.0056329919915405018, 177.52554974368454083102
2023/09/13 19:41:30, 0.00567479474099861168, 176.21782736480558931881
2023/09/13 20:14:03, 0.00567447248852486341, 176.22783474979189238554
2023/09/13 20:15:15, 0.00567301903663117181, 176.27298507953419473561
2023/09/13 20:34:54, 0.00567301903663122618, 176.27298507953250525414
2023/09/13 22:13:50, 0.00567270252857002142, 176.28282021903952323788
2023/09/13 22:15:56, 0.00567090742816033597, 176.33862175817668384191
2023/09/13 22:36:33, 0.00567037878966185953, 176.35506146841255076806
2023/09/13 22:45:33, 0.00567126978966824996, 176.32735473487263023835
2023/09/13 23:02:54, 0.00566756182582947068, 176.44271570935107377826
2023/09/13 23:27:07, 0.00566756182584100162, 176.44271570899209205667
2023/09/13 23:43:44, 0.00566437654252648892, 176.54193581452280277983
2023/09/14 00:01:44, 0.00566871059460837919, 176.4069594505529057781
2023/09/14 00:03:59, 0.0056687105946084035, 176.40695945055214936391
2023/09/14 00:44:37, 0.00565271016066202131, 176.90629301306406693379
2023/09/14 04:22:44, 0.0055976096076284496, 178.64768536862505307705
2023/09/14 04:24:54, 0.00549138824389940448, 182.1033144234408600393
2023/09/14 04:28:46, 0.00552643212765072203, 180.94857168273927437613
2023/09/14 04:34:26, 0.00556929619370387971, 179.5559017188752784506
2023/09/14 04:41:29, 0.00554679811771516745, 180.28418896412245542019
2023/09/14 08:02:22, 0.00554630966954036722, 180.30006609473571279072
2023/09/14 08:50:42, 0.00554149894430503615, 180.45658946262071451721
2023/09/14 13:07:14, 0.00554149894430508238, 180.4565894626192090474
2023/09/14 13:08:36, 0.00554375522053825209, 180.3831446769593111781
2023/09/14 16:30:22, 0.00554688831211183875, 180.28125747844291003945
2023/09/14 16:33:20, 0.00556944647441772647, 179.55105675102979198719
2023/09/14 17:54:02, 0.0055683896561546904, 179.58513353940831039709
2023/09/14 19:25:03, 0.00556985948525852868, 179.53774285449219801262
2023/09/14 21:00:22, 0.00553420172990482215, 180.6945335216752421398
2023/09/15 01:12:53, 0.00552965827508073141, 180.84300154793928734634
2023/09/15 04:14:14, 0.00553088851712620235, 180.80277642616282444211
2023/09/15 09:36:04, 0.00553401026500109491, 180.70078516556603267779
2023/09/15 16:18:27, 0.00555907958761525695, 179.88589374180585094477
2023/09/15 18:48:56, 0.00555276056545894717, 180.09060326146944677459
2023/09/15 19:06:20, 0.00555276056547559855, 180.09060326092939851901
2023/09/15 19:30:38, 0.00555301182230678794, 180.08245471096223326504
2023/09/15 23:39:44, 0.00555157869777681015, 180.12894249350384552566
2023/09/16 00:44:51, 0.00555157869777681562, 180.12894249350366782114
2023/09/16 06:41:27, 0.00555383695310535944, 180.05569995007907670327
2023/09/16 06:47:07, 0.00555191549787697459, 180.11801519356609871013
2023/09/16 07:54:33, 0.00554978942491396644, 180.18701673811743405453
2023/09/16 16:23:34, 0.00554978942491404851, 180.18701673811476970216
2023/09/16 17:09:02, 0.00554954268234866306, 180.19502817424634945957
2023/09/16 19:25:10, 0.00553722650372084145, 180.59582704952227645028
2023/09/16 21:22:59, 0.00553722650372094011, 180.59582704951905854674
2023/09/16 21:27:02, 0.00553722650372098188, 180.5958270495176962999
2023/09/16 22:10:16, 0.00553507740991185622, 180.66594664227551947698
2023/09/16 23:00:03, 0.00553150167641427068, 180.78273468918804565248
2023/09/17 02:20:30, 0.00553161018442241395, 180.77918845693490185314
2023/09/17 08:54:07, 0.00554879561972722329, 180.21928874885458918498
2023/09/17 11:06:03, 0.00544935125680832744, 183.50808249892441526309
2023/09/17 11:41:42, 0.00549191741140237147, 182.08576806413556636709
2023/09/17 15:27:10, 0.00548847451841659714, 182.19998956804776873902
2023/09/17 19:13:44, 0.00544484011120907089, 183.66012216618458108979
2023/09/17 19:55:15, 0.00543346120195294693, 184.04474842676163278984
2023/09/17 20:35:08, 0.00543311128487067271, 184.05660174579021917279
2023/09/17 20:51:18, 0.0054107457058179592, 184.81740861056173035673
2023/09/17 21:24:49, 0.00541074570582493025, 184.81740861032361697084
2023/09/17 21:29:26, 0.00533279577172910928, 187.518900555188395792
2023/09/17 21:29:26, 0.00537265597442371848, 186.12768149690841577511
2023/09/17 21:53:25, 0.0053726559744237935, 186.12768149690581666976
2023/09/17 22:30:58, 0.0053726559744238004, 186.1276814969055774731
2023/09/17 22:36:47, 0.00537265597442385649, 186.1276814969036346045
2023/09/18 04:12:38, 0.00537153783341786423, 186.16642589366413007684
2023/09/18 05:33:11, 0.00537142538799896203, 186.17032310161789012286
2023/09/18 05:43:44, 0.00541398311034855268, 184.70689317233941600959
2023/09/18 08:13:23, 0.00540019705480358042, 185.17842772246255905797
2023/09/18 08:49:17, 0.00542564662624429294, 184.30982865026978818529
2023/09/18 09:41:54, 0.00543504345012705873, 183.99116937632252331345
2023/09/18 10:29:01, 0.0054321565806040231, 184.08894978664367247421
2023/09/18 11:52:07, 0.00550774165913241273, 181.56261892601575237647
2023/09/18 15:07:23, 0.00547652218840551725, 182.59763506794971646829
2023/09/18 16:37:11, 0.00541811533019559641, 184.56602324925031595072
2023/09/18 17:04:27, 0.00541449112729120383, 184.68956296919566312293
2023/09/18 20:24:06, 0.0053421920879114895, 187.18907585948418220369
2023/09/18 21:11:21, 0.00533663217497704709, 187.38409678840213698585
2023/09/19 00:36:25, 0.00533386490067179958, 187.48131394817482752754
2023/09/19 03:36:21, 0.00533386490067686818, 187.48131394799667002569
2023/09/19 13:32:58, 0.00536177182983429473, 186.50551193464436288882
2023/09/19 23:10:05, 0.00518424602955508569, 192.89208002457021636617
2023/09/19 23:10:05, 0.0054215033549581707, 184.45068360705929016449
2023/09/19 23:58:23, 0.00527565274432220209, 189.55000422956697030297
2023/09/19 23:58:23, 0.00527791288438745661, 189.46883396997521340062
2023/09/20 01:43:20, 0.0053233586830401953, 187.85132837017386070271
2023/09/20 07:55:59, 0.00533022614351676703, 187.60930082043794778088
2023/09/20 13:07:54, 0.00541209919541854138, 184.77118838592639861683
2023/09/20 13:25:10, 0.00541209919543179733, 184.77118838547383534094
2023/09/20 14:17:27, 0.00538023138350572144, 185.86561222361536009858
2023/09/20 14:23:47, 0.00535389986315840265, 186.77973543757585122051
2023/09/20 17:05:56, 0.00535389986317720807, 186.7797354369197926852
2023/09/20 17:07:36, 0.00532401900645011876, 187.82802968743855006146
2023/09/20 17:19:30, 0.00539403017475101973, 185.39013828304334353471
2023/09/20 19:11:28, 0.00538814149475535522, 185.5927504824006662972
2023/09/20 21:37:02, 0.00539336701858764259, 185.41293343353245964945
2023/09/20 21:38:49, 0.00539336701858764873, 185.41293343353224874537
2023/09/21 01:02:56, 0.00539423776331209928, 185.38300384186126165692
2023/09/21 04:33:18, 0.00534144502773758081, 187.21525632241868974661
2023/09/21 07:31:46, 0.00534144502773751755, 187.21525632242090723492
2023/09/21 07:37:43, 0.00533589604819556348, 187.40994782650785588955
2023/09/21 11:54:02, 0.00533569864027956928, 187.41688154029703543072
2023/09/21 13:10:59, 0.00533569864029598274, 187.41688153972051134982
2023/09/21 19:06:04, 0.0054229705889112681, 184.40077879912732676731
2023/09/21 22:15:08, 0.0054189381019010318, 184.5380001017519269007
2023/09/21 23:02:01, 0.0054215617345017083, 184.44869743642405566451
2023/09/22 02:29:43, 0.00543345256110438497, 184.0450411141058022925
2023/09/22 04:55:10, 0.0054343102098363591, 184.01599492608143616904
2023/09/22 08:52:19, 0.00539253650388633496, 185.44148922854991492072
2023/09/22 08:53:49, 0.00539471393658573615, 185.36664070697520987313
2023/09/22 09:12:20, 0.005394151817429732, 185.38595757886762543015
2023/09/22 09:40:31, 0.00528655681349512814, 189.15903777810058658036
2023/09/22 09:43:15, 0.00530813445583296862, 188.39010358924243849341
2023/09/22 09:44:17, 0.00533408555603482508, 187.47355840002038721758
2023/09/22 10:24:25, 0.00533640315506782158, 187.39213866372334999528
2023/09/22 11:53:48, 0.00533726946628002015, 187.36172237842468001817
2023/09/22 11:57:43, 0.00523133571291047442, 191.15576879000296950006
2023/09/22 11:57:43, 0.00527618371720561804, 189.53092871633776378522
2023/09/22 15:52:25, 0.0052761837171842256, 189.53092871710622240571
2023/09/22 16:43:59, 0.00527244911201451736, 189.66517812780106791835
2023/09/22 19:17:43, 0.0052742620908542173, 189.59998247603967934361
2023/09/22 20:22:38, 0.00525847755612023451, 190.16911060809234551066
2023/09/22 22:05:27, 0.00527989205138649947, 189.39781159681096788489
2023/09/23 00:54:44, 0.00528170886079306316, 189.33266227965606567713
2023/09/23 02:34:04, 0.00528235302314823893, 189.30957389970279383181
2023/09/23 02:34:27, 0.00528235302314828361, 189.30957389970119264845
2023/09/23 02:40:37, 0.00528201165402253292, 189.32180871627702533919
2023/09/23 05:34:05, 0.00528153231702358731, 189.33899103045742130808
2023/09/23 08:04:02, 0.00528507684433989652, 189.21200759284314720727
2023/09/23 09:12:43, 0.00528507684433995606, 189.21200759284101538165
2023/09/23 09:23:01, 0.00528507684434002735, 189.21200759283846330917
2023/09/23 11:56:11, 0.00528507684434011362, 189.21200759283537458732
2023/09/23 12:46:51, 0.0052813794052971801, 189.34447296041792132744
2023/09/23 15:57:02, 0.00530348657092347934, 188.55520545343309198801
2023/09/23 16:46:44, 0.00530348657094205131, 188.55520545277280140547
2023/09/23 17:13:25, 0.00530348657095935722, 188.55520545215752332751
2023/09/23 17:18:47, 0.00530392934907029205, 188.539464647146297314
2023/09/23 17:18:47, 0.00530392934908542712, 188.53946464660828893174
2023/09/23 18:24:43, 0.00530392934908550857, 188.53946464660539349464
2023/09/23 18:32:10, 0.00529956329646597383, 188.69479314773961431394
2023/09/23 18:37:42, 0.00529912667881059319, 188.71034051679877257676
2023/09/23 19:23:16, 0.00525330119202841808, 190.35649460142174795175
2023/09/23 21:41:50, 0.00525027656327424808, 190.46615696304701925811
2023/09/23 22:11:21, 0.00525169105327887214, 190.414856825146641134
2023/09/23 22:13:56, 0.00525122677387771549, 190.43169207136717827644
2023/09/23 22:16:02, 0.0052512267738777603, 190.431692071365553596
2023/09/23 22:49:23, 0.00525162519207156794, 190.41724483874252657587
2023/09/23 23:58:23, 0.00518126567793672739, 193.00303481025467816644
2023/09/23 23:58:23, 0.00518411984276369034, 192.89677521553842908249
2023/09/23 23:58:48, 0.00518411984275735443, 192.8967752157741829164
2023/09/24 01:36:03, 0.00518181242936177371, 192.98267037488398880173
2023/09/24 01:46:48, 0.00520470074638340142, 192.13400514810992161257
2023/09/24 02:32:21, 0.00520470074638343565, 192.13400514810865809783
2023/09/24 03:26:26, 0.00519260307982317387, 192.58163672969463031838
2023/09/24 04:13:02, 0.00523863258570783512, 190.88950859585463795282
2023/09/24 04:50:57, 0.00516347114663570226, 193.66816848614664613334
2023/09/24 05:27:34, 0.00511067836979841498, 195.66874055497330917263
2023/09/24 05:27:34, 0.00515009678532702713, 194.17110817199929171105
2023/09/24 09:09:29, 0.00514523967216217294, 194.35440595904683352884
2023/09/24 10:47:17, 0.00514523967216224777, 194.35440595904400682387
2023/09/24 10:47:33, 0.00514523967216224777, 194.35440595904400682387
2023/09/24 10:48:24, 0.00514523967217990929, 194.35440595837686691328
2023/09/24 10:49:09, 0.00514292772245274387, 194.44177596240534490057
2023/09/24 15:14:42, 0.0051423170384633896, 194.46486720290134746001
2023/09/24 19:07:52, 0.00514393355889201799, 194.40375513236525215637
2023/09/24 20:54:02, 0.00513897221094606822, 194.591439484725920041
2023/09/24 21:02:43, 0.0051389722109571558, 194.5914394843060797618
2023/09/24 21:19:00, 0.00517183587015307987, 193.35493722278569762092
2023/09/24 22:25:44, 0.00517403049460698931, 193.27292350563510248298
2023/09/24 22:27:46, 0.00517293471426240476, 193.3138644187562275499
2023/09/24 22:45:42, 0.00516839712369586432, 193.48358418807239871426
2023/09/24 23:35:08, 0.00516949389567144568, 193.4425342560761155178
2023/09/25 03:52:08, 0.00516211625567521722, 193.71900020666961801495
2023/09/25 06:01:21, 0.00516155249817859956, 193.74015867374756147026
2023/09/25 08:10:05, 0.0051637447027243233, 193.65790866314774376145
2023/09/25 08:17:21, 0.00515888772159447132, 193.8402333925824048994
2023/09/25 08:47:08, 0.00518083467881682889, 193.01909093697902205259
2023/09/25 13:58:04, 0.00517925602269718594, 193.07792385965753792603
2023/09/25 16:23:27, 0.00506761290163240996, 197.33156802049224871037
2023/09/25 16:36:05, 0.00511196578965371413, 195.61946248230668536288
2023/09/25 17:30:39, 0.00511196578965375431, 195.61946248230514764546
2023/09/25 19:28:47, 0.00511022847636872947, 195.68596680643693734705
2023/09/25 19:38:28, 0.00507773643558956463, 196.93814609814269245562
2023/09/25 19:57:40, 0.00507208243852570049, 197.15767874835044462828
2023/09/25 22:04:54, 0.00507194829083733031, 197.16289336122343098648
2023/09/25 22:24:26, 0.00507194829084435748, 197.16289336095026236695
2023/09/25 23:47:52, 0.00513283636280824798, 194.82405619743656463853
2023/09/25 23:50:06, 0.00509304982701783315, 196.34600759159204118666
2023/09/25 23:50:54, 0.00507506173908365508, 197.04193789385474120634
2023/09/26 01:04:14, 0.00507506173908374615, 197.04193789385120537667
2023/09/26 01:10:37, 0.00507777523040760335, 196.93664146684333760438
2023/09/26 06:54:10, 0.0050777752304076393, 196.93664146684194317964
2023/09/26 10:32:26, 0.00512221321841172255, 195.2281088974418762874
2023/09/26 16:07:30, 0.00510566262453730097, 195.86096331436013717145
2023/09/26 16:46:21, 0.00510479201222883778, 195.89436701915368213622
2023/09/26 17:40:48, 0.00510479201222888848, 195.89436701915173672063
2023/09/26 20:23:14, 0.00504613076133185043, 198.17163829025806264166
2023/09/26 23:49:47, 0.00504613076133622568, 198.17163829008623777122
2023/09/26 23:54:18, 0.00503196359249252084, 198.72957775210420092694
2023/09/27 00:49:41, 0.00503414156468824728, 198.64359934064104584767
2023/09/27 04:53:37, 0.00507799936850094861, 196.92794886959686959489
2023/09/27 05:38:38, 0.00507648096476408313, 196.98685111615946378149
2023/09/27 07:47:05, 0.00507261908281863686, 197.13682097421415100852
2023/09/27 11:58:01, 0.00507126460113216066, 197.18947415537139082612
2023/09/27 17:52:00, 0.00495415142278045523, 201.85091545683167008677
2023/09/27 17:57:18, 0.00501857965198727303, 199.25956532422810909159
2023/09/27 20:27:55, 0.00501600026947620062, 199.36203075691335811626
2023/09/28 00:45:04, 0.00502359279925078494, 199.06072007849427790947
2023/09/28 00:59:45, 0.00502467039312164395, 199.01802939530458872431
2023/09/28 01:07:10, 0.00502467039312165563, 199.01802939530412633103
2023/09/28 01:49:07, 0.00502553240127596662, 198.98389268092335759805
2023/09/28 02:46:44, 0.00502585615378375033, 198.97107465901966380244
2023/09/28 02:51:54, 0.00502585615378381549, 198.97107465901708438438
2023/09/28 04:43:38, 0.00501097665226485348, 199.56189569313230504521
2023/09/28 06:12:32, 0.00500827873240438209, 199.66939809676257295719
2023/09/28 13:14:23, 0.00504533351385976681, 198.20295273899203978289
2023/09/28 13:40:23, 0.00504499378256653347, 198.21629978129947914553
2023/09/28 14:21:15, 0.00504280334001268699, 198.30239899807081105547
2023/09/28 14:31:58, 0.00504280334003389167, 198.30239899723696153035
2023/09/28 19:31:36, 0.00503930219248805624, 198.44017322292586876134
2023/09/29 00:39:11, 0.00503930219248878829, 198.44017322289704172273
2023/09/29 06:12:12, 0.0050397386865027407, 198.42298623104537078598
2023/09/29 08:20:01, 0.00503973868650280918, 198.42298623104267455795
2023/09/29 08:43:40, 0.00508300561359762294, 196.73399480907227776164
2023/09/29 08:44:44, 0.00504221801973714649, 198.3254187116904026847
2023/09/29 08:54:02, 0.00503878747068753188, 198.46044426707128374113
2023/09/29 10:33:31, 0.00499388941603258273, 200.2447224380980326959
2023/09/29 16:00:19, 0.00499388941603259255, 200.24472243809763890272
2023/09/29 17:35:37, 0.00484934140665832008, 206.21356925436597465585
2023/09/29 17:35:37, 0.00502253793319566267, 199.10252810449865195611
2023/09/29 17:36:28, 0.00497570588464515957, 200.97650930011000644292
2023/09/29 17:37:33, 0.00483017479164437448, 207.03184525120717584648
2023/09/29 17:37:33, 0.00487560074886253106, 205.10293018420308780518
2023/09/29 17:48:55, 0.00491739390900064651, 203.35975081630755046157
2023/09/29 18:26:25, 0.00491956621715269423, 203.26995427226340180556
2023/09/29 18:27:48, 0.00491956621715275867, 203.26995427226073887319
2023/09/29 21:02:35, 0.00491439483932542657, 203.48385359635954700845
2023/09/29 23:09:55, 0.00491200197815680226, 203.58297990247220704282
2023/09/30 02:06:13, 0.00490863228941432492, 203.72273599644909035024
2023/09/30 02:51:26, 0.00497215122070635524, 201.12019035855826189907
2023/09/30 16:34:09, 0.00496638706748423536, 201.35361710873621256395
2023/09/30 16:38:19, 0.00497066958419065835, 201.18013942840327932524
2023/09/30 18:44:47, 0.00496523313449694613, 201.40041220870392364087
2023/09/30 19:11:49, 0.00496523313449697335, 201.40041220870281932909
2023/09/30 19:44:52, 0.00496523313451527104, 201.40041220796062634309
2023/09/30 20:11:05, 0.00496523313451534989, 201.40041220795742812352
2023/09/30 21:32:20, 0.0049617159296111329, 201.54317864754774704945
2023/10/01 00:24:15, 0.00495634778944191239, 201.76146680630750801809
2023/10/01 00:56:11, 0.00494293922171295756, 202.30877928000369921789
2023/10/01 02:48:30, 0.00494293922171301397, 202.30877928000139053395
2023/10/01 03:02:17, 0.00494404924615778204, 202.26335746496455393882
2023/10/01 17:28:38, 0.00494404924615786908, 202.26335746496099310397
2023/10/01 18:34:29, 0.00493619125178722751, 202.58534343415764140371
2023/10/01 21:40:21, 0.00493619125180562804, 202.58534343340246843956
2023/10/01 21:56:15, 0.00493619125180569656, 202.58534343339965641255
2023/10/01 22:20:46, 0.00494035227976448882, 202.4147152614936457203
2023/10/01 23:13:01, 0.0049351989970922656, 202.62607456947183018391
2023/10/02 00:12:24, 0.00493519899709229357, 202.62607456947068197539
2023/10/02 03:37:26, 0.00499340132923570763, 200.26429563054177213226
2023/10/02 04:01:43, 0.00487292330563478201, 205.21562464232808475313
2023/10/02 04:11:45, 0.00489366920574258884, 204.34564698948734977763
2023/10/02 08:14:38, 0.00489366920574266676, 204.34564698948409629996
2023/10/02 10:08:09, 0.00488793632041957539, 204.58531667494412781501
2023/10/02 11:17:45, 0.00489005445168594776, 204.49670037012149161018
2023/10/02 16:00:48, 0.00483091634375818425, 207.00006558632634350855
2023/10/02 17:00:45, 0.00483091634375822131, 207.00006558632475578182
2023/10/02 17:02:58, 0.00487196972957490668, 205.25579088260321894558
2023/10/02 17:11:55, 0.00487313707858641445, 205.20662232019073752108
2023/10/02 17:55:47, 0.00487313707858646006, 205.20662232018881680006
2023/10/02 18:54:07, 0.00487313707858647878, 205.20662232018802858658
2023/10/02 20:42:32, 0.00487031724707899785, 205.32543349198782344252
2023/10/02 21:11:35, 0.00492197389866721909, 203.17052072762551443324
2023/10/02 21:36:19, 0.00491852889988608778, 203.31282388584924572172
2023/10/02 21:57:06, 0.00491521984962445158, 203.44969921872471532942
2023/10/02 23:20:49, 0.0049678929914494589, 201.29258052078828631478
2023/10/03 00:17:12, 0.0049683192291693102, 201.27531140288611213113
2023/10/03 00:28:52, 0.00496831922916935574, 201.27531140288426709865
2023/10/03 03:57:55, 0.00496718275443132346, 201.32136251839735974502
2023/10/03 06:16:33, 0.00496819638125539706, 201.28028831004327528433
2023/10/03 06:18:12, 0.00493180009491172382, 202.76572057973882336836
2023/10/03 08:26:16, 0.00493390102891454887, 202.67937969157005212944
2023/10/03 08:43:47, 0.00493814868453318881, 202.50504063032918136466
2023/10/03 11:00:06, 0.00507503856767512508, 197.04283754007015378205
2023/10/03 11:11:24, 0.00505325096678652051, 197.8924075951690150687
2023/10/03 11:35:29, 0.00501846591746933397, 199.26408118444905996652
2023/10/03 16:08:59, 0.00493182839641160375, 202.76455700032052526006
2023/10/03 18:01:57, 0.00497011343386965665, 201.20265126854757150406
2023/10/03 19:24:27, 0.00498181980612263628, 200.72986156002753588533
2023/10/03 19:29:11, 0.00498181980612273179, 200.7298615600236874964
2023/10/03 21:41:37, 0.00498181980612280306, 200.72986156002081599726
2023/10/03 21:44:07, 0.00503546526145227419, 198.59138095048457605367
2023/10/04 05:12:18, 0.00494193532752645546, 202.34987585329681565923
2023/10/04 08:42:13, 0.00480355830365183255, 208.17900747447264740866
2023/10/04 08:42:13, 0.00486678872859185861, 205.47429850922188368538
2023/10/04 08:53:04, 0.00492903650279055535, 202.8794064385308946705
2023/10/04 10:03:52, 0.0049290365027906193, 202.87940643852826274461
2023/10/04 10:55:06, 0.0048582907631473028, 205.83370752230955327602
2023/10/04 11:02:48, 0.0048788243542917346, 204.96741169219061290903
2023/10/04 11:29:26, 0.00487164439539282206, 205.26949810739739188183
2023/10/04 11:29:59, 0.00487265541899781258, 205.22690689375195414756
2023/10/04 14:06:21, 0.00487830971563994373, 204.98903478677932865573
2023/10/05 04:01:23, 0.00489937598750459306, 204.10762565486050508706
2023/10/05 04:03:43, 0.00489937598750467507, 204.10762565485708876363
2023/10/05 05:00:29, 0.00487878782234409878, 204.96894647071012454399
2023/10/05 09:37:44, 0.00487878782234411231, 204.96894647070955637785
2023/10/05 12:43:23, 0.0048781686164153176, 204.99496401886202934142
2023/10/05 15:45:46, 0.00489876582378314065, 204.13304819452177202526
2023/10/05 16:39:08, 0.00489710418319473969, 204.20231275284545126458
2023/10/05 22:04:23, 0.00489710418319953953, 204.2023127526453049799
2023/10/06 00:23:17, 0.00488664913131218747, 204.63920636173749550421
2023/10/06 03:03:42, 0.00481974013247426184, 207.48006583637943770393
2023/10/06 07:01:01, 0.00481715348114177193, 207.59147573661652995877
2023/10/06 07:46:24, 0.00483793491170294895, 206.69976307060337336903
2023/10/06 07:53:10, 0.00485871104638066362, 205.81590270631899035331
2023/10/06 07:53:50, 0.00483294702339280956, 206.9130894999927586128
2023/10/06 08:23:21, 0.00483055063029926533, 207.01573723864423452584
2023/10/06 09:41:43, 0.00480996658940955959, 207.90165199936524655813
2023/10/06 09:44:41, 0.00480996658940957127, 207.90165199936474140323
2023/10/06 10:06:18, 0.00484914968007871008, 206.22172256472154768482
2023/10/06 15:33:14, 0.00484873944252696539, 206.23917037679400544615
2023/10/06 16:09:27, 0.00482235620856464761, 207.36751014451614944847
2023/10/06 18:37:36, 0.00481615060399954488, 207.63470294503574840515
2023/10/06 20:42:23, 0.00481615060399956717, 207.63470294503478754971
2023/10/06 23:33:54, 0.00481615060401331606, 207.63470294444204285293
2023/10/06 23:39:52, 0.00478531580284659432, 208.97262400219014084917
2023/10/07 00:37:27, 0.00478456092693133222, 209.00559430045104104427
2023/10/07 01:15:03, 0.00478456092693136751, 209.00559430044949981682
2023/10/07 05:15:02, 0.0048165930280852637, 207.61563083471247412339
2023/10/07 09:28:49, 0.00481376268417838485, 207.73770241868091648966
2023/10/07 10:21:46, 0.0048544191789004957, 205.99786774624921074708
2023/10/07 10:47:16, 0.00484934169930767342, 206.21355680973504662474
2023/10/07 14:07:16, 0.00481430351215831681, 207.71436563451866622316
2023/10/07 18:47:55, 0.00481425114068334831, 207.71662523988251987406
2023/10/07 19:53:05, 0.0048225389799488152, 207.35965103813710638763
2023/10/07 19:57:45, 0.00482253897994883248, 207.35965103813636348668
2023/10/07 21:10:47, 0.00482253897994883977, 207.35965103813604997687
2023/10/08 02:57:16, 0.00483059222268158676, 207.01395479100782360793
2023/10/08 03:39:06, 0.00483059222268435868, 207.01395479088903360688
2023/10/08 03:42:20, 0.00481459517118043019, 207.70178269314853847095
2023/10/08 04:06:38, 0.00481440186587641045, 207.71012222469730996539
2023/10/08 04:15:51, 0.00481421629622846604, 207.71812865645774517521
2023/10/08 07:08:47, 0.00481421629624361211, 207.71812865580424044453
2023/10/08 07:14:40, 0.004814216296222731, 207.7181286567051937172
2023/10/08 08:54:42, 0.00481395339860055021, 207.72947247281350227199
2023/10/08 09:17:33, 0.00481314246155974213, 207.76447154567309461242
2023/10/08 10:56:37, 0.00481314246155977969, 207.76447154567147328842
2023/10/08 12:16:26, 0.00453964844207762363, 220.28137481552166431153
2023/10/08 12:16:26, 0.00454167818039381159, 220.18292804561714048603
2023/10/08 12:17:09, 0.00459581012790203727, 217.58949394554179486452
2023/10/08 12:29:57, 0.00462957864842201944, 216.00237860541532311193
2023/10/08 12:42:02, 0.00467173807200421945, 214.05309642520061499293
2023/10/08 19:20:48, 0.00467173807201610088, 214.05309642465622309834
2023/10/08 22:19:03, 0.00467173807201612273, 214.05309642465522179786
2023/10/08 23:20:06, 0.0046733305424435222, 213.98015631848175181383
2023/10/08 23:22:02, 0.00466884802265117026, 214.18559677857269717013
2023/10/09 01:10:10, 0.00466393247937703809, 214.41133730425919395725
2023/10/09 03:06:26, 0.00466359352965773742, 214.42692070837277937577
2023/10/09 06:51:12, 0.00466252856108472954, 214.4758979808483272009
2023/10/09 12:55:07, 0.00466206241552652228, 214.49734277893882930479
2023/10/09 12:56:03, 0.0046620624155283084, 214.49734277885665149145
2023/10/09 13:15:33, 0.0046609094691706523, 214.55040193645659521033
2023/10/09 14:18:15, 0.00466090946918132983, 214.55040193596508842624
2023/10/09 14:30:29, 0.00468902798502108728, 213.26381569793570881822
2023/10/09 15:18:33, 0.00468902798503555237, 213.26381569727781550361
2023/10/09 15:32:18, 0.00468902798503563239, 213.26381569727417642972
2023/10/09 15:34:23, 0.00464678498103736191, 215.2025549021114952918
2023/10/09 17:01:21, 0.00464486300916021937, 215.29160236327351176082
2023/10/09 18:53:42, 0.0047488525918789424, 210.57718273043670157097
2023/10/09 19:05:02, 0.00472905246614463254, 211.4588508287901428792
2023/10/09 19:50:22, 0.0047189218091073468, 211.9128140818176962187
2023/10/09 20:51:52, 0.00470604802785861908, 212.49251900538452962419
2023/10/10 01:28:16, 0.00470311027643922469, 212.62525036030214897389
2023/10/10 02:57:39, 0.0046817888066373759, 213.59357316209974366612
2023/10/10 03:23:30, 0.0046490264036055299, 215.09879987441130601907
2023/10/10 06:13:48, 0.00465026796993959016, 215.04137104877218821947
2023/10/10 07:12:16, 0.00464476072259665131, 215.29634349839026104134
2023/10/10 07:43:41, 0.00464167634141284899, 215.43940732748648530275
2023/10/10 07:48:56, 0.00459747475615767422, 217.51071034389909504962
2023/10/10 07:52:05, 0.00459747475617289115, 217.51071034317916845138
2023/10/10 07:55:07, 0.00453172418094662783, 220.66656311618481801031
2023/10/10 07:55:07, 0.00462128864781733213, 216.38985923813852064748
2023/10/10 10:03:59, 0.00461553098083741175, 216.65979583969048392941
2023/10/10 10:09:15, 0.0046363195717161232, 215.68832444176238324226
2023/10/10 10:18:59, 0.0045118304353993596, 221.63953506632305949129
2023/10/10 13:10:21, 0.0045118304353993734, 221.63953506632238156735
2023/10/10 13:29:57, 0.004508131477475182, 221.82139207706928806782
2023/10/10 14:40:43, 0.0045527554772018328, 219.64720157002800329653
2023/10/10 15:16:08, 0.00455152486619951485, 219.70658831860708406947
2023/10/10 17:22:32, 0.00457215136894550127, 218.71541847719602765683
2023/10/10 17:46:47, 0.00456997402034790593, 218.8196246953437504909
2023/10/10 17:47:22, 0.00447730875267773366, 223.34845668213797381255
2023/10/10 17:47:22, 0.0044959274173381437, 222.42351959321875484322
2023/10/10 17:57:37, 0.00453299306077201596, 220.60479391726436465267
2023/10/10 18:53:01, 0.00452919835471327238, 220.78962361172774980763
2023/10/10 20:03:25, 0.0046156993526125984, 216.65189250984807170176
2023/10/10 20:56:39, 0.00462709737484665083, 216.11820953587378284775
2023/10/11 11:18:25, 0.00464636422387675882, 215.22204283107966226495
2023/10/11 12:23:47, 0.00461514776780008092, 216.67778591554688072255
2023/10/11 12:46:18, 0.00461420270733278811, 216.72216489553488528346
2023/10/11 17:34:56, 0.00461420270733287885, 216.72216489553062326817
2023/10/11 23:14:11, 0.00461956655682856805, 216.47052546993100183705
2023/10/12 03:40:25, 0.00461810438856400332, 216.53906362020313208855
2023/10/12 05:48:08, 0.0045772559158354869, 218.47150746813113634514
2023/10/12 10:26:17, 0.00457648541241895685, 218.50828963342808451025
2023/10/12 11:17:44, 0.00456950462156343792, 218.84210276996151914122
2023/10/12 13:00:44, 0.00461689535974972501, 216.59576881859598909274
2023/10/12 14:39:14, 0.00461818759969525144, 216.53516198995224413472
2023/10/12 14:41:38, 0.00461818759969528074, 216.53516198995087032342
2023/10/12 19:19:01, 0.00461818759969533892, 216.53516198994814260256
2023/10/12 19:29:06, 0.00461901216170646856, 216.49650725980238964405
2023/10/12 20:45:26, 0.00461520568454623684, 216.67506680112766461614
2023/10/12 20:48:23, 0.00462284628598535834, 216.31694807409117451669
2023/10/12 23:15:20, 0.00462284628598542602, 216.31694807408800777112
2023/10/13 00:58:50, 0.00463438147982218588, 215.77852499927745904419
2023/10/13 01:50:42, 0.00463270837849617729, 215.85645335280306079653
2023/10/13 02:27:39, 0.00460798579492428014, 217.01455787938953748022
2023/10/13 03:18:52, 0.0046079857949243054, 217.01455787938834777318
2023/10/13 03:49:08, 0.00460798579492437408, 217.01455787938511333381
2023/10/13 09:47:25, 0.00460983911450840752, 216.92731029435065957854
2023/10/13 10:45:12, 0.00458638904075268017, 218.03645332186828274424
2023/10/13 16:24:39, 0.00457817115039111445, 218.42783223920532501606
2023/10/13 17:26:15, 0.00462554282285780477, 216.19084252303360551769
2023/10/13 18:21:27, 0.00462554282285787522, 216.1908425230303129169
2023/10/13 19:45:24, 0.00462185492516862482, 216.36334679274161117434
2023/10/13 21:37:50, 0.00456325915568417703, 219.1416191548885057295
2023/10/14 01:54:55, 0.00456325915568421902, 219.14161915488648937449
2023/10/14 04:58:19, 0.00448541887061759171, 222.94461874021394390105
2023/10/14 08:30:04, 0.00440151534568378445, 227.19448223226583918276
2023/10/14 09:56:52, 0.00440251889633510359, 227.14269343226543355497
2023/10/14 10:46:47, 0.00439796139771423835, 227.37807578750738610721
2023/10/14 10:52:46, 0.00439796139771424218, 227.37807578750718816969
2023/10/14 11:41:58, 0.00439796139771540639, 227.37807578744699748257
2023/10/14 12:05:19, 0.0044491421351017841, 224.76243051675910534633
2023/10/14 12:19:39, 0.0044113957418685207, 226.68562480328124375278
2023/10/14 17:28:18, 0.0044278993109449001, 225.8407271204645061046
2023/10/14 19:34:37, 0.00443416875587406922, 225.52141225461291109678
2023/10/14 19:53:39, 0.00444314821583901025, 225.06564071735959848473
2023/10/14 19:58:36, 0.0044415838995795727, 225.14490835007238424649
2023/10/14 20:42:40, 0.004440134451911676, 225.21840517001807886136
2023/10/14 21:50:22, 0.00444821568845306983, 224.80924263539122569292
2023/10/15 00:28:43, 0.00444821568845308909, 224.80924263539025221452
2023/10/15 01:04:47, 0.00444821568845313434, 224.80924263538796545912
2023/10/15 01:28:57, 0.00444802981782250274, 224.81863678007940274233
2023/10/15 01:48:34, 0.00443379685296691844, 225.54032878859576961189
2023/10/15 08:32:02, 0.00441610155237200884, 226.44406795012960458157
2023/10/15 09:30:20, 0.00441584977129097648, 226.4569792435781543217
2023/10/15 11:24:52, 0.00441592966900977482, 226.45288194189907591607
2023/10/15 11:39:13, 0.00439991655693353743, 227.27703743021356948937
2023/10/15 11:40:06, 0.00440426416159650207, 227.05268424169859961819
2023/10/15 11:41:05, 0.00442034601904575665, 226.2266337728636142936
2023/10/15 12:38:57, 0.00433331474977437197, 230.77022043046105292249
2023/10/15 12:57:41, 0.00432912531821531167, 230.99354407514621978247
2023/10/15 14:13:11, 0.00434001889524000584, 230.4137433818014186942
2023/10/15 17:10:13, 0.00436577519394777331, 229.05439597217216496747
2023/10/15 17:12:51, 0.00384319063428038885, 260.20046756989538689785
2023/10/15 17:12:51, 0.00424359339493585332, 235.64934406613103948901
2023/10/15 17:12:51, 0.00429125622851128799, 233.03199500322485539014
2023/10/15 17:14:26, 0.00429766547189429668, 232.68446707631401231026
2023/10/15 17:15:09, 0.00427203864440427676, 234.08027951943938050689
2023/10/15 17:19:22, 0.00414705497467656686, 241.13497556853367788576
2023/10/15 17:21:19, 0.00417940019212057112, 239.26878356499608809692
2023/10/15 17:32:20, 0.0039433741109969394, 253.58993893358654675428
2023/10/15 17:32:20, 0.00409324162817602288, 244.30514756726125652608
2023/10/15 17:32:58, 0.00411821859640070049, 242.82343848235600756168
2023/10/15 17:36:03, 0.00411666072878166726, 242.9153301384522158611
2023/10/15 17:42:00, 0.00414864769670113557, 241.0424005863805211317
2023/10/15 17:49:01, 0.00411819692991440444, 242.82471601492469580756
2023/10/15 17:55:04, 0.00415020147435123133, 240.95215766755569627935
2023/10/15 18:39:42, 0.00415136153307000585, 240.88482586590866640294
2023/10/15 21:04:39, 0.00415152255944045745, 240.87548259277195922717
2023/10/15 21:23:03, 0.00414730797652503683, 241.12026540114439279364
2023/10/15 21:32:36, 0.00415140614306725717, 240.88223737635851515448
2023/10/15 23:56:03, 0.0041514061430673192, 240.88223737635491609483
2023/10/16 00:42:17, 0.00413673996653865131, 241.73624837162134874562
2023/10/16 01:57:45, 0.0041367399665387236, 241.73624837161712450403
2023/10/16 02:09:54, 0.00413673996653879716, 241.73624837161282554026
2023/10/16 02:25:40, 0.00413673996653885937, 241.73624837160919010956
2023/10/16 02:31:02, 0.00409881060165290704, 243.97321496063637474047
2023/10/16 03:38:25, 0.00412374064811894458, 242.49827652380435149492
2023/10/16 04:54:22, 0.00412758760716285899, 242.27226534565563813072
2023/10/16 06:30:20, 0.00412724657305475217, 242.29228428672656687852
2023/10/16 08:45:58, 0.00414319250741546616, 241.35977225538151466213
2023/10/16 10:16:41, 0.00415923098649759976, 240.42906086398408948527
2023/10/16 11:23:30, 0.00408019184093269393, 245.08651528782266668133
2023/10/16 12:14:22, 0.00411162911041935847, 243.21259849675661459779
2023/10/16 13:05:03, 0.00411277924029475587, 243.14458461629749559237
2023/10/16 13:57:38, 0.00412344475911050352, 242.51567764805386709502
2023/10/16 14:11:24, 0.00412344475911058056, 242.51567764804933599661
2023/10/16 14:48:40, 0.0041605911807649325, 240.35045899802828569631
2023/10/16 16:22:44, 0.00416059118077759792, 240.35045899729662503314
2023/10/16 17:17:59, 0.00416059118077764138, 240.35045899729411447626
2023/10/16 18:11:01, 0.00415577173000912756, 240.62919355722255762855
2023/10/16 18:38:17, 0.00410882378823609695, 243.37865324453262774142
2023/10/16 18:38:46, 0.00371071574631504861, 269.4897880531691951274
2023/10/16 18:38:46, 0.00384205318448202786, 260.27750059238612370805
2023/10/16 18:39:06, 0.00392293985042763983, 254.91086739221605945961
2023/10/16 18:57:19, 0.0039336048164679147, 254.21974160025709232199
2023/10/16 19:20:03, 0.00397845548066524125, 251.3538243320468341275
2023/10/16 23:52:16, 0.00396835716004500621, 251.99344707890625715061
2023/10/17 01:01:39, 0.00410895437502413453, 243.3709184210949914857
2023/10/17 01:02:28, 0.00402537339864144197, 248.42415869730212755145
2023/10/17 07:01:23, 0.00401149146709060332, 249.28384073698792625343
2023/10/17 15:56:30, 0.00398561051162316358, 250.90258997554280659634
2023/10/17 18:25:04, 0.00398561051162317994, 250.90258997554177695185
2023/10/17 18:25:51, 0.00398561051162317994, 250.90258997554177695185
2023/10/17 18:27:38, 0.00398561051163198521, 250.90258997498746646442
2023/10/17 18:29:04, 0.00398359642005367492, 251.02944539410094549217
2023/10/17 20:41:45, 0.00395963137066211525, 252.54876183910615252537
2023/10/17 20:41:45, 0.0039746979752184342, 251.59144323287704021839
2023/10/17 20:43:31, 0.00397507500582679771, 251.56758011714661968346
2023/10/17 21:28:06, 0.00399893610295105266, 250.0665112558414118573
2023/10/17 21:28:19, 0.00397514626941173869, 251.56307019313400545454
2023/10/17 21:30:20, 0.00399500547775508148, 250.31254789716365414386
2023/10/17 21:37:45, 0.00399547866096858627, 250.28290346508305896363
2023/10/17 22:15:27, 0.00399925934241109123, 250.04629967235772224796
2023/10/17 23:19:52, 0.00399925934242998778, 250.04629967117625022815
2023/10/17 23:26:12, 0.00398568541118001791, 250.89787497903303243925
2023/10/18 00:23:26, 0.00399325201802291339, 250.42246156432342945245
2023/10/18 00:33:53, 0.00399325201802293579, 250.42246156432202476842
2023/10/18 01:39:06, 0.00399992564482141639, 250.00464728504890309485
2023/10/18 03:33:09, 0.00415531582120235811, 240.65559467165742285617
2023/10/18 03:47:43, 0.00413933349386047055, 241.5847868946092199377
2023/10/18 04:42:01, 0.00413770742177095414, 241.67972697595817120698
2023/10/18 08:03:09, 0.00413770742177096479, 241.67972697595754909531
2023/10/18 08:47:30, 0.00413468369473676997, 241.85646928033364020276
2023/10/18 13:29:21, 0.00413564685879933613, 241.80014255141714300674
2023/10/18 14:59:51, 0.00413535155259119193, 241.81740954367100434331
2023/10/18 15:56:58, 0.00413535155259564813, 241.81740954341042506942
2023/10/18 19:04:45, 0.00408620197241854956, 244.7260333066987285741
2023/10/18 21:47:56, 0.00409002706269443771, 244.49715971835590550321
2023/10/19 00:41:02, 0.00409002706269400367, 244.49715971838185230925
2023/10/19 06:47:25, 0.0040876264941384484, 244.64074724879446889586
2023/10/19 07:09:56, 0.00409527686497445205, 244.1837348172156840909
2023/10/19 08:55:22, 0.00409258513701512661, 244.34433653085514288512
2023/10/19 09:36:11, 0.00409383036007660416, 244.27001415400317172587
2023/10/19 11:50:42, 0.00409314070150919267, 244.3111715244206898637
2023/10/20 04:21:01, 0.00409696698094139393, 244.08300204807160637408
2023/10/20 04:36:17, 0.00409696698094147145, 244.08300204806698784078
2023/10/20 11:33:27, 0.00422137450749498558, 236.88966667717241460736
2023/10/20 12:22:17, 0.00418276407605818758, 239.07635759901480191812
2023/10/20 13:42:09, 0.00410797346705140732, 243.42903088850110285544
2023/10/20 13:46:45, 0.00403274095989428856, 247.97030355904964893128
2023/10/20 13:46:45, 0.00405880941821814748, 246.3776681682700610427
2023/10/20 13:51:20, 0.00409782493551562115, 244.03189880881819353845
2023/10/20 13:53:13, 0.00409954605904856399, 243.92944623534325121572
2023/10/20 13:56:19, 0.00409954605904858486, 243.92944623534200971029
2023/10/20 13:57:54, 0.00414521966068224885, 241.2417391254515814542
2023/10/20 14:45:40, 0.00413926809395705994, 241.58860390316477738891
2023/10/20 15:04:07, 0.00414325945253544333, 241.35587246124687264226
2023/10/20 15:05:42, 0.00416057807393400208, 240.35121616032019678762
2023/10/20 15:19:27, 0.00419919309668923827, 238.14098970309988226681
2023/10/20 15:29:43, 0.00416404722536101953, 240.15097473187298180541
2023/10/20 15:46:42, 0.00412619931372172882, 242.35377982699167134708
2023/10/20 16:03:31, 0.00413096684471586727, 242.07408037640185179514
2023/10/20 16:40:59, 0.00413893113576397899, 241.6082720872369277669
2023/10/20 17:19:07, 0.00413474512328413927, 241.85287609837519389822
2023/10/20 18:25:47, 0.00414037795594895964, 241.52384411263334026521
2023/10/20 18:32:45, 0.0041886756562949483, 238.73894329754338827927
2023/10/20 19:05:20, 0.00423255885141365986, 236.26369652627594187175
2023/10/20 19:18:01, 0.00419985743394948066, 238.10332034523741934261
2023/10/20 21:27:25, 0.00420140579545210848, 238.0155711410854427509
2023/10/20 21:29:55, 0.00420140579545216603, 238.0155711410821824942
2023/10/20 21:38:09, 0.00420527671786523878, 237.79647977782510904948
2023/10/20 22:22:53, 0.00420175325266741422, 237.99588882692394705437
2023/10/20 22:35:33, 0.00427951345275490041, 233.67142340825181907125
2023/10/20 22:35:42, 0.00424536201358575753, 235.55117250304188087244
2023/10/20 22:40:25, 0.0042288950151114392, 236.46839101624000773991
2023/10/20 22:40:25, 0.00429774222704785614, 232.68031146830919960067
2023/10/20 22:50:07, 0.00427762743548888516, 233.77444975773378441117
2023/10/20 23:08:05, 0.00428181892090013801, 233.5456072462253310709
2023/10/20 23:09:14, 0.00430725033965011042, 232.16667737989724136284
2023/10/20 23:22:16, 0.00428706901300580945, 233.25959926613499777194
2023/10/21 00:45:27, 0.00420933698453988152, 237.56710467059671984161
2023/10/21 02:11:48, 0.00420933698453992703, 237.56710467059415158946
2023/10/21 02:24:09, 0.00420656939696160554, 237.72340490146138471191
2023/10/21 05:12:12, 0.00422304166327948567, 236.79614830591806804789
2023/10/21 06:00:12, 0.00423663118834583806, 236.03659500756372245066
2023/10/21 06:30:20, 0.00422012897547935645, 236.95958247020445509523
2023/10/21 08:41:25, 0.00420665918211604425, 237.71833103364877148771
2023/10/21 10:15:57, 0.00424507971078698853, 235.56683693334267222878
2023/10/21 10:50:20, 0.00424086312883579162, 235.80105502591911411322
2023/10/21 13:08:38, 0.00423098803325732815, 236.35141298901899478549
2023/10/21 16:47:04, 0.00423511064959806937, 236.12133961479953285746
2023/10/21 17:06:31, 0.00423511064959811678, 236.12133961479688935326
2023/10/21 17:59:51, 0.00424502587934414806, 235.56982417136616523898
2023/10/21 18:08:13, 0.00426382724535547035, 234.53107793925904157218
2023/10/21 18:18:54, 0.00420866325535654642, 237.60513477224794967767
2023/10/21 18:47:34, 0.00424358813258962474, 235.64963628780719404367
2023/10/21 20:24:24, 0.00428526988119096549, 233.35753119989708416297
2023/10/21 20:42:01, 0.00429269745520001277, 232.95375703420176725926
2023/10/21 21:23:25, 0.00433189590205084243, 230.8458057652243273271
2023/10/21 23:12:21, 0.00433089913905083978, 230.89893527725055370048
2023/10/21 23:35:16, 0.00433063625701863967, 230.91295150436733130817
2023/10/22 00:11:18, 0.00433917891976755971, 230.4583467264741883549
2023/10/22 01:56:14, 0.0043627996745219044, 229.2106157978900526482
2023/10/22 02:05:41, 0.00442202029744683924, 226.14097917582474128374
2023/10/22 02:06:04, 0.00433193685821200311, 230.84362324079388345254
2023/10/22 02:18:31, 0.00431508427459026007, 231.74518418761479585257
2023/10/22 02:53:43, 0.00428998926877759282, 233.10081619037338795991
2023/10/22 07:35:29, 0.00429542681867789854, 232.80573554452798319191
2023/10/22 09:54:27, 0.00429508589176246674, 232.82421474222371478476
2023/10/22 10:41:14, 0.00429508589176248946, 232.82421474222248309289
2023/10/22 11:13:43, 0.00434570247590929797, 230.11239392102177183939
2023/10/22 12:04:19, 0.0043287820813883059, 231.01185996391966006354
2023/10/22 13:20:28, 0.00431933488993619536, 231.51712601167904951194
2023/10/22 13:27:04, 0.00432322888412212064, 231.30859521981127808221
2023/10/22 16:28:43, 0.00433874435768178838, 230.48142908661821387608
2023/10/22 18:23:46, 0.00433435737679140724, 230.71470879502546778985
2023/10/22 19:27:28, 0.00433021596917961292, 230.93536375957164734974
2023/10/22 20:53:24, 0.00433021596919406098, 230.93536375880111603435
2023/10/22 21:56:29, 0.00432443276856878604, 231.24420092001104869755
2023/10/22 22:02:44, 0.00432638194861439269, 231.14001765846616918925
2023/10/22 22:13:52, 0.00432724097270108242, 231.09413279931015750016
2023/10/23 06:11:55, 0.0042869041129792113, 233.26857182841060458736
2023/10/23 06:27:23, 0.0044048311184650092, 227.02345972085279883227
2023/10/23 06:28:17, 0.00438328217823157593, 228.13954460112980015601
2023/10/23 06:29:27, 0.0043750343548208457, 228.56963372141319648098
2023/10/23 06:29:27, 0.00436716958269009161, 228.98126144760777302567
2023/10/23 07:01:02, 0.00437187078190863368, 228.73503126810820683619
2023/10/23 07:04:29, 0.00437187078190863861, 228.73503126810794899021
2023/10/23 08:48:22, 0.00431895246533920364, 231.53762585378711589841
2023/10/23 11:39:16, 0.00428034150041723046, 233.62621881981239700161
2023/10/23 12:17:44, 0.00427591642858880677, 233.86799454591607433207
2023/10/23 14:11:00, 0.00427633276664045786, 233.8452254700498644373
2023/10/23 16:09:59, 0.00427633276664690426, 233.84522546969735204756
2023/10/23 16:39:03, 0.00429299583097352411, 232.93756606635922660143
2023/10/23 18:11:22, 0.00429348169867740607, 232.91120591198675592633
2023/10/23 22:04:04, 0.00428526956771254161, 233.35754827059705396158
2023/10/23 22:26:13, 0.00431879616040933166, 231.54600561310605782132
2023/10/23 23:36:31, 0.00431554598517690457, 231.72039029008460538175
2023/10/24 08:12:41, 0.00421528710465820313, 237.23176504274791832654
2023/10/24 08:17:41, 0.00424799244930448, 235.40531484789458709068
2023/10/24 09:07:43, 0.00424799244930452098, 235.40531484789231640344
2023/10/24 09:08:06, 0.00426035488337335421, 234.72223027772718702748
2023/10/24 09:50:49, 0.00426035488337336062, 234.72223027772683361944
2023/10/24 09:56:41, 0.00426035488337342303, 234.72223027772339511215
2023/10/24 10:05:17, 0.00426855641154188407, 234.27123917024231353383
2023/10/24 10:44:02, 0.00427061049330841553, 234.15855919590226677539
2023/10/24 14:59:00, 0.00429559188836429354, 232.79678935719082300918
2023/10/24 17:41:49, 0.00431080841129264033, 231.97505075391176868986
2023/10/24 18:46:14, 0.00431080841131099193, 231.97505075292422505384
2023/10/24 18:59:24, 0.00431007168437167806, 232.01470259207067637815
2023/10/24 19:13:27, 0.0042995823558416151, 232.58072929835915355656
2023/10/25 03:33:29, 0.00429958235584163878, 232.58072929835787216352
2023/10/25 10:05:00, 0.00429958235584276205, 232.58072929829711038408
2023/10/25 14:38:16, 0.00430036064707851272, 232.53863619074801733963
2023/10/25 15:37:54, 0.00430036064708361492, 232.53863619047212002028
2023/10/25 15:40:52, 0.00430036064708367378, 232.53863619046893712694
2023/10/25 15:55:02, 0.00429626296824487852, 232.76042630335610580541
2023/10/25 17:08:07, 0.00429837311775207548, 232.64615997853881229635
2023/10/25 17:36:50, 0.0043012552697584736, 232.49027023131146031572
2023/10/25 18:30:02, 0.00431278387778406609, 231.86879480587511499669
2023/10/25 21:33:02, 0.00430961595859048731, 232.03923727975572336831
2023/10/25 22:32:02, 0.00431168862397962034, 231.92769404508060984135
2023/10/25 23:51:51, 0.00432832252687693489, 231.03638737419636815285
2023/10/26 01:23:16, 0.00432383539101971042, 231.27614942902932752465
2023/10/26 02:25:31, 0.0043209855540964152, 231.42868391493973432561
2023/10/26 04:07:53, 0.00432364207925314254, 231.28648987816726029003
2023/10/26 04:34:15, 0.00432095399215042346, 231.43037436099306696793
2023/10/26 04:37:06, 0.004322299325016691, 231.35834073595502260159
2023/10/26 10:00:06, 0.0043261382195018012, 231.15303979241795182314
2023/10/26 10:25:15, 0.0043261382195016613, 231.15303979242542668335
2023/10/26 12:21:30, 0.00432387003029333625, 231.27429663563658635561
2023/10/26 13:12:46, 0.00426813610749456675, 234.29430899452003454836
2023/10/26 13:24:27, 0.00427766515945185446, 233.77238814272720978953
2023/10/26 13:25:15, 0.00428132315700542899, 233.57265110056534256814
2023/10/26 14:48:54, 0.00430233339070113077, 232.43201053673684881266
2023/10/26 15:05:38, 0.00431381515177784055, 231.81336353456702965596
2023/10/26 15:20:37, 0.00431381515178540849, 231.81336353416034823875
2023/10/26 16:08:30, 0.00425411196727970759, 235.06668552484059794397
2023/10/26 21:43:58, 0.00425506420440231363, 235.01408015545201679543
2023/10/26 22:26:20, 0.00429324106359669833, 232.92426052643820150109
2023/10/26 22:32:15, 0.00433158816479273725, 230.86220618294840487
2023/10/26 22:35:42, 0.00437010550571622296, 228.8274273222857905992
2023/10/26 22:39:30, 0.00435452822298536352, 229.64600268784644620733
2023/10/26 23:45:06, 0.00435055095311677461, 229.85594486224574090763
2023/10/27 02:49:44, 0.00431390825135197055, 231.80836071017549403524
2023/10/27 04:38:20, 0.00435427283515500176, 229.65947193899308735207
2023/10/27 05:56:53, 0.00435319851495700163, 229.71614930128621054267
2023/10/27 06:59:30, 0.00430209978353665286, 232.44463176489226574905
2023/10/27 08:38:35, 0.00430457983544612221, 232.31071050546819114575
2023/10/27 08:48:20, 0.00430491067105303984, 232.29285725350170067829
2023/10/27 08:51:22, 0.00430573792680572886, 232.2482271330117410613
2023/10/27 08:53:08, 0.00430540798865069027, 232.26602510982909375827
2023/10/27 13:08:35, 0.00426446247541038444, 234.49614242502308170928
2023/10/27 13:44:59, 0.00432569126843558281, 231.17692362766729610607
2023/10/27 16:32:10, 0.00432569126843565709, 231.17692362766332626302
2023/10/27 16:47:12, 0.00430897252391502963, 232.07388639633836860346
2023/10/27 17:33:49, 0.00430775710825578568, 232.13936507318556888283
2023/10/27 19:16:48, 0.00434104598449641903, 230.35922760813705653432
2023/10/27 21:01:53, 0.00436626387844435997, 229.02875956189031477341
2023/10/27 22:34:02, 0.00435733005258513508, 229.49833680988104120308
2023/10/27 23:03:34, 0.00435685916584506675, 229.52314085324298656653
2023/10/28 01:48:34, 0.00435685916584510262, 229.52314085324109675461
2023/10/28 02:33:13, 0.0043513074135175257, 229.8159851665401794394
2023/10/28 03:40:07, 0.0043429293498001756, 230.2593294652632172342
2023/10/28 03:51:29, 0.0043429293498002077, 230.25932946526151525843
2023/10/28 04:16:09, 0.00433408599141008923, 230.72915534715805256614
2023/10/28 05:41:56, 0.00433408599141013119, 230.72915534715581911616
2023/10/28 09:34:47, 0.00441877653254030777, 226.3069862519412367342
2023/10/28 10:17:00, 0.00441469381044601072, 226.51627563248181732683
2023/10/28 12:16:40, 0.00441547012411048445, 226.47645027412665896185
2023/10/28 13:43:08, 0.00446599855517221301, 223.91408945752314068309
2023/10/28 14:25:16, 0.00444864162836860179, 224.78771803579023778693
2023/10/28 14:35:03, 0.00452699576637319848, 220.89704775693875847193
2023/10/28 14:40:00, 0.00450928266710673697, 221.76476256291641798512
2023/10/28 16:24:58, 0.00455539011212291949, 219.52016740317688361544
2023/10/28 16:59:08, 0.00455718928667198432, 219.43350102323226775537
2023/10/28 17:00:43, 0.00453131100944139441, 220.68668381322976438839
2023/10/28 19:01:49, 0.00455293700811831238, 219.6384439795469386103
2023/10/28 19:37:08, 0.00452577444579733568, 220.95665879429909864201
2023/10/28 22:10:20, 0.00452577444579741906, 220.95665879429502783672
2023/10/28 22:30:42, 0.00452553742798185131, 220.96823104741103541245
2023/10/28 23:11:14, 0.00446435197735066939, 223.99667523380207319982
2023/10/28 23:33:39, 0.00446512720597874181, 223.95778527003983810861
2023/10/29 00:12:33, 0.00446729803418988508, 223.84895575505147150806
2023/10/29 00:19:50, 0.00446947044509415788, 223.74015272830226815133
2023/10/29 00:31:30, 0.00447164444023293814, 223.63137618963007773519
2023/10/29 00:35:30, 0.00447367951773800669, 223.52964624198708029898
2023/10/29 01:33:57, 0.00448239731448223702, 223.09490432030349398777
2023/10/29 02:34:49, 0.00447950409659910847, 223.23899664679659821454
2023/10/29 09:31:48, 0.00456728699153694554, 218.94836077806625701926
2023/10/29 09:48:08, 0.00455388997899139928, 219.5924812881582033539
2023/10/29 10:04:01, 0.00454878364169405116, 219.83898966616523988459
2023/10/29 10:27:32, 0.00449794121953987395, 222.32393692825915450036
2023/10/29 10:50:55, 0.00450572541252355696, 221.93984507367530856195
2023/10/29 11:02:20, 0.0045092468867578941, 221.76652224047784418707
2023/10/29 11:37:51, 0.00450924688675792338, 221.76652224047640391329
2023/10/29 12:17:07, 0.00450924688675800296, 221.76652224047249021073
2023/10/29 12:30:49, 0.00450651170507380066, 221.901121187395995001
2023/10/29 12:47:12, 0.00450651170507755325, 221.90112118721121748199
2023/10/29 12:54:09, 0.00450404584097688098, 222.02260707522247111673
2023/10/29 16:51:07, 0.00451728279874406718, 221.37201599997865531866
2023/10/29 20:15:08, 0.00461486916449962511, 216.69086692481056913449
2023/10/29 20:15:33, 0.00451757091210800786, 221.35789774097332590301
2023/10/29 22:28:22, 0.00450116266965315596, 222.16482126762518092027
2023/10/29 23:08:39, 0.00450052870174350665, 222.1961165612830319409
2023/10/29 23:32:36, 0.00449848000734975253, 222.29730895017201159095
2023/10/30 04:06:52, 0.00451209765780551237, 221.62640878795970318147
2023/10/30 08:12:52, 0.00452977092244002705, 220.76171557508595663347
2023/10/30 11:56:34, 0.00450920491191342407, 221.76858659893161726767
2023/10/30 13:15:28, 0.00449975066316514396, 222.23453583461348993254
2023/10/30 13:22:53, 0.00449975066316521916, 222.23453583460977555063
2023/10/30 13:42:47, 0.00448982121065249363, 222.72601804887297308414
2023/10/30 14:12:10, 0.00447990374948209538, 223.21908146254396494369
2023/10/30 14:26:52, 0.00460617365011507049, 217.09993499159941657821
2023/10/30 14:45:25, 0.00459780991750050231, 217.49485471196423154881
2023/10/30 14:48:07, 0.00458004106869166804, 218.33865351903043934166
2023/10/30 16:44:02, 0.00458004106869168753, 218.33865351902951000932
2023/10/30 17:13:42, 0.00465556527752462539, 214.79668748876447222406
2023/10/30 17:14:27, 0.00461400320170826726, 216.7315357799848541087
2023/10/30 17:36:06, 0.00458975636178776199, 217.87648867934434228154
2023/10/30 19:18:26, 0.00458975636180377849, 217.87648867858403620699
2023/10/30 19:33:50, 0.00458743826107955657, 217.98658490603231575548
2023/10/30 22:09:36, 0.00458743826109700784, 217.98658490520306358162
2023/10/31 00:44:41, 0.00460286005924666686, 217.25622485330703591989
2023/10/31 01:00:37, 0.00460286005924671049, 217.25622485330497666033
2023/10/31 02:55:25, 0.00456938387581900705, 218.8478856617757987698
2023/10/31 05:06:16, 0.00457302960710399673, 218.67341476349612445889
2023/10/31 05:22:42, 0.00457293577591709614, 218.67790168110361008052
2023/10/31 09:03:48, 0.00453896528008495093, 220.31452947824356926664
2023/10/31 09:15:42, 0.00455554944429800674, 219.51248959698126798764
2023/10/31 09:18:33, 0.00455554944431481432, 219.5124895961713821106
2023/10/31 09:21:34, 0.00455522924433965305, 219.52791975126261558479
2023/10/31 09:37:13, 0.00455495712896664329, 219.54103445686308819883
2023/10/31 09:58:16, 0.00453794894081741502, 220.36387210206716448905
2023/10/31 10:49:11, 0.00453794894081901196, 220.36387210198961652946
2023/10/31 11:54:19, 0.00477444569528999733, 209.44839753576054110566
2023/10/31 11:54:33, 0.0046864311459202864, 213.38198916472663908487
2023/10/31 11:54:33, 0.00463031709818080025, 215.96793022941966666534
2023/10/31 12:12:39, 0.00463013453903674143, 215.97644551556403826133
2023/10/31 12:14:03, 0.00462376184233516973, 216.27411490877376861627
2023/10/31 13:03:07, 0.00463538974582933205, 215.73158997034603777219
2023/10/31 14:46:59, 0.00464971906412623551, 215.06675698221300923582
2023/10/31 16:06:47, 0.00461862036106743936, 216.5148728025967267208
2023/10/31 16:33:17, 0.00456656671675028626, 218.98289503402497586818
2023/10/31 16:33:17, 0.00445254497018322747, 224.59065696058513303559
2023/10/31 16:34:37, 0.00447895697846388511, 223.26626596510927744027
2023/10/31 16:44:09, 0.00451073828657345671, 221.69319886648563330088
2023/10/31 17:32:24, 0.00451073828658367749, 221.69319886598330341957
2023/10/31 17:34:04, 0.00451073828658375252, 221.69319886597961611909
2023/10/31 18:22:25, 0.00450594861586127154, 221.92885122567226518014
2023/10/31 18:43:07, 0.0045730904904089065, 218.67050348058697806768
2023/10/31 18:43:46, 0.00454958403045059958, 219.80031433795895178808
2023/10/31 18:47:47, 0.00454958403045062143, 219.80031433795789622452
2023/10/31 22:39:27, 0.00458484060448218056, 218.11009068066427248516
2023/11/01 00:03:07, 0.00458449655941151841, 218.12645882503692096898
2023/11/01 00:35:25, 0.00458449655942300407, 218.12645882449044265638
2023/11/01 00:36:42, 0.00458295580262723913, 218.199791371921363326
2023/11/01 00:53:40, 0.0045862047886441034, 218.04521299966780663813
2023/11/01 00:57:48, 0.00458797164894054943, 217.96124224763227626481
2023/11/01 01:06:53, 0.00458797164894058098, 217.96124224763077732656
2023/11/01 02:22:07, 0.00458891866559999114, 217.91626151413868498196
2023/11/01 05:48:02, 0.004588918665600049, 217.91626151413593773303
2023/11/01 08:38:21, 0.00458891866560006203, 217.91626151413531873804
2023/11/01 12:49:13, 0.00457593512240951204, 218.53456686978514906714
2023/11/01 18:12:25, 0.00457593512240955171, 218.53456686978325426033
2023/11/01 19:14:06, 0.0045750402321913322, 218.57731282092452703756
2023/11/01 22:32:20, 0.00457504023220708504, 218.57731282017191868231
2023/11/01 22:43:52, 0.00457215206417861064, 218.7153852197281391321
2023/11/01 23:04:49, 0.00456862339748649654, 218.88431437578472366575
2023/11/01 23:13:58, 0.00454396097207570178, 220.07231271249134633363
2023/11/01 23:46:26, 0.00449949323807769405, 222.24725032084440065601
2023/11/02 00:07:34, 0.00450298456358968428, 222.07493405280987702139
2023/11/02 00:19:00, 0.00443431869788605251, 225.51378647563701342549
2023/11/02 01:20:32, 0.0044653043596071032, 223.94890011215020670184
2023/11/02 01:24:12, 0.00449368933253308803, 222.53429776737615161452
2023/11/02 02:15:16, 0.00444702959735096932, 224.86920271357883836266
2023/11/02 02:45:57, 0.00444702959735099506, 224.86920271357753705852
2023/11/02 06:25:23, 0.00445397065273036474, 224.51876717844601770281
2023/11/02 07:06:42, 0.00451666486954402687, 221.4023021152227971965
2023/11/02 08:10:46, 0.00455871657423565417, 219.3599851439912975494
2023/11/02 08:45:33, 0.00456273428317483408, 219.16682803281318547989
2023/11/02 09:27:02, 0.00448517456117685403, 222.95676263213542264221
2023/11/02 09:41:36, 0.00441013144395375902, 226.75061111182725358311
2023/11/02 09:41:36, 0.00445164557584675262, 224.63603244285431506688
2023/11/02 10:17:41, 0.00445690378959805625, 224.3710089353722677329
2023/11/02 11:13:31, 0.00445326024034395608, 224.55458383962826419641
2023/11/02 11:15:07, 0.00445326024034401239, 224.55458383962542498481
2023/11/02 11:25:51, 0.00445326024035748172, 224.554583838946237189
2023/11/02 11:27:00, 0.00445465368329084145, 224.48434179091058379128
2023/11/02 17:42:33, 0.00448082109108450838, 223.17338266187427633964
2023/11/02 18:32:23, 0.00445579769317354369, 224.426706251057830655
2023/11/02 19:08:26, 0.00446047120753659858, 224.19156036930766523776
2023/11/02 20:01:56, 0.00437963801248382885, 228.32937269006598039976
2023/11/02 20:24:37, 0.00447271287009917637, 223.57795571568320912116
2023/11/02 20:28:21, 0.0044213848311606619, 226.17348142877874256105
2023/11/02 21:12:27, 0.00441925237641523713, 226.28261860237308519212
2023/11/02 22:31:39, 0.0043496524943386432, 229.90342361868340289173
2023/11/02 22:38:25, 0.00436924196392822043, 228.87265302673641996497
2023/11/02 23:27:06, 0.00436924196392827198, 228.87265302673371993161
2023/11/02 23:27:45, 0.00438650349089701037, 227.97200596676300529645
2023/11/03 02:01:50, 0.00438650349090494044, 227.97200596635086965647
2023/11/03 02:06:32, 0.00436629855330140375, 229.02694073539465127289
2023/11/03 02:24:36, 0.00437842435764863633, 228.39266327694061401062
2023/11/03 02:34:44, 0.00438880633372866992, 227.85238717754347989807
2023/11/03 03:05:47, 0.00438586235511170659, 228.00533145653867691223
2023/11/03 05:02:45, 0.0043858623551117314, 228.00533145653738743796
2023/11/03 05:30:07, 0.00440310874607447654, 227.11226491772080904591
2023/11/03 05:51:10, 0.00439919630200419805, 227.31424818310954379487
2023/11/03 05:56:54, 0.00439919630200423622, 227.31424818310757128538
2023/11/03 07:32:11, 0.00441448163365044167, 226.52716286715543674038
2023/11/03 08:58:22, 0.00441569363048818376, 226.46498685857503008389
2023/11/03 09:11:05, 0.00446701516812769926, 223.8631306056520746367
2023/11/03 09:14:30, 0.00446910200721686227, 223.75859812221001342399
2023/11/03 13:11:13, 0.00452143135012016107, 221.16890041323398781228
2023/11/03 13:16:25, 0.00453894199728010571, 220.31565959627492572055
2023/11/03 13:21:45, 0.00451242832897796173, 221.61016798387445474839
2023/11/03 14:48:12, 0.00452117064582365421, 221.18165367718006116955
2023/11/03 14:49:59, 0.00452117064582370488, 221.18165367717758253724
2023/11/03 16:35:29, 0.00456566097837423598, 219.02633698310318653084
2023/11/03 16:45:11, 0.00454966792080370425, 219.79626148700294804702
2023/11/03 17:04:01, 0.00452045706550410009, 221.21656848177247491168
2023/11/03 17:19:31, 0.00444000245861691321, 225.22510050850419145119
2023/11/03 17:41:06, 0.00446949006752085464, 223.73917044068562515816
2023/11/03 17:51:27, 0.00446173476175319377, 224.12806977505315989487
2023/11/03 18:29:47, 0.00447215634087178229, 223.60577846101517134246
2023/11/03 19:02:29, 0.00448955262445434988, 222.7393425690244023005
2023/11/03 19:56:59, 0.00448808762496073659, 222.81204904254701576288
2023/11/03 20:29:55, 0.00450380352757315428, 222.03455232400948086339
2023/11/03 21:40:48, 0.00450502445806883768, 221.97437756612503570014
2023/11/03 22:17:01, 0.00452082943925359544, 221.19834721415711172423
2023/11/03 22:38:19, 0.00453831989118791744, 220.34586013685503106297
2023/11/03 22:56:13, 0.00453831989118739913, 220.3458601368801961534
2023/11/03 23:16:01, 0.00454357290413249491, 220.09110915563269854313
2023/11/03 23:55:11, 0.00452956263031343663, 220.77186731178988237021
2023/11/04 00:03:33, 0.00454093692331579542, 220.21887044178523379209
2023/11/04 02:28:13, 0.00457300590382809792, 218.67454821409533188418
2023/11/04 03:57:24, 0.00455697726821857678, 219.44371041177524264926
2023/11/04 04:12:16, 0.00457102055956163918, 218.76952574807495240228
2023/11/04 04:21:51, 0.00464156093343045418, 215.4447640227199619522
2023/11/04 04:21:51, 0.00455347876603557437, 219.61231212035203557137
2023/11/04 08:44:17, 0.0045856213805059481, 218.07295391876997985027
2023/11/04 08:44:17, 0.00455651264022772207, 219.46608710604229286742
2023/11/04 10:49:15, 0.00456052315113111783, 219.27308926213351202847
2023/11/04 10:49:48, 0.00456453895661823339, 219.08017644368578792186
2023/11/04 10:58:05, 0.00454800448410950024, 219.87665216557061183968
2023/11/04 11:03:10, 0.00454485543871502611, 220.02900058857131025486
2023/11/04 12:08:37, 0.00455099758852179131, 219.73204348034159603423
2023/11/04 13:57:51, 0.00456235431287722613, 219.18508108357655295349
2023/11/04 14:14:09, 0.00456235431287729656, 219.18508108357316974463
2023/11/04 15:17:47, 0.00453939878443021292, 220.2934898405319076612
2023/11/04 15:19:20, 0.00450008564011533658, 222.2179931612079577367
2023/11/04 17:48:53, 0.00451746079068764184, 221.36329374710108739738
2023/11/04 18:09:45, 0.00452790192062672826, 220.852840350743569765
2023/11/04 19:33:08, 0.00453835508471795284, 220.34415142334492819475
2023/11/04 20:56:21, 0.00453835508471799257, 220.34415142334299921773
2023/11/04 20:56:42, 0.00453835508471799257, 220.34415142334299921773
2023/11/04 20:58:26, 0.00453835508472869675, 220.3441514228232948848
2023/11/04 21:00:08, 0.00453658890073403404, 220.42993576918484349946
2023/11/04 21:30:21, 0.00453912672629175587, 220.30669340156338906932
2023/11/04 21:35:07, 0.00454749542760081737, 219.90126563526492586602
2023/11/04 22:00:13, 0.00455447522337995576, 219.56426392805854381077
2023/11/04 22:06:35, 0.0045646994763888441, 219.07247238784377768606
2023/11/04 23:03:20, 0.00456035710629365179, 219.2810731027886568177
2023/11/05 01:15:52, 0.00456195471063099689, 219.20428049617414584014
2023/11/05 01:57:57, 0.00456719485708013545, 218.95277764419984793213
2023/11/05 02:07:51, 0.00452832216119493805, 220.83234460865280577688
2023/11/05 02:21:29, 0.00452832216119497594, 220.83234460865095814217
2023/11/05 02:58:34, 0.00452832216119501231, 220.83234460864918466158
2023/11/05 02:59:27, 0.00452832216119502072, 220.83234460864877438032
2023/11/05 04:04:55, 0.00452974410241098138, 220.7630226766550592722
2023/11/05 05:01:27, 0.00454450911178656896, 220.04576850916975289492
2023/11/05 05:28:56, 0.00454799370195157305, 219.87717343823357418481
2023/11/05 07:21:03, 0.00455210723360317661, 219.67848046682758792379
2023/11/05 08:06:31, 0.00455315334248938449, 219.6280082790406182602
2023/11/05 09:14:19, 0.0045651478878842861, 219.05095400172219790434
2023/11/05 09:18:51, 0.00456834728833914626, 218.8975436592862021865
2023/11/05 09:50:16, 0.00455545729846750782, 219.51692980118768278271
2023/11/05 10:42:58, 0.00455413862985336028, 219.58049178494138682721
2023/11/05 12:12:11, 0.00453577023678443252, 220.46972130337344130331
2023/11/05 12:58:01, 0.00456760536517963735, 218.93309952373073239274
2023/11/05 13:23:03, 0.00456935187966100164, 218.8494181092023042033
2023/11/05 13:26:08, 0.00457284590914979056, 218.68219919658864469014
2023/11/05 13:50:53, 0.00455535886182711379, 219.52167333725908091808
2023/11/05 14:05:07, 0.00455454481466716587, 219.56090909011669555248
2023/11/05 14:35:57, 0.00455901014483501722, 219.3458597877694106277
2023/11/05 16:58:33, 0.00455392934893577765, 219.59058285207986501186
2023/11/05 18:53:05, 0.0045710584915285724, 218.76771033520459642998
2023/11/05 18:58:08, 0.00460606411983317701, 217.10509753742162870996
2023/11/05 18:59:21, 0.00460606411984096906, 217.10509753705435354106
2023/11/05 19:59:51, 0.0045066604124012295, 221.89379906421262027159
2023/11/05 20:16:46, 0.00450666041240713959, 221.89379906392162589977
2023/11/05 21:01:47, 0.00450607479560808252, 221.92263674244065073746
2023/11/05 21:12:25, 0.00452257199160129299, 221.11311922885126092869
2023/11/05 21:54:28, 0.00455740136572868775, 219.42328966676581867219
2023/11/05 23:16:34, 0.00455536888521615976, 219.52119031355862455504
2023/11/05 23:38:06, 0.00455797195923518339, 219.39582097995126081884
2023/11/05 23:45:16, 0.0045597323046592408, 219.31112029935982852366
2023/11/06 00:05:10, 0.00455973230465924217, 219.3111202993597630489
2023/11/06 01:01:16, 0.00455973230465931246, 219.31112029935638225969
2023/11/06 01:03:13, 0.00457571181182057514, 218.54523211375980077326
2023/11/06 01:07:42, 0.00459177542391831636, 217.78068561259609184323
2023/11/06 01:10:31, 0.00460792373207789644, 217.01748078826386075822
2023/11/06 01:12:29, 0.00462415733261660626, 216.25561763361200293483
2023/11/06 01:17:37, 0.00460797230497138858, 217.01519319487514018285
2023/11/06 03:58:24, 0.00460959183599260956, 216.9389472169316974461
2023/11/06 05:32:25, 0.00459072487833060886, 217.83052273950347135678
2023/11/06 05:33:52, 0.00458431085774569338, 218.13529471073954163461
2023/11/06 12:46:18, 0.00450525706403598508, 221.96291705143257217707
2023/11/06 13:53:10, 0.00445974946852250995, 224.22784218219648252798
2023/11/06 13:58:00, 0.00447520524651886168, 223.45343842673413188895
2023/11/06 18:22:56, 0.00448272088201209062, 223.07880109438025858467
2023/11/06 18:44:15, 0.00450001314492049027, 222.2215730922423286324
2023/11/06 19:52:53, 0.00450001314493718657, 222.22157309141782508679
2023/11/06 19:54:31, 0.00451568385206965989, 221.45040103763530454781
2023/11/06 20:41:12, 0.00452558329628238506, 220.96599146047460229681
2023/11/06 21:11:48, 0.00452558329629312794, 220.96599145995007100489
2023/11/06 21:15:26, 0.00451976367622773472, 221.25050591906513164037
2023/11/06 21:36:14, 0.00458947219415595581, 217.88997899875255084729
2023/11/06 21:44:47, 0.00460227600892531371, 217.28379568297815218992
2023/11/06 22:25:54, 0.00460227600892533853, 217.28379568297698069643
2023/11/06 23:03:58, 0.00466421012730617369, 214.39857397195621609785
2023/11/06 23:12:44, 0.00466585682125358316, 214.32290751933712631717
2023/11/06 23:26:42, 0.00464132118546938755, 215.45589284592199271719
2023/11/06 23:45:29, 0.00464459120724761085, 215.30420124801488148358
2023/11/07 00:39:32, 0.0046458220928273916, 215.24715755772989450122
2023/11/07 00:40:38, 0.00464678921721150506, 215.20235871600190405794
2023/11/07 01:14:07, 0.00461421703061053253, 216.72149215479889979263
2023/11/07 02:52:47, 0.00461421703061773615, 216.72149215446055875962
2023/11/07 03:00:43, 0.0046142170306177508, 216.72149215445987062955
2023/11/07 03:46:43, 0.00461771685977913858, 216.55723604669627563152
2023/11/07 07:02:13, 0.00462314421394848077, 216.30300802274383989329
2023/11/07 07:21:37, 0.00469346044896265553, 213.06241117276680459629
2023/11/07 07:41:56, 0.00467457933750001228, 213.92299238091546749427
2023/11/07 13:16:52, 0.0046745793375000489, 213.92299238091379130986
2023/11/07 14:38:07, 0.00478083129377958686, 209.16864422744123671604
2023/11/07 14:54:46, 0.00476384939285171269, 209.91427678224411550492
2023/11/07 15:07:48, 0.00474480273434379976, 210.75691782965108644637
2023/11/07 16:03:28, 0.0047501263867695937, 210.5207143088391469632
2023/11/07 16:08:33, 0.00472158785914949637, 211.79315726640546896854
2023/11/07 16:20:14, 0.00473044049760721114, 211.3968034278896260611
2023/11/07 18:16:32, 0.00471315095472256196, 212.17228338464382229805
2023/11/07 19:18:41, 0.00471649610928127643, 212.02180110615739819742
2023/11/07 20:31:55, 0.00467242124593596224, 214.02179884140212550274
2023/11/07 20:46:31, 0.00467594278871450199, 213.86061489321972557062
2023/11/07 21:12:24, 0.00465916762300052488, 214.63061235731963394338
2023/11/07 22:32:47, 0.00466112186269636951, 214.54062550973923651936
2023/11/07 23:14:11, 0.0046846374648603779, 213.4636900936376406032
2023/11/07 23:23:54, 0.00470599402719351474, 212.49495732920935409204
2023/11/08 00:57:05, 0.00470589014892973576, 212.49964796297482092555
2023/11/08 05:46:29, 0.00470454425564891376, 212.56044064188882962529
2023/11/08 06:10:02, 0.004704544255648947, 212.56044064188732756256
2023/11/08 06:25:24, 0.00462970166031575981, 215.99663938859441391208
2023/11/08 07:25:51, 0.00464015695630726073, 215.50995136936532858088
2023/11/08 11:12:26, 0.00463986086738152036, 215.52370396061992921463
2023/11/08 12:28:24, 0.00464392043431780302, 215.33530002154334723334
2023/11/08 14:33:47, 0.00464224612739336927, 215.41296444820388139248
2023/11/08 15:08:40, 0.00464922442721698059, 215.08963820845246635487
2023/11/08 19:27:06, 0.00470172867336695192, 212.68773029471533473381
2023/11/08 19:27:06, 0.00465812195698935861, 214.67879313454490581472
2023/11/08 19:28:33, 0.00458285227018000056, 218.20472078204760220824
2023/11/08 19:30:50, 0.00458285227018002258, 218.20472078204655340356
2023/11/08 20:19:31, 0.00458180957365885643, 218.25437830264049260035
2023/11/08 21:47:12, 0.00457855748847141357, 218.40940132737257556111
2023/11/08 22:16:29, 0.00458047930157758327, 218.31776418148763355905
2023/11/08 23:06:29, 0.00458548253740868414, 218.07955691509688216181
2023/11/08 23:08:27, 0.00458548253740869899, 218.07955691509617578272
2023/11/09 00:19:14, 0.00458617145485330442, 218.04679782343342433622
2023/11/09 01:48:16, 0.00458425511791566922, 218.13794701169939170428
2023/11/09 12:04:49, 0.0045872518834678449, 217.99544158539330509923
2023/11/09 15:24:49, 0.00454905847111543831, 219.82570818765448490263
2023/11/09 16:48:14, 0.00454514390618104175, 220.01503596840528581265
2023/11/09 18:00:50, 0.00453535528156127498, 220.48989283497866293295
2023/11/09 19:18:06, 0.00453480413367653053, 220.51669058289925611699
2023/11/09 19:54:32, 0.0045290622938236107, 220.79625651511210981449
2023/11/09 20:04:56, 0.00466702384830349028, 214.26931434333895141156
2023/11/09 20:17:10, 0.00466637523056170664, 214.29909739162291378947
2023/11/09 20:40:21, 0.00465592596178984272, 214.78004766544386704778
2023/11/09 21:45:42, 0.00461578910615989752, 216.64767973594644848628
2023/11/10 01:34:19, 0.00460020497195154583, 217.38161801424465862079
2023/11/10 03:57:43, 0.0045937821834869738, 217.68554974039630911193
2023/11/10 04:46:37, 0.00459127151341357784, 217.80458791828390174393
2023/11/10 06:53:35, 0.004591271513415259, 217.80458791820414910515
2023/11/10 07:48:08, 0.00459127151341597806, 217.80458791817003790602
2023/11/10 09:17:57, 0.00459127151341602261, 217.8045879181679244707
2023/11/10 09:19:45, 0.00458862936850157646, 217.93000037537384338577
2023/11/10 14:44:45, 0.00458704399925074305, 218.00532110948619696208
2023/11/10 16:42:12, 0.00458721676551892822, 217.99711047377878768292
2023/11/10 17:02:41, 0.0045872167655189582, 217.99711047377736288128
2023/11/10 17:06:15, 0.0045785261396567237, 218.41089675966670041731
2023/11/10 17:12:51, 0.00457852613965679982, 218.41089675966306879337
2023/11/10 19:29:57, 0.00461309554450433139, 216.77417914990272654479
2023/11/10 19:35:39, 0.00461309554450437079, 216.7741791499008755236
2023/11/10 19:38:46, 0.00459722500459789665, 217.52252695916643250995
2023/11/10 19:40:20, 0.00455373837541610448, 219.59979198599075056171
2023/11/10 21:08:54, 0.00454826942077017146, 219.86384435218156944647
2023/11/11 01:13:37, 0.00440427075239368639, 227.05234446735771021436
2023/11/11 01:14:44, 0.00445854604774022207, 224.28836425427116458528
2023/11/11 01:14:44, 0.00448923781118470542, 222.75496243673065478049
2023/11/11 01:44:12, 0.00448923781118474998, 222.75496243672844399596
2023/11/11 03:08:50, 0.00448745656816719803, 222.84338239476884567026
2023/11/11 08:42:58, 0.00443776630945206712, 225.33858934168852653533
2023/11/11 09:45:43, 0.00443776630945405218, 225.33858934158773038949
2023/11/11 10:09:51, 0.00445302413752555443, 224.56648989908183092002
2023/11/11 10:12:18, 0.00445302413752557085, 224.56648989908100265945
2023/11/11 10:47:10, 0.00445631126464054994, 224.40084200012920258193
2023/11/11 11:44:18, 0.00445631126464055251, 224.40084200012907318818
2023/11/11 13:12:22, 0.00445631126465252944, 224.4008419995259659638
2023/11/11 16:04:58, 0.0044902978362905627, 222.70237664816027069201
2023/11/11 16:29:42, 0.00448680025222484984, 222.87597926922073571042
2023/11/11 17:46:40, 0.0044737795484710331, 223.52464826787493120347
2023/11/11 19:15:54, 0.0044703528190588599, 223.69599010991022118131
2023/11/11 19:36:47, 0.00447205173599486942, 223.61100877951633200971
2023/11/11 19:43:42, 0.0044720473747804915, 223.61122684866113821126
2023/11/11 20:23:10, 0.00447204737479619029, 223.61122684787616744455
2023/11/11 21:02:20, 0.00447204737480543856, 223.61122684741373563256
2023/11/11 21:06:02, 0.00447116050792142485, 223.65558074426742799862
2023/11/11 22:20:40, 0.00447116050793364679, 223.65558074365606395403
2023/11/12 01:03:36, 0.0044788321631774618, 223.27248790911606700868
2023/11/12 01:09:03, 0.00451299422104343482, 221.58237990581632744232
2023/11/12 01:27:45, 0.00454715627890940783, 219.91766692475335059326
2023/11/12 01:30:35, 0.00458131833677538084, 218.27778086773658116852
2023/11/12 01:31:57, 0.00454845101841331963, 219.85506625260740268748
2023/11/12 02:15:26, 0.00455180591941146607, 219.69302244092533666329
2023/11/12 02:25:23, 0.00455239246349801266, 219.66471652393740240885
2023/11/12 02:29:17, 0.00455919768978144554, 219.33683688279308698088
2023/11/12 02:46:57, 0.00456183598579474033, 219.20998543435905310868
2023/11/12 03:02:24, 0.00456134349166651161, 219.23365381865696100158
2023/11/12 06:42:37, 0.00456679848853778596, 218.97178132775103310232
2023/11/12 07:53:17, 0.00454804446318005348, 219.87471936472376384915
2023/11/12 07:54:07, 0.00453346147002605, 220.58200044529193681803
2023/11/12 09:03:43, 0.00452477205881611573, 221.00560801766554884937
2023/11/12 10:55:30, 0.00452094093703839405, 221.19289190605665907208
2023/11/12 12:05:37, 0.00451110995181486442, 221.67493381483420731863
2023/11/12 13:42:13, 0.00452433043642822851, 221.0271804968910676369
2023/11/12 14:52:13, 0.00452619225860580582, 220.93626228507316031557
2023/11/12 15:42:14, 0.0045237424407833173, 221.05590959038841334744
2023/11/12 16:43:45, 0.00460898039234904757, 216.96772710511195893247
2023/11/12 16:44:03, 0.00454692900323674033, 219.92865938486130737306
2023/11/12 16:44:03, 0.00452275289710936341, 221.10427492935378059584
2023/11/12 16:44:03, 0.00455665715340201828, 219.459126797239076635
2023/11/12 16:47:26, 0.00454187906838573349, 220.17318932170913246959
2023/11/12 17:21:33, 0.00453958033200676102, 220.28467983029199782165
2023/11/12 17:35:44, 0.00452107595060327562, 221.18628638976164623986
2023/11/12 17:48:35, 0.00452044380265328982, 221.2172175247586549202
2023/11/12 18:03:58, 0.00451923967777238806, 221.27615955366133952317
2023/11/12 18:03:58, 0.00451923967776923079, 221.27615955381592959858
2023/11/12 18:29:41, 0.00458699593617203467, 218.00760539468137303553
2023/11/12 19:04:58, 0.00461060219021794215, 216.891407834240025887
2023/11/12 19:23:31, 0.00464475625195670662, 215.29655072399715577646
2023/11/12 19:28:25, 0.00464475625197163923, 215.29655072330499018291
2023/11/12 19:50:26, 0.00470465103923659234, 212.55561606164664370769
2023/11/12 19:54:20, 0.00469372715472425992, 213.0503045950370136139
2023/11/12 20:04:01, 0.004677601607362795, 213.78477346722870525793
2023/11/12 20:53:57, 0.00463801652053562227, 215.60940880057813988287
2023/11/12 22:07:07, 0.00463609088655323341, 215.69896373266831755983
2023/11/12 22:23:59, 0.0046306882415112048, 215.95062069513329739855
2023/11/13 04:52:30, 0.00466492023536935456, 214.36593758195802516025
2023/11/13 10:05:49, 0.0046664390772601187, 214.29616532937703247683
2023/11/13 10:36:37, 0.00467556744620806316, 213.87778307230089165289
2023/11/13 11:05:39, 0.00465955564615125476, 214.61273905506199034268
2023/11/13 11:47:00, 0.00465955564615608977, 214.6127390548392962803
2023/11/13 12:05:28, 0.00465955564615611631, 214.61273905483807397767
2023/11/13 12:13:37, 0.0046572775389062247, 214.71771687346185862388
2023/11/13 13:55:47, 0.00464138666352545569, 215.45285331613171667641
2023/11/13 14:05:26, 0.00462557702080442187, 216.18924417479327654008
2023/11/13 14:08:44, 0.00462568952276086903, 216.18398620994007576697
2023/11/13 14:24:02, 0.00462227876885427735, 216.34350717619518590613
2023/11/13 14:48:27, 0.00454454068040221445, 220.04423996299116133982
2023/11/13 14:48:27, 0.00458267209885743886, 218.21329967058346500138
2023/11/13 15:23:46, 0.0046678635406822396, 214.2307698767567839456
2023/11/13 15:26:22, 0.00467556914774153774, 213.87770523788205017188
2023/11/13 15:26:24, 0.00474261719063182061, 210.85404109260989503585
2023/11/13 15:45:47, 0.00473216110304397995, 211.31993992274403735912
2023/11/13 16:12:46, 0.00471589258516141829, 212.0489349453177641245
2023/11/13 16:30:04, 0.00471413396176467348, 212.12804050771252857896
2023/11/13 16:53:13, 0.00473931514617026139, 211.0009503816344617284
2023/11/13 17:03:41, 0.0047356377960370644, 211.16479829534946642061
2023/11/13 18:46:35, 0.00474055489039863733, 210.94576966619811494088
2023/11/13 18:56:15, 0.00477511544208581755, 209.41902078145154337175
2023/11/13 19:32:01, 0.00474549466989061179, 210.72618758689933611205
2023/11/13 20:09:21, 0.00474376319988581547, 210.80310248708671917231
2023/11/14 09:43:09, 0.00469078966683616801, 213.18372193705233407393
2023/11/14 10:23:50, 0.00468390843009087458, 213.49691500706783835972
2023/11/14 12:08:46, 0.00468390843009093983, 213.49691500706486417387
2023/11/14 12:48:13, 0.00479419872177664566, 208.58542960635090264532
2023/11/14 13:08:03, 0.00476936650579139576, 209.67145191834379737244
2023/11/14 14:21:41, 0.00471270981453088628, 212.19214408590575301489
2023/11/14 14:28:50, 0.00471270981454469478, 212.19214408528401848549
2023/11/14 14:33:15, 0.00469896307168863074, 212.81290887877473358194
2023/11/14 15:31:46, 0.00469825023539545733, 212.8451976581083078489
2023/11/14 18:25:46, 0.00469690508195646631, 212.90615470207805032436
2023/11/14 19:20:09, 0.00469230054949950423, 213.11507851019116722555
2023/11/14 19:41:19, 0.00470604844870488649, 212.49250000288499111853
2023/11/14 20:21:50, 0.00471437567330060048, 212.11716445581562786488
2023/11/14 20:22:40, 0.00470067189383695734, 212.73554559532186079624
2023/11/14 20:47:19, 0.00470067189383698831, 212.73554559532045905806
2023/11/14 21:14:26, 0.00470067189384866866, 212.73554559479184860266
2023/11/15 04:13:32, 0.00470205134194561021, 212.67313503774311770771
2023/11/15 04:16:09, 0.00473143945131699966, 211.35217100192400503873
2023/11/15 04:16:09, 0.00470320164672623295, 212.62111963582765288012
2023/11/15 05:57:33, 0.00470402927131723722, 212.58371118085683681998
2023/11/15 10:34:20, 0.00472034288706711737, 211.8490168881202403793
2023/11/15 13:34:02, 0.00470424133163050573, 212.57412821833200168344
2023/11/15 18:05:37, 0.00469615054926108744, 212.94036243308773587423
2023/11/15 18:24:53, 0.00464091524369610981, 215.47473881543712558457
2023/11/15 20:01:42, 0.0046758735794366287, 213.86378032069992699564
2023/11/15 20:21:33, 0.00467480392462542682, 213.91271508357988858488
2023/11/15 21:40:39, 0.00467214592416579795, 214.03441078920238241129
2023/11/16 00:42:31, 0.00464818398782855142, 215.13778340498966226746
2023/11/16 02:03:42, 0.00470155397616751851, 212.69563320320573604145
2023/11/16 03:48:41, 0.0047015539761675826, 212.69563320320283647034
2023/11/16 04:54:26, 0.0047015539761765236, 212.69563320279835100784
2023/11/16 05:32:56, 0.00470781592331264088, 212.41272307358035558773
2023/11/16 08:36:11, 0.00470070587164447895, 212.73400789276853913727
2023/11/16 10:55:30, 0.00465384344306430054, 214.87615821935661665879
2023/11/16 11:55:59, 0.00463791857082332838, 215.61396232587992695188
2023/11/16 12:17:53, 0.00463664001936470517, 215.6734177817445069314
2023/11/16 15:21:02, 0.00465260623771654066, 214.93329736212352358934
2023/11/16 15:35:04, 0.0046349915772311768, 215.75012237613901839463
2023/11/16 15:50:25, 0.00462895231838663093, 216.03160525717808886691
2023/11/16 15:56:56, 0.0046448787081057357, 215.29087471216612634128
2023/11/16 20:53:12, 0.00465944322793856791, 214.61791700859938620019
2023/11/16 22:29:57, 0.00465944322793861379, 214.61791700859727301304
2023/11/17 00:11:36, 0.00465617021880456898, 214.76878056591781203815
2023/11/17 04:57:32, 0.00465617021880460818, 214.76878056591600366798
2023/11/17 05:07:07, 0.00465617021880657776, 214.76878056582515577458
2023/11/17 10:58:39, 0.00465495589328927054, 214.82480670582317622314
2023/11/17 14:38:14, 0.00478684913118237589, 208.90568568075905795765
2023/11/17 14:39:03, 0.00473237828798169807, 211.31024173185611262304
2023/11/17 14:44:32, 0.00473237828798175567, 211.31024173185354075126
2023/11/17 16:43:02, 0.0047323782879817973, 211.31024173185168172709
2023/11/17 17:22:56, 0.00470157052070709408, 212.69488474026009219494
2023/11/17 20:40:13, 0.00470046637955308516, 212.74484684115086251925
2023/11/17 21:13:04, 0.00469925216820112202, 212.79981669568519964741
2023/11/18 00:24:44, 0.00469874766107887728, 212.8226651291145229964
2023/11/18 04:04:44, 0.00469874766107887897, 212.82266512911444632088
2023/11/18 05:15:59, 0.00468726033698333501, 213.34424122121369155269
2023/11/18 07:05:57, 0.00469491298361407047, 212.99649290415935780243
2023/11/18 08:09:11, 0.00472754719172043936, 211.52618037348074220348
2023/11/18 09:27:33, 0.00473245204607018574, 211.30694833567242569438
2023/11/18 09:28:47, 0.00473572770761292192, 211.16078916286707089088
2023/11/18 11:24:32, 0.00473572770761717644, 211.16078916267736658293
2023/11/18 11:26:41, 0.00473287720591027107, 211.28796638780969086718
2023/11/18 12:47:33, 0.0047262961083363553, 211.5821728215834449081
2023/11/18 13:56:14, 0.00474928517494572196, 210.55800255486420137286
2023/11/18 14:03:46, 0.00478332322807753423, 209.05967510832632349652
2023/11/18 15:23:28, 0.00481637882574304788, 207.6248642766850435371
2023/11/18 15:36:47, 0.00480047018787143109, 208.31292787246918023109
2023/11/18 16:28:11, 0.00480047018787144774, 208.31292787246845770951
2023/11/18 17:15:15, 0.00482738715027836406, 207.15139864892263639636
2023/11/18 17:54:13, 0.00479944628355486311, 208.35736893784298701005
2023/11/18 18:00:20, 0.00483145443827957872, 206.9770113274808518589
2023/11/18 18:32:40, 0.00488599452055421936, 204.66662330324713417164
2023/11/18 18:40:06, 0.0048697407872289741, 205.34973907082012177851
2023/11/18 19:20:25, 0.00486974078722899082, 205.34973907081941670022
2023/11/18 19:45:44, 0.00486789557120972086, 205.42757858535777374279
2023/11/18 20:34:07, 0.00486416063033776403, 205.58531594598278610999
2023/11/18 20:36:17, 0.0048356967296737017, 206.7954331924113441698
2023/11/18 21:40:24, 0.00483468460896429599, 206.83872493892082363216
2023/11/18 22:14:12, 0.004839512303897612, 206.63239128344133180873
2023/11/18 22:24:06, 0.00483925497967641954, 206.64337882581788636423
2023/11/18 23:04:28, 0.00483925497967647742, 206.64337882581541503556
2023/11/18 23:08:13, 0.00487248508387296836, 205.23408133353071170142
2023/11/19 00:31:58, 0.00487411294357357184, 205.16553710936911809935
2023/11/19 02:05:33, 0.00487574093971406753, 205.0970329155026644976
2023/11/19 03:38:13, 0.0049885459718123999, 200.45921309545188832409
2023/11/19 03:38:33, 0.00495231902089313651, 201.92560208281026130104
2023/11/19 03:39:13, 0.00494311022663199943, 202.30178048879005312641
2023/11/19 03:46:39, 0.00491834501577818594, 203.32042522270652536519
2023/11/19 05:18:03, 0.00492168979643214774, 203.18224865064113632042
2023/11/19 05:56:19, 0.00492168979643219549, 203.18224865063916537929
2023/11/19 06:35:54, 0.00493824505030276986, 202.50108891187746410117
2023/11/19 10:10:19, 0.00492998183243055829, 202.84050408092159857679
2023/11/19 10:47:46, 0.00492998183244471184, 202.8405040803392610142
2023/11/19 10:57:34, 0.00492764523891325991, 202.9366871022028837182
2023/11/19 11:50:58, 0.004961180341002353, 201.56493641953777114408
2023/11/19 12:10:23, 0.0049948289966313869, 200.20705427041047982814
2023/11/19 12:17:03, 0.00498919833199485171, 200.43300214929837891242
2023/11/19 12:26:16, 0.00497243392811002746, 201.10875568337416317712
2023/11/19 13:09:37, 0.00496837015182424968, 201.27324845811404371975
2023/11/19 14:05:43, 0.00506095253444795703, 197.59126235493905243641
2023/11/19 14:06:41, 0.00497651722090284009, 200.94374350795071343846
2023/11/19 14:13:21, 0.00502731356866478741, 198.91339307597470322896
2023/11/19 14:35:01, 0.00500381588078548107, 199.84748116731736867345
2023/11/19 15:40:24, 0.00504147519560611685, 198.35464049719953250846
2023/11/19 16:27:35, 0.00501297000542738357, 199.48254206933848156377
2023/11/19 18:47:52, 0.00498048407792026939, 200.78369579239293498203
2023/11/19 18:50:20, 0.00498879294830027404, 200.44928910924412286646
2023/11/19 21:56:14, 0.00498050958666080623, 200.78266743593444873442
2023/11/20 04:27:48, 0.00496400465567506509, 201.45025425323819837459
2023/11/20 08:09:41, 0.00496400465567680579, 201.45025425316755709796
2023/11/20 09:00:37, 0.00503917437200756095, 198.44520672969075117216
2023/11/20 09:09:04, 0.00497247219189969012, 201.10720812657951220085
2023/11/20 10:45:30, 0.00499008467518955195, 200.39740106454491815738
2023/11/20 12:17:39, 0.00494703084664677066, 202.14145231736863903404
2023/11/20 12:52:06, 0.00494047498068858329, 202.40968811881809605783
2023/11/20 12:54:59, 0.00493685750173905922, 202.55800367900828327799
2023/11/20 13:31:57, 0.00493272200229877524, 202.72782442107507716442
2023/11/20 15:08:13, 0.00492280669984063836, 203.13614995940671598125
2023/11/20 15:11:33, 0.00494736537187524089, 202.12778415048850824559
2023/11/20 15:18:31, 0.00496393785275315918, 201.452965299589300558
2023/11/20 15:38:08, 0.00496642610867490997, 201.35203426328828883401
2023/11/20 15:40:32, 0.00496891498714328413, 201.2511790979377246451
2023/11/20 15:47:18, 0.00496891498714333543, 201.25117909793564685869
2023/11/20 18:10:26, 0.00496891498715025886, 201.25117909765523366439
2023/11/20 19:55:01, 0.00498556810015685945, 200.57894705490780420669
2023/11/20 19:57:00, 0.0049855681001568751, 200.57894705490717441539
2023/11/20 23:58:32, 0.00498556810015679672, 200.5789470549103280607
2023/11/21 00:07:12, 0.00497223232734972401, 201.11690970261144583574
2023/11/21 00:16:52, 0.00498552806612920859, 200.5805577133989537982
2023/11/21 01:14:26, 0.00501896010156213869, 199.24446095691267195132
2023/11/21 03:27:08, 0.00501863618007554215, 199.25732093712911337585
2023/11/21 07:47:43, 0.00501763233659315086, 199.29718499043623490977
2023/11/21 09:14:45, 0.00508662973689361072, 196.59382572058349848831
2023/11/21 10:01:00, 0.00506787413009117623, 197.32139637454037949359
2023/11/21 11:29:47, 0.00506719790040507375, 197.34772938709569943212
2023/11/21 14:34:31, 0.00506719790041534715, 197.34772938669559016605
2023/11/21 14:36:52, 0.00508033197688359712, 196.83753041143288572748
2023/11/21 14:55:46, 0.00505488027485716343, 197.82862216815949454958
2023/11/21 15:12:37, 0.00505488027485720974, 197.8286221681576822629
2023/11/21 15:39:51, 0.00503797614026881189, 198.49240491771024587929
2023/11/21 17:32:46, 0.00503745727803037246, 198.51284979849920932665
2023/11/21 17:38:12, 0.00503701581718252326, 198.53024812603315526193
2023/11/21 22:20:52, 0.0050398240697578779, 198.41962460567433578228
2023/11/21 23:02:11, 0.00504895061387116403, 198.06095889562950993709
2023/11/21 23:14:00, 0.0050489506138762923, 198.06095889542833739387
2023/11/21 23:14:44, 0.0050489506138762923, 198.06095889542833739387
2023/11/21 23:16:04, 0.00504895061388708476, 198.06095889500496933361
2023/11/21 23:17:05, 0.00504727255211547788, 198.12680802840082812408
2023/11/21 23:56:38, 0.00506403605627527445, 197.47094785409665603071
2023/11/22 01:10:51, 0.00506739208382039346, 197.3401669850821798877
2023/11/22 01:44:39, 0.00506739208382637923, 197.34016698484907522338
2023/11/22 01:45:16, 0.00506624999236393636, 197.38465364070896162824
2023/11/22 02:19:39, 0.00505859068722520148, 197.68351737280644305134
2023/11/22 03:54:25, 0.00506698268620693199, 197.35611150244232498377
2023/11/22 07:04:59, 0.00534103604333020168, 187.22959214042069977043
2023/11/22 07:04:59, 0.0052344793264823315, 191.04096847623215222884
2023/11/22 07:07:30, 0.00529235568682069522, 188.9517748193404741278
2023/11/22 07:11:46, 0.0052382867376574772, 190.90211171738806893567
2023/11/22 07:11:46, 0.00525970823184806643, 190.12461450711251385561
2023/11/22 07:39:22, 0.0052319126459684345, 191.13468967616881380342
2023/11/22 09:08:24, 0.00523737341279390292, 190.93540238265062369719
2023/11/22 09:48:49, 0.00523959575966700544, 190.85441813998900616202
2023/11/22 10:16:08, 0.00525838884780550902, 190.17231873548709459655
2023/11/22 10:42:58, 0.00525838884781996713, 190.17231873496420988831
2023/11/22 12:09:26, 0.0052721240890870442, 189.67687085930608279282
2023/11/22 12:12:31, 0.00527212408908710498, 189.67687085930389610055
2023/11/22 12:40:18, 0.00526322849785480874, 189.99745126163169073363
2023/11/22 14:42:45, 0.00531823017102431155, 188.03247844524866810548
2023/11/22 14:46:07, 0.0053274343378583484, 187.70761619598005520497
2023/11/22 15:17:48, 0.00529902527396887051, 188.71395177381721787099
2023/11/22 16:09:11, 0.00528992199367872415, 189.03870438826239706952
2023/11/22 16:26:59, 0.00527178568968105424, 189.68904634294807923258
2023/11/22 18:27:09, 0.00525293851554566122, 190.36963730692413631759
2023/11/22 19:00:44, 0.00525379486287251702, 190.33860782551549970073
2023/11/22 20:34:08, 0.00533451614461574378, 187.45842601101211321973
2023/11/22 20:37:56, 0.00533451614461579511, 187.45842601101030950452
2023/11/22 20:57:14, 0.00532004933265341092, 187.9681817727135951427
2023/11/22 21:08:22, 0.00532004933265378997, 187.96818177270020254771
2023/11/22 21:27:25, 0.00526551491003095576, 189.91494983614452233876
2023/11/22 21:32:24, 0.0052678136386494129, 189.83207618870601365897
2023/11/22 21:39:53, 0.00527795467513830922, 189.4673337591317833981
2023/11/22 22:23:28, 0.00529487804890775966, 188.86176239815049874685
2023/11/22 22:36:06, 0.00529487804890776642, 188.86176239815025729281
2023/11/22 23:30:04, 0.00536930560353623626, 186.24382254222926721467
2023/11/22 23:37:12, 0.00535293797518949617, 186.81329853529632868988
2023/11/22 23:48:07, 0.00527906943529444919, 189.42732469367932792576
2023/11/23 01:06:16, 0.00527891768156024708, 189.43277018565632816238
2023/11/23 01:09:29, 0.00529609875948274724, 188.81823119508193435394
2023/11/23 03:06:46, 0.00526506605364157232, 189.93114042859006813995
2023/11/23 07:07:27, 0.00527212790600171684, 189.67673353706270179666
2023/11/23 07:10:02, 0.00525776641815151559, 190.19483188672580491028
2023/11/23 10:00:45, 0.00524431569210169825, 190.68264740546971413345
2023/11/23 10:27:41, 0.00524431569210177557, 190.68264740546690277383
2023/11/23 10:49:41, 0.00517121823904636226, 193.37803081859731917748
2023/11/23 11:46:08, 0.00518331562142414389, 192.92670426371693972158
2023/11/23 12:37:39, 0.00518064292205519891, 193.02623536217251804633
2023/11/23 14:39:52, 0.00518064292205520065, 193.02623536217245330542
2023/11/23 15:21:27, 0.00515512205420798372, 193.98182807014775248939
2023/11/23 17:33:16, 0.00515512205421366766, 193.98182806993387194227
2023/11/23 17:35:05, 0.0051938143438645961, 192.53672422490237213854
2023/11/23 17:58:32, 0.00519996165192965431, 192.30911051601888177802
2023/11/23 22:08:47, 0.0051720545272622642, 193.346762824894724072
2023/11/23 22:49:09, 0.00512014932323043365, 195.30680393693563782258
2023/11/23 23:13:43, 0.00508313319401878937, 196.72905702661459399888
2023/11/23 23:14:25, 0.00502975358810492429, 198.81689678892859491159
2023/11/23 23:31:23, 0.00506480003338798739, 197.44116123200067088097
2023/11/23 23:31:54, 0.00507471288452944751, 197.05548328626772127207
2023/11/24 00:44:30, 0.00507471288452948263, 197.05548328626635737854
2023/11/24 01:09:33, 0.00510003600069223588, 196.07704727266012089813
2023/11/24 06:03:39, 0.00509159929676523848, 196.40194400908835284654
2023/11/24 06:24:57, 0.00508340461146623371, 196.71855310206452859197
2023/11/24 06:26:39, 0.00507500914600407723, 197.04397986895699025162
2023/11/24 06:28:18, 0.00509187157684589374, 196.39144171413676465418
2023/11/24 09:01:25, 0.005091871576849054, 196.39144171401487468398
2023/11/24 09:03:54, 0.00510563582543315127, 195.8619913740444129067
2023/11/24 09:35:03, 0.00510397150910689721, 195.92585856243972848091
2023/11/24 11:11:23, 0.00510064369200903745, 196.05368662913225410646
2023/11/24 11:32:49, 0.00512493957263468917, 195.12425187208758585555
2023/11/24 11:32:49, 0.00530023349745675317, 188.67093317300770844078
2023/11/24 11:33:25, 0.00525317608744691094, 190.36102794833375881509
2023/11/24 14:32:05, 0.00526205609575404429, 190.03978327158095151694
2023/11/24 19:02:18, 0.00524843103831680176, 190.53313127282797079345
2023/11/24 19:21:11, 0.00525179645558443576, 190.41103524426614171572
2023/11/24 19:21:56, 0.00524258573626412462, 190.74556913447860470608
2023/11/24 19:34:23, 0.00524597993766174861, 190.62215484676872746556
2023/11/24 19:43:31, 0.00515891653780044384, 193.83915065746733297848
2023/11/24 19:47:08, 0.00518433488142855499, 192.88877413807184052565
2023/11/24 19:50:46, 0.00518433488142863915, 192.88877413806870929983
2023/11/24 19:56:47, 0.00517568461664344555, 193.21115447882984793189
2023/11/24 20:00:49, 0.00520177904338656039, 192.24192178469793728316
2023/11/24 20:16:22, 0.00522807121068910749, 191.27512990937070163838
2023/11/24 20:49:52, 0.00523687956533438999, 190.95340794535669097083
2023/11/24 23:49:40, 0.00525456314343829183, 190.31077802324324294046
2023/11/25 00:02:50, 0.00525456314344703915, 190.31077802292643050684
2023/11/25 01:03:18, 0.00525474046319543114, 190.30435603890806330743
2023/11/25 01:23:33, 0.00522636985882725107, 191.33739612993840566755
2023/11/25 02:09:51, 0.00522636985882728266, 191.33739612993724895541
2023/11/25 02:50:03, 0.00522636985882732375, 191.33739612993574490983
2023/11/25 05:00:55, 0.00522429619069038519, 191.41334325224218618367
2023/11/25 05:05:14, 0.00521205651802185272, 191.86284656397643350331
2023/11/25 05:26:27, 0.00520507971192122068, 192.12001647346435175886
2023/11/25 06:04:16, 0.00520340091757291453, 192.1820009338127536001
2023/11/25 06:34:21, 0.00530092376440642123, 188.64636513254524762759
2023/11/25 06:37:58, 0.00529762658628041722, 188.76377632764080730262
2023/11/25 06:41:30, 0.00535746143112626016, 186.65556679327829912144
2023/11/25 07:10:51, 0.00533027156945796398, 187.6077019658662781558
2023/11/25 10:16:10, 0.00532687420199952497, 187.72735418167646394409
2023/11/25 10:40:03, 0.00532327190972279664, 187.85439048746128556509
2023/11/25 12:09:17, 0.00531465573401188452, 188.15894199888805451719
2023/11/25 15:50:02, 0.00531255776491409998, 188.23324738308407653418
2023/11/25 16:56:41, 0.00531428276297849201, 188.17214751281521220344
2023/11/25 18:29:15, 0.00531126267589288297, 188.27914584960510492956
2023/11/25 18:34:10, 0.00533327024054915317, 187.50221813193410613773
2023/11/25 19:52:37, 0.00532444641204985866, 187.81295229807937795264
2023/11/25 20:26:49, 0.0053125948149518825, 188.23193464436215417234
2023/11/25 20:48:56, 0.00522408927999389632, 191.42092456757713990381
2023/11/25 22:24:30, 0.00525048634093700674, 190.45854708795205755388
2023/11/25 22:58:38, 0.00527352594317422182, 189.62644931980434833095
2023/11/25 23:05:02, 0.0052745344821164298, 189.59019101885663836801
2023/11/26 00:05:53, 0.00531731773884703506, 188.06474412733365389207
2023/11/26 00:07:14, 0.00536027354837296282, 186.55764318288125822134
2023/11/26 00:45:02, 0.00535623457380546165, 186.6983206617716706481
2023/11/26 01:43:53, 0.00539388779137536101, 185.39503205813165444519
2023/11/26 04:37:27, 0.0053918147449985291, 185.46631278969745139045
2023/11/26 06:02:05, 0.00539181474499778948, 185.46631278972289260976
2023/11/26 09:05:51, 0.00539011143315367071, 185.52492140499505220804
2023/11/26 09:26:26, 0.00535707540674198357, 186.66901696800469780151
2023/11/26 09:26:26, 0.005397767303812024, 185.26178394051511521474
2023/11/26 09:53:31, 0.00537320511851290063, 186.10865916035642979132
2023/11/26 10:59:24, 0.00535968235253379086, 186.57822128717195478129
2023/11/26 15:54:35, 0.00535968235254562981, 186.57822128675982409076
2023/11/26 16:21:33, 0.0053226983226356122, 187.87463413948196919685
2023/11/26 16:21:33, 0.00536678118819544345, 186.33142752299271564843
2023/11/26 16:46:25, 0.00562655381099538465, 177.72868323871794554308
2023/11/26 16:46:45, 0.00557005884932623512, 179.53131682279477096631
2023/11/26 16:48:03, 0.00554945990708236896, 180.19771594777597903999
2023/11/26 17:31:28, 0.00555048841073889791, 180.16432537094099739881
2023/11/26 17:50:58, 0.00555528935387097176, 180.00862534787529908683
2023/11/26 17:54:45, 0.00555528935387100975, 180.00862534787406805491
2023/11/26 18:36:45, 0.00556485349427411689, 179.69925012921488442734
2023/11/26 19:08:38, 0.00557171850916137839, 179.47783944141032968983
2023/11/26 19:12:36, 0.0055768700427168516, 179.31205001019456610136
2023/11/26 20:25:37, 0.00557841596589260139, 179.26235800882772115365
2023/11/26 20:39:16, 0.00557841596590644134, 179.26235800838297425933
2023/11/26 20:57:08, 0.00555523553777863188, 180.01036917326988712219
2023/11/26 21:09:34, 0.00565545145565495636, 176.82054347758348141137
2023/11/26 21:10:15, 0.00561455633267602007, 178.10846320663384962635
2023/11/26 21:10:15, 0.00557696022392808795, 179.30915047761590215792
2023/11/26 21:15:03, 0.00552770824002499392, 180.90679836522602536089
2023/11/26 21:19:00, 0.00551647989314284379, 181.27501946359509545698
2023/11/26 21:23:22, 0.00546802605232203481, 182.88135250843275223787
2023/11/26 22:34:03, 0.00542338251839002066, 184.38677275835208728152
2023/11/26 22:52:59, 0.00542719959853141273, 184.25708910182658755467
2023/11/26 23:05:49, 0.00545595647355421193, 183.28591968193672148115
2023/11/26 23:15:35, 0.00552992838941692099, 180.83416810853867283732
2023/11/26 23:39:40, 0.00552876158608383393, 180.87233179253911171852
2023/11/27 01:39:20, 0.00546875410553998114, 182.85700558139478938869
2023/11/27 01:43:12, 0.00546875410554005047, 182.85700558139247110101
2023/11/27 02:00:52, 0.00546111853915570168, 183.11267056924234412043
2023/11/27 02:01:58, 0.00546111853914548677, 183.11267056958485268845
2023/11/27 03:12:29, 0.00545943961434747395, 183.16898265015841429855
2023/11/27 04:14:26, 0.00548843542287838504, 182.20128742547079824273
2023/11/27 04:37:09, 0.00552264632339761725, 181.07261291807376976029
2023/11/27 04:55:43, 0.00551432085216678065, 181.34599469435352275661
2023/11/27 05:11:16, 0.00551716246111627086, 181.25259262306968785156
2023/11/27 05:25:35, 0.00551175600244245135, 181.43038254176438821513
2023/11/27 08:55:50, 0.00554717426905843968, 180.27196397594642859979
2023/11/27 08:56:16, 0.00553263279244406846, 180.74577466368321055258
2023/11/27 08:57:06, 0.00550800102199463161, 181.55406943585978383177
2023/11/27 08:57:42, 0.00557283733829190368, 179.44180662314179245532
2023/11/27 09:12:23, 0.00552754514029965336, 180.91213633142561199498
2023/11/27 11:30:43, 0.00550404040539150264, 181.68471274673899422436
2023/11/27 11:31:03, 0.0054665794910987694, 182.92974640326731846137
2023/11/27 12:56:22, 0.00545155042248471963, 183.43405499388517112255
2023/11/27 13:32:24, 0.0054668920390725172, 182.91928811706596168598
2023/11/27 13:45:05, 0.00549918361469008934, 181.8451737688260037528
2023/11/27 14:16:31, 0.00550943085813571942, 181.50695157981887898254
2023/11/27 14:46:53, 0.00567121608355586643, 176.32902454547236026003
2023/11/27 14:54:34, 0.00562937114871000215, 177.63973516458492460505
2023/11/27 15:13:13, 0.00563282591504945584, 177.5307838518954239908
2023/11/27 15:35:31, 0.00563184113471275198, 177.56182677745299783301
2023/11/27 17:14:48, 0.00563164028024504967, 177.56815958360305291573
2023/11/27 18:33:21, 0.00559704048411999309, 178.66585078975486147198
2023/11/27 20:56:29, 0.00557781236664221608, 179.28175676550937835769
2023/11/27 20:57:21, 0.0055778123666422395, 179.2817567655086255134
2023/11/27 21:11:34, 0.0055778123666422403, 179.28175676550859994046
2023/11/27 21:38:20, 0.00557722058282521006, 179.30077986864160083248
2023/11/27 22:31:31, 0.00568082556313871007, 176.03075272874432418775
2023/11/27 22:33:18, 0.0056808255631387289, 176.03075272874374076412
2023/11/27 22:36:58, 0.00565164578010852879, 176.93960996628436212076
2023/11/28 01:50:26, 0.00565164578010855366, 176.93960996628358367867
2023/11/28 03:03:10, 0.00562461841199047555, 177.78983866144862146025
2023/11/28 03:06:50, 0.00562461841199048748, 177.78983866144824419872
2023/11/28 03:57:17, 0.00562717725312868623, 177.70899245158917337214
2023/11/28 05:56:30, 0.00562717725313579783, 177.70899245136458542635
2023/11/28 06:00:01, 0.00552399624239734305, 181.0283635468247368967
2023/11/28 06:09:32, 0.00559233825352288668, 178.81607919014040603947
2023/11/28 06:17:40, 0.00562651004496974332, 177.73006570814315890236
2023/11/28 08:37:11, 0.00562651004496975261, 177.73006570814286552522
2023/11/28 13:32:52, 0.00553147413417468961, 180.78363484008275357855
2023/11/28 13:38:06, 0.0055560239956630382, 179.98482382016119904841
2023/11/28 13:53:14, 0.00556963231743063311, 179.54506563573610313978
2023/11/28 14:36:16, 0.00555449532909989494, 180.034357894050085865
2023/11/28 16:26:19, 0.00555449532909992415, 180.03435789404913915468
2023/11/28 17:05:38, 0.00557341364206532317, 179.42325192813663117512
2023/11/28 17:13:40, 0.00557060419909287769, 179.51374110600801961935
2023/11/28 21:20:46, 0.00556210094839785401, 179.7881788334041132842
2023/11/28 22:07:31, 0.0053319897658687523, 187.54724669601234669614
2023/11/28 22:08:43, 0.0053319897658711309, 187.54724669592868158144
2023/11/28 22:08:43, 0.00537843336998527597, 185.92774720991618533328
2023/11/28 22:10:43, 0.00541459107288685707, 184.68615386440207574268
2023/11/28 22:13:27, 0.00536371878488187808, 186.43781303721395446394
2023/11/28 22:16:21, 0.00536126713489736312, 186.52306905038115501808
2023/11/28 22:17:47, 0.00539725113120966853, 185.27950167400737881178
2023/11/28 22:34:39, 0.00538837634218876877, 185.58466159284599800682
2023/11/28 22:38:52, 0.00540073219694013996, 185.1600789549542794465
2023/11/28 23:35:14, 0.00543711462858944767, 183.92108099796128630497
2023/11/29 02:56:01, 0.00541905256988813797, 184.53410205995517016997
2023/11/29 04:42:36, 0.00541905256988821039, 184.5341020599527042332
2023/11/29 04:57:36, 0.00541452770820499741, 184.6883151940718397182
2023/11/29 05:19:01, 0.00545290169961385096, 183.38859841739221718942
2023/11/29 07:33:06, 0.00545625467480640869, 183.27590253757365577793
2023/11/29 07:34:30, 0.00545625467480648569, 183.27590253757106938091
2023/11/29 08:12:20, 0.00545169145317836678, 183.42930970845651486714
2023/11/29 08:18:45, 0.00541539089905727501, 184.65887664251209240992
2023/11/29 08:37:57, 0.00544266406029729049, 183.73355197406355474446
2023/11/29 08:51:22, 0.0054261940135101816, 184.29123571884675294246
2023/11/29 11:41:25, 0.00543538144389231294, 183.97972806925824948142
2023/11/29 12:07:45, 0.00537005736834935086, 186.21774990597170629742
2023/11/29 12:58:22, 0.00539338549626235636, 185.41229821102257506081
2023/11/29 13:22:27, 0.00539277785601769034, 185.43318985114888155358
2023/11/29 13:25:42, 0.00538761931796738687, 185.61073843229050277739
2023/11/29 13:40:06, 0.00539260739892972168, 185.43905128314577386113
2023/11/29 13:45:34, 0.00461423411036488762, 216.72068995236162890667
2023/11/29 13:45:34, 0.00497159861065541994, 201.14254554998501053
2023/11/29 13:45:34, 0.00518680264792250597, 192.79700190647018736268
2023/11/29 13:45:34, 0.00525769375459158358, 190.19746046005293940133
2023/11/29 13:45:56, 0.00515086316785457738, 194.14221799576887325485
2023/11/29 13:57:53, 0.00501861159879841074, 199.25829690415305897224
2023/11/29 14:06:32, 0.00507890277620979306, 196.89292039298789517266
2023/11/29 14:07:04, 0.00510281429083191591, 195.97029070735968279272
2023/11/29 14:08:50, 0.00507897425920470415, 196.89014926344318945659
2023/11/29 15:34:08, 0.00507778776449335675, 196.93615534555063744494
2023/11/29 15:34:16, 0.00507778776449335675, 196.93615534555063744494
2023/11/29 15:35:31, 0.00507778776450426767, 196.93615534512746981637
2023/11/29 15:36:10, 0.00507622883736533616, 196.99663510816425495092
2023/11/29 16:33:38, 0.00508444016884632143, 196.67848706869605184391
2023/11/29 17:56:18, 0.00508068704733519348, 196.82377416347603534698
2023/11/29 20:30:04, 0.00503058755769530015, 198.78393697179526062174
2023/11/29 21:48:23, 0.00512012011081995341, 195.30791824331960958329
2023/11/29 21:54:21, 0.0051201201108199536, 195.30791824331960243135
2023/11/29 22:00:02, 0.00508230001601078965, 196.76130823636858956902
2023/11/29 22:56:59, 0.00508230001601082264, 196.76130823636731236164
2023/11/29 23:11:44, 0.00509741759373136802, 196.17776680289372851665
2023/11/30 00:20:27, 0.00509437405615795752, 196.29496950488429789137
2023/11/30 00:47:29, 0.00512478482481277889, 195.1301438371185628442
2023/11/30 07:18:25, 0.0051545414793983824, 194.00367695105172134962
2023/11/30 11:36:32, 0.00514745064389937333, 194.27092539200436779561
2023/11/30 16:18:50, 0.0051364566040471516, 194.68674167558881781108
2023/11/30 17:10:42, 0.00513528077137242687, 194.73131938076007193351
2023/11/30 18:37:24, 0.00513528077137244289, 194.73131938075946438864
2023/11/30 19:48:16, 0.00514297962035934406, 194.43981384669169816488
2023/11/30 19:50:03, 0.00515191173134767851, 194.10270442238573768932
2023/11/30 20:43:59, 0.00514782733465318934, 194.2567096740765681872
2023/11/30 20:50:03, 0.0050952376308236315, 196.2617001316095007625
2023/11/30 22:25:38, 0.0051268339428803579, 195.05215326677422873646
2023/11/30 23:24:53, 0.00512564189151883201, 195.09751581643946025448
2023/11/30 23:54:49, 0.005125641891518888, 195.09751581643732907532
2023/12/01 00:01:20, 0.00512098334920430114, 195.27499540793861209297
2023/12/01 05:58:08, 0.00511822880203752918, 195.38008922186272093277
2023/12/01 08:32:17, 0.00510115608411846795, 196.03399376727956907699
2023/12/01 09:58:31, 0.00510091856792884396, 196.04312177954173766023
2023/12/01 15:51:19, 0.00510062112408236189, 196.05455407745211251749
2023/12/01 16:03:09, 0.00511581245838061545, 195.47237279228663127887
2023/12/01 17:21:21, 0.00512324157107540511, 195.18892211637266919667
2023/12/01 17:46:02, 0.00514254644197553549, 194.45619233257617245763
2023/12/01 18:39:50, 0.00513607819711742179, 194.70108546268651183219
2023/12/01 18:41:14, 0.00513607819711590539, 194.7010854627439963598
2023/12/01 20:16:19, 0.00512847460188093305, 194.98975380188825106892
2023/12/01 20:40:07, 0.00511972102947510573, 195.32314246085474658561
2023/12/01 20:54:14, 0.00513452880694639978, 194.759838263468363961
2023/12/01 21:04:59, 0.00513452880694642106, 194.75983826346755670828
2023/12/01 21:09:13, 0.0051497996229321624, 194.18231255969255047737
2023/12/01 22:12:10, 0.00511971317067165628, 195.32344228354686980072
2023/12/02 00:11:23, 0.00514254548463808474, 194.45622853258568258019
2023/12/02 01:02:57, 0.00514254548464514569, 194.45622853231868515234
2023/12/02 01:40:44, 0.00511269752185264632, 195.59146531274515762436
2023/12/02 01:46:25, 0.00513553184071937939, 194.72179922458063307138
2023/12/02 01:52:03, 0.00514470840788633043, 194.37447581423636301502
2023/12/02 01:54:23, 0.00514012496614949884, 194.547799243314219763
2023/12/02 02:54:20, 0.00515544659333772994, 193.96961677234285988714
2023/12/02 03:02:02, 0.00520182445362267377, 192.2402435752279783575
2023/12/02 03:11:28, 0.005248830636975348, 190.51862579743143386169
2023/12/02 03:14:26, 0.00524679417117894806, 190.59257279294058089471
2023/12/02 03:40:43, 0.00523870435754230291, 190.88689335184056116571
2023/12/02 03:49:31, 0.0052230575721146647, 191.45873584447758056222
2023/12/02 04:00:12, 0.00522401409369162597, 191.42367958148737929013
2023/12/02 04:03:25, 0.00522401409369167531, 191.42367958148557137613
2023/12/02 04:29:16, 0.00521232360165618576, 191.85301535811317779717
2023/12/02 04:42:14, 0.00519370030516727719, 192.54095177672988417839
2023/12/02 08:52:16, 0.00519244342967920667, 192.58755796628501821899
2023/12/02 09:01:24, 0.00521579989572792606, 191.72514666811968832693
2023/12/02 09:56:02, 0.0052128715111216279, 191.83285025662083198494
2023/12/02 10:29:14, 0.00536321951724617406, 186.45516872549439864168
2023/12/02 10:29:14, 0.00526601900364644536, 189.89677008524880069827
2023/12/02 10:29:36, 0.00525896182053274218, 190.15159914180518299508
2023/12/02 10:31:15, 0.00525259042355380594, 190.38225320515632684473
2023/12/02 10:31:56, 0.00525259042354985797, 190.38225320529942272938
2023/12/02 10:45:18, 0.00522168446918189057, 191.50908215575794558643
2023/12/02 10:53:13, 0.00522168446919312634, 191.50908215534586557119
2023/12/02 11:01:36, 0.00522085896276582974, 191.53936299214540235359
2023/12/02 13:25:52, 0.00522085896276528267, 191.53936299216547278508
2023/12/02 14:13:51, 0.005220858962765336, 191.53936299216351630916
2023/12/02 14:28:47, 0.0052017260830405904, 192.24387905782711015972
2023/12/02 14:36:30, 0.00518724839551687868, 192.78043458729643171118
2023/12/02 15:08:26, 0.00524604946990502862, 190.61962830062740692596
2023/12/02 15:17:10, 0.00528308646570741504, 189.28329235022242870844
2023/12/02 15:48:51, 0.00528545368077735821, 189.19851736415652013555
2023/12/02 16:15:19, 0.00528535569509577163, 189.20202493237871163325
2023/12/02 16:42:39, 0.00524840548773225512, 190.53405883699787020271
2023/12/02 17:16:44, 0.00527959129131462047, 189.40860093566060417739
2023/12/02 17:34:05, 0.00527915308440475806, 189.42432318436041366135
2023/12/02 18:44:39, 0.00528542254650708399, 189.19963185551899205097
2023/12/02 19:19:03, 0.00528542254651410881, 189.19963185526752809043
2023/12/02 19:27:19, 0.00528542254652856082, 189.19963185475019686502
2023/12/02 20:21:22, 0.00526972420073541313, 189.76325172016509184965
2023/12/02 23:07:25, 0.00517698650167156474, 193.16256661614170038972
2023/12/02 23:10:26, 0.00512527806443742186, 195.11136516448993664446
2023/12/03 00:28:24, 0.00515554864146022759, 193.96577736812232263079
2023/12/03 04:31:03, 0.00517078456023451646, 193.3942496251760034174
2023/12/03 06:53:38, 0.00516977974852134265, 193.43183822986257960941
2023/12/03 09:20:41, 0.00520044580795368603, 192.29120674050215362214
2023/12/03 12:06:51, 0.00524975045722274963, 190.48524461275540643178
2023/12/03 12:18:04, 0.00522646756940205767, 191.333819012753692467
2023/12/03 12:46:17, 0.00522646756940209793, 191.33381901275221862799
2023/12/03 12:49:02, 0.00523722967266369421, 190.94064276379013848147
2023/12/03 13:47:15, 0.00521021257985030559, 191.93074844342166170774
2023/12/03 16:26:20, 0.00524675943079254963, 190.59383476420319255394
2023/12/03 17:26:54, 0.00524651138584917538, 190.6028456732577462068
2023/12/03 17:50:43, 0.00524418269146725211, 190.68748341416255795361
2023/12/03 18:16:58, 0.00524418269146731673, 190.68748341416020831531
2023/12/03 18:35:20, 0.00524590509424426255, 190.62487445630435228102
2023/12/03 19:24:36, 0.00529265034996774231, 188.94125511353585023836
2023/12/03 19:33:51, 0.00529265034996781951, 188.94125511353309434007
2023/12/03 20:01:05, 0.00528487807262441652, 189.21912412321940390251
2023/12/03 21:08:21, 0.00534356050067295011, 187.14113929730249128911
2023/12/03 21:47:30, 0.00534356050068311314, 187.14113929694656371684
2023/12/03 21:52:49, 0.00533991594178084255, 187.26886544706612668153
2023/12/03 22:27:45, 0.00532424053948041459, 187.82021446716767675546
2023/12/03 22:31:50, 0.00532424053948042867, 187.82021446716718013782
2023/12/03 22:45:42, 0.0053008574208632258, 188.64872615969239777348
2023/12/03 23:20:49, 0.00530085742086328138, 188.64872615969041993757
2023/12/03 23:29:06, 0.00530552886963192453, 188.48262342400105150647
2023/12/03 23:34:00, 0.00530242322555091104, 188.59301822255088370716
2023/12/03 23:34:39, 0.00530242322555191548, 188.5930182225151583701
2023/12/03 23:59:59, 0.00529776779903214414, 188.75874480242249518178
2023/12/04 01:45:36, 0.00529776779903129417, 188.75874480245277954521
2023/12/04 02:16:17, 0.00529776779903791255, 188.75874480221696772741
2023/12/04 02:44:47, 0.00546489916092958424, 182.98599307180978330522
2023/12/04 02:48:48, 0.00544038011695081272, 183.81068574312656771389
2023/12/04 03:12:57, 0.00541602579769559509, 184.63722983473951312642
2023/12/04 03:23:20, 0.0054134454279695591, 184.72523890853623701907
2023/12/04 03:29:05, 0.0053534413534344553, 186.79573268481934623353
2023/12/04 06:24:45, 0.00537127427144365723, 186.17556085647927723714
2023/12/04 06:28:50, 0.00537127427144370452, 186.17556085647763814379
2023/12/04 07:02:42, 0.00536646864596412833, 186.34227943399120119045
2023/12/04 07:21:47, 0.00539052863586907062, 185.51056260900063304432
2023/12/04 08:31:19, 0.00541313083860627422, 184.73597439545194701471
2023/12/04 08:57:16, 0.00545497133498958864, 183.3190201359524833402
2023/12/04 09:25:38, 0.00548495585094613226, 182.31687312989112302815
2023/12/04 11:06:04, 0.00546836924389452828, 182.86987498448588685298
2023/12/04 13:09:46, 0.00549839031725016722, 181.87141004935349245029
2023/12/04 13:16:42, 0.00555867876049991279, 179.89886501555385004358
2023/12/04 13:18:14, 0.00553518953455839786, 180.66228694728532935163
2023/12/04 13:23:42, 0.00551668497558195098, 181.26828057542124677308
2023/12/04 13:42:40, 0.00548379100757139386, 182.35560009841985757495
2023/12/04 15:23:47, 0.00548461673724916269, 182.32814577697457609379
2023/12/04 15:24:06, 0.00542419306503359549, 184.35921952084984672729
2023/12/04 15:26:38, 0.00542419306503359973, 184.35921952084970261802
2023/12/04 17:41:30, 0.00542327719767003832, 184.39035357248979599627
2023/12/04 18:43:54, 0.00544419263673428651, 183.68196475131575605854
2023/12/04 19:23:49, 0.00544718383398229121, 183.58109997343831142018
2023/12/04 21:11:57, 0.00544166511251608135, 183.76728066193448127976
2023/12/04 21:20:00, 0.00544059977211130321, 183.80326469262332414502
2023/12/04 22:49:26, 0.00547353721085729025, 182.69721415548309759544
2023/12/05 00:33:56, 0.00533032437167542104, 187.60584352311775396014
2023/12/05 00:36:50, 0.0052654092777964719, 189.91875982307140314366
2023/12/05 00:39:00, 0.00532726107539341777, 187.71372115006585951551
2023/12/05 00:39:00, 0.00529394696063854892, 188.89497900813522974797
2023/12/05 00:39:41, 0.00527550780944395651, 189.55521176745276035267
2023/12/05 01:07:02, 0.00529895156956987436, 188.71657664181517301584
2023/12/05 01:17:12, 0.00531466763314535089, 188.15852072543912391603
2023/12/05 02:05:34, 0.00531466763314640831, 188.1585207254016875512
2023/12/05 02:20:52, 0.00532150536181862258, 187.91675137169275597218
2023/12/05 03:03:59, 0.00531767399242414308, 188.05214487098234001329
2023/12/05 04:04:02, 0.0053015931613542416, 188.62254600927535192618
2023/12/05 04:09:15, 0.00530898436319400331, 188.35994449951208994075
2023/12/05 04:50:02, 0.00530898436320416275, 188.35994449915163849633
2023/12/05 04:52:40, 0.0052467556741039477, 190.59397122980805986122
2023/12/05 04:57:33, 0.00527801846450808665, 189.46504388426772655994
2023/12/05 05:18:32, 0.00534138759455572166, 187.21726935136909442112
2023/12/05 07:07:07, 0.00533428096575714706, 187.46669071602983076261
2023/12/05 07:28:01, 0.00530336397164355213, 188.55956433442612192373
2023/12/05 07:28:22, 0.00533313534292238756, 187.50696085879417977507
2023/12/05 07:59:29, 0.00533313462830247759, 187.50698598401917909638
2023/12/05 13:57:08, 0.00527633098783119982, 189.52563861256991358235
2023/12/05 14:08:11, 0.00512328161824680484, 195.18739638251656346577
2023/12/05 14:08:11, 0.00514493901651824976, 194.36576347929835028676
2023/12/05 14:11:08, 0.00517529319429335288, 193.22576759567385862065
2023/12/05 14:11:08, 0.00514921518154431062, 194.20435245824940588179
2023/12/05 14:20:34, 0.00517960701543532846, 193.06484005832503900328
2023/12/05 15:16:07, 0.0051043505019017705, 195.91131126818615756963
2023/12/05 15:16:15, 0.00512316997635036997, 195.19164982153828633223
2023/12/05 15:47:05, 0.00512609223434595311, 195.08037590501757987388
2023/12/05 17:07:00, 0.00514657136084177304, 194.30411625273569184912
2023/12/05 19:30:28, 0.00513979578509792029, 194.56025916425560940276
2023/12/05 19:39:59, 0.00515491624321820957, 193.98957283071216298602
2023/12/05 19:49:04, 0.00518191542253666862, 192.97883474726352147057
2023/12/05 22:11:56, 0.0051810387637336049, 193.01148777342313554822
2023/12/05 23:21:08, 0.00518250800066861699, 192.95676916870863033334
2023/12/06 00:07:24, 0.00519781748210487282, 192.38844061816630018183
2023/12/06 00:33:04, 0.0051932932360615456, 192.55604383286725353551
2023/12/06 01:11:20, 0.0051849288788016997, 192.86667635663156783201
2023/12/06 03:43:56, 0.00518437673162336892, 192.8872170689788755036
2023/12/06 04:39:18, 0.00518437673162347272, 192.88721706897501341479
2023/12/06 05:12:07, 0.00518878700947669216, 192.72327003856988106105
2023/12/06 05:20:58, 0.00518878700947673951, 192.72327003856812236046
2023/12/06 05:55:58, 0.00518555992511537098, 192.84320583331249250681
2023/12/06 06:21:02, 0.00518555992512741328, 192.84320583286465726809
2023/12/06 09:18:42, 0.00503601029373436627, 198.56988800125491945807
2023/12/06 09:18:42, 0.00510335283494461506, 195.94961045072492161208
2023/12/06 09:19:01, 0.00512473313211916918, 195.13211209624139831839
2023/12/06 15:25:32, 0.0050921054107430149, 196.38242324879227779116
2023/12/06 16:31:54, 0.00515686562791542223, 193.91624140577684305148
2023/12/06 17:18:44, 0.00520278324959603343, 192.20481654269266746792
2023/12/06 17:46:42, 0.0052027832496085744, 192.20481654222937022405
2023/12/06 18:42:42, 0.00520278324960894284, 192.20481654221575913763
2023/12/06 19:08:23, 0.0052011945110201694, 192.26352674971554439472
2023/12/06 19:55:40, 0.00520069339200248789, 192.28205253126016683751
2023/12/06 20:13:29, 0.00518655566119164404, 192.80618300936997195993
2023/12/06 20:24:37, 0.00513954128938348192, 194.56989324429687711963
2023/12/06 20:35:07, 0.00515518832705573604, 193.97933432455732668321
2023/12/06 20:54:31, 0.00515518832706898069, 193.97933432405895710258
2023/12/06 21:42:48, 0.00515100040486318013, 194.13704550593251305019
2023/12/06 21:58:43, 0.00518135286937239951, 192.9997869689826318509
2023/12/06 23:10:47, 0.00517792266119505741, 193.12764315587544491194
2023/12/06 23:12:01, 0.00518278569593115135, 192.94643048526390430154
2023/12/06 23:58:10, 0.00517887785673000242, 193.09202257019640275957
2023/12/07 00:06:30, 0.00533693373760466092, 187.37350867856626012469
2023/12/07 00:19:04, 0.00531232319654574445, 188.24155891912496025808
2023/12/07 00:30:24, 0.00529520081490452643, 188.85025043531426622946
2023/12/07 01:51:21, 0.00530134822287772196, 188.6312609468939350497
2023/12/07 02:22:49, 0.00528516658677477069, 189.20879476199098400544
2023/12/07 03:13:28, 0.00526837383283935205, 189.81189105577521575989
2023/12/07 03:31:36, 0.00529120673197245933, 188.99280460115747164971
2023/12/07 07:32:27, 0.00527012681855914456, 189.74875452302692873024
2023/12/07 07:32:50, 0.00527067774559479732, 189.72892069445800385974
2023/12/07 07:43:33, 0.00511298279949248073, 195.58055233419930519025
2023/12/07 07:43:33, 0.00516485106101869227, 193.61642536944026501698
2023/12/07 08:01:40, 0.00516439242968266128, 193.63361975601212107941
2023/12/07 08:16:23, 0.00518801334112792834, 192.7520101138732896875
2023/12/07 08:48:53, 0.00518643831503443189, 192.81054536042643908451
2023/12/07 09:11:05, 0.00510859238950601401, 195.74863754136725811753
2023/12/07 09:12:54, 0.0051447560050025187, 194.37267754343394417415
2023/12/07 09:44:12, 0.00515262101616376413, 194.07598518559807772856
2023/12/07 10:07:04, 0.00504462537957541267, 198.23077528190334622419
2023/12/07 10:07:04, 0.00509574177176782806, 196.2422832217177648762
2023/12/07 10:08:08, 0.00503787644016363814, 198.49633310330223782845
2023/12/07 10:11:48, 0.00506825041563183944, 197.30674650876219909907
2023/12/07 11:33:40, 0.00506403304323775343, 197.47106534688750395147
2023/12/07 11:46:42, 0.00506403304323776249, 197.47106534688715062802
2023/12/07 12:40:30, 0.00507929983573724102, 196.87752886020634166052
2023/12/07 14:02:43, 0.00506944991051938004, 197.26006127902485994931
2023/12/07 14:18:06, 0.00506643339217400869, 197.37750851411066950282
2023/12/07 14:30:39, 0.00508171098506373216, 196.78411522009422643227
2023/12/07 15:05:05, 0.00508336339848970659, 196.72014798255523961448
2023/12/07 15:22:29, 0.00504595205854964384, 198.17865655414681749187
2023/12/07 15:39:03, 0.00506875503069042101, 197.28710382434655531844
2023/12/07 15:52:50, 0.005068755030701576, 197.28710382391237856405
2023/12/07 15:56:46, 0.00499920178907901279, 200.03193353477872951519
2023/12/07 16:02:27, 0.00502184148898201753, 199.13014024716080617836
2023/12/07 16:42:48, 0.0050201109955453494, 199.19878283316065661049
2023/12/07 17:53:05, 0.00503528178676570955, 198.59861718728667447039
2023/12/07 18:37:03, 0.00503322558620244865, 198.67974976947070477945
2023/12/07 19:34:35, 0.00503420532159899061, 198.64108357073818597505
2023/12/07 20:40:30, 0.00503411558683037353, 198.64462441348694961234
2023/12/07 21:01:47, 0.00503562284518844597, 198.58516627302683269452
2023/12/07 21:47:53, 0.00503562284519318333, 198.58516627284000974173
2023/12/07 22:06:34, 0.00505068437137715416, 197.99297015412847053664
2023/12/07 22:10:12, 0.00505030620662901811, 198.00779578224439861688
2023/12/08 00:16:49, 0.00520653255968212681, 192.0664066798907642825
2023/12/08 00:17:13, 0.00513061856215377304, 194.90827234293788901708
2023/12/08 01:18:59, 0.00499704013484251894, 200.11846473422708816581
2023/12/08 01:23:05, 0.00498937422268457565, 200.42593627341534857647
2023/12/08 01:27:21, 0.00498959987952977832, 200.41687192245169726917
2023/12/08 01:51:38, 0.0050424964784304229, 198.31446670861530177641
2023/12/08 02:10:53, 0.00511953357339895461, 195.33029438384583076251
2023/12/08 02:51:06, 0.00526254728967787469, 190.02204540022497540664
2023/12/08 03:00:34, 0.00521430557002679263, 191.78009162874236921921
2023/12/08 03:12:51, 0.00519826740101543745, 192.3717890704619161661
2023/12/08 04:45:46, 0.00519826740101543982, 192.37178907046182834093
2023/12/08 04:46:14, 0.00519826740101543982, 192.37178907046182834093
2023/12/08 04:46:54, 0.00519826740102635668, 192.37178907005782909491
2023/12/08 04:48:49, 0.00519662607368960549, 192.43254869981434170694
2023/12/08 07:23:37, 0.00515298959201495723, 194.06210358926286167389
2023/12/08 09:59:59, 0.00511708650890545538, 195.42370414486112796627
2023/12/08 11:08:56, 0.00511862078052311237, 195.36512722433055212751
2023/12/08 12:13:04, 0.00512771572737251108, 195.01861124279002095976
2023/12/08 13:11:56, 0.00511272304965949557, 195.59048872529863062738
2023/12/08 13:59:37, 0.00511869949815350153, 195.36212281278396235204
2023/12/08 14:01:28, 0.00512168902890507748, 195.2480899086880974347
2023/12/08 14:04:24, 0.00512324392912486125, 195.18883227775908584463
2023/12/08 14:12:59, 0.00513555946296407084, 194.72075188918831003271
2023/12/08 14:23:45, 0.00509475293634892405, 196.28037168699971235085
2023/12/08 15:10:41, 0.00510240409417812223, 195.98604531166137933307
2023/12/08 16:14:54, 0.00509769648625165819, 196.16703401172891231337
2023/12/08 16:38:49, 0.00509769648625134534, 196.16703401174095113717
2023/12/08 16:46:33, 0.00502263074017932691, 199.09884913504436098532
2023/12/08 17:40:46, 0.00473053200352054582, 211.39271423505480231916
2023/12/08 17:48:15, 0.00486400948282515054, 205.59170444280723021623
2023/12/08 17:48:20, 0.00494153816595396103, 202.36613912845305104511
2023/12/08 18:02:41, 0.004966325918656335, 201.35609631325910624337
2023/12/08 18:07:50, 0.00496764861168983341, 201.30248295880016756296
2023/12/08 18:18:44, 0.00498232743663731568, 200.70940995297619088822
2023/12/08 18:25:43, 0.00498232743665035199, 200.70940995245103292154
2023/12/08 18:30:37, 0.00494301894033237239, 202.30551654183207163812
2023/12/08 18:50:05, 0.00479539051513482029, 208.53359008904104658711
2023/12/08 18:56:46, 0.00483050089540312052, 207.01786867520016242782
2023/12/08 19:05:12, 0.00485886745462769588, 205.80927743718904175105
2023/12/08 19:33:02, 0.00492661052219813285, 202.97930909988486618814
2023/12/08 19:35:17, 0.00486452982337604461, 205.56971306755962669712
2023/12/08 19:37:48, 0.00482517715104116103, 207.24627691321618186463
2023/12/08 20:33:32, 0.00482503660291746665, 207.25231377423091168825
2023/12/08 21:10:06, 0.00483887351085792102, 206.65966939538833397003
2023/12/08 21:24:07, 0.00483887351085797267, 206.65966939538612802932
2023/12/08 23:38:32, 0.00485346922901755747, 206.03818687492135948652
2023/12/09 00:13:49, 0.00493045717908447857, 202.82094817537527521478
2023/12/09 00:33:30, 0.00488218410252890136, 204.82636029272520449972
2023/12/09 01:06:14, 0.00488218410252890548, 204.82636029272503149739
2023/12/09 01:33:02, 0.00488422507892636911, 204.74076928080800351289
2023/12/09 01:38:00, 0.00488422507892638803, 204.74076928080721070604
2023/12/09 02:13:21, 0.00488129053232173866, 204.86385585501292962426
2023/12/09 03:09:36, 0.00488698039494947318, 204.62533490690196785568
2023/12/09 03:37:23, 0.00488698039494949434, 204.62533490690108186158
2023/12/09 03:50:55, 0.00488698039494953278, 204.62533490689947255815
2023/12/09 03:57:16, 0.00488333014677761966, 204.77829062199973058135
2023/12/09 04:41:39, 0.00488333014678050205, 204.7782906218788601143
2023/12/09 05:13:04, 0.00483716556211117744, 206.7326385999388280141
2023/12/09 05:30:25, 0.00486272537532820306, 205.64599536582021236447
2023/12/09 05:45:58, 0.00482577705039647507, 207.2205138274761848452
2023/12/09 06:15:42, 0.00470018101795160151, 212.75776319691888838256
2023/12/09 06:24:04, 0.00468550987453314867, 213.42394462451906642746
2023/12/09 06:32:58, 0.00471245808132344053, 212.20347910642025603129
2023/12/09 07:44:10, 0.00472601942084011195, 211.59456002028804211759
2023/12/09 09:04:48, 0.00469232609730385748, 213.11391818539327374292
2023/12/09 09:13:08, 0.00470580046341119224, 212.50369788843724911499
2023/12/09 09:27:50, 0.00465539292041653126, 214.80463992941054557797
2023/12/09 09:39:14, 0.00468208005777562278, 213.58028646675535986469
2023/12/09 10:59:35, 0.00468776039978285472, 213.32148290819679133038
2023/12/09 11:28:04, 0.00468695740358352409, 213.35803035790902607145
2023/12/09 12:15:00, 0.00468500358954273855, 213.44700828662568618457
2023/12/09 12:41:32, 0.0046716589868938407, 214.0567200657114467766
2023/12/09 12:43:37, 0.00463196557829379273, 215.89106894191448436257
2023/12/09 12:45:55, 0.00455408201538730356, 219.58322151889366812469
2023/12/09 12:50:02, 0.0045540820153916249, 219.58322151868530676087
2023/12/09 13:06:07, 0.00456861578584759346, 218.88467905262354583019
2023/12/09 13:20:06, 0.00458156893135605962, 218.26584189447489233334
2023/12/09 13:34:42, 0.00459457721533645592, 217.64788208631097774636
2023/12/09 14:03:19, 0.00460764095108724634, 217.03079962513877251841
2023/12/09 15:02:05, 0.00464054491535659604, 215.49193429650414874784
2023/12/09 16:39:02, 0.00463812453404467748, 215.60438764845966510114
2023/12/09 16:51:39, 0.00463944698029493262, 215.54293092415711980462
2023/12/09 17:32:24, 0.00464101048466921994, 215.47031692846375543765
2023/12/09 19:27:27, 0.00464101048467087488, 215.47031692838692065745
2023/12/09 19:33:41, 0.00463790541854309633, 215.61457376897730337731
2023/12/09 21:39:50, 0.00462869927043117672, 216.04341556344988237667
2023/12/09 23:43:40, 0.00462869927043122364, 216.04341556344769234252
2023/12/10 00:17:53, 0.00464455579449872054, 215.30584285034482979686
2023/12/10 01:49:50, 0.00464320847981232744, 215.36831790943376364227
2023/12/10 07:55:36, 0.00465800560391282555, 214.68415563089455068556
2023/12/10 10:12:04, 0.00463109373081909656, 215.93171249054617524488
2023/12/10 10:22:57, 0.00463109373081971998, 215.93171249051710755151
2023/12/10 11:03:53, 0.00463393547132863471, 215.79929331930933602556
2023/12/10 11:06:46, 0.00464717382627773493, 215.18454815385589468009
2023/12/10 11:20:53, 0.00464188451886613907, 215.42974538372776505671
2023/12/10 12:12:28, 0.00448957189041978907, 222.73838673435227256366
2023/12/10 12:23:49, 0.00452760335251645445, 220.86740426238911514074
2023/12/10 14:00:16, 0.00451940648960558061, 221.26799222418968253272
2023/12/10 14:25:46, 0.00451879768229727722, 221.2978031562629282008
2023/12/10 16:12:54, 0.00453154492547168222, 220.6752920795354109563
2023/12/10 16:42:49, 0.00440682128117790798, 226.92093375130203178552
2023/12/10 16:42:51, 0.00454747917907216234, 219.90205136113089486687
2023/12/10 16:43:23, 0.00451092795363892138, 221.68387752531267935156
2023/12/10 17:18:59, 0.00451737934709726224, 221.36728469407183540624
2023/12/10 17:31:06, 0.00429170521531688564, 233.00761581458320911464
2023/12/10 17:31:06, 0.00438388353874332014, 228.10824949210649933797
2023/12/10 17:32:17, 0.00440829221113325917, 226.84521626639754433781
2023/12/10 17:34:08, 0.00440064037341697479, 227.2396549467476315604
2023/12/10 17:41:43, 0.00441903278189495963, 226.29386324017769900013
2023/12/10 18:17:15, 0.00441484324970589617, 226.50860821992197559031
2023/12/10 19:36:49, 0.00441114848258256642, 226.69833127325074830294
2023/12/10 19:58:32, 0.00440958861916404662, 226.77852433989097899615
2023/12/10 23:02:43, 0.00440835605427248011, 226.84193102569887947815
2023/12/10 23:23:54, 0.00440835605428107307, 226.84193102525670959338
2023/12/10 23:25:08, 0.00441390255411628161, 226.55688197453024250276
2023/12/10 23:31:07, 0.00443352809371922258, 225.55400098099174699853
2023/12/10 23:36:28, 0.00442945310191610266, 225.76150531256731897542
2023/12/10 23:36:52, 0.00436854157039567425, 228.90934740708590001722
2023/12/10 23:52:36, 0.00439064776956603466, 227.75682598170214127703
2023/12/11 00:51:36, 0.00439064776956606347, 227.75682598170064696378
2023/12/11 02:29:53, 0.00442145400868254341, 226.16994274649688835801
2023/12/11 03:30:09, 0.00447145518751522189, 223.64084130645125986502
2023/12/11 03:41:07, 0.00446788809923045519, 223.81939247140926655336
2023/12/11 04:36:05, 0.00447486502670838206, 223.47042738305321982158
2023/12/11 05:23:45, 0.00446190996905490218, 224.11926886364644257733
2023/12/11 05:25:57, 0.00446190996905549254, 224.119268863616788813
2023/12/11 05:29:51, 0.00443817134509638166, 225.31802452937595532718
2023/12/11 06:19:07, 0.00454097947617464188, 220.21680680274911728226
2023/12/11 06:56:57, 0.00454067307779702854, 220.23166673015888583475
2023/12/11 07:12:05, 0.00459724352148404662, 217.52165081678938954425
2023/12/11 07:24:13, 0.00458422768976053741, 218.13925216533827781178
2023/12/11 08:33:54, 0.00458411677295412614, 218.14453023969839704391
2023/12/11 10:04:09, 0.00456566203219746218, 219.02628642854189074154
2023/12/11 10:08:55, 0.00455278006369201021, 219.64601540384199215828
2023/12/11 10:22:30, 0.0045540696722045863, 219.58381666917022066509
2023/12/11 10:30:55, 0.00461925463676380093, 216.48514287157570924957
2023/12/11 10:31:22, 0.00459805853832288081, 217.48309458555633596689
2023/12/11 11:32:07, 0.00459813318441857172, 217.47956396492433668959
2023/12/11 12:47:32, 0.00459884257215596056, 217.44601697274341864747
2023/12/11 15:15:03, 0.00472969645423577816, 211.43005892152532832553
2023/12/11 15:15:34, 0.00466861650544113556, 214.19621826606004999721
2023/12/11 15:29:00, 0.00465306319116204843, 214.912189866534270411
2023/12/11 17:30:00, 0.00453318988238121372, 220.5952157192046950341
2023/12/11 17:30:00, 0.00458365759992931343, 218.16638311191076620104
2023/12/11 17:30:00, 0.00461577135147401494, 216.64851307694365216225
2023/12/11 17:30:17, 0.00460042884953529368, 217.37103924583328719168
2023/12/11 20:09:29, 0.00460042884953899278, 217.37103924565850403385
2023/12/11 20:15:35, 0.0045967873231308759, 217.54323828906209170882
2023/12/11 20:48:47, 0.00460389193482748068, 217.20753096640016947615
2023/12/11 21:36:27, 0.00460602036720344816, 217.10715982073510189002
2023/12/11 21:59:17, 0.00460469754827640476, 217.16952948936078689038
2023/12/11 22:13:34, 0.0046046975482764181, 217.16952948936015791846
2023/12/11 22:43:50, 0.00460464529955388311, 217.17199370315974069933
2023/12/12 00:57:17, 0.00460464529955361594, 217.17199370317234110474
2023/12/12 00:58:01, 0.00460334908796686373, 217.23314501913314293686
2023/12/12 01:38:52, 0.0045968866645777458, 217.53853705067504859285
2023/12/12 04:13:28, 0.00459566353369508439, 217.5964346972030849174
2023/12/12 04:20:11, 0.00459848061081982528, 217.46313285459699377962
2023/12/12 05:47:54, 0.00459648760777957156, 217.55742326107797107388
2023/12/12 06:14:35, 0.00459648760778144036, 217.55742326098951864087
2023/12/12 06:20:08, 0.00460845075137339696, 216.99266281667064301048
2023/12/12 08:27:56, 0.00461118333687657596, 216.86407304667232300602
2023/12/12 10:52:08, 0.00460910530721346649, 216.96184689791161581102
2023/12/12 10:58:43, 0.00460889856999688873, 216.97157896027966997289
2023/12/12 11:05:08, 0.00456428005492534628, 219.09260342622777094343
2023/12/12 11:44:55, 0.00456848561989596273, 218.89091554648973858962
2023/12/12 11:51:30, 0.00457129040384161902, 218.75661173475665423099
2023/12/12 11:55:20, 0.00457129040384164668, 218.75661173475533071174
2023/12/12 12:41:48, 0.00457185109561455874, 218.72978342606709512339
2023/12/12 13:00:37, 0.0045714614719222647, 218.74842567130017263943
2023/12/12 13:06:11, 0.0045833939265211544, 218.17893378390253802649
2023/12/12 13:14:59, 0.00458423499257848525, 218.13890466324721558798
2023/12/12 13:29:15, 0.00458294998919999831, 218.20006815622276156326
2023/12/12 13:35:05, 0.00458294998920002433, 218.20006815622152279722
2023/12/12 16:58:08, 0.00458153719895191308, 218.2673536359724764258
2023/12/12 18:03:25, 0.00458153719895194305, 218.26735363597104858953
2023/12/12 20:00:09, 0.00458641512481815014, 218.03521329518763811459
2023/12/12 21:23:44, 0.0045860224853260188, 218.05388072119544704113
2023/12/13 00:34:44, 0.0045854803676035199, 218.07966010824370091016
2023/12/13 02:21:30, 0.00460091457985396967, 217.34809082931059642809
2023/12/13 02:33:35, 0.00457145177640846855, 218.7488896110905747613
2023/12/13 02:52:56, 0.00459387560892607435, 217.681122679282415626
2023/12/13 03:07:03, 0.00449155146197320989, 222.64021874541411090738
2023/12/13 04:06:47, 0.00450407877970977736, 222.02098340394381723224
2023/12/13 09:08:11, 0.0045001060390693385, 222.21698584836209622983
2023/12/13 12:47:30, 0.00450015618707772576, 222.21450954780565907072
2023/12/13 13:22:59, 0.00450454738212235112, 221.99788683959686446589
2023/12/13 13:58:53, 0.00450538109727777251, 221.95680640739069086421
2023/12/13 15:03:24, 0.0045471652103113622, 219.91723496924055815144
2023/12/13 15:06:02, 0.00454627663716919383, 219.96021795599854718976
2023/12/13 15:48:21, 0.00442700146476573743, 225.88653018503502083436
2023/12/13 16:02:44, 0.00442578040857488512, 225.94885143025048341121
2023/12/13 18:45:24, 0.00442578040857790853, 225.94885143009612942691
2023/12/13 19:03:49, 0.00442863972161825225, 225.80296950292308662768
2023/12/13 19:04:41, 0.00442631481471265759, 225.9215717499562555326
2023/12/13 19:43:43, 0.00442701914179482812, 225.88562822309689029924
2023/12/13 19:59:06, 0.00442599985635625381, 225.9376485437257664756
2023/12/13 22:12:45, 0.00443704121811746989, 225.37541366908374203756
2023/12/13 22:13:05, 0.00444935900720461835, 224.75147507331986423546
2023/12/13 22:40:31, 0.00444935900720466844, 224.75147507331733394154
2023/12/13 22:43:10, 0.00445253672508776624, 224.59107285191195936401
2023/12/13 23:01:31, 0.00445529624060781339, 224.45196592888626645237
2023/12/13 23:41:33, 0.00439444497153151808, 227.5600232744495397948
2023/12/13 23:46:32, 0.00441687116595168863, 226.40461141558637811841
2023/12/13 23:57:59, 0.00432086387424507698, 231.43520117830968705598
2023/12/13 23:58:10, 0.00433638141463774971, 230.60702101167396035194
2023/12/14 00:01:40, 0.00435419917824646919, 229.6633569258817811417
2023/12/14 00:02:59, 0.0042377930022803413, 235.97188429493926815237
2023/12/14 00:02:59, 0.00432071880729691848, 231.4429715516731855777
2023/12/14 00:09:16, 0.00434437040966767999, 230.18295073888379633346
2023/12/14 00:13:32, 0.00422079718168429535, 236.92206873606593456775
2023/12/14 00:15:02, 0.00424110388517599687, 235.78766921869495979262
2023/12/14 00:15:02, 0.00425373307580682956, 235.08762354824634982985
2023/12/14 00:17:55, 0.00427683532978156362, 233.81774674291102595138
2023/12/14 00:22:17, 0.00424183195648768362, 235.7471984411232421152
2023/12/14 00:22:17, 0.0042578384863381299, 234.86095191460169680719
2023/12/14 00:23:00, 0.00424187984101994519, 235.74453720489015379738
2023/12/14 00:52:24, 0.00427092397710757841, 234.14137206844771774254
2023/12/14 00:55:14, 0.00429322358479345848, 232.92520882024100954741
2023/12/14 01:00:58, 0.0041792480697367506, 239.27749282013538298897
2023/12/14 01:00:58, 0.00419365216023727831, 238.45563766152213466635
2023/12/14 01:02:36, 0.00421626496142838921, 237.17674509270387437361
2023/12/14 01:13:43, 0.00423106146320716455, 236.347311117053658467
2023/12/14 01:22:05, 0.00414490599206845427, 241.25999526010111841734
2023/12/14 01:22:05, 0.00422337495573923601, 236.77746126733982462553
2023/12/14 01:29:46, 0.00422153360212076233, 236.88073914599003839084
2023/12/14 01:34:43, 0.00418483707662755915, 238.95792875307620837142
2023/12/14 01:39:41, 0.00419946773407491685, 238.12541572492538975444
2023/12/14 02:06:14, 0.00420214707057567939, 237.9735842665315166323
2023/12/14 02:55:33, 0.00420158566554761805, 238.00538168240917156831
2023/12/14 03:29:21, 0.00419933487062977006, 238.13294981403352552767
2023/12/14 03:49:36, 0.00420469430806942456, 237.82941796288340238261
2023/12/14 04:03:34, 0.00429994117178536827, 232.56132120170202176388
2023/12/14 04:25:30, 0.00429918449407741661, 232.60225314303357782104
2023/12/14 06:09:17, 0.0043018682852038045, 232.45714041024484534528
2023/12/14 06:40:49, 0.00429022821129988347, 233.08783373484297213053
2023/12/14 09:28:12, 0.00425155750799442546, 235.20792041966921830726
2023/12/14 09:55:32, 0.00421180199122167884, 237.42806572678863165982
2023/12/14 09:56:23, 0.0041926588620451827, 238.51213106143320142275
2023/12/14 10:01:36, 0.00420959391049047457, 237.55260513560712758521
2023/12/14 10:16:20, 0.00422094098744322479, 236.91399689663413990559
2023/12/14 10:29:57, 0.00422362704716247882, 236.76332896670433078177
2023/12/14 10:41:08, 0.00422362704717273779, 236.76332896612924508702
2023/12/14 10:41:41, 0.00422362704717273779, 236.76332896612924508702
2023/12/14 10:42:52, 0.0042236270471731569, 236.76332896610575121123
2023/12/14 10:43:28, 0.00422218253144090638, 236.84433170603107257297
2023/12/14 12:12:46, 0.00422745671502909752, 236.54884423650852558266
2023/12/14 12:21:36, 0.00422024838364802097, 236.9528779098994483638
2023/12/14 12:27:45, 0.0041937921880775626, 238.44767579158487812653
2023/12/14 15:19:17, 0.00419379218807760694, 238.44767579158235707383
2023/12/14 15:23:57, 0.00419395260729227687, 238.43855513799560786767
2023/12/14 15:48:23, 0.00424759663751091086, 235.42725106449830281132
2023/12/14 16:08:45, 0.00424759663751092207, 235.42725106449768134464
2023/12/14 16:24:40, 0.0042460276143415641, 235.51424786366374981336
2023/12/14 16:45:29, 0.00424480693316586573, 235.58197480943593817808
2023/12/14 18:23:19, 0.00424458727922771738, 235.59416598495420284247
2023/12/14 18:38:10, 0.00424717051322802122, 235.45087179463383232753
2023/12/14 18:49:15, 0.00424816604989210463, 235.39569504949038102777
2023/12/14 19:08:09, 0.00424322003740096305, 235.6700786633057196801
2023/12/14 21:17:35, 0.00427015492209794559, 234.1835409354880439021
2023/12/14 21:44:08, 0.00427042470001475442, 234.16874672829261567997
2023/12/14 23:06:15, 0.00429006038313643054, 233.09695218529945250371
2023/12/15 00:55:28, 0.00431714306722602437, 231.63466774858330617589
2023/12/15 01:03:11, 0.00433615155996891463, 230.61924523855178289937
2023/12/15 02:29:40, 0.00433851716219301011, 230.49349872676899281667
2023/12/15 03:09:26, 0.00434395729222656518, 230.20484151386164174309
2023/12/15 03:14:23, 0.00434912856810002077, 229.93111938212126740567
2023/12/15 03:44:43, 0.00435866264686085283, 229.42817121215123056387
2023/12/15 03:45:44, 0.0043468073107573162, 230.05390589208713963367
2023/12/15 07:41:46, 0.00434707094951861166, 230.03995370969009619074
2023/12/15 08:01:59, 0.00434707094951869538, 230.03995370968566580922
2023/12/15 08:02:51, 0.00434349596895351205, 230.2292916000868715595
2023/12/15 08:34:43, 0.00434349596895356836, 230.22929160008388722167
2023/12/15 09:55:35, 0.00430827412395422315, 232.11150712067023832149
2023/12/15 11:55:14, 0.00431301533603752508, 231.85635155165596449276
2023/12/15 12:17:28, 0.00432169171685455506, 231.3908685573313490713
2023/12/15 13:37:07, 0.00426316581126870917, 234.56746565116642845473
2023/12/15 14:32:26, 0.00425813372428010082, 234.84466781725237711112
2023/12/15 17:38:12, 0.00425813372428011828, 234.84466781725141438531
2023/12/15 17:54:10, 0.00433942161244576658, 230.44545778449589272844
2023/12/15 18:27:16, 0.00433765289131118911, 230.5394242132913541196
2023/12/15 19:24:27, 0.00432653885391601121, 231.1316351856833382384
2023/12/15 20:28:51, 0.00435372220624565812, 229.68851769307744174079
2023/12/15 22:52:12, 0.00435644521075506497, 229.54495044060904139435
2023/12/16 00:45:40, 0.00436189377103980132, 229.25821959245399083204
2023/12/16 01:12:21, 0.00436570978569180882, 229.05782772767058179082
2023/12/16 01:33:10, 0.00436707305152747054, 228.9863229217633852073
2023/12/16 01:38:54, 0.00436016192214586792, 229.34928056704984370286
2023/12/16 01:41:22, 0.00435506647198058234, 229.61762040459129821397
2023/12/16 01:50:17, 0.00435561108645891301, 229.58890960418467972625
2023/12/16 02:46:47, 0.00437878867518459409, 228.37366088644220112307
2023/12/16 02:51:18, 0.00437878867518462646, 228.37366088644051300749
2023/12/16 03:40:06, 0.00435493475065004912, 229.62456552322230600263
2023/12/16 05:27:51, 0.00436206089437494461, 229.24943603825906606234
2023/12/16 05:58:57, 0.00436288390100598786, 229.20619083387053999387
2023/12/16 06:24:33, 0.00448514117195749699, 222.95842241317000913313
2023/12/16 06:29:32, 0.00448436008736584279, 222.99725724911842059859
2023/12/16 07:33:02, 0.00448213654185779939, 223.10788407742489436106
2023/12/16 09:01:42, 0.0044778176769605031, 223.32307211730643445151
2023/12/16 10:02:24, 0.00428315791267497137, 233.47259671205246047516
2023/12/16 10:08:25, 0.00429912710931586561, 232.60535791860625488116
2023/12/16 10:14:14, 0.00432836118841202517, 231.03432372446641631557
2023/12/16 10:22:04, 0.00434013834547577943, 230.40740188441548359562
2023/12/16 14:05:21, 0.00434013834547583038, 230.40740188441277886119
2023/12/16 14:26:39, 0.00434013834547585776, 230.40740188441132511398
2023/12/16 15:37:02, 0.00438769950927215582, 227.90986435757148481938
2023/12/16 16:17:23, 0.00438769950928561573, 227.90986435687233799024
2023/12/16 16:49:48, 0.00437773781258811487, 228.42848128650282289074
2023/12/16 17:31:07, 0.00439021311631710111, 227.77937505660053429406
2023/12/16 17:45:11, 0.00436076085536799396, 229.31778035225746009909
2023/12/16 18:35:02, 0.00437491221077052279, 228.57601520280037133461
2023/12/16 18:38:22, 0.00436715032515281554, 228.98227117130618832899
2023/12/16 18:51:08, 0.00436997429538280367, 228.83429796293604768294
2023/12/16 19:26:05, 0.00437279917699092494, 228.68646821511129824304
2023/12/16 20:23:15, 0.00438693726937655718, 227.94946419238710851443
2023/12/16 20:47:46, 0.0044010981461261757, 227.21601900202905850789
2023/12/16 20:49:35, 0.00442948828655918089, 225.75971202687124194118
2023/12/16 21:38:48, 0.00442799562474706897, 225.83581483487145150555
2023/12/16 22:54:50, 0.00442618925316616779, 225.92798066297642050392
2023/12/16 23:20:17, 0.00439754138210088064, 227.39979300030149531189
2023/12/16 23:37:46, 0.00440094197015395004, 227.22408220370577677481
2023/12/16 23:58:20, 0.00438822114220769709, 227.88277244772214590374
2023/12/17 00:23:45, 0.00438822114220769989, 227.8827724477220008095
2023/12/17 00:30:58, 0.00439105175425123298, 227.7358719427166281723
2023/12/17 01:25:10, 0.00435609083624266237, 229.56362426605135807417
2023/12/17 01:47:36, 0.00432252777268636706, 231.3461133364839946265
2023/12/17 04:46:31, 0.0043253370860927427, 231.19585366312841210234
2023/12/17 06:14:13, 0.00433236435890114285, 230.82084449924685799453
2023/12/17 07:44:28, 0.00430427771459744458, 232.32701658831614220654
2023/12/17 09:18:21, 0.00432248638748990294, 231.34832833579072510827
2023/12/17 10:32:51, 0.00432248638748995733, 231.34832833578781374769
2023/12/17 10:55:14, 0.00432009120175798483, 231.47659465917470888086
2023/12/17 11:04:31, 0.00432009120176995128, 231.47659465853352925712
2023/12/17 12:38:44, 0.00432743322974749112, 231.08386586437307718825
2023/12/17 14:30:36, 0.0043520181286417717, 229.77845460218512461551
2023/12/17 14:54:16, 0.00435201812864546287, 229.77845460199023744635
2023/12/17 14:56:30, 0.00425368301860076906, 235.09039005190042265442
2023/12/17 15:08:00, 0.00425610810996778243, 234.95643770373345254441
2023/12/17 15:59:32, 0.00425874610766418184, 234.81089849436353460931
2023/12/17 16:38:28, 0.00425775381520984649, 234.865622438697591653
2023/12/17 19:26:49, 0.00432855798910191517, 231.02381959944101111173
2023/12/17 19:54:24, 0.00433226435532617678, 230.82617263892933922927
2023/12/17 20:14:39, 0.00432547596973548843, 231.18843035929569938102
2023/12/17 21:03:49, 0.00431908289918442986, 231.53063354927257166033
2023/12/17 21:44:05, 0.00432192405308693169, 231.37842954129436717028
2023/12/17 21:48:02, 0.00432161703785341548, 231.39486706964406099557
2023/12/17 22:08:28, 0.00432161703785679063, 231.39486706946334336133
2023/12/17 22:37:41, 0.00432426401157687828, 231.25322536339352955962
2023/12/17 23:01:38, 0.00432497570152758604, 231.21517183247964426517
2023/12/18 01:04:26, 0.00432497570152758791, 231.21517183247954382139
2023/12/18 01:30:58, 0.00432493630437347558, 231.21727804147702248683
2023/12/18 03:53:47, 0.00411304088891645581, 243.12911711982545903481
2023/12/18 03:53:47, 0.00413173630073778001, 242.02899875808527344949
2023/12/18 03:54:09, 0.00410594734608900277, 243.54915338905163139416
2023/12/18 03:54:29, 0.00407283429435950214, 245.52926235788852972582
2023/12/18 03:55:56, 0.00409549633293046738, 244.17064958875591899014
2023/12/18 03:59:06, 0.00409549633293048277, 244.17064958875500150326
2023/12/18 04:10:47, 0.0041355147180658827, 241.80786871136678804285
2023/12/18 04:38:23, 0.00413455177907321058, 241.86418587413535055164
2023/12/18 04:41:16, 0.0041568171407410404, 240.56867698099630425143
2023/12/18 07:26:16, 0.0041586939927249276, 240.46010640584873150145
2023/12/18 08:19:39, 0.00414478499909150566, 241.26703802952137189268
2023/12/18 08:48:20, 0.00415925353361166756, 240.42775750956803706497
2023/12/18 08:50:42, 0.00415925353361134666, 240.42775750958658722934
2023/12/18 09:11:35, 0.00412510187375927632, 242.41825550084725382734
2023/12/18 09:29:12, 0.00414722036512821553, 241.12535914620586730912
2023/12/18 09:57:29, 0.00414849932472979445, 241.05102151972347812067
2023/12/18 10:09:02, 0.00415963046689569602, 240.40597066457521457523
2023/12/18 10:53:42, 0.00418273744600833986, 239.07787971590653913481
2023/12/18 11:08:55, 0.00420708599170561511, 237.6942144685246039447
2023/12/18 11:10:11, 0.00413489553592392088, 241.84407835990352454186
2023/12/18 11:13:32, 0.00411294175388639216, 243.1349773079285964446
2023/12/18 11:36:49, 0.00411294175388639877, 243.13497730792820595464
2023/12/18 11:41:54, 0.00411347419156708444, 243.10350653228148215584
2023/12/18 12:21:00, 0.00411347419156708515, 243.10350653228143972606
2023/12/18 13:06:15, 0.00411336748529162086, 243.10981296364871399813
2023/12/18 13:44:47, 0.00411325361418867668, 243.11654320329239422249
2023/12/18 14:45:31, 0.00408989729706792069, 244.50491720584470663654
2023/12/18 14:53:33, 0.00410769992632788809, 243.44524136015898555523
2023/12/18 15:06:51, 0.00413030712633502102, 242.11274595633718054895
2023/12/18 16:01:48, 0.00413030712633543078, 242.11274595631316070947
2023/12/18 16:17:07, 0.00412955446229225078, 242.15687409651348130689
2023/12/18 17:35:40, 0.00412885175336949075, 242.19808792696802034505
2023/12/18 19:55:16, 0.00411750791964862176, 242.86534950619781644136
2023/12/18 20:22:54, 0.00411563410303085734, 242.97592423572703826825
2023/12/18 21:15:43, 0.00412105886324164823, 242.6560826198425952021
2023/12/18 21:29:33, 0.00412214424294638532, 242.59219014743402881628
2023/12/18 21:49:53, 0.00414932517634506718, 241.00304447116143766721
2023/12/18 23:33:48, 0.0041765952948194869, 239.42947051641979975292
2023/12/18 23:37:50, 0.00420395459749197157, 237.87126545005692903625
2023/12/18 23:44:27, 0.00423140308348781376, 236.32822973124346014392
2023/12/18 23:46:24, 0.00421516321795926303, 237.23873745608879700082
2023/12/18 23:48:00, 0.00424264799800669867, 235.7018542358038702951
2023/12/18 23:53:11, 0.00422634354204949114, 236.61114863252871018361
2023/12/18 23:54:36, 0.00424009284434941671, 235.84389227057977191275
2023/12/19 02:04:14, 0.00424009284435004587, 235.84389227054477660436
2023/12/19 02:58:28, 0.00424243491466544942, 235.71369275298785620849
2023/12/19 04:37:37, 0.0042250850277821465, 236.68162733400070162983
2023/12/19 04:38:40, 0.00422438758994983437, 236.72070299114652088613
2023/12/19 05:20:38, 0.00417647996147358941, 239.43608235274988017428
2023/12/19 08:11:38, 0.00417921181544092456, 239.27956853139202782675
2023/12/19 08:31:21, 0.00418044144051824834, 239.20918740965074630405
2023/12/19 08:42:37, 0.00418180790242906382, 239.13102259411186335404
2023/12/19 14:46:49, 0.0041845414954532884, 238.97480789389937496431
2023/12/19 14:51:42, 0.00419116474745167679, 238.59715860800334272515
2023/12/19 16:00:18, 0.00421857138411539605, 237.04707327352545850551
2023/12/19 19:21:04, 0.0042070147147865354, 237.69824157858695766873
2023/12/19 19:35:30, 0.00418404343564821704, 239.00325495666705901926
2023/12/19 19:52:21, 0.00417134501930538589, 239.73082911432735337036
2023/12/19 20:35:20, 0.00416816106879036103, 239.91395329888469650098
2023/12/19 20:48:21, 0.0041650679901347697, 240.0921191127165384242
2023/12/19 21:12:26, 0.00413966826656383987, 241.56525006532875688175
2023/12/19 21:19:59, 0.0041281940673858519, 242.2366738764397628447
2023/12/19 23:31:35, 0.00412819406738580846, 242.23667387644231147905
2023/12/20 01:36:11, 0.00410758074132457563, 243.45230513412354951389
2023/12/20 04:12:53, 0.00404016398669451997, 247.51470566375572199588
2023/12/20 04:15:18, 0.00405435247548731031, 246.64851071682060376552
2023/12/20 08:10:37, 0.00404609148252072852, 247.15209834479487777024
2023/12/20 09:43:13, 0.00405373895047206279, 246.68584045934896560194
2023/12/20 12:27:00, 0.00405508443917143075, 246.60398938679769716315
2023/12/20 14:31:58, 0.00405727450115778767, 246.47087588346291580249
2023/12/20 14:38:25, 0.00405650134251842136, 246.51785259342825047853
2023/12/20 15:14:15, 0.00404656003160328502, 247.12348073180336001911
2023/12/20 17:47:45, 0.00404924554915516502, 246.9595849055486634768
2023/12/20 19:00:35, 0.0040443448727136013, 247.2588346129439016788
2023/12/20 19:18:53, 0.0040726872277473325, 245.53812853267295043946
2023/12/20 20:36:47, 0.00405304598964287978, 246.72801704086056094657
2023/12/20 20:51:59, 0.00405976676227053509, 246.31956921602135929067
2023/12/20 22:41:33, 0.00405953093479091739, 246.33387848576750175448
2023/12/20 23:49:16, 0.00406087571663923114, 246.2523036355313712386
2023/12/21 00:17:47, 0.0040346711936432171, 247.8516716741476402959
2023/12/21 00:28:49, 0.00403434158559453438, 247.87192129955243266424
2023/12/21 02:12:28, 0.00403541404505721753, 247.80604637703815820288
2023/12/21 03:44:57, 0.00408921873072289556, 244.54549043484870042371
2023/12/21 04:10:30, 0.00409532100676910993, 244.1811028603401961582
2023/12/21 07:40:21, 0.00409441064726369601, 244.23539457828986551706
2023/12/21 07:51:09, 0.00409441064727496514, 244.23539457761765136059
2023/12/21 09:52:58, 0.00406661354029430952, 245.90485181132502237732
2023/12/21 11:27:19, 0.00406661488977205553, 245.90477020951758531777
2023/12/21 14:09:05, 0.0040666148897721098, 245.90477020951430347446
2023/12/21 14:11:30, 0.00404009565732502931, 247.51889183289926901387
2023/12/21 14:51:17, 0.00404281314046785704, 247.35251550218182563616
2023/12/21 15:16:20, 0.0040297895017739744, 248.15191948854520767938
2023/12/21 15:44:19, 0.00402955006177233913, 248.16666493036805939302
2023/12/21 15:45:15, 0.00402168952742138226, 248.65171544984421621914
2023/12/21 18:33:17, 0.00402168952742139204, 248.65171544984361167133
2023/12/21 21:45:15, 0.00402437376592062374, 248.48586591738653113531
2023/12/22 00:41:09, 0.00402291649604708129, 248.57587796878216091116
2023/12/22 00:46:45, 0.00411685809060118366, 242.90368479861064987735
2023/12/22 01:03:37, 0.00409459586761376313, 244.22434651231579056755
2023/12/22 01:46:56, 0.00407858932281338211, 245.18281220581606952766
2023/12/22 03:10:21, 0.00407794401506526954, 245.22161076897336896153
2023/12/22 03:54:10, 0.00407263932702169463, 245.54101645217282886066
2023/12/22 07:20:03, 0.00407263932702173627, 245.54101645217031885008
2023/12/22 07:21:34, 0.00406588016201101188, 245.94920660558603932278
2023/12/22 07:45:15, 0.00406857846832888329, 245.78609157579729454807
2023/12/22 12:47:43, 0.00406587204678531768, 245.94969750478255818544
2023/12/22 13:11:52, 0.00402769202973042878, 248.28114776862158732985
2023/12/22 13:25:04, 0.00402769202973046637, 248.28114776861927056188
2023/12/22 15:28:40, 0.0040303774952716003, 248.11571649881190502017
2023/12/22 15:47:23, 0.00402951161578528649, 248.16903271418320803832
2023/12/22 15:48:57, 0.00401965932955725575, 248.77730126203125761536
2023/12/22 16:26:34, 0.00402341088327259061, 248.54533355206636867506
2023/12/22 17:25:49, 0.00388169933449212347, 257.6191285899371977418
2023/12/22 17:27:23, 0.00397639491586926998, 251.48407569105656687528
2023/12/22 17:29:58, 0.0039749494213282708, 251.57552813988751861135
2023/12/22 17:52:14, 0.00397465294069851217, 251.59429387167029577994
2023/12/22 19:59:41, 0.00397465294070654031, 251.59429387116211721936
2023/12/22 20:12:30, 0.00399095616657441167, 250.56652046828611215324
2023/12/22 20:16:13, 0.00383206150100309924, 260.95614585993337724261
2023/12/22 20:18:34, 0.00387055886154674828, 258.36062330295660441917
2023/12/22 20:21:46, 0.00388477149086037936, 257.41539813929315657012
2023/12/22 20:22:27, 0.0039033410395713782, 256.19078370610653942272
2023/12/22 20:30:12, 0.00392132895539450288, 255.0155856280095269249
2023/12/22 20:48:02, 0.00392366526503921484, 254.86373899176273389143
2023/12/22 21:16:10, 0.00393965465333898335, 253.82935510666347606
2023/12/22 21:23:19, 0.00386081850591509445, 259.01243440164747118256
2023/12/22 21:31:49, 0.00386564147138016017, 258.68927767969318771077
2023/12/22 21:33:40, 0.00388336871382682551, 257.50838349175459799695
2023/12/22 22:08:42, 0.00388336871382685899, 257.50838349175237828911
2023/12/22 22:15:27, 0.00389700712254229164, 256.6071779072422419147
2023/12/22 23:46:17, 0.00389808362754204435, 256.53631259587801043475
2023/12/23 00:06:51, 0.00389958359558157897, 256.43763634995527323812
2023/12/23 00:21:12, 0.00389958359558159071, 256.43763634995450136327
2023/12/23 00:45:08, 0.00389880113123865574, 256.4891017363325485922
2023/12/23 02:12:42, 0.0039001467317172255, 256.40060971749704806605
2023/12/23 03:43:40, 0.00390014673171724418, 256.40060971749581966034
2023/12/23 03:50:05, 0.00390014673171728037, 256.4006097174934403535
2023/12/23 05:18:36, 0.0038998685067020365, 256.41890188899219551397
2023/12/23 06:24:49, 0.00390272181406482644, 256.23143222664484469303
2023/12/23 06:45:41, 0.0038810770951261121, 257.66043175380567943941
2023/12/23 11:43:43, 0.00404272174963878246, 247.35810721807655625487
2023/12/23 11:55:09, 0.00402065787926669231, 248.71551622352534029642
2023/12/23 16:07:19, 0.00402065787926829991, 248.7155162234258951431
2023/12/23 17:00:10, 0.00403238389706447399, 247.99226103645234062051
2023/12/23 17:37:01, 0.00401036804687016026, 249.35367235943270419457
2023/12/23 18:16:59, 0.00401036804687018612, 249.35367235943109627958
2023/12/23 18:30:00, 0.00397769734126726155, 251.40173175704923060127
2023/12/23 20:06:01, 0.00394731692616456982, 253.33663820392931762193
2023/12/24 02:24:04, 0.00394731692616458921, 253.33663820392807326269
2023/12/24 04:17:10, 0.0039478590254483066, 253.3018513462352186338
2023/12/24 05:01:40, 0.00394785902545204243, 253.30185134599552111319
2023/12/24 09:48:30, 0.00392605384001358698, 254.70868224174411175394
2023/12/24 11:40:34, 0.0039259373110812273, 254.71624245691122512063
2023/12/24 11:51:20, 0.00392593731108123937, 254.716242456910441773
2023/12/24 12:56:12, 0.00392593731108712149, 254.71624245652880763106
2023/12/24 13:18:01, 0.00393189458371793971, 254.33031804591648335398
2023/12/24 14:10:13, 0.003936121563484592, 254.05719408592511378808
2023/12/24 15:54:44, 0.00393933361056173841, 253.85004136712419284449
2023/12/24 15:57:56, 0.0039278612201813787, 254.59147967397446085558
2023/12/24 18:06:12, 0.00392124729880999948, 255.02089610708179496537
2023/12/24 19:46:58, 0.00397376743999284225, 251.6503582811079777654
2023/12/24 21:59:47, 0.00397376743999284283, 251.6503582811079410303
2023/12/24 22:58:20, 0.00395866975292732381, 252.61010956029570590783
2023/12/25 00:42:48, 0.00396138660685679528, 252.43686093881675770548
2023/12/25 07:52:47, 0.00396171269178914396, 252.41608309268668614873
2023/12/25 08:16:24, 0.00407193925656097106, 245.58323123036168247361
2023/12/25 08:17:11, 0.00398364002327084039, 251.02669773332876064003
2023/12/25 08:31:44, 0.00398636532877866893, 250.85508164059241044585
2023/12/25 09:13:29, 0.0039904550322611017, 250.5979874263543484469
2023/12/25 09:25:48, 0.00396717453966530466, 252.06856668432999522256
2023/12/25 09:48:30, 0.00396877585943623829, 251.96686218053374011434
2023/12/25 10:47:57, 0.00396434819128117072, 252.24827682878856676147
2023/12/25 11:51:14, 0.00396294224856861353, 252.33776756681045917343
2023/12/25 12:50:02, 0.00397372770762493511, 251.65287447380029630629
2023/12/25 13:53:59, 0.00397723462503270341, 251.43098013529371534692
2023/12/25 14:06:27, 0.00393245853556809298, 254.29384466619365170912
2023/12/25 14:14:50, 0.00393203272748889901, 254.32138268051158255565
2023/12/25 14:38:21, 0.0039312124866030238, 254.37444641007027852369
2023/12/25 15:50:53, 0.00393088416443114927, 254.39569271680972468537
2023/12/25 17:01:59, 0.00393426825054778223, 254.17687262701683503789
2023/12/25 19:06:50, 0.00393426825054783537, 254.17687262701340183661
2023/12/25 22:50:15, 0.00396651691384725062, 252.11035821099481189874
2023/12/26 00:01:10, 0.00397739849377358448, 251.42062118378363601519
2023/12/26 00:09:35, 0.00397739849377361758, 251.42062118378154370622
2023/12/26 01:38:04, 0.00397736872041946342, 251.42250324092091153385
2023/12/26 03:23:09, 0.00397736872041949278, 251.42250324091905575582
2023/12/26 12:16:11, 0.00397655310756713379, 251.47407137529788218334
2023/12/26 18:34:00, 0.00397953596842280559, 251.28557900591767013814
2023/12/26 19:18:58, 0.00392927468335419399, 254.49989644052015628357
2023/12/26 19:42:08, 0.00394068166618504769, 253.76320259030070696139
2023/12/26 21:08:00, 0.00410116681167312414, 243.8330470132808477988
2023/12/26 21:22:58, 0.00407196603995678471, 245.58161590429493876253
2023/12/26 22:34:28, 0.00407308672838254187, 245.51404541221460553146
2023/12/26 22:50:35, 0.00407349830268020561, 245.48923939456127037736
2023/12/26 23:21:56, 0.00408037579404434101, 245.07546620083030168812
2023/12/27 01:05:05, 0.00413548481396225751, 241.80961724821038040194
2023/12/27 01:54:57, 0.00411271283555802094, 243.14851048050818713591
2023/12/27 02:05:46, 0.00402714040094562796, 248.3151567710890449333
2023/12/27 02:26:19, 0.00405446815283195169, 246.64147362990710895668
2023/12/27 02:30:21, 0.00408188817378525694, 244.98466332865510706895
2023/12/27 02:42:56, 0.00410940046287133758, 243.34449977193894406306
2023/12/27 03:46:33, 0.0040924657372953791, 244.35146539818756797098
2023/12/27 03:54:08, 0.00409686714826391875, 244.08894987570154632159
2023/12/27 03:58:39, 0.00409573809183492413, 244.15623694140848502614
2023/12/27 06:22:36, 0.00408536664094737824, 244.77607223230874434734
2023/12/27 07:05:45, 0.00402745071464060238, 248.29602417350425605798
2023/12/27 07:16:57, 0.00403837079863896376, 247.62461147377206406217
2023/12/27 08:11:33, 0.00404058480251647929, 247.48892768620998588175
2023/12/27 11:17:40, 0.00404593374501963843, 247.16173398315155348018
2023/12/27 13:34:55, 0.00404593374502417873, 247.16173398287419134543
2023/12/27 14:12:09, 0.00402822702040407351, 248.24817343578850478165
2023/12/27 17:21:07, 0.00402822702040410049, 248.24817343578684218612
2023/12/27 17:41:22, 0.00401324089496516837, 249.17517442188806810337
2023/12/27 18:19:24, 0.00401872606788483222, 248.83507437627564704498
2023/12/27 19:13:41, 0.00401832630773458399, 248.85982954524443352951
2023/12/27 19:17:50, 0.00401832630773641452, 248.85982954513106621762
2023/12/27 19:37:49, 0.00400723351531441501, 249.54872137555930179432
2023/12/27 20:58:47, 0.00401267217062459589, 249.210490535623335299
2023/12/27 21:01:49, 0.00401487587311918245, 249.07370279995572476413
2023/12/27 21:03:21, 0.00401708017965969272, 248.93702771068788622717
2023/12/27 21:32:59, 0.00401491037043844448, 249.07156268367603637148
2023/12/27 22:41:07, 0.00397637412237968636, 251.48539076638584620638
2023/12/27 22:48:45, 0.00397552146609186949, 251.53932849545106981212
2023/12/27 22:52:05, 0.00397782326072660569, 251.39377354270281317598
2023/12/27 23:03:07, 0.00398053210611525074, 251.22269418797306843854
2023/12/27 23:19:32, 0.00397181103753528726, 251.77431417295002009265
2023/12/27 23:34:51, 0.00397416589443377706, 251.62512752691113325479
2023/12/27 23:49:34, 0.00397714429739678821, 251.43669055571932790023
2023/12/28 00:14:51, 0.00397828179947159221, 251.36479777094300283989
2023/12/28 01:00:17, 0.00397828179947163642, 251.36479777094020974962
2023/12/28 01:50:27, 0.00397827318000504852, 251.36534238675157487038
2023/12/28 02:51:24, 0.00397827318001018937, 251.36534238642675258098
2023/12/28 03:09:07, 0.00397827318001223698, 251.36534238629737519264
2023/12/28 03:12:25, 0.00398044079444171498, 251.22845725940689063043
2023/12/28 03:59:23, 0.00392705125169747833, 254.64399008486261665867
2023/12/28 04:31:10, 0.00392705125169751925, 254.64399008485996297435
2023/12/28 09:22:07, 0.00388557217897508791, 257.36235332624133278533
2023/12/28 09:40:57, 0.00390038509114602313, 256.384940622921140033
2023/12/28 09:41:16, 0.00391676414018128065, 255.31279500371363474387
2023/12/28 11:34:06, 0.00392213958657797333, 254.96287878741454287044
2023/12/28 12:21:04, 0.00393805324110730704, 253.93257499962561984055
2023/12/28 15:25:38, 0.00393589828749612067, 254.07160626505026973293
2023/12/28 17:39:34, 0.00393177636001819156, 254.33796544709200981958
2023/12/28 17:56:49, 0.00393177636003140272, 254.33796544623740897085
2023/12/28 17:58:09, 0.00393177636003140272, 254.33796544623740897085
2023/12/28 18:00:05, 0.00393177636004030058, 254.33796544566182583015
2023/12/28 18:00:51, 0.00393041238158724651, 254.42622883153112182188
2023/12/28 18:02:48, 0.00392636203394923056, 254.6886892633728034974
2023/12/28 18:38:02, 0.00392213833457415089, 254.96296017528809300332
2023/12/28 18:53:48, 0.00392147405746463617, 255.00614956166084355217
2023/12/28 20:35:19, 0.00393632776739111188, 254.04388534005949236423
2023/12/28 21:29:51, 0.00392471641501969002, 254.79547927922916489686
2023/12/29 02:14:34, 0.00392453635500032998, 254.80716944458421717898
2023/12/29 07:13:00, 0.00391926150741145945, 255.15010879191534294099
2023/12/29 09:05:02, 0.00392060614228811546, 255.0626009621020791611
2023/12/29 09:29:56, 0.00389399042521392905, 256.80597300006502747706
2023/12/29 12:17:00, 0.00389399042521397138, 256.80597300006223581221
2023/12/29 13:02:49, 0.00392083683582476083, 255.04759363179333477984
2023/12/29 13:21:06, 0.00392083683582480952, 255.04759363179016770755
2023/12/29 13:34:44, 0.00395856863728690196, 252.61656210295585526169
2023/12/29 15:53:26, 0.00396532542399189466, 252.18611162392306470383
2023/12/29 16:11:38, 0.00396384806519357086, 252.28010346334147972367
2023/12/29 16:16:23, 0.00396707441595316293, 252.07492856161396744922
2023/12/29 17:29:16, 0.00401028052708074174, 249.35911421836208914205
2023/12/29 18:14:56, 0.00398311502350034949, 251.05978464091730180325
2023/12/29 19:37:23, 0.00398447005925738916, 250.97440440708853320271
2023/12/29 19:41:00, 0.00399803308803126941, 250.1229924768893764036
2023/12/29 20:19:12, 0.00399803308803132101, 250.12299247688614818724
2023/12/29 20:26:21, 0.00399803308803137115, 250.12299247688301126863
2023/12/29 20:38:12, 0.00413484778291638984, 241.84687139672170485536
2023/12/29 20:38:32, 0.00404254156003130642, 247.36913279680809494355
2023/12/29 20:41:28, 0.00403856195846139929, 247.61289050050314696088
2023/12/29 20:49:26, 0.00406643018903059674, 245.91593941476017623975
2023/12/29 20:52:00, 0.00406643018903060531, 245.91593941475965803542
2023/12/29 21:15:59, 0.00411977854031685956, 242.73149399022992296369
2023/12/29 21:42:08, 0.00411869674107478627, 242.79524880461264566798
2023/12/29 21:51:09, 0.00413242976722459112, 241.98838366988550384809
2023/12/29 21:52:27, 0.00411845977946481413, 242.80921838453599327167
2023/12/29 23:52:03, 0.00411845977946486419, 242.80921838453304210447
2023/12/29 23:54:02, 0.00411845977947725839, 242.80921838380232554942
2023/12/29 23:55:05, 0.00411942353166014885, 242.75241239809951313031
2023/12/29 23:58:45, 0.00410286671876948061, 243.73202166799046730186
2023/12/30 00:00:35, 0.0041062973207729878, 243.52839599343856622245
2023/12/30 00:03:44, 0.00419253857775247852, 238.51897399500531642734
2023/12/30 00:03:53, 0.00414352652032181135, 241.34031605578668940699
2023/12/30 00:04:49, 0.00414306440284285986, 241.36723515903512750333
2023/12/30 00:05:38, 0.00412031163668528919, 242.70008877398424337394
2023/12/30 00:08:34, 0.00412031163668531371, 242.70008877398279897508
2023/12/30 00:24:39, 0.00409267180260051794, 244.33916234489939419962
2023/12/30 00:41:54, 0.00409267180260404437, 244.33916234468886070946
2023/12/30 00:46:54, 0.00408529510149350594, 244.78035861703578781538
2023/12/30 00:50:34, 0.00408529510149671194, 244.78035861684369229556
2023/12/30 00:56:02, 0.00402629459801874613, 248.36732028800841205759
2023/12/30 00:57:42, 0.00402766165230595421, 248.283020354371307334
2023/12/30 01:04:44, 0.00402766165230598761, 248.28302035436924813559
2023/12/30 01:06:56, 0.00391792115349414514, 255.23739779912709210828
2023/12/30 01:06:56, 0.00398873218121624925, 250.70622808650911702421
2023/12/30 01:13:48, 0.00399367592053094669, 250.39588086232423573469
2023/12/30 01:38:28, 0.00399367592053097136, 250.39588086232268911958
2023/12/30 02:22:05, 0.00399641859731704131, 250.22403826049172052417
2023/12/30 04:38:05, 0.00399641859732510093, 250.22403825998709148829
2023/12/30 06:17:17, 0.00400466400277410044, 249.70883932017332752453
2023/12/30 06:44:33, 0.00401016565188823956, 249.36625735875443620216
2023/12/30 07:26:16, 0.00401291788980292506, 249.19523086706120863935
2023/12/30 08:29:11, 0.0040144320223103761, 249.10124133188894941387
2023/12/30 09:57:29, 0.00402702412889822562, 248.32232636102808180198
2023/12/30 10:35:09, 0.00402702412889826396, 248.32232636102571783107
2023/12/30 10:46:56, 0.00402678131933218056, 248.33729986753898912964
2023/12/30 13:18:42, 0.00408614141082699243, 244.72966044452446452699
2023/12/30 13:26:46, 0.00408425937363545831, 244.84243249955145361075
2023/12/30 13:38:09, 0.00406966468594221168, 245.72048981192151566739
2023/12/30 14:52:51, 0.00406452530535868917, 246.03119057509503622961
2023/12/30 14:59:17, 0.00403191270802139174, 248.02124262524941391446
2023/12/30 15:28:31, 0.00403191270802143348, 248.02124262524684626485
2023/12/30 15:41:06, 0.00403477372449018717, 247.84537331801791475842
2023/12/30 17:54:00, 0.00403059856181180621, 248.10210807758713157884
2023/12/30 17:56:08, 0.00402950091275930176, 248.16969189249418317051
2023/12/30 19:41:19, 0.00403399589992944409, 247.89316221602761853088
2023/12/30 19:43:29, 0.00403467717661101663, 247.8513041382815036856
2023/12/30 23:12:39, 0.00401612165138342229, 248.99644154343102966919
2023/12/31 00:21:08, 0.00398895839079367571, 250.69201080361027270481
2023/12/31 02:08:20, 0.00404372265673303294, 247.29688084194942371192
2023/12/31 02:20:28, 0.00402722504099079713, 248.30993794028833934548
2023/12/31 03:46:22, 0.0040322362640350922, 248.00134082403488064517
2023/12/31 05:52:11, 0.00401121801895253905, 249.3008346280646417608
2023/12/31 05:53:36, 0.00401393569376572838, 249.13204303525759653157
2023/12/31 09:43:59, 0.00374091598135690141, 267.31420993777063423177
2023/12/31 09:43:59, 0.00392207601191158586, 254.96701159358935182844
2023/12/31 09:45:11, 0.00390897409229342719, 255.82159829902883538046
2023/12/31 09:58:10, 0.00393009094164171826, 254.44703821084344975049
2023/12/31 10:37:47, 0.00392699411013318891, 254.64769540132662699173
2023/12/31 10:47:15, 0.00392456467481520913, 254.80533074590895807299
2023/12/31 14:12:06, 0.00394580804636836171, 253.43351431410325541557
2023/12/31 14:13:36, 0.0039357405843448024, 254.0817867868884899856
2023/12/31 15:03:40, 0.0039360097145570488, 254.06441358657523960323
2023/12/31 15:17:14, 0.00396270724901505342, 252.35273189775852342635
2023/12/31 16:09:39, 0.00396220342893580255, 252.38482019803493057033
2023/12/31 16:11:13, 0.00396220342894869196, 252.38482019721390003588
2023/12/31 16:15:20, 0.00395031929738267683, 253.14409411476178745391
2023/12/31 18:02:29, 0.00395138941887816905, 253.07553723315581769269
2023/12/31 18:48:18, 0.00394922528732628562, 253.21421981398850500077
2023/12/31 20:09:27, 0.00395462693080853646, 252.86835332291299509877
2023/12/31 20:29:52, 0.00388889115790982961, 257.14270710972329522282
2023/12/31 21:46:12, 0.0038888911579159397, 257.14270710931928121812
2024/01/01 00:42:37, 0.00389417363390047723, 256.79389108245316634661
2024/01/01 00:49:30, 0.00389626988589138985, 256.65573209418979581197
2024/01/01 01:04:24, 0.0038931881816422149, 256.858891310561438669
2024/01/01 02:09:24, 0.0038940261605450023, 256.80361630134540180996
2024/01/01 04:34:30, 0.00385257998157808045, 259.56631783939848767121
2024/01/01 05:49:38, 0.0038516342297772198, 259.63005320415392501139
2024/01/01 06:06:19, 0.00385307489602421665, 259.53297742326444013176
2024/01/01 06:13:41, 0.00385841304191539569, 259.17391143369643148975
2024/01/01 06:32:49, 0.0038584130419233892, 259.17391143315949885998
2024/01/01 11:12:41, 0.00385841304192341729, 259.17391143315761149556
2024/01/01 11:28:12, 0.00385482620873108939, 259.41506720459248176122
2024/01/01 12:08:46, 0.00389484249508694353, 256.74979187513390471571
2024/01/01 12:12:48, 0.0039417889554671211, 253.69191788237053226399
2024/01/01 12:45:22, 0.00394178895546714599, 253.69191788236893005717
2024/01/01 13:17:55, 0.00394178895547109918, 253.69191788211450459775
2024/01/01 13:22:58, 0.00390447656568966281, 256.11627658043482943945
2024/01/01 13:42:07, 0.00390349526467562695, 256.18066173908836597126
2024/01/01 14:55:48, 0.00390912050636547116, 255.81201663433910169609
2024/01/01 15:55:51, 0.00390659935665107713, 255.97710660999227389756
2024/01/01 16:15:17, 0.00390764920989278248, 255.90833421494296746899
2024/01/01 16:50:09, 0.00390975018554856382, 255.77081719856568846374
2024/01/01 16:53:27, 0.00390485591184296513, 256.09139557931408715755
2024/01/01 17:30:35, 0.00390437268057397503, 256.12309116275030940889
2024/01/01 18:37:41, 0.00389915320456683616, 256.46594209962359578186
2024/01/01 18:42:07, 0.00390011610133319635, 256.40262341374015979388
2024/01/01 19:39:41, 0.00390535322720883352, 256.05878439700131717211
2024/01/01 20:13:58, 0.00390532210643800969, 256.06082488086653040918
2024/01/01 20:25:00, 0.00390532210643802402, 256.06082488086559094532
2024/01/01 20:27:43, 0.00395827637570391809, 252.63521419020810634131
2024/01/01 22:01:20, 0.00393605170720235328, 254.06170304372726096803
2024/01/01 23:15:42, 0.00393873169637725549, 253.88883455041489151562
2024/01/01 23:38:26, 0.00393662103522647968, 254.02495974379929305879
2024/01/02 00:36:52, 0.00393930121573475862, 253.85212890187174001253
2024/01/02 01:44:26, 0.00397151716172523651, 251.79294442872245295474
2024/01/02 01:53:18, 0.00397151716172648666, 251.792944428643194222
2024/01/02 05:35:26, 0.00398224746812989119, 251.11447944986989988767
2024/01/02 08:07:27, 0.00398761389756117164, 250.77653596593214004916
2024/01/02 10:00:14, 0.0039896287915787032, 250.64988555095578818201
2024/01/02 10:05:19, 0.00393782642709785664, 253.94720120688284982791
2024/01/02 10:31:25, 0.00388702696624983777, 257.26603100075463399122
2024/01/02 10:58:27, 0.00388702696625465918, 257.2660310004355253078
2024/01/02 11:14:20, 0.0038959407307587747, 256.6774160871897223749
2024/01/02 11:18:03, 0.00390114771237861735, 256.33482085975092368221
2024/01/02 11:34:55, 0.00390887748620009335, 255.82792081112836738898
2024/01/02 12:28:28, 0.00391821669801787809, 255.21814566965463636976
2024/01/02 12:53:07, 0.00388063818035778105, 257.68957411736941533659
2024/01/02 13:18:13, 0.00387891268259399204, 257.80420489673357209393
2024/01/02 13:18:40, 0.00388303133229135781, 257.53075739667155579397
2024/01/02 13:30:36, 0.00388343002695758928, 257.50431784744526417338
2024/01/02 14:27:19, 0.0038965213398800605, 256.63916934451619699814
2024/01/02 14:43:18, 0.00390184816351528653, 256.28880420069227364957
2024/01/02 14:46:01, 0.0039018481635152998, 256.28880420069140228689
2024/01/02 14:48:31, 0.00390184816351531325, 256.28880420069051879212
2024/01/02 14:48:31, 0.00390148067109016562, 256.31294482886068993441
2024/01/02 14:55:43, 0.00391453604575140095, 255.45811516676135974302
2024/01/02 15:16:16, 0.00386286121888786624, 258.87546648334007328329
2024/01/02 15:28:33, 0.00385376113338657009, 259.48676251276370397259
2024/01/02 15:57:23, 0.00387481192277450613, 258.07704217136909825722
2024/01/02 16:55:10, 0.00387481192277452921, 258.07704217136756113213
2024/01/02 17:24:40, 0.00387587290320372654, 258.00639622971590778388
2024/01/02 17:31:57, 0.00387104902845010996, 258.32790870137334681038
2024/01/02 17:52:45, 0.00387207788813255098, 258.25926773448403331211
2024/01/02 19:08:10, 0.00387472802358304286, 258.08263029395257409341
2024/01/02 19:25:45, 0.00387737906426648002, 257.90617409989531972889
2024/01/02 20:19:21, 0.00387632408167370223, 257.97636599265569714126
2024/01/02 20:56:44, 0.00387735504376956473, 257.90777184742926177333
2024/01/02 21:01:24, 0.00387606600052456367, 257.99354290269204928073
2024/01/02 22:05:42, 0.00387831971363507066, 257.84362142303121705098
2024/01/02 22:27:59, 0.00388176783443702824, 257.61458249216229434351
2024/01/02 22:49:08, 0.00388707562387791002, 257.26281059650647305883
2024/01/02 22:51:32, 0.00388787210425095137, 257.21010701628079363313
2024/01/02 22:51:32, 0.00397616205720709037, 251.49880352271492459456
2024/01/02 23:46:00, 0.00404898757696807537, 246.97531938312602917288
2024/01/02 23:54:19, 0.0040979044136650639, 244.02716585222270832051
2024/01/02 23:54:19, 0.0040638811674247353, 246.07018729184344389194
2024/01/02 23:55:12, 0.00404698566304042951, 247.09749014744902737389
2024/01/03 01:35:45, 0.00405240492326502226, 246.76704794700034459864
2024/01/03 01:57:52, 0.00403597875808083801, 247.77137342405473945375
2024/01/03 03:20:29, 0.00402785566221010208, 248.27106129500569299165
2024/01/03 03:38:05, 0.0040278556622101498, 248.27106129500275209657
2024/01/03 04:02:00, 0.00402785566221018252, 248.27106129500073525941
2024/01/03 04:03:04, 0.00400624451306686731, 249.61032626400485227124
2024/01/03 04:45:50, 0.00400624451306621741, 249.61032626404534481788
2024/01/03 06:37:58, 0.0039600682797471052, 252.52089846891761697914
2024/01/03 07:14:36, 0.00396111502555142322, 252.45416847262366751634
2024/01/03 08:13:07, 0.00401096980598773653, 249.31626224340056354371
2024/01/03 08:20:48, 0.00396327905884532707, 252.31632321427874145896
2024/01/03 13:57:58, 0.00404274806134026867, 247.35649731991358305198
2024/01/03 14:31:06, 0.00403185465281004507, 248.02481391610659713548
2024/01/03 15:34:58, 0.00403185465281006069, 248.02481391610563636095
2024/01/03 15:57:14, 0.00403153340504278224, 248.04457746751278580179
2024/01/03 16:54:30, 0.00401023131345816713, 249.36217435738486727412
2024/01/03 17:53:27, 0.00401236029581757199, 249.22986129694931739497
2024/01/03 19:14:13, 0.00403886516193966375, 247.59430184090382153221
2024/01/03 21:20:22, 0.00404209353113674982, 247.39655139023267854876
2024/01/03 21:37:21, 0.0040431705141990862, 247.33065214245373769085
2024/01/03 21:48:48, 0.00404436591448781964, 247.25754819013216346742
2024/01/03 22:19:53, 0.00403298669309610322, 247.95519452416172559541
2024/01/03 22:35:41, 0.00404305974962899302, 247.33742806837418438811
2024/01/04 03:33:49, 0.00404247986322061903, 247.37290817406969209372
2024/01/04 03:39:53, 0.00404301108275512774, 247.34040533931596025395
2024/01/04 04:05:04, 0.00404153948866821545, 247.43046623788502707802
2024/01/04 04:12:14, 0.0040415394886739546, 247.43046623753366589799
2024/01/04 06:17:33, 0.00404003069421538795, 247.5228719009050568233
2024/01/04 08:24:45, 0.00404110679450193529, 247.45695940541199665345
2024/01/04 10:01:30, 0.00404376265745514417, 247.29443459209564108758
2024/01/04 13:11:28, 0.0040550009241004871, 246.60906833746974772264
2024/01/04 13:20:05, 0.00405699890675215915, 246.48761880011265694226
2024/01/04 14:34:01, 0.00405699890675219835, 246.48761880011027536728
2024/01/04 16:05:16, 0.00405808116798109447, 246.42188231476466525514
2024/01/04 16:24:03, 0.00405837371381376747, 246.40411911703222249203
2024/01/04 16:33:56, 0.00406271840051664629, 246.14061360315604554426
2024/01/04 16:59:09, 0.00406271840051664794, 246.14061360315594573368
2024/01/04 17:21:04, 0.0040638011428347678, 246.07503291916356408387
2024/01/04 17:58:31, 0.00406132272340562016, 246.22520004060413455404
2024/01/04 18:27:48, 0.00406674294370665656, 245.89702713999035609184
2024/01/04 18:51:13, 0.00407245933715207783, 245.55186859135409090051
2024/01/04 19:09:41, 0.00405949247020789149, 246.33621255338571861377
2024/01/04 19:13:31, 0.00407943844764147528, 245.13177802159249611214
2024/01/04 19:13:57, 0.00407943844764148563, 245.13177802159187378858
2024/01/04 21:17:51, 0.0041059289089574053, 243.55024701436542812615
2024/01/04 21:39:59, 0.00410526229866630689, 243.58979457290074493501
2024/01/04 22:23:29, 0.00411187710490702666, 243.19792992028416287072
2024/01/04 22:28:01, 0.00411187710490703762, 243.19792992028351423934
2024/01/05 00:15:54, 0.00411187710490705707, 243.19792992028236422329
2024/01/05 00:22:54, 0.00410641671565270088, 243.52131535706877765912
2024/01/05 02:20:21, 0.00410641671565272055, 243.52131535706761139106
2024/01/05 03:06:15, 0.00411169692390760488, 243.2085872344980470888
2024/01/05 03:10:07, 0.0041116969239076459, 243.20858723449562052884
2024/01/05 03:23:30, 0.00411697709751356788, 242.89666333192527749062
2024/01/05 05:01:03, 0.00411782839350223152, 242.84644828277934007381
2024/01/05 07:43:02, 0.00411782839351204016, 242.84644828220088161644
2024/01/05 08:51:19, 0.00411782839351238307, 242.84644828218065859254
2024/01/05 08:53:00, 0.00410648277743650779, 243.51739778250207388035
2024/01/05 08:57:16, 0.00410757326704235253, 243.45274812834864053747
2024/01/05 09:08:24, 0.00410443335571798696, 243.6389906555250626453
2024/01/05 09:46:27, 0.00406862134059999192, 245.78350165477229834045
2024/01/05 11:05:54, 0.00406906926693722367, 245.75644561408437846602
2024/01/05 12:22:30, 0.00406946451650068655, 245.73257634886452064526
2024/01/05 15:42:45, 0.00406866682126234616, 245.7807542200615993689
2024/01/05 16:17:21, 0.00406866682127227713, 245.78075421946168789558
2024/01/05 16:21:12, 0.0039957706513142106, 250.26461407916382590436
2024/01/05 16:22:58, 0.0039902098145117552, 250.61338788831601422295
2024/01/05 16:29:41, 0.00399352632181947991, 250.40526076823068483111
2024/01/05 16:42:52, 0.00402003167203149682, 248.75425906648554208182
2024/01/05 17:26:57, 0.00401114767670646983, 249.30520653906570161685
2024/01/05 19:36:05, 0.00399009366632406199, 250.62068302804181925946
2024/01/05 21:45:34, 0.00399272671764286883, 250.4554082254736057849
2024/01/05 22:09:23, 0.0039953606361415191, 250.29029693943731938833
2024/01/05 22:14:31, 0.00399536063614155912, 250.29029693943481248644
2024/01/05 23:36:26, 0.00408857032905959113, 244.58427262275055903127
2024/01/06 00:06:45, 0.00411525352488201881, 242.9983946198476895153
2024/01/06 00:06:45, 0.00411184568966253525, 243.19978799643898027603
2024/01/06 00:11:23, 0.00412164706738777392, 242.62145294108893382015
2024/01/06 00:11:50, 0.00414128477365662595, 241.4709576026164052552
2024/01/06 00:13:18, 0.00416813860109306505, 239.91524651741595876195
2024/01/06 00:14:44, 0.00419507908233066743, 238.37452891220068462273
2024/01/06 00:19:58, 0.00418040184663722797, 239.21145303397413398795
2024/01/06 00:24:15, 0.00416692192389497263, 239.98529808431443630671
2024/01/06 00:31:41, 0.00417499369838590513, 239.52131960980207773743
2024/01/06 00:46:47, 0.00420331796054090863, 237.9072935684632078253
2024/01/06 00:50:11, 0.00420331796054095474, 237.90729356846059830949
2024/01/06 02:10:36, 0.0041886021659458603, 238.74313204777287541869
2024/01/06 02:25:21, 0.00440010229323086146, 227.26744365429976735769
2024/01/06 02:26:32, 0.00437949106536955467, 228.3370339324158392073
2024/01/06 02:29:52, 0.00439691064440285928, 227.43241354539947803915
2024/01/06 02:35:26, 0.00434302158592734577, 230.25443926880103701544
2024/01/06 02:44:22, 0.00434302158592736266, 230.2544392688001414238
2024/01/06 02:49:24, 0.00432684410373136274, 231.11532933151552008215
2024/01/06 02:52:41, 0.0043264602043755544, 231.13583686466191762783
2024/01/06 02:55:09, 0.0043256851908131288, 231.17724843310271554765
2024/01/06 03:44:14, 0.00432568519081313621, 231.17724843310231917359
2024/01/06 05:39:14, 0.00432600805245651873, 231.15999505182408140412
2024/01/06 10:10:43, 0.0043271273121259321, 231.10020294473301742577
2024/01/06 10:33:25, 0.00432540813956758403, 231.19205580908976047326
2024/01/06 10:47:22, 0.00432259645019377952, 231.34243770435025747242
2024/01/06 11:01:10, 0.00431565494711157152, 231.71453979871372163871
2024/01/06 15:41:20, 0.00434145263732360628, 230.33765044514553133703
2024/01/06 16:48:56, 0.00436732708753169988, 228.97300338573314668986
2024/01/06 17:05:24, 0.00439584336097296215, 227.48763272098556862339
2024/01/06 17:19:29, 0.00437875148454242976, 228.37560056334137434417
2024/01/06 18:11:51, 0.00443628927213914638, 225.41361454497922820594
2024/01/06 18:11:54, 0.00443393819020174956, 225.53313941313620071034
2024/01/06 18:43:51, 0.00441662409769295701, 226.41727660779516908086
2024/01/06 20:34:03, 0.00443795184373311913, 225.32916877232704937575
2024/01/06 20:35:25, 0.00443753518072294989, 225.3503260873490150038
2024/01/06 21:25:42, 0.00444302198819656445, 225.07203490251078166173
2024/01/06 21:37:17, 0.00445609944790347691, 224.41150869522984029928
2024/01/06 21:45:56, 0.00452138328708911563, 221.17125147419296503782
2024/01/06 21:46:14, 0.00443566064597852517, 225.44556038267346844299
2024/01/06 21:51:10, 0.00442519009020335348, 225.97899290560112069502
2024/01/06 23:46:05, 0.0044247167710575481, 226.00316624582295731797
2024/01/06 23:59:30, 0.00442732525976811195, 225.87000984255142715516
2024/01/07 00:32:55, 0.00443418925119556028, 225.52036986927808796074
2024/01/07 00:44:35, 0.00444986842955474947, 224.72574545312101696898
2024/01/07 02:42:50, 0.00442767226291512864, 225.85230807973385717156
2024/01/07 04:12:09, 0.0044279331621974052, 225.83900058322926569583
2024/01/07 04:23:54, 0.00444009185296650403, 225.22056595110353033341
2024/01/07 05:20:44, 0.00444216807183550948, 225.11530041833800563704
2024/01/07 11:40:45, 0.00445786119879472901, 224.32282105830701703183
2024/01/07 12:19:32, 0.00443624975038343306, 225.41562271456159527719
2024/01/07 15:59:56, 0.00443161934740519097, 225.65114952517788781693
2024/01/07 16:25:37, 0.00444547371746508196, 224.94790511779799777104
2024/01/07 16:35:33, 0.00444508640108974281, 224.96750563832533813309
2024/01/07 18:49:11, 0.0044174822172097459, 226.37329384240034629071
2024/01/07 20:00:04, 0.00442074435271333848, 226.20624949421150709778
2024/01/07 20:25:44, 0.00443378292174908129, 225.54103745013984397567
2024/01/07 20:28:17, 0.00444030939173241149, 225.20953198935635838791
2024/01/08 05:31:39, 0.00444021036296711012, 225.21455477432911877432
2024/01/08 07:28:16, 0.00450573825540516925, 221.93921246987238854749
2024/01/08 07:31:33, 0.0045057382554051757, 221.93921246987207067449
2024/01/08 07:37:24, 0.00457126265755656765, 218.75793952617026543548
2024/01/08 07:37:56, 0.00453556788973665338, 220.47955720448107925474
2024/01/08 07:38:44, 0.00452075208986521215, 221.2021318846120049834
2024/01/08 07:44:40, 0.00450306598863766213, 222.07091846382993431303
2024/01/08 07:45:18, 0.00450306598863767011, 222.07091846382954084223
2024/01/08 09:00:36, 0.00450306598864223537, 222.07091846360440243185
2024/01/08 09:04:56, 0.00437480487966652996, 228.58162306800414893314
2024/01/08 09:04:56, 0.00439089020281743562, 227.74425089435058867082
2024/01/08 09:04:56, 0.0044044920014181842, 227.04093904087330096381
2024/01/08 09:52:59, 0.00437826241212706727, 228.40111118743462252969
2024/01/08 11:41:04, 0.00437826241212709429, 228.40111118743321270033
2024/01/08 13:22:09, 0.00438085579132082566, 228.26590228812360389816
2024/01/08 14:15:57, 0.0043752813968436767, 228.55672796757687992567
2024/01/08 14:35:45, 0.00437528139684369683, 228.55672796757582843949
2024/01/08 15:18:45, 0.0043866750429551479, 227.96309054302215919192
2024/01/08 17:29:01, 0.00440097975981091528, 227.22213111086069445321
2024/01/08 19:48:43, 0.00440109988821880195, 227.21592906284082764626
2024/01/08 19:49:31, 0.00441330468393366969, 226.58757362491441006414
2024/01/08 20:51:27, 0.00441330468394326759, 226.58757362442163507221
2024/01/08 21:50:41, 0.00441077310501252386, 226.71762436920015161077
2024/01/08 22:36:26, 0.00440233448547318355, 227.152208288533830197
2024/01/08 22:43:28, 0.00440415431412409669, 227.05834734105613585514
2024/01/08 23:57:27, 0.00440392735143839363, 227.07004911726890514552
2024/01/09 00:17:06, 0.00429162181771847913, 233.01214377077197081326
2024/01/09 00:20:23, 0.00430824153760644843, 232.11326274793197028011
2024/01/09 01:06:02, 0.00430824153760647376, 232.1132627479306056346
2024/01/09 01:06:41, 0.00430824153760647376, 232.1132627479306056346
2024/01/09 01:08:02, 0.00430824153761728353, 232.11326274734821265794
2024/01/09 01:09:02, 0.00430694296557892052, 232.18324644463555236812
2024/01/09 01:30:03, 0.00430738012770615763, 232.15968183716762305853
2024/01/09 01:35:37, 0.00430694427696764108, 232.18317574892395038124
2024/01/09 02:50:50, 0.00430823011126155061, 232.11387836179822686868
2024/01/09 02:57:48, 0.00430823011126157493, 232.11387836179691677524
2024/01/09 07:53:12, 0.00430803287112931398, 232.12450552585002699198
2024/01/09 12:24:53, 0.00430739493069532989, 232.15888398665431631699
2024/01/09 12:30:54, 0.0042194134715705595, 236.99976471558682481921
2024/01/09 12:34:01, 0.00421635144171783711, 237.17188043332966162096
2024/01/09 13:18:02, 0.00421904194630806883, 237.02063471425399530354
2024/01/09 13:22:28, 0.00424065891585330509, 235.81241025105648457669
2024/01/09 14:40:57, 0.00422001596495101034, 236.96592816364117218595
2024/01/09 15:21:26, 0.00422001596495424631, 236.96592816345946328894
2024/01/09 15:45:09, 0.00424039844319704329, 235.8268953721365878977
2024/01/09 16:55:58, 0.00423650418720191494, 236.04367086922915770398
2024/01/09 17:34:45, 0.00423701414179889835, 236.01526134520583280403
2024/01/09 18:04:06, 0.00430100014514346835, 232.50406097501841070233
2024/01/09 18:12:55, 0.00431210410359406564, 231.90534736082019886115
2024/01/09 18:16:06, 0.00433444132583665717, 230.71024033460058972462
2024/01/09 18:19:35, 0.00434519464314884234, 230.13928767879720716132
2024/01/09 18:34:49, 0.00435682180773418077, 229.52510892798308093175
2024/01/09 18:47:31, 0.004345119951948155, 230.14324369840360563367
2024/01/09 18:58:07, 0.00431932530873065764, 231.51763956715618307099
2024/01/09 20:53:24, 0.00427253653678196598, 234.05300139415320718818
2024/01/09 21:25:37, 0.00427394485431748008, 233.97587804386708630186
2024/01/09 21:27:56, 0.00428675838221686374, 233.27650192471491257106
2024/01/09 21:42:58, 0.00428765604541150373, 233.22766318211654628074
2024/01/09 22:25:41, 0.00428687805675298075, 233.26998966642688831228
2024/01/09 23:04:01, 0.00428578772823577096, 233.3293348645725832534
2024/01/09 23:41:55, 0.00431146701730118816, 231.93961498190037841943
2024/01/09 23:45:44, 0.00433722289288176503, 230.56228021880002659436
2024/01/10 00:51:29, 0.00435012953601961966, 229.87821206699116292431
2024/01/10 00:59:39, 0.00436305532548675528, 229.19718532068741534177
2024/01/10 01:04:24, 0.00436475404474375849, 229.10798403503329009261
2024/01/10 01:42:43, 0.00436475404474380177, 229.10798403503101845689
2024/01/10 05:07:30, 0.00435913400038290894, 229.40336312491412293935
2024/01/10 05:38:32, 0.00435843725928246787, 229.44003561602963098646
2024/01/10 05:53:53, 0.00438431891921156718, 228.08559742725790823739
2024/01/10 06:02:23, 0.00441027708276288169, 226.74312321744999650979
2024/01/10 06:03:11, 0.00439334492741809284, 227.61700174260753241011
2024/01/10 06:05:17, 0.00438968773685414769, 227.80663681481955151765
2024/01/10 08:35:59, 0.0043896877368542015, 227.80663681481675890972
2024/01/10 12:18:59, 0.00441564318327466416, 226.46757414361428325838
2024/01/10 12:27:12, 0.00441419365949639811, 226.5419410969130318447
2024/01/10 13:23:59, 0.00440082123217300945, 227.23031617129023332012
2024/01/10 13:37:27, 0.00439264328387453004, 227.65335934994252940122
2024/01/10 14:10:10, 0.00437192966007978445, 228.73195082048752527431
2024/01/10 14:38:44, 0.00437044235538947367, 228.80979056200928022344
2024/01/10 14:45:14, 0.00442767776842374933, 225.8520272481345019875
2024/01/10 15:04:11, 0.00442767776842379705, 225.85202724813206814597
2024/01/10 15:24:42, 0.00441385575048459026, 226.55928433778371132475
2024/01/10 15:25:57, 0.00438637704043251511, 227.97857794308439578566
2024/01/10 15:34:01, 0.00435898351790229188, 229.41128267473649699836
2024/01/10 15:37:36, 0.00438722467944146029, 227.93453106835423952587
2024/01/10 15:45:22, 0.00437367708992076387, 228.64056477889559840334
2024/01/10 16:33:58, 0.00440206119515636335, 227.1663104321019133453
2024/01/10 17:07:41, 0.00439742072454924682, 227.40603245383212507463
2024/01/10 17:29:57, 0.00438621920571834496, 227.9867815763272698849
2024/01/10 19:52:43, 0.0044120498164079558, 226.6520192680290428703
2024/01/10 19:56:52, 0.00441204981641088364, 226.65201926787863638614
2024/01/10 20:42:58, 0.00439821284617439283, 227.36507644685942526906
2024/01/10 20:58:34, 0.00439558984116942366, 227.500753285469245808
2024/01/10 22:43:40, 0.00439511698783359438, 227.52522919598368515976
2024/01/10 22:44:46, 0.00439364852626184837, 227.60127352535594619882
2024/01/10 22:58:37, 0.00437875504382384619, 228.37541492769313275433
2024/01/10 23:43:26, 0.00437875504382386339, 228.37541492769223552898
2024/01/11 00:35:49, 0.00436413759641660714, 229.14034626706084619428
2024/01/11 00:42:40, 0.00437065266774267808, 228.79878041566558586013
2024/01/11 01:08:34, 0.00437064355234414232, 228.79925759758239227724
2024/01/11 01:48:45, 0.00448731898529965334, 222.85021485568006458068
2024/01/11 01:50:42, 0.00447520723055387134, 223.45333936105470569403
2024/01/11 02:03:15, 0.0045947016423143225, 217.64198806525906449202
2024/01/11 02:03:15, 0.00449812272166697729, 222.31496601529048575094
2024/01/11 02:04:21, 0.00448347078626642677, 223.04148898731683982272
2024/01/11 02:04:45, 0.00448337608710369082, 223.04620013397331479157
2024/01/11 02:05:50, 0.00448443224705676804, 222.99366896585896558208
2024/01/11 02:40:21, 0.00446084294240469566, 224.17287784199200124298
2024/01/11 02:46:04, 0.00446084294240474979, 224.17287784198928064091
2024/01/11 03:36:50, 0.00447586527268127045, 223.42048723038288635044
2024/01/11 04:16:25, 0.00447499650029161708, 223.46386191248062901316
2024/01/11 09:05:36, 0.00447393840913171501, 223.51671135188385498165
2024/01/11 09:20:04, 0.00443209075331513282, 225.62714882406594079746
2024/01/11 10:44:13, 0.0044583771679658717, 224.29686011877918159608
2024/01/11 13:26:49, 0.00459810089510100935, 217.48109117514968679981
2024/01/11 13:30:46, 0.00458612353233640403, 218.04907629484399407601
2024/01/11 13:33:38, 0.00456173229729268453, 219.21496809303870697071
2024/01/11 13:38:26, 0.00454356641496370267, 220.09142349204303009583
2024/01/11 14:06:52, 0.00453612250127290592, 220.45260014900051322328
2024/01/11 16:35:04, 0.00450896914762179345, 221.78018240099049765496
2024/01/11 17:24:57, 0.00450896914762805407, 221.78018240068255981791
2024/01/11 17:26:54, 0.00444054152442078596, 225.19775898963982860866
2024/01/11 17:39:09, 0.00443953131035428204, 225.24900267460853267754
2024/01/11 17:44:14, 0.004439531310354318, 225.24900267460670853524
2024/01/11 18:35:36, 0.00449301186882314992, 222.56785185433507290058
2024/01/11 21:05:20, 0.00449766011549548607, 222.33783218851224835485
2024/01/11 21:45:00, 0.00444425608809308549, 225.00953594442257938154
2024/01/12 00:08:22, 0.0044398444281215554, 225.23311710340443921617
2024/01/12 00:51:31, 0.00443984442812526469, 225.23311710321626704356
2024/01/12 00:54:12, 0.00438658619708629731, 227.96770770496431238142
2024/01/12 00:56:03, 0.00440289074241326173, 227.1235100991607900992
2024/01/12 02:36:24, 0.00454326062974260329, 220.10623679686512305413
2024/01/12 02:44:39, 0.00454326062974263787, 220.10623679686344767054
2024/01/12 03:20:44, 0.00448802086007744113, 222.8153636484534804263
2024/01/12 06:56:36, 0.00447625768169835301, 223.40090117881381845127
2024/01/12 07:11:55, 0.00441812951036473626, 226.3401282497591496046
2024/01/12 09:18:27, 0.00442177815731613701, 226.15336283785087940864
2024/01/12 10:10:28, 0.0045398581785497877, 220.27119805743359164255
2024/01/12 10:17:16, 0.00451597117921491709, 221.43631133045580325588
2024/01/12 10:20:59, 0.00452672921119914305, 220.91005521735134742432
2024/01/12 10:27:55, 0.0045093056622749622, 221.76363167528016273
2024/01/12 10:45:22, 0.00450930566227500234, 221.7636316752781887979
2024/01/12 10:55:46, 0.00451919162924535228, 221.27851218537225989281
2024/01/12 11:10:14, 0.00452396807994193763, 221.0448841214711641837
2024/01/12 11:50:55, 0.00452344133339011984, 221.07062439793909959395
2024/01/12 12:30:44, 0.00451968112947467688, 221.2545468038870541628
2024/01/12 12:58:34, 0.00427642201186915009, 233.84034532244802854336
2024/01/12 12:58:34, 0.00439672522066503361, 227.4420050859451756181
2024/01/12 13:25:55, 0.00441394948500586253, 226.55447313046715061972
2024/01/12 15:26:01, 0.00444000081696393346, 225.22518378359187879805
2024/01/12 16:15:20, 0.00444000081696394252, 225.22518378359141925124
2024/01/12 16:39:48, 0.00444078320776480329, 225.18550292017832914295
2024/01/12 17:24:09, 0.00443369556736383964, 225.54548114691015103689
2024/01/12 18:15:18, 0.00444391696623872227, 225.02670675379156352248
2024/01/12 19:44:46, 0.0044438625066438607, 225.02946445911312184485
2024/01/12 20:26:00, 0.00443229120386119433, 225.61694482728236198047
2024/01/12 20:32:33, 0.00443229120386416849, 225.61694482713096805204
2024/01/12 21:02:33, 0.00443147490541477556, 225.65850452591074033298
2024/01/12 21:34:57, 0.00443277778710164327, 225.59217899660307796834
2024/01/12 22:59:15, 0.00443277778710165422, 225.59217899660252112929
2024/01/12 23:49:39, 0.00443277778710551947, 225.59217899640581098207
2024/01/13 01:44:15, 0.00441546659694870027, 226.47663118798092244544
2024/01/13 01:58:32, 0.00441508330808074778, 226.49629241870489481648
2024/01/13 08:40:41, 0.00440988315000869743, 226.76337807228015596944
2024/01/13 10:54:05, 0.00440795273818180869, 226.86268646620738637651
2024/01/13 15:50:03, 0.00440395824128023469, 227.06845642326051790777
2024/01/13 15:52:00, 0.00440395824128513312, 227.06845642300795438549
2024/01/13 17:22:57, 0.00446917041678454612, 223.75517305054445403576
2024/01/13 17:28:01, 0.00446869676153569619, 223.77888976658680508447
2024/01/13 19:05:36, 0.00445120037351624114, 224.65850019913764051274
2024/01/13 20:04:48, 0.00445120037352834922, 224.65850019852652820856
2024/01/13 20:07:48, 0.0044114134841283439, 226.68471309657591812765
2024/01/13 20:19:10, 0.0045191838446289045, 221.27889335338947744601
2024/01/14 02:38:45, 0.00451918384463541927, 221.2788933530704857301
2024/01/14 02:40:30, 0.00445873635607819328, 224.27879115049943665228
2024/01/14 07:01:00, 0.004452747544689121, 224.58043937225220391342
2024/01/14 08:42:36, 0.00443723222763359462, 225.36571193464594323985
2024/01/14 16:24:15, 0.00450331012499175271, 222.0588794119151150652
2024/01/14 16:29:41, 0.00456987565949605527, 218.8243345137918633001
2024/01/14 16:35:16, 0.00454554851922191219, 219.99545176369072810413
2024/01/14 18:22:49, 0.00454483388304578902, 220.03004416298597656469
2024/01/14 20:07:25, 0.0045448338830458352, 220.03004416298374044455
2024/01/14 22:03:03, 0.00454741922490854295, 219.90495059758029193335
2024/01/14 22:13:15, 0.00455008529424520456, 219.77609986009855645433
2024/01/14 22:47:13, 0.00454630184942771437, 219.95899813072890764392
2024/01/14 23:04:16, 0.00454630184942777497, 219.95899813072597560663
2024/01/14 23:11:17, 0.00457299125560019282, 218.67524867347525386043
2024/01/14 23:17:08, 0.00455714286533653167, 219.43573628257382405401
2024/01/15 02:16:46, 0.00455636929959432329, 219.47299137693581636931
2024/01/15 03:49:50, 0.00455195544100797884, 219.68580601451611648338
2024/01/15 03:59:48, 0.00455292789942516057, 219.63888339331204663926
2024/01/15 06:08:56, 0.00460642322139575504, 217.08817274001976918504
2024/01/15 06:08:56, 0.00457611933598432957, 218.52576967049278716016
2024/01/15 07:40:12, 0.00456512751523688052, 219.05193155335352417413
2024/01/15 08:00:09, 0.00456512751523814971, 219.05193155329262364583
2024/01/15 11:10:58, 0.00456140107029360743, 219.23088642929444984462
2024/01/15 14:48:07, 0.00462832441579172869, 216.06091322985585851261
2024/01/15 14:48:55, 0.0046111291836336298, 216.86661990501575730569
2024/01/15 15:31:30, 0.00467806890412678562, 213.76341830233500825799
2024/01/15 15:53:16, 0.00465302800002416519, 214.91381526068757076916
2024/01/15 16:12:03, 0.00464333163747360899, 215.36260557604499482938
2024/01/15 16:31:23, 0.00464333163747364075, 215.36260557604352184459
2024/01/15 16:49:38, 0.00464333163747367961, 215.36260557604171956443
2024/01/15 17:31:25, 0.00464333163747371952, 215.3626055760398681603
2024/01/15 19:40:49, 0.00463818745962921711, 215.60146257649132054795
2024/01/15 21:17:41, 0.00461963307991180148, 216.46740827717254668202
2024/01/16 00:08:44, 0.00463299054857805473, 215.8433067183608583598
2024/01/16 00:10:55, 0.00471787816685364585, 211.95969133448400497295
2024/01/16 00:22:41, 0.00469884439740378717, 212.81828369386344421665
2024/01/16 01:50:51, 0.00467288323079939148, 214.0006395642224751802
2024/01/16 01:54:12, 0.00467288323079943453, 214.0006395642205036894
2024/01/16 02:28:06, 0.00472673330055701964, 211.56260284077281758294
2024/01/16 03:35:19, 0.00472389480311756339, 211.68972673566817331473
2024/01/16 03:59:16, 0.00473199641653325778, 211.32729443878515296262
2024/01/16 05:20:48, 0.0047135287912250613, 212.15527565285047990892
2024/01/16 06:04:27, 0.00471892314609078583, 211.91275404186489895438
2024/01/16 07:49:15, 0.0047189231460908124, 211.91275404186370567392
2024/01/16 08:32:18, 0.00471686731639242829, 212.00511545548914370746
2024/01/16 08:33:37, 0.00471956477095552688, 211.88394450142045520167
2024/01/16 09:37:23, 0.00469254410549969381, 213.10401724897868435896
2024/01/16 10:47:37, 0.00469254410549975307, 213.10401724897599316918
2024/01/16 12:05:47, 0.00475987785956670623, 210.08942445658268183776
2024/01/16 12:57:04, 0.00475987785956672364, 210.08942445658191356239
2024/01/16 14:14:03, 0.00463571345571706211, 215.71652552569555943401
2024/01/16 15:22:07, 0.00463533697620809212, 215.73404590275195652207
2024/01/16 16:24:51, 0.00463222261162754192, 215.87908955192629076249
2024/01/16 17:10:00, 0.00462976589435391975, 215.99364262014142871641
2024/01/16 17:11:25, 0.00462976589435872893, 215.99364261991706464253
2024/01/16 17:15:03, 0.00457610697523836128, 218.52635994111824194066
2024/01/16 17:15:03, 0.00459408802094174722, 217.67105798617434548712
2024/01/16 17:19:08, 0.00460635718665928437, 217.09128482180085761058
2024/01/16 19:54:43, 0.00478498847574130724, 208.98691920988931608242
2024/01/16 19:55:02, 0.00478264585534009416, 209.08928451882832441594
2024/01/16 19:58:40, 0.00474855370674179206, 210.59043695351767101427
2024/01/16 20:11:57, 0.0047483562812770896, 210.59919280763109897186
2024/01/16 22:06:26, 0.00463731790126947488, 215.64189069855401478856
2024/01/16 22:16:59, 0.00470999752167855516, 212.31433676925135077697
2024/01/16 22:35:56, 0.00471099315010834006, 212.26946593564941030341
2024/01/16 23:00:13, 0.00471099315010836163, 212.2694659356484385374
2024/01/16 23:17:52, 0.00471030389102512242, 212.30052734078819048574
2024/01/17 01:19:39, 0.00471104141617408668, 212.26729116979749605824
2024/01/17 06:37:36, 0.00504829552823973183, 198.08666002338528756938
2024/01/17 06:42:21, 0.00498016853311724488, 200.79641750076847213001
2024/01/17 06:51:43, 0.00501942205609040931, 199.22612380973848572464
2024/01/17 08:25:30, 0.00501878890755844413, 199.25125730910309931485
2024/01/17 11:48:34, 0.00499698177148089632, 200.1208020624101337421
2024/01/17 12:54:34, 0.00499694896788805732, 200.12211580032333957379
2024/01/17 13:04:34, 0.00500239177746108673, 199.90437464447054362575
2024/01/17 13:40:32, 0.0050023917774696339, 199.90437464412898375183
2024/01/17 13:42:42, 0.00492351521878647965, 203.10691763160110178926
2024/01/17 15:03:39, 0.00489288339132755555, 204.37846562467866921084
2024/01/17 16:16:00, 0.00491997384968846966, 203.25311283175204522369
2024/01/17 16:23:20, 0.00493354706853280122, 202.69392104885547884334
2024/01/17 16:37:29, 0.00494822711509613877, 202.09258321009201861923
2024/01/17 18:00:18, 0.00494822711509616929, 202.09258321009077214548
2024/01/17 18:08:58, 0.00495262110847417696, 201.91328553055493938603
2024/01/17 18:09:10, 0.00495289368188514984, 201.90217360356989329697
2024/01/17 18:20:42, 0.00495289368188520951, 201.90217360356746065752
2024/01/17 18:59:32, 0.00500747536673091766, 199.70143171225232090519
2024/01/17 19:09:08, 0.00506235570344009417, 197.53649458501224169951
2024/01/17 19:52:59, 0.00504152680568566691, 198.35260994193924147798
2024/01/17 20:39:39, 0.00504427297665473384, 198.24462407726019465959
2024/01/17 22:12:57, 0.00504427297665476462, 198.24462407725898516727
2024/01/17 22:14:06, 0.00504427297665476462, 198.24462407725898516727
2024/01/17 22:16:36, 0.00504427297665854426, 198.2446240771104414788
2024/01/17 22:16:36, 0.00504227862657315652, 198.32303489337755996006
2024/01/17 22:18:13, 0.00504087669883053158, 198.37819088731073875926
2024/01/17 23:34:51, 0.00504087669883053985, 198.37819088731041355541
2024/01/17 23:38:00, 0.00504252383182361933, 198.31339094303335529412
2024/01/17 23:54:36, 0.00504252383182362416, 198.31339094303316529739
2024/01/18 03:27:50, 0.00505076342120875748, 197.98987135308710655841
2024/01/18 04:03:37, 0.00504837808726037737, 198.08342059868852302909
2024/01/18 06:33:10, 0.0050278572725002655, 198.89188292385982672215
2024/01/18 08:29:16, 0.00503128460701255475, 198.75639684668402290597
2024/01/18 08:34:57, 0.00503827998681112799, 198.48043431840490086862
2024/01/18 08:37:51, 0.00504171086596413482, 198.34536858328315193519
2024/01/18 09:05:48, 0.00505559479541420865, 197.80066252680546466412
2024/01/18 10:08:31, 0.00505490094373440239, 197.82781327090286008064
2024/01/18 10:33:38, 0.00505143382737125046, 197.96359492655112321748
2024/01/18 10:36:07, 0.00504979823174974599, 198.02771400106055354279
2024/01/18 11:48:33, 0.00502231735418003109, 199.11127264144482834612
2024/01/18 12:11:54, 0.00501638748593575524, 199.34664194176784878256
2024/01/18 12:42:57, 0.00502259669304847881, 199.1001987844353998967
2024/01/18 14:58:43, 0.0050114261280700009, 199.54399694705661236584
2024/01/18 15:12:06, 0.00501690059563131163, 199.32625351811719889092
2024/01/18 17:20:49, 0.00500675282719435481, 199.73025122559769307816
2024/01/18 17:26:19, 0.00504231039233603584, 198.32178548943180032267
2024/01/18 17:57:21, 0.00503616787191181605, 198.56367488806181907072
2024/01/18 18:47:47, 0.00510485926740182136, 195.89178616259128618494
2024/01/18 19:23:40, 0.00510516253462007405, 195.88014940143721635753
2024/01/18 19:23:43, 0.00508411531947593896, 196.69105383374311764498
2024/01/18 19:36:19, 0.00502154735823376642, 199.14180404179857035164
2024/01/18 20:32:58, 0.00502449919374188329, 199.02481052151834207287
2024/01/18 21:34:03, 0.00503818406349127458, 198.48421323992619515709
2024/01/18 23:55:45, 0.00503818406349769314, 198.48421323967332961729
2024/01/19 01:24:48, 0.00503818406350937308, 198.4842132392131869276
2024/01/19 02:20:18, 0.00503673481876952914, 198.54132408827100288028
2024/01/19 02:28:55, 0.00503673481877913136, 198.5413240878924963811
2024/01/19 02:31:14, 0.00503623557039863193, 198.56100573961976996115
2024/01/19 03:50:49, 0.00502571030270150848, 198.97684899634233886258
2024/01/19 04:10:36, 0.00509445039807858553, 196.29202796383263307346
2024/01/19 04:14:02, 0.00507988203522760651, 196.85496495101082161014
2024/01/19 06:29:14, 0.0050798820352276595, 196.85496495100876834185
2024/01/19 06:32:44, 0.00507714130372526836, 196.96123077493757334053
2024/01/19 07:12:38, 0.00507714130372526992, 196.96123077493751305126
2024/01/19 10:09:45, 0.00507674157689660021, 196.97673888913951184566
2024/01/19 15:03:51, 0.00511116147822036032, 195.65024589052642117888
2024/01/19 15:05:07, 0.0051456974924693163, 194.33711396044779880044
2024/01/19 15:27:40, 0.00513148618304081188, 194.87531766234257298843
2024/01/19 16:06:44, 0.00513077716503555808, 194.90224732710052332813
2024/01/19 16:21:01, 0.00514556937922322024, 194.34195252284420557787
2024/01/19 17:20:47, 0.00515988220900544958, 193.80287368861211445168
2024/01/19 17:30:20, 0.00515774089849725436, 193.88333374624485954976
2024/01/19 18:52:01, 0.00516051579760424209, 193.77907930526009874079
2024/01/19 21:11:49, 0.0051599071138347638, 193.80193827884923746316
2024/01/19 21:32:08, 0.00515990711384073749, 193.80193827862487045006
2024/01/19 21:54:32, 0.00515954715604951674, 193.81545894536696614483
2024/01/19 23:20:32, 0.00516098179544528792, 193.76158251178646302553
2024/01/19 23:26:21, 0.00516098179544532626, 193.76158251178502347821
2024/01/19 23:48:44, 0.00515493637834627658, 193.98881510945123367689
2024/01/20 01:00:14, 0.00516047787349332323, 193.78050337866521398304
2024/01/20 01:00:34, 0.00516047787349332413, 193.78050337866518020475
2024/01/20 01:05:01, 0.0051392131112841388, 194.58231802147027431131
2024/01/20 02:39:33, 0.00513861447212253782, 194.60498650464889940578
2024/01/20 02:42:14, 0.00513464402224832015, 194.75546808445103406546
2024/01/20 03:02:22, 0.00513464402224834947, 194.75546808444992173101
2024/01/20 03:07:58, 0.00513485147703814959, 194.74759970600225767144
2024/01/20 03:24:49, 0.00514868179635815739, 194.22447134086533688331
2024/01/20 03:45:08, 0.00513449097823303105, 194.76127316989407240396
2024/01/20 04:15:25, 0.00519806771827267732, 192.3791789946709117999
2024/01/20 04:31:42, 0.0051761415555175273, 193.19409820507058774558
2024/01/20 07:01:02, 0.00517306476582146925, 193.30900448164070049733
2024/01/20 07:33:12, 0.00517287258146359862, 193.31618636488098009389
2024/01/20 09:33:32, 0.00517841077134056354, 193.10943919984248891881
2024/01/20 10:13:16, 0.00517698636690339195, 193.16257164458186007408
2024/01/20 10:53:50, 0.00517168473857992102, 193.36058761280706119408
2024/01/20 11:40:46, 0.00517168473859094579, 193.36058761239486344405
2024/01/20 11:54:25, 0.00517122833933096095, 193.37765311855813374329
2024/01/20 13:11:46, 0.00522673657775193809, 191.32397149238160618198
2024/01/20 13:33:33, 0.00521222192711182912, 191.8567578249905986837
2024/01/20 13:48:25, 0.00517515038176544656, 193.23109981953042687551
2024/01/20 15:01:07, 0.00523067875021399579, 191.17977756884578939171
2024/01/20 15:09:44, 0.00521180046487098122, 191.87227268969421826106
2024/01/20 15:34:00, 0.00521325336473469065, 191.81879913309974358582
2024/01/20 16:55:09, 0.00524805067713168172, 190.54694047782123779628
2024/01/20 16:57:40, 0.00528296356128245162, 189.28769589265304109676
2024/01/20 17:01:43, 0.00531770709042876505, 188.05097441336700538246
2024/01/20 17:03:24, 0.00530403379710216814, 188.53575189252091640336
2024/01/20 17:04:16, 0.00533913167610593692, 187.29637339256331887069
2024/01/20 17:06:34, 0.005319335417570002, 187.99340923246829353541
2024/01/20 17:35:43, 0.0053148311224063356, 188.15273279035842255239
2024/01/20 17:36:54, 0.00531693583373217424, 188.07825245053957911054
2024/01/20 17:41:42, 0.00532817901125790204, 187.68138192937988508327
2024/01/20 17:51:29, 0.00531026078054353452, 188.31466877557837699434
2024/01/20 17:52:08, 0.00531026078054909925, 188.31466877538103830084
2024/01/20 18:00:56, 0.00530024131957927408, 188.67065473150543919626
2024/01/20 19:14:12, 0.00532568050417019882, 187.76943138383238339658
2024/01/20 19:31:51, 0.00533130493030883199, 187.57133817556220137204
2024/01/20 19:34:07, 0.00533130493030889708, 187.57133817555991150284
2024/01/20 20:11:03, 0.00532541387693732562, 187.77883242665552586192
2024/01/20 20:25:32, 0.00532681866324792746, 187.72931147430290289812
2024/01/20 20:57:41, 0.00532681866324799745, 187.72931147430043626089
2024/01/20 21:03:20, 0.00532467580529334081, 187.80486109706150844411
2024/01/20 21:03:20, 0.00532748914701145715, 187.70568506197079420356
2024/01/20 21:11:29, 0.00532660238062178012, 187.73693407978181155157
2024/01/20 21:52:11, 0.00532800691697446862, 187.68744402604008845686
2024/01/20 22:08:28, 0.0053284283139014659, 187.67260082885524412098
2024/01/20 22:20:02, 0.00531349027892137371, 188.20021257345702664924
2024/01/20 23:08:12, 0.0053134902789214316, 188.20021257345497609478
2024/01/21 00:12:54, 0.00531349027892146374, 188.2002125734538377896
2024/01/21 00:25:17, 0.00531306105545558633, 188.21541660492957190725
2024/01/21 00:26:10, 0.00530377397061158993, 188.54498806718337297211
2024/01/21 01:11:36, 0.00530377397061160689, 188.54498806718276973841
2024/01/21 01:19:49, 0.0053037739706116227, 188.54498806718220782515
2024/01/21 01:29:17, 0.00530377397062195897, 188.54498806681476155672
2024/01/21 01:31:48, 0.00527299919485660201, 189.64539212815009115728
2024/01/21 03:54:21, 0.00527214867836231699, 189.67598620732166820579
2024/01/21 05:30:42, 0.00527777680107151244, 189.47371927455828626835
2024/01/21 05:38:01, 0.00528127838877812555, 189.3480946061924221172
2024/01/21 06:20:26, 0.00528104164901586186, 189.35658274657860997593
2024/01/21 06:22:52, 0.00527571920990697948, 189.54761620409131260096
2024/01/21 09:24:09, 0.00526629400980707647, 189.88685366555021525339
2024/01/21 11:19:17, 0.00527231088956488536, 189.67015051772264888753
2024/01/21 13:44:38, 0.00527231088956494007, 189.67015051772068062387
2024/01/21 14:16:51, 0.00523485428985978444, 191.02728454869466819462
2024/01/21 15:12:11, 0.00524043428142011718, 190.82387952950489641221
2024/01/21 16:25:47, 0.00524601724087084563, 190.62079937693813401289
2024/01/21 17:27:31, 0.00522073856537044878, 191.54378015269240733089
2024/01/21 17:33:22, 0.0052353551498198841, 191.00900920435240379014
2024/01/21 19:07:51, 0.00516027178077998982, 193.78824265121306135787
2024/01/21 19:30:03, 0.00515312588526483444, 194.05697090759253429397
2024/01/21 19:35:40, 0.00516744911759868974, 193.51908015781282668888
2024/01/21 22:18:27, 0.00516685747398966178, 193.54123953177982931315
2024/01/21 22:32:05, 0.00516685747399122793, 193.54123953172116422791
2024/01/21 22:41:29, 0.00516634550592141684, 193.56041884032883150703
2024/01/21 22:42:04, 0.00518072461094916721, 193.02319175324563631804
2024/01/21 23:00:08, 0.00520966337736144676, 191.95098177465602091565
2024/01/21 23:03:03, 0.00522057793896750522, 191.54967355927915491882
2024/01/22 00:02:18, 0.00523450510010055128, 191.04002783009814648578
2024/01/22 00:23:20, 0.00522954580686799378, 191.22119528749399606128
2024/01/22 04:34:55, 0.00523233213713446247, 191.11936585655277521785
2024/01/22 04:54:02, 0.00529243387848184811, 188.9489832014402522325
2024/01/22 05:21:02, 0.00529800874619259472, 188.75016027835898865319
2024/01/22 05:24:16, 0.00530079727833446181, 188.65086655685222181965
2024/01/22 05:33:38, 0.00530056373546963231, 188.65917851498102105389
2024/01/22 08:27:26, 0.00529860023147706291, 188.7290900074632088959
2024/01/22 10:09:46, 0.00527020008250941011, 189.74611672121738048788
2024/01/22 10:43:04, 0.00526603391470000452, 189.89623238250033418769
2024/01/22 11:29:19, 0.00526569316976511385, 189.9085206372947251359
2024/01/22 12:00:59, 0.00527125390515639748, 189.70818290915358923598
2024/01/22 12:05:43, 0.00527125390515642437, 189.70818290915262180778
2024/01/22 12:51:57, 0.0053130307932826767, 188.21648864981377565758
2024/01/22 13:02:19, 0.00531303079329234707, 188.21648864947119867175
2024/01/22 13:23:58, 0.00531582376539815201, 188.1175983502719827233
2024/01/22 14:58:39, 0.00533049890395925157, 187.59970089427193942994
2024/01/22 15:55:28, 0.00533049890395931209, 187.59970089426980941016
2024/01/22 17:00:02, 0.00536542764305202942, 186.37843365476223952703
2024/01/22 17:02:15, 0.00534329200629576608, 187.1505429277950672293
2024/01/22 17:05:07, 0.00537826228583487519, 185.93366162780374665057
2024/01/22 17:05:49, 0.00536287226352161382, 186.46724196696312568745
2024/01/22 17:12:54, 0.00539790620645256239, 185.25701665668394575043
2024/01/22 17:35:45, 0.00545419748540101238, 183.34502970907302490384
2024/01/22 17:36:40, 0.00536952428204455228, 186.23623760189613595339
2024/01/22 17:42:25, 0.00534847339566292951, 186.96923888803462478026
2024/01/22 17:45:19, 0.00534473901877648254, 187.09987456579684649156
2024/01/22 18:52:12, 0.00534473901877655069, 187.09987456579446106427
2024/01/22 18:53:02, 0.00540072218349697977, 185.16042225902791208177
2024/01/22 19:35:45, 0.00539848988929779691, 185.236986732612735284
2024/01/22 21:16:38, 0.00536445478156377482, 186.41223399565933924503
2024/01/22 21:33:18, 0.00533309192968628731, 187.50848723112556433336
2024/01/22 21:35:29, 0.00533301758186231141, 187.51110129488752546368
2024/01/22 21:41:19, 0.00531817920666611698, 188.03428036921762444918
2024/01/22 21:47:26, 0.00533350383830400796, 187.49400587625495026709
2024/01/22 23:35:20, 0.0053381055171494692, 187.33237789836659391587
2024/01/23 00:49:25, 0.00534368596635580479, 187.13674536566429841855
2024/01/23 00:55:23, 0.00534508153309008859, 187.08788515371473870322
2024/01/23 01:03:45, 0.00531516668357950242, 188.14085418795358602463
2024/01/23 03:29:45, 0.00532686373365026304, 187.72772310335493224087
2024/01/23 04:32:12, 0.0053268637336495456, 187.72772310338021609638
2024/01/23 04:44:15, 0.00539673639268263485, 185.29717355768702748958
2024/01/23 05:30:59, 0.00535466849095883834, 186.75292442257879817565
2024/01/23 05:37:05, 0.00535466849095884309, 186.75292442257863280409
2024/01/23 05:57:48, 0.00538263432829043352, 185.78263708982210750693
2024/01/23 06:53:26, 0.00538543490720524958, 185.68602484863123086453
2024/01/23 07:34:34, 0.00535594335998550137, 186.70847183916205881921
2024/01/23 08:54:13, 0.00534139175147625348, 187.21712365014606352835
2024/01/23 10:08:41, 0.00534139175147628215, 187.21712365014505861615
2024/01/23 10:08:56, 0.00533990705647077083, 187.26917705210319552984
2024/01/23 10:13:38, 0.00534074376671784179, 187.23983843444164559967
2024/01/23 10:23:17, 0.00534074376671785933, 187.23983843444103078997
2024/01/23 11:02:21, 0.0053424172527382862, 187.18118647274215430315
2024/01/23 11:31:00, 0.0053577817859577194, 186.64440620200567424731
2024/01/23 12:18:27, 0.00535764912081372733, 186.64902785722529469091
2024/01/23 12:50:14, 0.00536043881044238751, 186.55189161975934829233
2024/01/23 13:21:06, 0.00536322922507668872, 186.45483122823284084664
2024/01/23 13:35:08, 0.00536384321349848111, 186.43348811602678514232
2024/01/23 14:32:15, 0.00536759898002181395, 186.30303860664642931568
2024/01/23 15:17:07, 0.00536759898003306531, 186.3030386062559076823
2024/01/23 15:51:37, 0.00536759898003313329, 186.30303860625354836568
2024/01/23 16:52:33, 0.00537365904359360747, 186.09293814280688464427
2024/01/23 18:31:01, 0.00538204263523077377, 185.80306173236428248071
2024/01/23 19:30:24, 0.00538763532013053922, 185.61018713786488992396
2024/01/23 20:23:15, 0.00538440456049525141, 185.72155727986775516145
2024/01/23 20:31:35, 0.00540820848104785711, 184.90411445940540149488
2024/01/23 21:28:06, 0.00543626869545299974, 183.94970080055449394192
2024/01/23 21:37:32, 0.00542102685844420198, 184.4668964224599381575
2024/01/23 23:56:23, 0.00542700323803634525, 184.26375591436543889502
2024/01/24 02:01:41, 0.00542762070376651035, 184.24279340412413347832
2024/01/24 02:04:57, 0.0054865812071259248, 182.26286320180744675047
2024/01/24 02:12:28, 0.00546343066480477104, 183.03517722700591239597
2024/01/24 05:15:35, 0.00546343066480457947, 183.03517722701233026684
2024/01/24 05:41:01, 0.00545980394722520741, 183.1567597785671442617
2024/01/24 06:22:41, 0.00543937042098872698, 183.84480603514913396737
2024/01/24 06:26:20, 0.00543851063827300864, 183.87387035020098555955
2024/01/24 10:01:58, 0.00543835784579013433, 183.8790363480965202523
2024/01/24 12:13:04, 0.00543934120621075769, 183.84579346818293445922
2024/01/24 13:25:20, 0.00543667952378833986, 183.93580045034338831558
2024/01/24 15:06:17, 0.00543724134615109467, 183.91679462745907562996
2024/01/24 16:47:41, 0.00547946074869869052, 182.49971043911366699901
2024/01/24 16:56:00, 0.00546404099906731878, 183.01473216813241389627
2024/01/24 17:04:42, 0.00552050766410829001, 181.14276092786238515724
2024/01/24 17:40:38, 0.00552079072456278879, 181.13347342634393820021
2024/01/24 17:44:58, 0.00552560386237464841, 180.97569512886621465568
2024/01/24 17:46:43, 0.00549444068879597213, 182.00214664964117706568
2024/01/24 17:58:14, 0.00549133889243653761, 182.10495101246509247807
2024/01/24 18:11:57, 0.0054983988233082026, 181.87112869312260247922
2024/01/24 18:48:29, 0.00549839882330826999, 181.87112869312037318632
2024/01/24 18:56:45, 0.00549839882331822898, 181.8711286927909588271
2024/01/24 18:59:45, 0.00549764616560572422, 181.89602784118449534986
2024/01/24 19:02:26, 0.00548215695070658844, 182.40995451089944341666
2024/01/24 20:27:20, 0.00547232705340681494, 182.73761605265291297846
2024/01/24 21:29:13, 0.00546978636013790189, 182.82249692377170521161
2024/01/24 21:50:19, 0.00545148590618379422, 183.43622586745902177764
2024/01/24 21:56:12, 0.00545148590619225314, 183.43622586717438902261
2024/01/24 23:28:39, 0.00547152693657095386, 182.76433829031048307167
2024/01/25 00:17:22, 0.00546983036841024872, 182.82102600023407307518
2024/01/25 01:42:34, 0.00547011200982173827, 182.81161303543184927804
2024/01/25 04:58:20, 0.00547011200983555881, 182.81161303496996583133
2024/01/25 05:21:50, 0.00546932293833214346, 182.83798767694407409845
2024/01/25 06:22:25, 0.0054728440441292299, 182.72035379351055881857
2024/01/25 09:00:27, 0.00530581224995758979, 188.47255667744239543183
2024/01/25 09:02:21, 0.00530581224995766237, 188.47255667743981737388
2024/01/25 09:06:02, 0.00533537337844175996, 187.42830708730234966837
2024/01/25 10:55:44, 0.00538176525974365477, 185.81263799819321426541
2024/01/25 11:51:41, 0.00534246835769173199, 187.17939593601265847356
2024/01/25 11:53:16, 0.00527251233003619365, 189.66290402077360476284
2024/01/25 12:02:14, 0.00529229941633533747, 188.9537838530783376012
2024/01/25 12:45:07, 0.00530611942993050644, 188.46164569143459136632
2024/01/25 13:58:21, 0.00530611942994027814, 188.46164569108752244118
2024/01/25 14:00:29, 0.00529779223653487713, 188.75787410154635039557
2024/01/25 15:02:18, 0.00529182214433817167, 188.97082568618077489092
2024/01/25 15:18:31, 0.00529549270588047102, 188.83984088761613979008
2024/01/25 15:29:19, 0.00529549270588052317, 188.83984088761428001922
2024/01/25 15:35:42, 0.00536600200717577936, 186.35848414941564253388
2024/01/25 16:01:09, 0.00540308123659723888, 185.07957889409443627693
2024/01/25 16:07:31, 0.00536023133253327403, 186.55911246416199844036
2024/01/25 16:07:31, 0.00532792051888619555, 187.69048758427246597386
2024/01/25 16:08:06, 0.00515427610362759505, 194.01366552641543335632
2024/01/25 16:09:00, 0.00518814244985733933, 192.74721341305835717149
2024/01/25 16:31:51, 0.00520936040491747311, 191.96214549794468283707
2024/01/25 20:46:20, 0.00522838634897937319, 191.26360089957941958142
2024/01/25 20:50:27, 0.00523655091916630219, 190.96539218971395578463
2024/01/25 20:55:11, 0.0052392738548981125, 190.86614437325434954684
2024/01/25 21:09:11, 0.00524417692085690207, 190.68769324369005461571
2024/01/25 21:13:33, 0.0052469055744419028, 190.58852609642530548612
2024/01/25 21:15:10, 0.00524481881788045886, 190.66435557141341727068
2024/01/25 22:49:58, 0.00524999572880757831, 190.47634544021393429637
2024/01/25 23:31:38, 0.00526725956525932955, 189.85204499804553571892
2024/01/26 00:15:28, 0.00528488168668867122, 189.21899472579608553591
2024/01/26 01:31:01, 0.00529035187409357761, 189.02334358833834476238
2024/01/26 01:31:01, 0.00528678406682242665, 189.15090674415247677639
2024/01/26 02:34:20, 0.00528998435463345989, 189.03647590641871585286
2024/01/26 02:37:04, 0.00528863967489719691, 189.08453997094034859902
2024/01/26 03:28:53, 0.00529203205652374774, 188.96333002504225261016
2024/01/26 03:37:03, 0.00528721343942269076, 189.13554587067884632266
2024/01/26 05:15:44, 0.00527999057620338861, 189.39427742673292248937
2024/01/26 05:20:58, 0.00527871356354914658, 189.44009519767337666483
2024/01/26 08:24:44, 0.00528144669564685737, 189.34206054266021381209
2024/01/26 08:48:44, 0.00528144669564692479, 189.34206054265779689178
2024/01/26 09:54:19, 0.00528385130301438531, 189.25589359971387053857
2024/01/26 11:58:08, 0.00528302902264946974, 189.28535045194474297216
2024/01/26 12:28:30, 0.00528398547783256415, 189.25108787584889279677
2024/01/26 14:48:13, 0.00528671868358388092, 189.15324605887621974354
2024/01/26 15:21:28, 0.00528671868358377873, 189.15324605887987584368
2024/01/26 17:09:45, 0.00528808537900423115, 189.10435976892344187535
2024/01/26 18:56:38, 0.00528700977705771888, 189.14283161331912328261
2024/01/26 19:30:19, 0.00528700977705774179, 189.14283161331830359599
2024/01/26 20:19:08, 0.00528700977706563911, 189.14283161303577669038
2024/01/26 20:21:39, 0.00527976779790788914, 189.40226886421985139352
2024/01/26 21:46:02, 0.00528077799889787669, 189.36603663488689026703
2024/01/26 22:12:13, 0.00528054624225079172, 189.37434767615211441697
2024/01/26 23:16:11, 0.00531096331703691826, 188.28975843085241744287
2024/01/27 00:10:17, 0.00531096331703694447, 188.28975843085148819727
2024/01/27 00:21:25, 0.00531642604562198122, 188.09628713324980378883
2024/01/27 01:12:48, 0.00531669966246503052, 188.08660700919878052302
2024/01/27 01:18:39, 0.00531713680171848825, 188.07114379242639557289
2024/01/27 01:24:59, 0.00531713680173039343, 188.07114379200530034666
2024/01/27 02:31:54, 0.00531637651812946833, 188.09803944282022736687
2024/01/27 04:43:46, 0.00526827834576469198, 189.81533137935401511226
2024/01/27 05:22:20, 0.0052682783457779788, 189.81533137887529304479
2024/01/27 05:25:47, 0.00526827834577799543, 189.8153313788746937635
2024/01/27 07:23:30, 0.00527502057347642174, 189.57272034693985545006
2024/01/27 07:28:27, 0.00527502057347647433, 189.57272034693796557197
2024/01/27 09:37:53, 0.00527231685469207219, 189.66993592391075066169
2024/01/27 10:32:43, 0.00526521316824979688, 189.92583358831201624223
2024/01/27 10:47:14, 0.00526265911913940958, 190.01800750559114245412
2024/01/27 11:09:22, 0.00516823010511832373, 193.48983688045475674951
2024/01/27 11:15:29, 0.00519600714395656114, 192.45547057476486907305
2024/01/27 11:16:20, 0.00520298638646872047, 192.19731241286265132978
2024/01/27 11:29:45, 0.00520286742097341456, 192.20170707577016450354
2024/01/27 12:45:14, 0.00520487566338253422, 192.12754822083914951759
2024/01/27 14:38:50, 0.00526934400388513032, 189.7769436314447950017
2024/01/27 14:41:10, 0.00527214657608601277, 189.67606184090383995507
2024/01/27 14:43:36, 0.0052753758510814628, 189.55995330550674653084
2024/01/27 16:17:03, 0.00530236991652495925, 188.59491430114612079992
2024/01/27 16:19:45, 0.00532943276631274155, 187.63722967310589802072
2024/01/27 16:22:31, 0.005329432766312331, 187.63722967312035258492
2024/01/27 16:26:25, 0.00531509381679831945, 188.14343348738389183244
2024/01/27 16:36:41, 0.00530301677826034967, 188.57190950243404375287
2024/01/27 16:50:28, 0.00532994349643547352, 187.6192497479145482131
2024/01/27 17:00:04, 0.00532994349643548301, 187.6192497479142138765
2024/01/27 17:33:06, 0.0053434100081169318, 187.14640996684614401962
2024/01/27 17:40:59, 0.00535687651979838058, 186.67594750487873788486
2024/01/27 18:08:50, 0.00533642960298272951, 187.39120992827539735669
2024/01/28 02:54:14, 0.00532640751776493343, 187.74380230291126821332
2024/01/28 04:18:48, 0.00532640751776498083, 187.74380230290959742259
2024/01/28 04:38:05, 0.00532640751776504487, 187.74380230290734004591
2024/01/28 07:16:27, 0.00530872232678177066, 188.36924187108791985591
2024/01/28 08:34:53, 0.00530568470638958259, 188.47708737681115578966
2024/01/28 09:12:25, 0.00531907322454060086, 188.00267598992647200776
2024/01/28 17:02:02, 0.00531577809444604714, 188.11921457835217958432
2024/01/28 20:45:56, 0.00531577809445257627, 188.11921457812112127767
2024/01/28 20:50:43, 0.00531520905222908647, 188.13935447762324796752
2024/01/28 22:14:37, 0.00531118000374586559, 188.28207654320144440508
2024/01/29 00:29:22, 0.00531132263958355676, 188.27702021852822174321
2024/01/29 00:44:58, 0.0053113226395835617, 188.27702021852804689451
2024/01/29 01:30:50, 0.0052409352529174139, 190.80563902088677337957
2024/01/29 02:29:15, 0.00523242476262072783, 191.11598262124595296733
2024/01/29 02:40:32, 0.00526036166693418937, 190.10099748194949848405
2024/01/29 12:31:57, 0.00526036166694038411, 190.10099748172563071617
2024/01/29 13:07:07, 0.00528151536916843476, 189.33959860036310548446
2024/01/29 13:33:29, 0.00528071443613211118, 189.36831599105661770165
2024/01/29 14:04:49, 0.00527971690900614527, 189.40409443055539793193
2024/01/29 16:11:41, 0.00527971690900922501, 189.40409443044491548023
2024/01/29 16:16:27, 0.00520719483441532088, 192.04197880033481311476
2024/01/29 16:31:37, 0.00520719483441536449, 192.04197880033320494815
2024/01/29 16:37:43, 0.00522255394349490602, 191.4771988608326724498
2024/01/29 18:58:23, 0.00523691145675223788, 190.95224508916319690894
2024/01/29 19:36:20, 0.00525099117186496285, 190.44023638014154827744
2024/01/29 20:07:28, 0.00523695361118514709, 190.95070803456961000011
2024/01/29 20:43:50, 0.00516705397045876415, 193.53387940540779640249
2024/01/29 21:33:33, 0.00516362325680059509, 193.66246340357616179522
2024/01/30 00:32:45, 0.00516362325680062973, 193.66246340357486250041
2024/01/30 02:26:50, 0.00516362325680069756, 193.66246340357231877027
2024/01/30 03:53:36, 0.00518989283582006206, 192.68220590184664847233
2024/01/30 04:34:49, 0.0051868758491156391, 192.79428100645588497242
2024/01/30 06:57:19, 0.0051934517189095597, 192.55016781208557442711
2024/01/30 08:29:00, 0.0052013482539636034, 192.25784376925082021047
2024/01/30 10:20:28, 0.00519811047953583238, 192.37759642409436662506
2024/01/30 12:17:10, 0.00518801365087149617, 192.75199860586669270855
2024/01/30 12:42:16, 0.00519145925106412436, 192.62406803925582922913
2024/01/30 12:55:20, 0.00519175241154230603, 192.61319121782456360119
2024/01/30 13:43:37, 0.00519696188965466214, 192.42011414219740412063
2024/01/30 14:00:10, 0.00519696188966472873, 192.42011414182468351061
2024/01/30 14:05:59, 0.0051969618896647671, 192.42011414182326314901
2024/01/30 14:09:19, 0.0051969618896648134, 192.42011414182154860539
2024/01/30 14:13:03, 0.0051969618896774069, 192.42011414135526799302
2024/01/30 14:14:23, 0.00517884557278439462, 193.09322626941205743446
2024/01/30 14:31:58, 0.00517910831726500145, 193.08343034000935918738
2024/01/30 16:28:05, 0.00518628381592349468, 192.81628917601671647686
2024/01/30 16:50:34, 0.005186283815923553, 192.81628917601454822208
2024/01/30 18:03:52, 0.00518380720661962781, 192.90840884726926793203
2024/01/30 19:09:40, 0.00518380720661963131, 192.90840884726913782659
2024/01/30 19:45:09, 0.00517844471666728644, 193.10817334428824942774
2024/01/30 19:47:01, 0.00524374672990928799, 190.70333704261477245395
2024/01/30 19:55:58, 0.00522737332229990364, 191.30066638516395464331
2024/01/30 20:14:46, 0.0052147753630163072, 191.76281438546653758222
2024/01/30 23:24:14, 0.00519853742297675494, 192.36179691236810795043
2024/01/31 01:20:02, 0.00519617534781352354, 192.44924065558829438063
2024/01/31 02:23:31, 0.00520136921913828885, 192.25706883497689085168
2024/01/31 03:58:26, 0.00525345058977328751, 190.35108123918892071763
2024/01/31 04:00:15, 0.00530579101709078044, 188.47331091233032439167
2024/01/31 04:43:25, 0.00529189867877885869, 188.96809268290010892805
2024/01/31 05:10:40, 0.00529117873723904932, 188.99380453017971064313
2024/01/31 05:42:49, 0.00529117873724859175, 188.99380452983886787643
2024/01/31 05:46:05, 0.0052554438772142316, 190.27888478376690508172
2024/01/31 06:37:44, 0.00527199903029797631, 189.68137024552514862314
2024/01/31 06:47:02, 0.00527199903029802325, 189.68137024552345979561
2024/01/31 06:47:40, 0.00527120654231586466, 189.70988747495702859395
2024/01/31 06:47:40, 0.0052642304895206516, 189.96128721769886611419
2024/01/31 07:48:12, 0.00525813932387509777, 190.18134332413023644533
2024/01/31 08:10:41, 0.00525772132279793195, 190.19646318337831551954
2024/01/31 08:32:14, 0.0052570620234117483, 190.22031612840210683739
2024/01/31 08:53:31, 0.00525011515361871939, 190.47201265875763411801
2024/01/31 10:11:53, 0.00524967760038465695, 190.48788823274166573799
2024/01/31 10:44:19, 0.00524691134303501871, 190.58831655835848227016
2024/01/31 12:12:28, 0.00524581856398571108, 190.62801883109960134857
2024/01/31 13:50:33, 0.00526653698747261865, 189.8780930198867456478
2024/01/31 14:52:22, 0.00526499875288065293, 189.9335682563775177593
2024/01/31 15:37:17, 0.00526264451162087893, 190.01853493843591565578
2024/01/31 17:19:44, 0.00526183218532363246, 190.04787016758390587957
2024/01/31 17:28:23, 0.00528793931828674232, 189.10958311147818652252
2024/01/31 17:29:09, 0.00553917837929546773, 180.53218934740114882671
2024/01/31 17:29:19, 0.00538959288045082651, 185.54277144516941700441
2024/01/31 17:31:33, 0.00543159473531930715, 184.10799198574836266082
2024/01/31 17:31:34, 0.0054108164563473101, 184.81499198275741454023
2024/01/31 17:36:26, 0.00539653878413576634, 185.30395870399473426448
2024/01/31 17:45:40, 0.00539483510971622673, 185.36247719582312068217
2024/01/31 17:46:28, 0.00532219121302064913, 187.89253523126287253904
2024/01/31 18:01:27, 0.00533268503056194861, 187.52279466515235489227
2024/01/31 19:59:59, 0.00528154054930805309, 189.33869590966452486211
2024/01/31 20:02:23, 0.00525998854481690872, 190.11448247076140811178
2024/01/31 22:25:24, 0.00526233489368020467, 190.02971498468273195861
2024/02/01 01:03:19, 0.00526173132831400623, 190.0515130103432449557
2024/02/01 05:21:28, 0.00526067651640594355, 190.08962001016417272977
2024/02/01 05:21:54, 0.00526067651640594355, 190.08962001016417272977
2024/02/01 05:23:05, 0.00526067651641861605, 190.08962000970626389932
2024/02/01 05:24:18, 0.00525931410622179308, 190.13886217919468664553
2024/02/01 11:27:00, 0.00524563155637095504, 190.63481475085190968488
2024/02/01 14:16:21, 0.00524828723151511081, 190.53835201609445515929
2024/02/01 14:19:08, 0.00524598872336861798, 190.62183560277801316004
2024/02/01 15:04:32, 0.00525225783972444317, 190.39430860318625418814
2024/02/01 18:13:21, 0.00525774679998788224, 190.19554155827829975835
2024/02/01 18:15:29, 0.00525774679998789881, 190.19554155827770017119
2024/02/01 18:31:20, 0.00525790287629114791, 190.18989576798462907699
2024/02/01 19:23:24, 0.00526441587320551803, 189.95459782912194429542
2024/02/01 19:36:48, 0.00526441587321486684, 189.95459782878461363491
2024/02/01 19:52:03, 0.00523709799707592616, 190.94544355640062033996
2024/02/01 19:55:44, 0.00523709799708646154, 190.94544355601649858103
2024/02/01 20:41:54, 0.00523969444564857908, 190.85082353045839643999
2024/02/01 21:43:26, 0.0052422915367179815, 190.75627385386994689463
2024/02/01 22:01:38, 0.00538157803142745461, 185.81910253092654030034
2024/02/01 22:04:19, 0.00538420999360430409, 185.72826862025469436374
2024/02/01 22:07:50, 0.00536724288332662125, 186.31539912354389945976
2024/02/01 23:41:03, 0.00537432399273158704, 186.06991341654000961187
2024/02/02 01:57:02, 0.00536021812075179111, 186.55957229213392006575
2024/02/02 03:20:13, 0.00535651109473784375, 186.68868267301546668399
2024/02/02 03:31:20, 0.00535651109474519478, 186.68868267275926385996
2024/02/02 08:39:38, 0.00535651109474520879, 186.68868267275877553562
2024/02/02 09:04:34, 0.00535088989226134241, 186.88480236646945287909
2024/02/02 09:50:11, 0.00533968998264371794, 187.27679008527251425477
2024/02/02 10:08:26, 0.00533968998264283456, 187.27679008530349664907
2024/02/02 10:23:36, 0.00533968998264286297, 187.27679008530250036943
2024/02/02 11:34:44, 0.00527134965366806898, 189.70473705991973786538
2024/02/02 12:18:39, 0.00529177453929000373, 188.97252567645668988453
2024/02/02 13:22:36, 0.00529949603121974429, 188.69718820599582238725
2024/02/02 14:04:37, 0.00529949603121975101, 188.69718820599558285803
2024/02/02 14:05:29, 0.00529875099333790741, 188.72372022336865763889
2024/02/02 14:19:08, 0.00524465074157316361, 190.67046582782444014685
2024/02/02 14:58:07, 0.00525678718293158893, 190.2302614126986727248
2024/02/02 17:17:20, 0.00525636255688507252, 190.24562883131892201201
2024/02/02 17:28:28, 0.00525448329624931508, 190.3136699880284349763
2024/02/02 17:38:05, 0.00525704503006473544, 190.22093101372691958187
2024/02/02 18:40:52, 0.00525447559074867459, 190.31394907622299604394
2024/02/02 19:08:05, 0.00525952279546172591, 190.13131778093404831512
2024/02/02 20:22:17, 0.00525952279546176399, 190.13131778093267170306
2024/02/02 21:13:57, 0.00525930954831457188, 190.13902696038601915301
2024/02/02 21:37:59, 0.00525910672088020968, 190.14636003291283917232
2024/02/02 21:39:40, 0.00525910672088709814, 190.14636003266378244261
2024/02/02 21:52:13, 0.00527358875099988171, 189.62419089095603818889
2024/02/02 21:58:34, 0.00528029218670159618, 189.3834592181276856717
2024/02/02 23:32:20, 0.00528560657058186098, 189.19304466694651279108
2024/02/02 23:36:35, 0.00529097507442811492, 189.00107937251753110038
2024/02/02 23:38:20, 0.0052909750744271918, 189.00107937255050629207
2024/02/03 01:15:53, 0.00529384687876044047, 188.89855012847500366895
2024/02/03 01:18:26, 0.00529384687876044831, 188.89855012847472398223
2024/02/03 02:45:56, 0.00529384687876049755, 188.89855012847296692297
2024/02/03 03:36:17, 0.00530927209751057116, 188.34973639209097347054
2024/02/03 04:13:40, 0.00530832970487989679, 188.38317429316976170542
2024/02/03 04:20:45, 0.00530832970487992274, 188.38317429316884073093
2024/02/03 05:24:10, 0.0053793213769758539, 185.89705465081914358621
2024/02/03 05:46:30, 0.00536015757819809786, 186.56167946767077857069
2024/02/03 07:40:26, 0.00535979115409510187, 186.57443382583268873287
2024/02/03 09:21:01, 0.00535860373595426417, 186.61577703355205283922
2024/02/03 09:56:53, 0.00535841820820747732, 186.62223834420057252809
2024/02/03 11:12:40, 0.00534434831521428321, 187.11355267642294527005
2024/02/03 11:26:19, 0.00534434831521416018, 187.11355267642725267667
2024/02/03 12:16:49, 0.00538024452436807027, 185.86515826015430378623
2024/02/03 13:48:04, 0.00551478142218640786, 181.33084948333941498443
2024/02/03 13:48:04, 0.00540362806367745929, 185.06084952846407784984
2024/02/03 14:11:41, 0.00540391202737530755, 185.05112498763276317557
2024/02/03 14:19:57, 0.00540391202737537608, 185.05112498763041660986
2024/02/03 15:15:34, 0.0054307407385088443, 184.13694340241638067914
2024/02/03 15:19:34, 0.00543074073850887288, 184.1369434024154115959
2024/02/03 15:30:10, 0.00541621765311846797, 184.63068954111087261894
2024/02/03 15:59:49, 0.00537403680939579203, 186.07985681297016141699
2024/02/03 15:59:49, 0.005273205461532261, 189.63797396004083041072
2024/02/03 16:19:32, 0.00527320546153256487, 189.63797396002990225024
2024/02/03 16:33:00, 0.00527320546153260778, 189.63797396002835938825
2024/02/03 17:06:27, 0.00527452022295262976, 189.59070355790746141316
2024/02/03 17:07:11, 0.00527583514800990212, 189.54345083682344004375
2024/02/03 17:09:05, 0.00527583514800994576, 189.54345083682187240692
2024/02/03 17:13:06, 0.00527514990848264468, 189.56807244320420156667
2024/02/03 17:13:13, 0.00527903703796356643, 189.42848720488586112518
2024/02/03 17:49:07, 0.0052816676168735751, 189.33414075608547525732
2024/02/03 19:22:40, 0.00527902912544620372, 189.42877113137279339139
2024/02/03 19:49:40, 0.00527902912544623095, 189.42877113137181627005
2024/02/03 19:57:41, 0.00527902912545032435, 189.42877113122493184765
2024/02/03 20:02:35, 0.00526569187304744021, 189.90856740374840730973
2024/02/03 20:50:10, 0.00526226285621192546, 190.0323163863875435838
2024/02/03 22:05:04, 0.00529713009818580768, 188.78146873199997303633
2024/02/03 23:59:05, 0.00528556350616297614, 189.19458612766610019882
2024/02/04 00:21:07, 0.00528556350616362379, 189.19458612764291788625
2024/02/04 00:56:33, 0.00527915964762836964, 189.4240876858580925687
2024/02/04 02:27:49, 0.00527915964764136905, 189.42408768539165435313
2024/02/04 02:29:26, 0.0052757182692195011, 189.54765000139814754064
2024/02/04 03:50:08, 0.00527834991763032939, 189.453146457736465091
2024/02/04 04:07:27, 0.00527193030173576932, 189.68384306422879011451
2024/02/04 04:38:03, 0.00525862025868066111, 190.16395001126981812847
2024/02/04 04:53:25, 0.00527250386051870925, 189.66320868689130525285
2024/02/04 07:03:43, 0.00528644248975644259, 189.16312850044304213096
2024/02/04 08:00:42, 0.00526584416363893195, 189.90307516220830046043
2024/02/04 09:34:21, 0.00526576057934308239, 189.90608952539058554633
2024/02/04 11:58:00, 0.00529466049078475059, 188.8695227466387613401
2024/02/04 12:01:00, 0.00529466049078480073, 188.8695227466369727014
2024/02/04 17:00:30, 0.00529200029531112817, 188.96446413391740612771
2024/02/04 17:07:31, 0.00527733798111371142, 189.48947434838414662824
2024/02/04 17:43:28, 0.00523977515388377009, 190.84788385600681695445
2024/02/04 18:01:11, 0.00523977515388979403, 190.84788385578740744016
2024/02/04 18:11:57, 0.00523277646649140148, 191.10313738864985094767
2024/02/04 18:23:18, 0.0052458291834332378, 190.6276329313357482659
2024/02/04 19:18:07, 0.00524974816172847219, 190.48532790394871209117
2024/02/04 21:06:58, 0.00524534584300582599, 190.64519860657151783388
2024/02/04 21:08:26, 0.00525842566759945423, 190.17098713815501341764
2024/02/04 23:35:01, 0.00527149398175426543, 189.69954313923292179185
2024/02/05 00:26:49, 0.00536698858651857767, 186.32422705573020890845
2024/02/05 00:27:35, 0.00527177664248116638, 189.68937187925873669208
2024/02/05 01:37:10, 0.00527177664248505033, 189.68937187911898409418
2024/02/05 05:19:59, 0.0052706725512682638, 189.72910767514355260924
2024/02/05 19:42:58, 0.0052706725512797363, 189.7291076747305757098
2024/02/05 19:53:24, 0.00520224854245603324, 192.22457209395267797333
2024/02/05 19:53:36, 0.00528789359992552368, 189.11121812550924020248
2024/02/05 19:53:59, 0.00525169591447017961, 190.41468056912156157618
2024/02/05 19:53:59, 0.00524354427461003525, 190.71070017318971715754
2024/02/05 20:10:38, 0.00523727189949501442, 190.9391032564915129113
2024/02/05 20:14:36, 0.00523194161924629471, 191.13363121663777824992
2024/02/05 21:46:18, 0.00523194161924630896, 191.13363121663725766786
2024/02/05 23:50:17, 0.00525876569670078344, 190.15869077935430772018
2024/02/06 00:29:14, 0.00525417935726616288, 190.32467907991566388547
2024/02/06 01:29:20, 0.00523829797482375353, 190.90170219529097179333
2024/02/06 01:33:37, 0.00517709694687323196, 193.15844579730376805788
2024/02/06 01:38:53, 0.00519513253661953416, 192.48787070419933340051
2024/02/06 02:59:55, 0.00524586801623411632, 190.62622180072997301168
2024/02/06 03:52:15, 0.00524164909059672137, 190.7796540203262069844
2024/02/06 04:31:29, 0.00524969616807091481, 190.48721449482781487137
2024/02/06 04:40:24, 0.00524472578298638334, 190.6677377192813014976
2024/02/06 04:40:53, 0.00523504764592985754, 191.02022897107336654508
2024/02/06 08:11:20, 0.00525316233899949759, 190.36152615653929430384
2024/02/06 08:40:30, 0.00524557780182432128, 190.63676829885494909781
2024/02/06 09:02:48, 0.0052401818936505267, 190.83307035805178537568
2024/02/06 12:22:48, 0.00519903488445333404, 192.34339107635119964946
2024/02/06 12:23:10, 0.005101629881058133, 196.015787760869321567
2024/02/06 12:23:25, 0.00497049464532276217, 201.18722005686103633897
2024/02/06 13:13:07, 0.00497985327236749674, 200.80912936709579803521
2024/02/06 13:45:19, 0.00497896995301834766, 200.84475492642423052318
2024/02/06 13:55:45, 0.00501823463130120716, 199.27326509655532009936
2024/02/06 14:03:37, 0.00503804131667062571, 198.48983705057166150551
2024/02/06 14:04:26, 0.005051310965398468, 197.96840995337849375059
2024/02/06 15:35:03, 0.00505131096539849356, 197.96840995337749204666
2024/02/07 02:48:36, 0.00505131096540248433, 197.96840995322108768686
2024/02/07 02:52:49, 0.00504878310339883022, 198.06753023848501095335
2024/02/07 08:49:40, 0.00503226164359690009, 198.71780738436165675762
2024/02/07 12:58:58, 0.00506900658674253466, 197.27731319493589554181
2024/02/07 13:14:17, 0.00508376749026848937, 196.70451135191214858159
2024/02/07 15:19:01, 0.00511013376921413252, 195.68959349449399771976
2024/02/07 16:09:25, 0.00509059005013320717, 196.44088212796327335033
2024/02/07 20:07:26, 0.00514051271895298123, 194.53312435411692395366
2024/02/07 22:27:38, 0.00513253249523439496, 194.83559060337357305071
2024/02/07 23:35:57, 0.00513517859170883883, 194.73519414000145571262
2024/02/07 23:50:03, 0.00513729595905599466, 194.65493286155841738723
2024/02/08 00:59:51, 0.00512380591942255241, 195.16742353752129593083
2024/02/08 03:59:43, 0.00511028795426862144, 195.68368924586733089294
2024/02/08 08:26:46, 0.00514243351713831443, 194.46046247701121456793
2024/02/08 08:50:08, 0.00500017904182550468, 199.99283858341843222791
2024/02/08 12:39:41, 0.00501177969733603905, 199.52991958755487875585
2024/02/08 13:47:09, 0.00501870397097888379, 199.25462943871400986309
2024/02/08 14:17:04, 0.00501818750454593655, 199.27513650976729625122
2024/02/08 15:18:54, 0.00496582922007520325, 201.37623661267510379517
2024/02/08 15:18:54, 0.00497812232899342157, 200.8789527279857786
2024/02/08 15:19:34, 0.00498838628043939886, 200.46563032242074706173
2024/02/08 16:41:29, 0.00498188746064180374, 200.72713562886717096371
2024/02/08 16:51:44, 0.00493830496244199338, 202.49863214310273791079
2024/02/08 16:55:42, 0.00493960253954794567, 202.44543806788072814427
2024/02/08 17:50:21, 0.00495518675695123871, 201.80874083043979500478
2024/02/08 19:51:49, 0.00496813135248244885, 201.28292290426770598323
2024/02/08 19:58:46, 0.00496813135248244891, 201.28292290426770373086
2024/02/08 21:56:15, 0.00499419155032733456, 200.23260820551765739443
2024/02/08 22:19:55, 0.00499419155032738522, 200.23260820551562627673
2024/02/08 22:58:19, 0.00499419155032738927, 200.23260820551546359648
2024/02/08 22:58:35, 0.00499158624927692868, 200.33711731313027464701
2024/02/09 01:35:37, 0.00499158624927694038, 200.33711731312980526133
2024/02/09 02:00:13, 0.00499058706856907105, 200.37722742040558688853
2024/02/09 03:17:48, 0.00498780326132916751, 200.48906254043317095022
2024/02/09 03:18:55, 0.00498468779935185687, 200.61436949572384968413
2024/02/09 04:52:27, 0.00497432398523520405, 201.03234187564008834377
2024/02/09 04:55:49, 0.00497432398523523638, 201.03234187563878182992
2024/02/09 05:07:35, 0.00491607828755119256, 203.41417314941136552557
2024/02/09 05:53:10, 0.00491607828755123228, 203.41417314940972188661
2024/02/09 09:39:01, 0.00491865891050624209, 203.30744989533685962243
2024/02/09 14:04:35, 0.00490916955538821712, 203.70044031223525385203
2024/02/09 14:27:22, 0.00492189041457017231, 203.17396686438208638061
2024/02/09 16:08:38, 0.00492318139893745089, 203.12068944195834581933
2024/02/09 16:32:40, 0.00492318139893747051, 203.12068944195753640966
2024/02/09 16:37:07, 0.00491694671145906468, 203.37824643685389526066
2024/02/09 18:20:16, 0.00492210905591261885, 203.16494182483891435858
2024/02/09 21:16:48, 0.00493297716423021965, 202.71733817280863565502
2024/02/10 01:09:16, 0.00493297716423026564, 202.7173381728067455948
2024/02/10 02:29:12, 0.00493217183438265163, 202.75043805832195886064
2024/02/10 06:38:59, 0.00493410964347388935, 202.67081039081734522392
2024/02/10 09:13:01, 0.0049341096434752359, 202.67081039076203497459
2024/02/10 10:46:29, 0.00494445785485249982, 202.24664247438133246778
2024/02/10 10:46:55, 0.00494224207242903854, 202.33731681793458958048
2024/02/10 11:38:38, 0.00494224207242907418, 202.33731681793313043642
2024/02/10 16:23:51, 0.00494198263762040646, 202.34793873770180780301
2024/02/10 16:45:08, 0.00493676495881222221, 202.56180076286200366837
2024/02/10 16:53:53, 0.00493306595920026229, 202.71368926964799423941
2024/02/10 17:44:46, 0.0049320972542660146, 202.75350392473518059176
2024/02/10 20:29:57, 0.00492723281128897602, 202.95367365407634995545
2024/02/10 20:35:13, 0.00492558916995230623, 203.0213981507683994326
2024/02/10 21:20:06, 0.00492084401044345674, 203.21717125714821768886
2024/02/10 22:57:54, 0.00492211814173819861, 203.16456679905282246927
2024/02/11 00:19:59, 0.00491329270684654035, 203.52949837621664135221
2024/02/11 01:25:40, 0.00491199124837088694, 203.58342461046941331172
2024/02/11 03:12:55, 0.00491457378009673236, 203.47644470205048873938
2024/02/11 03:32:38, 0.00491586319362388198, 203.42307355034809058511
2024/02/11 03:43:36, 0.00491586319362388745, 203.42307355034786403911
2024/02/11 10:02:22, 0.00491586319362584474, 203.42307355026686963029
2024/02/11 10:49:12, 0.00491431516265122304, 203.48715271661782725257
2024/02/11 11:16:00, 0.00491431516266260391, 203.48715271614657946797
2024/02/11 12:01:52, 0.00491431516266428303, 203.48715271607705175861
2024/02/11 12:23:23, 0.00491431516267559499, 203.48715271560865745508
2024/02/11 12:32:59, 0.00487109991519802518, 205.29244265344676821865
2024/02/11 12:57:58, 0.00487109991520774997, 205.29244265303691712391
2024/02/11 13:02:59, 0.00487109991521428679, 205.29244265276142294474
2024/02/11 14:13:57, 0.00487095986352226208, 205.29834529921283803186
2024/02/11 14:44:16, 0.00487095986352839539, 205.29834529895433484037
2024/02/11 15:02:45, 0.004870959863534961, 205.29834529867761118707
2024/02/11 16:49:59, 0.00487095986354224189, 205.29834529837074057831
2024/02/11 18:05:38, 0.00487095986354936268, 205.29834529807061763426
2024/02/11 18:30:20, 0.0048709598635593734, 205.2983452976486917189
2024/02/11 18:41:01, 0.00487095986355938965, 205.2983452976480068472
2024/02/11 18:45:47, 0.00486652713095631488, 205.48534367330061694027
2024/02/11 18:47:35, 0.0048665271309675252, 205.4853436728272696793
2024/02/11 20:27:59, 0.00489357475184648232, 204.34959119050385259833
2024/02/11 20:35:28, 0.00489357475184914348, 204.34959119039272567087
2024/02/11 20:58:04, 0.00476460718752248076, 209.88089062594558684022
2024/02/11 20:58:04, 0.0047980005307896563, 208.42015201599398613521
2024/02/11 21:02:48, 0.0047980005308071038, 208.42015201523608474806
2024/02/11 21:55:52, 0.0047913127488061778, 208.71106780686856756206
2024/02/11 21:56:52, 0.00480548553474386929, 208.09551766828898653781
2024/02/11 22:00:43, 0.00480548553475806843, 208.09551766767411037247
2024/02/11 22:05:34, 0.00480814699223088689, 207.98033038836431382563
2024/02/11 22:44:57, 0.0048252918042444964, 207.24135255827737195752
2024/02/11 22:45:20, 0.00482529180425807283, 207.24135255769427802583
2024/02/11 22:52:56, 0.00482744299876993972, 207.14900212282273637457
2024/02/11 23:20:33, 0.00482744299877000185, 207.14900212282007031041
2024/02/12 00:21:34, 0.00483114651825615708, 206.99020330291253541191
2024/02/12 00:26:34, 0.00483336931031065224, 206.89501169852208137724
2024/02/12 01:51:09, 0.00483110325217878177, 206.99205705218771289085
2024/02/12 01:59:09, 0.00483110325219544827, 206.99205705147362484418
2024/02/12 02:20:43, 0.00466644741852621322, 214.29578227537947738588
2024/02/12 02:43:22, 0.00466644741852669402, 214.29578227535739742979
2024/02/12 05:41:33, 0.0046664474185267029, 214.29578227535698999143
2024/02/12 06:09:28, 0.00466560225046435795, 214.33460169059032495501
2024/02/12 06:15:24, 0.0046656022504766195, 214.33460169002703758695
2024/02/12 06:55:57, 0.00466560225049341377, 214.33460168925552023917
2024/02/12 07:11:14, 0.00464943224212024589, 215.08002438249911167389
2024/02/12 08:21:06, 0.00464304627934327406, 215.37584159971864486338
2024/02/12 09:05:37, 0.00464304627935005076, 215.37584159940429562546
2024/02/12 09:18:55, 0.00466399148369083753, 214.40862477918861921945
2024/02/12 09:30:25, 0.00468861146259605533, 213.28276142683534515669
2024/02/12 09:59:58, 0.00468896186731143371, 213.26682286998038446492
2024/02/12 12:22:17, 0.00468896186732620146, 213.26682286930870694624
2024/02/12 13:56:18, 0.00473897712804677079, 211.01600049548300210828
2024/02/12 14:18:36, 0.00475135932444920515, 210.46608595865850162536
2024/02/12 16:52:01, 0.00472675581185662266, 211.56159526827977779395
2024/02/12 17:20:35, 0.00472675581186970621, 211.56159526769418009993
2024/02/12 17:25:38, 0.00472581989797713368, 211.60349348650497226472
2024/02/12 17:26:01, 0.00468319040224918119, 213.52964840373202252164
2024/02/12 17:32:14, 0.00464113541159103527, 215.46451704523491889109
2024/02/12 17:49:31, 0.00464113541160112322, 215.46451704476658636489
2024/02/12 18:25:16, 0.00455829830018234354, 219.38011383765679702549
2024/02/12 18:25:16, 0.00464553713713978251, 215.26036074607541481954
2024/02/12 18:30:59, 0.00456258494177635361, 219.17400174705996151863
2024/02/12 19:07:45, 0.00448183597549688009, 223.12284641098109367333
2024/02/12 19:07:45, 0.00458250932179862364, 218.22105090830507221324
2024/02/12 19:47:31, 0.00452783795134716714, 220.85596055893963859542
2024/02/12 19:48:48, 0.0045522793633519932, 219.67017403423744833099
2024/02/12 20:27:51, 0.00455198102465119089, 219.68457130741839568846
2024/02/12 21:25:01, 0.00455556467487819157, 219.51175570276332037916
2024/02/12 21:52:32, 0.00447500534652337973, 223.46342016706135483107
2024/02/12 21:52:59, 0.00451479615597539825, 221.49394246216088485558
2024/02/12 22:42:45, 0.00453424857187628519, 220.5437095360206741091
2024/02/12 22:48:33, 0.0045311598320096778, 220.6940467947421915804
2024/02/12 22:54:42, 0.00453115983201288144, 220.69404679458615560818
2024/02/12 23:00:03, 0.00452769588074932916, 220.86289060441510852922
2024/02/12 23:37:37, 0.00452769588076423349, 220.86289060368806891285
2024/02/12 23:38:07, 0.00450509416324631668, 221.97094306224490207191
2024/02/12 23:41:51, 0.00452787496311813469, 220.85415523739352508506
2024/02/13 00:03:03, 0.00451758571975717073, 221.35717217862818996496
2024/02/13 00:33:31, 0.0044847870448422899, 222.9760276243318420403
2024/02/13 00:38:24, 0.00448478704484784999, 222.97602762405540358775
2024/02/13 01:03:48, 0.00450417461117558051, 222.01625965361986974077
2024/02/13 01:09:07, 0.00441816229609785763, 226.3384486539131553168
2024/02/13 01:13:06, 0.00444187678607751118, 225.13006284514032051749
2024/02/13 01:17:20, 0.0043637934322895126, 229.15841813239517048352
2024/02/13 01:20:59, 0.00438707055329444847, 227.94253884270337311026
2024/02/13 01:31:15, 0.00436924923474508656, 228.87227216241479004677
2024/02/13 01:35:25, 0.00440038493770993239, 227.25284586589471916382
2024/02/13 02:16:30, 0.00440038493771138517, 227.2528458658196920246
2024/02/13 03:48:14, 0.00439913599053013353, 227.31736462629595665971
2024/02/13 04:27:11, 0.00447754014639954554, 223.33691431088884565258
2024/02/13 06:28:57, 0.0044775401464049678, 223.33691431061838700193
2024/02/13 07:26:30, 0.00444545563527620824, 224.94882010848529869642
2024/02/13 09:52:51, 0.00444545563529103684, 224.9488201077349424379
2024/02/13 10:18:27, 0.00444920601927677031, 224.75920325275306722195
2024/02/13 10:56:53, 0.0042865195402311291, 233.28949993450397445699
2024/02/13 11:20:24, 0.00428651954024713988, 233.28949993363260402855
2024/02/13 11:32:29, 0.00430248689736946061, 232.42371769020371571687
2024/02/13 12:10:20, 0.00433469025228317494, 230.69699143399656066207
2024/02/13 12:27:21, 0.00433469025230129609, 230.69699143303213301003
2024/02/13 12:54:05, 0.00433469025230606161, 230.69699143277850674228
2024/02/13 12:57:32, 0.00433469025231935292, 230.69699143207112854138
2024/02/13 13:40:42, 0.00433803656222546242, 230.5190345115460601362
2024/02/13 14:10:51, 0.00428839370168957683, 233.18754516545710953351
2024/02/13 15:13:33, 0.0042075296668957978, 237.669150111488839405
2024/02/13 15:22:59, 0.00422356642638814622, 236.76672722658390816514
2024/02/13 15:30:38, 0.0042235664263973056, 236.76672722607044722746
2024/02/13 15:41:08, 0.00424780841986668192, 235.41551340288203124223
2024/02/13 16:08:27, 0.00432434060624268414, 231.24912930225355699845
2024/02/13 16:17:46, 0.00434358016037635429, 230.22482907587318432791
2024/02/13 16:53:27, 0.00434358016038375376, 230.22482907548098672688
2024/02/13 16:57:17, 0.00434882235397716755, 229.94730954817251209801
2024/02/13 17:49:02, 0.00434882235397767368, 229.94730954814575006362
2024/02/13 17:59:02, 0.00434882235399265183, 229.94730954735376912095
2024/02/13 18:21:25, 0.00434882235399637448, 229.94730954715693080957
2024/02/13 19:39:39, 0.00434882235399690195, 229.94730954712904061459
2024/02/13 20:50:52, 0.00434812738302617117, 229.98406254235101536494
2024/02/13 21:11:15, 0.00434812738303899094, 229.98406254167294371064
2024/02/13 22:20:34, 0.00435205959649890685, 229.77626519739483970257
2024/02/13 23:29:41, 0.00435205959649893609, 229.77626519739329613352
2024/02/14 01:27:44, 0.00435205959651074815, 229.77626519676965342795
2024/02/14 01:29:31, 0.00433497398064292414, 230.68189208639472455749
2024/02/14 01:31:23, 0.00432561977249036807, 231.18074463217899860348
2024/02/14 03:29:47, 0.00432561977249761943, 231.18074463179145322855
2024/02/14 08:02:50, 0.004329568951365722, 230.96987511529510576222
2024/02/14 11:13:35, 0.004329568951370058, 230.96987511506379293254
2024/02/14 11:16:27, 0.00432170104746632805, 231.39036898127585349539
2024/02/14 12:55:09, 0.00432341378961579397, 231.29870252110806082463
2024/02/14 12:58:00, 0.00425863711832547818, 234.81690790156030882758
2024/02/14 13:51:58, 0.00429671908680051756, 232.73571760183043316247
2024/02/14 14:23:31, 0.0042967190868198828, 232.73571760078149761191
2024/02/14 15:04:58, 0.00429671908682938912, 232.73571760026657878711
2024/02/14 15:57:50, 0.0043368863856926864, 230.58016998069924119699
2024/02/14 16:00:58, 0.00435502251219727734, 229.61993817466199805637
2024/02/14 16:48:55, 0.00435151062015975382, 229.80525323026506430117
2024/02/14 17:22:46, 0.00435151062017528649, 229.80525322944477694369
2024/02/14 18:06:11, 0.0043535400513526666, 229.69812800718234207562
2024/02/14 18:48:41, 0.0043535400513537841, 229.69812800712338139713
2024/02/14 19:43:48, 0.00435354005136253108, 229.69812800666188000147
2024/02/14 19:46:12, 0.00435455613814136364, 229.64453052770280125434
2024/02/14 20:32:26, 0.00435455613814162058, 229.64453052768925143342
2024/02/14 20:48:54, 0.00435455613815253197, 229.64453052711382145967
2024/02/14 23:43:08, 0.00435455613816063528, 229.64453052668648057915
2024/02/15 00:04:52, 0.00435455613818035145, 229.64453052564671630403
2024/02/15 02:13:57, 0.00434701960999262813, 230.04267054633688333815
2024/02/15 03:17:27, 0.00433688268180826274, 230.58036690608612785104
2024/02/15 04:48:35, 0.00433009039988289687, 230.94206070779585508323
2024/02/15 04:58:24, 0.00433009039989968621, 230.94206070690040877661
2024/02/15 05:47:32, 0.00433009039991924513, 230.94206070585724854554
2024/02/15 06:19:26, 0.00432850833009830946, 231.02647003044762800066
2024/02/15 06:52:05, 0.00432850833009839981, 231.02647003044280570671
2024/02/15 07:54:12, 0.00432618346548672788, 231.15062224655156807348
2024/02/15 08:18:33, 0.00432618346549860964, 231.15062224591671853801
2024/02/15 08:23:05, 0.00423379183944414511, 236.19489051953250603189
2024/02/15 09:40:28, 0.00431448365513822343, 231.77744544450312131389
2024/02/15 10:05:50, 0.00431448365513830046, 231.7774454444989833822
2024/02/15 10:06:28, 0.00431448365513830046, 231.7774454444989833822
2024/02/15 10:07:08, 0.00431448365514350099, 231.77744544421960655079
2024/02/15 10:09:40, 0.00431222522234823898, 231.89883376625818235573
2024/02/15 10:44:54, 0.00431222522236136405, 231.89883376555235456711
2024/02/15 11:37:19, 0.00426585453551005234, 234.41962018998702806015
2024/02/15 14:00:20, 0.00426603514474927246, 234.40969567042161969252
2024/02/15 14:36:10, 0.00424683784279842171, 235.46931552749316998709
2024/02/15 16:21:43, 0.00421702167801631385, 237.13418529790432544398
2024/02/15 17:17:17, 0.00421641053190122805, 237.16855662749909859029
2024/02/15 17:46:34, 0.00412334482142426387, 242.52155551099054338205
2024/02/15 17:46:34, 0.0041635798167403195, 240.17793437737032016827
2024/02/15 17:48:25, 0.00416357981675610338, 240.17793437645981985963
2024/02/15 18:16:41, 0.00416357981675614652, 240.17793437645733159084
2024/02/15 18:22:55, 0.00415430766194844149, 240.71399650043802058628
2024/02/15 18:35:57, 0.00432691707798838393, 231.11143152872887280917
2024/02/15 19:08:36, 0.00437676295260944029, 228.4793603920899466699
2024/02/15 19:08:36, 0.00431469447748604941, 231.76612045603019747775
2024/02/15 19:24:05, 0.00431469447749403735, 231.76612045560112080715
2024/02/15 19:26:53, 0.00431469447751232894, 231.76612045461857832779
2024/02/15 19:36:09, 0.004314694477526075, 231.76612045388020122054
2024/02/15 19:45:19, 0.0036499070372058735, 273.97958079653820666185
2024/02/15 19:45:19, 0.00402126295499982062, 248.67809222887405224692
2024/02/15 19:45:19, 0.0041222153533114406, 242.5880053056141841825
2024/02/15 19:50:40, 0.00402156024307564514, 248.65970905740080988059
2024/02/15 20:02:48, 0.00408028502027441823, 245.08091837485052148134
2024/02/15 20:07:36, 0.00413021006975086717, 242.11843540934460274417
2024/02/15 20:08:49, 0.00413021006976067514, 242.1184354087696463876
2024/02/15 21:20:12, 0.00413021006977815316, 242.11843540774506146945
2024/02/15 22:50:29, 0.00427194916331310369, 234.08518261122084997812
2024/02/15 23:04:56, 0.00452928005849002598, 220.78564078313598081301
2024/02/15 23:07:02, 0.00454933711653072293, 219.81224393469208952113
2024/02/15 23:09:11, 0.00443218866197003034, 225.62216463852364325433
2024/02/15 23:10:49, 0.00443737379838560951, 225.35852182744141444036
2024/02/15 23:19:12, 0.00440305155725378619, 227.11521475431165279568
2024/02/15 23:20:10, 0.0044185647563519232, 226.31783285793118829236
2024/02/15 23:22:00, 0.00460430046363291333, 217.18825865047344890991
2024/02/15 23:23:55, 0.00458784967899116164, 217.96703684064328554781
2024/02/15 23:27:03, 0.00455895332038615443, 219.34859379417764425309
2024/02/15 23:32:27, 0.00448789595930355913, 222.82156473056519881264
2024/02/16 01:05:18, 0.00446457930230956523, 223.98526989602164961969
2024/02/16 01:59:33, 0.00446376360679845972, 224.026200329463437907
2024/02/16 02:32:18, 0.00446376360681847525, 224.02620032845890331113
2024/02/16 02:49:56, 0.00446376360684531512, 224.02620032711187125412
2024/02/16 03:00:57, 0.00446376360684532469, 224.02620032711139085234
2024/02/16 05:04:56, 0.00446635861520313784, 223.89603839603870308566
2024/02/16 07:52:11, 0.00446026010055745969, 224.20217150004689801665
2024/02/16 09:39:22, 0.00444180847419246835, 225.13352518690091609518
2024/02/16 09:45:29, 0.00449632759341801306, 222.40372375532832707812
2024/02/16 12:11:37, 0.0044945083893979799, 222.49374422325768652842
2024/02/16 13:48:37, 0.0044826445857814912, 223.08259797618171251369
2024/02/16 14:10:27, 0.00441684655789503433, 226.40587280817303027054
2024/02/16 14:17:32, 0.00441684655792058999, 226.40587280686305721094
2024/02/16 17:23:55, 0.00441684655793683456, 226.40587280603036644462
2024/02/16 18:01:34, 0.00448968428702871761, 222.73281060967475706386
2024/02/16 19:29:59, 0.00446399599548423874, 224.01453787404741670741
2024/02/16 19:31:29, 0.00446351024411001668, 224.03891675158256481269
2024/02/16 19:32:20, 0.00445475286933544352, 224.47934359806118758373
2024/02/16 20:48:41, 0.00445475286933660937, 224.47934359800243935363
2024/02/17 00:24:46, 0.00439929614613125844, 227.30908917768587127739
2024/02/17 00:37:49, 0.00439929614615180001, 227.30908917662450064719
2024/02/17 02:04:37, 0.00439929614616615565, 227.30908917588275260612
2024/02/17 04:21:02, 0.0043992961461739075, 227.30908917548221928359
2024/02/17 05:54:44, 0.004399296146198245, 227.30908917422471476625
2024/02/17 07:46:18, 0.00439929614621382931, 227.30908917341948258828
2024/02/17 09:10:38, 0.00439929614624333404, 227.30908917189499016324
2024/02/17 09:12:59, 0.00410785974252747036, 243.43577012800425039206
2024/02/17 09:12:59, 0.00437000525315448545, 228.83267686649819266657
2024/02/17 09:14:06, 0.00434760537419079994, 230.01167629804153100861
2024/02/17 15:14:00, 0.0043387210647059056, 230.48266645548546276112
2024/02/17 16:11:53, 0.00433872106472566361, 230.48266645443587234688
2024/02/17 16:19:45, 0.00431601234458424706, 231.69535213558987741022
2024/02/17 17:09:26, 0.00431601234458814786, 231.69535213538047181406
2024/02/17 19:58:40, 0.00430224627711785427, 232.43671691196546055138
2024/02/17 22:25:48, 0.00432063090939238393, 231.4476799733470709284
2024/02/17 22:53:30, 0.00433905468014084749, 230.46494541238175679006
2024/02/17 23:08:40, 0.00433905468017426584, 230.46494541060677130115
2024/02/18 06:20:55, 0.00427759932789534263, 233.77598586168152194835
2024/02/18 06:20:55, 0.00427955323054202615, 233.66925146841675207554
2024/02/18 06:30:32, 0.00430588634681186002, 232.2402217467756284802
2024/02/18 09:48:48, 0.00422783819188524153, 236.52750048934312046611
2024/02/18 09:48:48, 0.00429753591096675655, 232.6914819834615377495
2024/02/18 13:01:42, 0.00419861939153326711, 238.17352961703355550955
2024/02/18 13:01:42, 0.00427378594263136269, 233.98457794175384288611
2024/02/18 15:58:03, 0.00427279692457623981, 234.03873800980520486769
2024/02/18 19:34:38, 0.00427250495294815421, 234.05473159486229690705
2024/02/18 20:20:00, 0.00427250495295712325, 234.05473159437095844038
2024/02/18 20:43:43, 0.00427250495295723014, 234.05473159436510265318
2024/02/18 20:56:00, 0.00427855546754034704, 233.72374334903254080373
2024/02/18 21:48:59, 0.0042785554675595177, 233.72374334798530955721
2024/02/18 23:31:10, 0.0042759665629828701, 233.86525251554126515812
2024/02/18 23:40:17, 0.00500080381428167935, 199.96785259684118167359
2024/02/18 23:40:17, 0.00527123321456902407, 189.70892754965309974397
2024/02/18 23:40:17, 0.0052315034193000791, 191.14964090643557839415
2024/02/18 23:40:36, 0.00519881665954631134, 192.35146485955665099101
2024/02/18 23:40:36, 0.0051680576803351304, 193.49629238951402526415
2024/02/18 23:41:05, 0.00514383261323338025, 194.40757022834115941033
2024/02/18 23:41:05, 0.00510119855035656929, 196.03236183192690662447
2024/02/18 23:41:05, 0.00508857370229785357, 196.5187218470332371819
2024/02/18 23:41:26, 0.00498580878801405211, 200.56926418919489028569
2024/02/18 23:42:10, 0.00496249737516575241, 201.51144159881777138162
2024/02/18 23:42:33, 0.0048822455008515534, 204.82378442984516262302
2024/02/18 23:47:28, 0.0048337119857762278, 206.88034432804827648064
2024/02/18 23:49:16, 0.00483371198580351452, 206.88034432688041919463
2024/02/18 23:53:25, 0.00479883921702877765, 208.3837267253047051167
2024/02/19 00:47:38, 0.00479388824254415105, 208.59893877486238395574
2024/02/19 01:17:46, 0.00470548107417492294, 212.51812178956512484533
2024/02/19 06:10:14, 0.00483260074375862127, 206.92791584148876632532
2024/02/19 06:12:32, 0.00489842501399734843, 204.1472508290889009335
2024/02/19 06:18:00, 0.0049612554495938695, 201.56188492206351294192
2024/02/19 06:20:49, 0.00501864962225670597, 199.25678723718832131292
2024/02/19 06:23:41, 0.00507703727964059583, 196.96526633950384122433
2024/02/19 06:25:24, 0.00499121775502931319, 200.35190790711695709929
2024/02/19 06:27:42, 0.00509767139214773461, 196.1679996753739744957
2024/02/19 06:31:26, 0.00496472429632623725, 201.42105388208025254164
2024/02/19 07:12:53, 0.00492708541586823093, 202.95974508162328478987
2024/02/19 07:17:37, 0.00492708541590022421, 202.95974508030539655714
2024/02/19 09:15:15, 0.00497922647720866097, 200.83440762883252498618
2024/02/19 11:36:13, 0.00494665164248650531, 202.15694822959792562774
2024/02/19 12:39:52, 0.00495058413402235845, 201.99636506076268105227
2024/02/19 13:41:13, 0.00496022533606353922, 201.60374423505631154031
2024/02/19 15:04:18, 0.00492878995207556114, 202.88955498679555693221
2024/02/19 15:09:50, 0.00492855397080059049, 202.8992694255838240277
2024/02/19 15:24:48, 0.00492223596928993715, 203.1597034841578629379
2024/02/19 16:13:35, 0.00492877474694957873, 202.8901808951404247048
2024/02/19 16:41:17, 0.00492877474694958268, 202.89018089514026197756
2024/02/19 17:03:47, 0.00484089273749167058, 206.57346779349511213541
2024/02/19 17:18:04, 0.00477252256573295799, 209.5327965927430378595
2024/02/19 17:18:19, 0.00490429364145536174, 203.90296199785611317397
2024/02/19 17:18:19, 0.00487339973576756515, 205.19556248601040273514
2024/02/19 17:45:04, 0.0048696825329624812, 205.3521955961363216001
2024/02/19 18:38:13, 0.00486153127784262797, 205.69650648092999408641
2024/02/19 19:06:50, 0.00483010828411212958, 207.03469594860645688623
2024/02/19 19:24:46, 0.00481593015499607629, 207.64420741496711677887
2024/02/19 20:42:37, 0.00482239684826492428, 207.36576259993934328371
2024/02/19 21:45:32, 0.00479135215580797135, 208.70935123977937346157
2024/02/19 21:54:26, 0.00479135215582505794, 208.70935123903508895912
2024/02/19 22:43:48, 0.0047879488825640595, 208.85770181081725022947
2024/02/19 23:05:49, 0.00478631763916805054, 208.92888341063345538193
2024/02/20 01:02:10, 0.00482373482953618133, 207.30824461512811506018
2024/02/20 03:10:40, 0.00482373482955157035, 207.30824461446674587482
2024/02/20 03:17:06, 0.00481959742386046914, 207.48620933551041101776
2024/02/20 05:21:07, 0.00481959742386320937, 207.48620933539244265945
2024/02/20 09:04:27, 0.00481637932666445924, 207.6248426829248778545
2024/02/20 09:36:31, 0.00479949646887300417, 208.35519027578645794966
2024/02/20 09:43:37, 0.00469122284866586626, 213.16403681065574057265
2024/02/20 09:43:37, 0.0048238934561802882, 207.3014275882933177893
2024/02/20 11:54:42, 0.00483584760747135621, 206.78898120259328715775
2024/02/20 12:01:33, 0.00484039711033456387, 206.59461965732826078976
2024/02/20 13:31:16, 0.0048336577348036154, 206.88266626735593009397
2024/02/20 17:00:39, 0.00477688917363732677, 209.34126031618971615442
2024/02/20 17:35:04, 0.00476204180382964975, 209.99395662503355104383
2024/02/20 18:59:06, 0.00475897276986220641, 210.12938051102874500863
2024/02/20 20:52:46, 0.00475897276987695418, 210.12938051037756666229
2024/02/20 21:55:40, 0.00475897276987709167, 210.12938051037149571493
2024/02/20 23:03:40, 0.00475711323770103905, 210.21151905210229408157
2024/02/21 00:18:38, 0.0047568125716613633, 210.2248059882544883275
2024/02/21 01:11:10, 0.00473740185036966081, 211.08616739404737580561
2024/02/21 01:14:41, 0.00474061883113990044, 210.94292446194119936802
2024/02/21 02:20:05, 0.00474061883113992477, 210.94292446194011678104
2024/02/21 04:35:36, 0.00473959399437044676, 210.9885363994829932057
2024/02/21 13:57:49, 0.00490770821040091095, 203.76109522581211995656
2024/02/21 14:04:06, 0.00485986265922195794, 205.76713173209209234012
2024/02/21 15:31:24, 0.00485670710836409068, 205.90082491855990842407
2024/02/21 18:50:41, 0.00484046644223692048, 206.59166052143331958993
2024/02/21 21:37:17, 0.00484046644224417498, 206.5916605211236963981
2024/02/21 21:52:43, 0.00484204623486511553, 206.52425679034370380955
2024/02/21 21:56:27, 0.00484106724852556141, 206.566021222813815069
2024/02/21 23:23:36, 0.0048410672485475499, 206.56602122187557688141
2024/02/21 23:49:33, 0.00484106724855471602, 206.56602122156980174486
2024/02/22 02:42:49, 0.00484106724857304845, 206.56602122078756568099
2024/02/22 03:36:37, 0.00483936553022968633, 206.63865826075302177742
2024/02/22 03:55:55, 0.00484104980324458551, 206.56676560728139271445
2024/02/22 05:34:18, 0.0048337737574954978, 206.87770056456379475099
2024/02/22 09:22:03, 0.00510758691167958128, 195.78717255173628177464
2024/02/22 09:22:03, 0.0049473891716411519, 202.12681180047115628832
2024/02/22 09:22:16, 0.00477181423511256432, 209.56389975151884403155
2024/02/22 09:22:51, 0.00487696209273608008, 205.04567822855038933886
2024/02/22 09:54:51, 0.00487696209274208145, 205.04567822829806953146
2024/02/22 12:03:03, 0.00486873424228166117, 205.39219235169521373993
2024/02/22 12:46:36, 0.004891722739839583, 204.42695818708514106425
2024/02/22 14:37:21, 0.00488799912842803032, 204.5826878699951369984
2024/02/22 14:39:39, 0.00488050911449363073, 204.89665658656461103738
2024/02/22 17:05:41, 0.00482180364688729255, 207.39127372918811447564
2024/02/22 17:46:52, 0.00482180364689106232, 207.39127372902597247352
2024/02/22 18:30:18, 0.00481574744272218077, 207.6520855576125242518
2024/02/22 19:07:20, 0.00492397329247585812, 203.08802274132215499095
2024/02/22 21:06:50, 0.00488446407582036732, 204.73075131216838397117
2024/02/22 21:24:39, 0.00488295121456555739, 204.79418205470875668751
2024/02/22 22:16:14, 0.00485746798144605212, 205.86857264312904739968
2024/02/22 22:56:13, 0.00485254957925306182, 206.07723500146637460976
2024/02/22 23:47:06, 0.00485592616681086277, 205.93393837714620558932
2024/02/23 02:37:10, 0.00485592616681100552, 205.9339383771401518581
2024/02/23 03:44:00, 0.0048559329097560905, 205.93365241741553917561
2024/02/23 06:22:59, 0.00485593290977301147, 205.93365241669794357815
2024/02/23 07:58:16, 0.00485593290980656515, 205.93365241527497652488
2024/02/23 08:30:06, 0.00485593290981734329, 205.93365241481789013216
2024/02/23 08:39:13, 0.00486477371079062672, 205.55940716870039997008
2024/02/23 09:14:41, 0.00497011484851903475, 201.20259400001069385254
2024/02/23 09:23:19, 0.00492935277666641849, 202.86638942410440457219
2024/02/23 11:40:36, 0.00482961540526021215, 207.05582455092437316344
2024/02/23 12:17:32, 0.00482961540526035867, 207.05582455091809124417
2024/02/23 13:52:00, 0.00480477648271372356, 208.12622680737126710053
2024/02/23 16:14:52, 0.00480477648273644308, 208.12622680638713643417
2024/02/23 17:07:39, 0.00479240695431864382, 208.6634147583933857892
2024/02/23 18:20:31, 0.00481959351143021842, 207.48637776783153677506
2024/02/23 22:13:28, 0.00482640213659736421, 207.19367588897277794604
2024/02/23 22:24:32, 0.0049060766607180766, 203.8288573855336510812
2024/02/23 22:50:21, 0.00489854104429717117, 204.14241525324958782139
2024/02/24 01:39:38, 0.00490197701893936443, 203.99932438205696434423
2024/02/24 01:41:15, 0.00489923115293808344, 204.1136596301027840321
2024/02/24 04:08:38, 0.00490952613019773952, 203.68564571826065387619
2024/02/24 04:12:18, 0.00490438366902266713, 203.89921904280327438131
2024/02/24 04:21:16, 0.00490438366902734199, 203.89921904260891744196
2024/02/24 04:25:13, 0.00489926199521236361, 204.11237467545435055974
2024/02/24 04:26:56, 0.00489926199523906861, 204.11237467434177051873
2024/02/24 05:56:24, 0.00487172653225561017, 205.26603728247444120424
2024/02/24 06:50:17, 0.00487842794620653543, 204.98406679914167748052
2024/02/24 07:20:00, 0.00487352131741404705, 205.19044339188667632687
2024/02/24 08:41:34, 0.00487187858236495901, 205.25963098090375346293
2024/02/24 09:37:55, 0.00481367317315765663, 207.74156533440417794572
2024/02/24 11:15:54, 0.0048204847395179722, 207.44801696021875842476
2024/02/24 11:56:47, 0.00486193167363826619, 205.67956670844841107628
2024/02/24 12:55:21, 0.00486193167364027089, 205.67956670836360396991
2024/02/24 14:20:18, 0.00477958984022777839, 209.22297381742353198804
2024/02/24 14:24:32, 0.00478367266452622008, 209.04440377277382980501
2024/02/24 14:59:16, 0.00477266847010093321, 209.52639100424501715029
2024/02/24 17:45:35, 0.00493964275341308916, 202.44378995000018877338
2024/02/24 17:46:15, 0.00489721886823134124, 204.19753066114354652276
2024/02/24 20:54:28, 0.00488124712471889638, 204.86567765355426124408
2024/02/24 21:17:05, 0.0048743088697446723, 205.15729034060624450981
2024/02/24 21:53:22, 0.0048760289685127912, 205.08491775942096075163
2024/02/24 22:51:18, 0.00487602896854613802, 205.08491775801839907185
2024/02/24 23:08:25, 0.00487602896854891254, 205.08491775790170336512
2024/02/24 23:11:57, 0.00479312721135454731, 208.6320591765387352318
2024/02/25 00:12:12, 0.0047931272113563972, 208.63205917645821461872
2024/02/25 00:27:07, 0.00489177573843226576, 204.42474337968806172557
2024/02/25 01:55:45, 0.0048917757384523779, 204.42474337884758616995
2024/02/25 02:11:09, 0.00480687964461137902, 208.03516499961105855674
2024/02/25 02:47:55, 0.00481385440987526919, 207.73374407596817977058
2024/02/25 04:21:03, 0.0048134513835439032, 207.75113745176129303731
2024/02/25 05:12:41, 0.0048163215717141512, 207.627332417526963339
2024/02/25 09:26:36, 0.00481401182632598838, 207.72695125744866169377
2024/02/25 10:47:26, 0.00478069694152614786, 209.17452250816985481339
2024/02/25 10:51:25, 0.0048142130062050314, 207.71827061060688609837
2024/02/25 11:10:13, 0.00481318864386588602, 207.76247805588063150905
2024/02/25 11:56:40, 0.00481318864386590991, 207.76247805587960021986
2024/02/25 12:10:02, 0.00481318864386606588, 207.76247805587286785048
2024/02/25 12:19:16, 0.00481651451866135353, 207.61901497972198816099
2024/02/25 13:45:59, 0.00496742399599274554, 201.31158540255608314626
2024/02/25 13:45:59, 0.00480654699580991444, 208.04956258031919146407
2024/02/25 13:46:43, 0.0049182942057107514, 203.32252569170742204072
2024/02/25 13:47:34, 0.00491829420571079848, 203.32252569170547585882
2024/02/25 13:51:16, 0.00491829420571095339, 203.32252569169907188906
2024/02/25 14:17:34, 0.00491829420571098134, 203.32252569169791643688
2024/02/25 14:25:01, 0.00491829420571098307, 203.32252569169784458633
2024/02/25 14:26:14, 0.00491829420571098801, 203.32252569169764059536
2024/02/25 14:41:52, 0.00492477258304652841, 203.05506155603777891588
2024/02/25 15:00:00, 0.00492389122071357652, 203.09140782664949707493
2024/02/25 15:10:01, 0.00496282916005476159, 201.49796975662278285922
2024/02/25 15:14:15, 0.00496170379538637151, 201.5436715367506671383
2024/02/25 15:17:17, 0.00493321755481535017, 202.70745996674981375289
2024/02/25 15:19:01, 0.00490150010966816668, 204.01917323790498890373
2024/02/25 16:38:59, 0.00496599384177275024, 201.36956103091381668549
2024/02/25 16:54:09, 0.00496811916984075144, 201.28341648295326507394
2024/02/25 17:14:59, 0.00496786556864026498, 201.29369166358220949167
2024/02/25 17:59:36, 0.0049710908617344976, 201.16309031838599355173
2024/02/25 18:43:14, 0.00498431710779006751, 200.62928950429022451564
2024/02/25 19:08:36, 0.00491954122033416637, 203.2709871129149056209
2024/02/25 20:45:43, 0.00495126787222400639, 201.96847066382228093756
2024/02/25 20:51:50, 0.00495126787222407456, 201.96847066381950000582
2024/02/25 21:14:01, 0.00495126787222419914, 201.96847066381441833695
2024/02/25 21:29:53, 0.00495126787222431125, 201.9684706638098451311
2024/02/25 21:32:40, 0.00495126787222436904, 201.96847066380748806472
2024/02/25 22:59:30, 0.00495126787224349088, 201.96847066302748400914
2024/02/25 23:01:47, 0.00494680551592827096, 202.15066001282838244213
2024/02/25 23:02:42, 0.00494315297675818156, 202.30003091181288327099
2024/02/25 23:09:00, 0.00493876612289457046, 202.47972370352054120586
2024/02/26 01:07:30, 0.00493142199342145459, 202.78126701263971583978
2024/02/26 01:11:02, 0.00496448392094238811, 201.43080648958452124407
2024/02/26 01:40:30, 0.00497313684728575743, 201.0803303242662210362
2024/02/26 02:01:32, 0.00497313684729991493, 201.0803303236937866678
2024/02/26 02:25:08, 0.00505196134269325891, 197.94292397868754403034
2024/02/26 02:26:01, 0.00498686053228394177, 200.52696351265474288255
2024/02/26 02:26:32, 0.00495529924036934961, 201.80415984836946222008
2024/02/26 02:32:59, 0.00495529924036942285, 201.80415984836647964984
2024/02/26 03:00:10, 0.00495529924036948632, 201.80415984836389491884
2024/02/26 03:23:00, 0.00496173583114255713, 201.54237025749239199553
2024/02/26 03:31:44, 0.00496173583114257816, 201.54237025749153782793
2024/02/26 05:31:16, 0.00496300524294209528, 201.49082079292642585647
2024/02/26 06:34:01, 0.00500133743768931067, 199.94651679851745460682
2024/02/26 06:34:29, 0.00500133743768931067, 199.94651679851745460682
2024/02/26 06:35:57, 0.00500133743769750657, 199.94651679818979393051
2024/02/26 06:37:12, 0.00499877674966157049, 200.04894198719766101405
2024/02/26 06:38:54, 0.00499877674964967873, 200.04894198767356439439
2024/02/26 06:42:02, 0.0049987767496500546, 200.04894198765852221122
2024/02/26 07:18:23, 0.00499877674965007556, 200.04894198765768342717
2024/02/26 07:37:10, 0.00499755348915328693, 200.09790834063199072368
2024/02/26 07:51:31, 0.00489581708938929615, 204.25599685235379639044
2024/02/26 07:54:42, 0.00499689591512429998, 200.12424052565532787708
2024/02/26 09:23:02, 0.00494684283700251133, 202.14913490276552652136
2024/02/26 11:02:47, 0.00499718008878889735, 200.11286009953609942819
2024/02/26 11:10:51, 0.00499535736972360538, 200.18587780343937623991
2024/02/26 12:27:54, 0.00499535736972371562, 200.18587780343495831641
2024/02/26 12:41:01, 0.0049921730837476037, 200.31356750341359032311
2024/02/26 13:27:32, 0.00499217308374766218, 200.31356750341124382216
2024/02/26 13:31:17, 0.00498862897820174011, 200.45587763082588768652
2024/02/26 14:45:05, 0.00502221085380514516, 199.11549497017566224525
2024/02/26 16:29:41, 0.00492274383740671417, 203.13874396657552380341
2024/02/26 16:37:42, 0.00494205860874840509, 202.34482817136273425218
2024/02/26 16:38:43, 0.00494447560710042409, 202.24591634428699057711
2024/02/26 16:41:16, 0.00493551422736358356, 202.61313288406274018562
2024/02/26 22:18:14, 0.00495967283640342309, 201.62620257128979208632
2024/02/26 23:15:34, 0.00498461777509231647, 200.61718774043406571126
2024/02/26 23:43:37, 0.00492349402956574987, 203.10779174199579254465
2024/02/27 02:20:42, 0.00492349402956577777, 203.10779174199464155232
2024/02/27 02:29:22, 0.00492349402956579727, 203.10779174199383721491
2024/02/27 03:56:16, 0.0049714684503896981, 201.14781175401265592547
2024/02/27 04:02:34, 0.00497141733342820211, 201.1498799901430838561
2024/02/27 04:03:57, 0.00497141733343067271, 201.14987999004312055617
2024/02/27 04:16:51, 0.0049587189156249728, 201.664989892649494254
2024/02/27 06:01:16, 0.00495895935644201616, 201.65521193492619909757
2024/02/27 06:24:57, 0.0049589593564420793, 201.65521193492363121533
2024/02/27 06:36:34, 0.00495895935644212832, 201.6552119349216380595
2024/02/27 07:52:25, 0.00490361747424130971, 203.93107848501590738608
2024/02/27 08:10:35, 0.00489966426320855825, 204.09561681786484776302
2024/02/27 14:26:38, 0.00489966426320857167, 204.09561681786428906702
2024/02/27 15:57:43, 0.00490201261654718988, 203.99784297258007008556
2024/02/27 16:54:58, 0.00491141165285723165, 203.60744948313309285594
2024/02/27 17:21:53, 0.00491141165285726463, 203.60744948313172556742
2024/02/27 17:45:02, 0.00490688447202342713, 203.79530141813896378202
2024/02/27 18:45:37, 0.00495301162433058443, 201.89736585468911364498
2024/02/27 18:46:36, 0.00495301162433165202, 201.89736585464559582768
2024/02/27 18:56:36, 0.00484858102998282828, 206.24590861040876454612
2024/02/27 19:19:11, 0.00486164150904391818, 205.69184258850427494377
2024/02/27 19:28:14, 0.00487455931463429178, 205.14674977855384931108
2024/02/27 19:39:48, 0.00482392426794768818, 207.30010349549796179517
2024/02/27 19:42:25, 0.00482392426794773686, 207.30010349549586972594
2024/02/27 22:51:04, 0.00483434247065091912, 206.85336342448969921077
2024/02/28 00:56:51, 0.00482874700445626521, 207.09306142507329461318
2024/02/28 02:55:12, 0.0048287470044563608, 207.09306142506919476145
2024/02/28 02:58:23, 0.00482597647119613257, 207.21195098411804677106
2024/02/28 03:14:53, 0.00481844619818033238, 207.53578204891986587658
2024/02/28 03:28:39, 0.00481844619819641388, 207.53578204822721811127
2024/02/28 03:33:04, 0.00481844619819641484, 207.53578204822717676429
2024/02/28 03:47:28, 0.00481007353134360462, 207.89702974055546114052
2024/02/28 03:52:14, 0.00484698256908528977, 206.31392536423283616303
2024/02/28 05:27:50, 0.00484019737190412203, 206.60314511236602738143
2024/02/28 05:59:24, 0.00484019737190423621, 206.60314511236115368833
2024/02/28 06:34:03, 0.00484019737191828394, 206.60314511176152814894
2024/02/28 07:31:45, 0.00483328873874045402, 206.89846066605946735846
2024/02/28 07:46:41, 0.00482965579862894406, 207.05409281627952535373
2024/02/28 08:33:54, 0.00482872806151097412, 207.09387384451020762067
2024/02/28 08:53:52, 0.00486946013821255899, 205.36157430525177269091
2024/02/28 08:58:43, 0.0048121252683369247, 207.80838906664642971516
2024/02/28 09:36:51, 0.00478052575928877319, 209.18201268070896381949
2024/02/28 11:19:59, 0.00478052575928882975, 209.18201268070648858248
2024/02/28 11:55:45, 0.00479199494354387464, 208.68135542322994129617
2024/02/28 12:46:22, 0.00480419964272634015, 208.15121651199927661791
2024/02/28 12:52:04, 0.00495971146622011704, 201.62463216073283233799
2024/02/28 12:58:25, 0.00496228612110231353, 201.52002032842510798767
2024/02/28 13:56:06, 0.004961915082868114, 201.53508943606797632942
2024/02/28 15:18:51, 0.00496449030842806793, 201.43054732171189149069
2024/02/28 18:13:33, 0.00493901609472933575, 202.4694758672984743888
2024/02/28 18:25:41, 0.00493310828558898793, 202.71194997305945194394
2024/02/28 19:53:12, 0.00493024123275600466, 202.82983180541047037225
2024/02/28 20:30:43, 0.0049302412327560503, 202.82983180540859263383
2024/02/28 21:00:59, 0.0049302412327561049, 202.82983180540634670452
2024/02/29 00:02:18, 0.00492456267115738635, 203.06371687721395705068
2024/02/29 02:09:36, 0.00492456267115746663, 203.06371687721064656114
2024/02/29 02:16:02, 0.00492456267115754856, 203.06371687720726813579
2024/02/29 02:54:04, 0.00492444144538454769, 203.06871572962939221409
2024/02/29 03:16:31, 0.0049207459003876292, 203.22122301036221366333
2024/02/29 03:42:05, 0.00492074590036243407, 203.2212230114027438543
2024/02/29 04:48:38, 0.00489502936039290053, 204.28886659828630644802
2024/02/29 07:16:43, 0.00485477426040227531, 205.98280092165154660953
2024/02/29 07:22:51, 0.00484804735948480439, 206.26861205132053085174
2024/02/29 07:24:09, 0.00482677621564271833, 207.1776182121679628986
2024/02/29 07:24:23, 0.00494134692474363048, 202.3739711519815052616
2024/02/29 07:24:48, 0.00487041101862379567, 205.32148029727567236823
2024/02/29 07:27:21, 0.00487041101862380862, 205.32148029727512642929
2024/02/29 07:41:40, 0.00486623613321025598, 205.49763156279471387312
2024/02/29 08:30:41, 0.00486873985479855572, 205.39195558259603000121
2024/02/29 09:13:59, 0.00486493325106554656, 205.55266606812623042051
2024/02/29 09:45:04, 0.00486493325106783794, 205.5526660680294151766
2024/02/29 09:48:05, 0.00485994734559597821, 205.76354616396968587331
2024/02/29 10:14:57, 0.00474054988750160272, 210.9459922859343421627
2024/02/29 10:14:57, 0.00477270612640358718, 209.52473785632752807495
2024/02/29 12:29:06, 0.00479654218707445503, 208.48352021061403685716
2024/02/29 13:04:28, 0.00477021891826599176, 209.63398475714130452509
2024/02/29 13:23:45, 0.00477517953102753265, 209.41621011363692259116
2024/02/29 13:53:51, 0.00483515113860069267, 206.81876767339335278365
2024/02/29 14:04:20, 0.00476411843750990417, 209.9024222669571469333
2024/02/29 15:14:11, 0.00476411843751776242, 209.90242226661092001236
2024/02/29 16:07:35, 0.00476411843751787021, 209.90242226660617090817
2024/02/29 16:22:26, 0.00475590484415479991, 210.26493018022439821381
2024/02/29 18:01:08, 0.00477759918556617118, 209.31014954564352514341
2024/02/29 18:09:22, 0.00477554352711790452, 209.40024822755861441583
2024/02/29 18:59:14, 0.00473890126192012329, 211.0193786976723746953
2024/02/29 19:38:24, 0.00474117806986979662, 210.91804299758398283892
2024/02/29 22:02:17, 0.00473772572288922224, 211.07173747284104965724
2024/03/01 00:46:20, 0.00473772572288926477, 211.07173747283915472601
2024/03/01 01:54:32, 0.00472528054545874401, 211.62764631214443247522
2024/03/01 03:28:34, 0.00472524441296339262, 211.62926456387456995175
2024/03/01 04:19:17, 0.0047252444129631129, 211.62926456388709785382
2024/03/01 05:52:31, 0.00472366575386211587, 211.69999151239481839884
2024/03/01 05:56:04, 0.0047236657538622215, 211.69999151239008411735
2024/03/01 06:10:47, 0.00472605342017272383, 211.59303780435322308256
2024/03/01 06:30:19, 0.00472844168886973561, 211.48616516809267918789
2024/03/01 06:54:40, 0.00474278396473169387, 210.84662667247831139932
2024/03/01 07:37:14, 0.0047423199717413247, 210.86725610225149769431
2024/03/01 08:41:05, 0.00478815939723271646, 208.84851924059651596094
2024/03/01 11:25:24, 0.00479681577984870784, 208.47162907547392264235
2024/03/01 12:55:52, 0.00480886201553203083, 207.94940606948658821519
2024/03/01 13:02:38, 0.00480386837720865872, 208.16557021927839516468
2024/03/01 13:04:21, 0.00480507237422009891, 208.11341060441527186078
2024/03/01 13:07:40, 0.00480959940298311402, 207.91752414551580308232
2024/03/01 13:47:45, 0.00480371746240080574, 208.17211000170255692858
2024/03/01 14:34:16, 0.00480227954040262108, 208.23444191175935246331
2024/03/01 15:53:00, 0.00479766778003768827, 208.43460736502777599863
2024/03/01 15:55:37, 0.00477878037480408715, 209.25841356352276639985
2024/03/01 16:24:37, 0.00476226229191530692, 209.98423411025849738384
2024/03/01 16:42:58, 0.00476045116284197621, 210.0641232926760579024
2024/03/01 16:45:37, 0.00474667014675172834, 210.67400284477875343315
2024/03/01 16:46:05, 0.00474428324826180781, 210.77999513759557698511
2024/03/01 16:56:35, 0.00474410198893993295, 210.78804847183512280611
2024/03/01 18:29:15, 0.00472934184926338004, 211.44591189908491816178
2024/03/01 18:38:51, 0.00471808643112728392, 211.95033507706890319435
2024/03/01 19:32:38, 0.00471687780443118089, 212.00464405937526568811
2024/03/01 19:32:38, 0.0047162145415788039, 212.0344592435014987749
2024/03/01 20:05:40, 0.00471516092500225434, 212.08183896703841440837
2024/03/01 21:20:35, 0.00471516092502185567, 212.08183896615677205747
2024/03/01 21:22:01, 0.00471072980017288374, 212.28133270630381065147
2024/03/02 00:25:37, 0.00472312741509011921, 211.72412092992828761503
2024/03/02 00:43:50, 0.00467335517547413716, 213.97902843935772366978
2024/03/02 00:46:05, 0.00470010874758554979, 212.76103462791173187687
2024/03/02 01:05:24, 0.00471132389597543668, 212.25456412670585719075
2024/03/02 02:14:18, 0.00487030979902366201, 205.32574749155943390138
2024/03/02 02:15:57, 0.00484954833158655141, 206.20477034669443741637
2024/03/02 02:16:42, 0.00482467906839607346, 207.26767227906873421309
2024/03/02 02:18:12, 0.00482467906839617128, 207.26767227906453156427
2024/03/02 02:18:34, 0.00473372592256048645, 211.25008425901789902361
2024/03/02 03:16:15, 0.00472969993934861266, 211.42990312779181561054
2024/03/02 04:40:39, 0.00472410093963346633, 211.68048963779932012269
2024/03/02 04:53:29, 0.00471708271700930158, 211.99543446505733776464
2024/03/02 04:57:57, 0.00474888917328904785, 210.57556062261333087358
2024/03/02 05:24:59, 0.00474171771320782637, 210.89403892908853496866
2024/03/02 08:41:17, 0.00472262636341772335, 211.74658400803673896979
2024/03/02 09:32:38, 0.00472262636342110265, 211.74658400788522285982
2024/03/02 09:36:50, 0.00464393287494682246, 215.33472315993606422427
2024/03/02 09:41:52, 0.00468756263408649368, 213.33048282455189933697
2024/03/02 10:09:35, 0.00475520716541317904, 210.29578001847374631417
2024/03/02 10:25:57, 0.0047561665196619605, 210.25336179168805513392
2024/03/02 11:23:20, 0.00476192622369558978, 209.99905353929016630267
2024/03/02 12:54:21, 0.00480676984804563286, 208.03991695308365504935
2024/03/02 12:59:33, 0.00480676984804573042, 208.03991695307943250002
2024/03/02 14:11:02, 0.0048067698480457791, 208.03991695307732559309
2024/03/02 14:35:42, 0.00478429314035612028, 209.01729276679829502385
2024/03/02 15:05:40, 0.00477904139811188369, 209.24698421634988228042
2024/03/02 15:17:05, 0.00478532746491607899, 208.97211472601638380438
2024/03/02 15:56:23, 0.00477908751828862328, 209.24496489616431262716
2024/03/02 15:58:41, 0.00477974259436313884, 209.21628733298800754863
2024/03/02 17:31:21, 0.00477736612673677372, 209.32036052322824636421
2024/03/02 18:33:49, 0.00476968573384271134, 209.65741891643394665938
2024/03/02 18:40:42, 0.00476303136222429045, 209.95032867745164068455
2024/03/02 18:45:44, 0.00475818778361142343, 210.1640467919928617501
2024/03/02 19:46:11, 0.00478103087260908254, 209.15991271444865697499
2024/03/02 19:53:53, 0.00487508640758546968, 205.12456937051080726903
2024/03/02 20:19:01, 0.00494622825642220611, 202.17425241174328748393
2024/03/02 20:19:39, 0.00481638409091556039, 207.6246373054328204616
2024/03/02 20:35:31, 0.00481638409091557433, 207.62463730543221935175
2024/03/02 20:46:20, 0.00481849787001748962, 207.53355650987769716449
2024/03/02 20:50:34, 0.00481532356043878622, 207.67036471145816547929
2024/03/02 21:35:57, 0.00481409404109795398, 207.7234037106448510166
2024/03/02 22:26:39, 0.00481232001542087742, 207.79997938531560468947
2024/03/02 22:27:23, 0.00481232001539844831, 207.79997938628411226615
2024/03/02 23:46:19, 0.00480626797565834995, 208.06164056281581542464
2024/03/03 00:09:05, 0.00480500843173804413, 208.11618006636564724353
2024/03/03 00:43:47, 0.0047895859981904192, 208.7863127163424361011
2024/03/03 00:48:05, 0.00477068137027863453, 209.61366362256014489338
2024/03/03 01:28:44, 0.00484088615929869125, 206.57374850245847922334
2024/03/03 03:19:56, 0.00484088615929870904, 206.57374850245771977726
2024/03/03 04:17:15, 0.00483759238037913523, 206.71439868640343962491
2024/03/03 04:20:00, 0.00483699363872575625, 206.73998658874340307587
2024/03/03 06:43:05, 0.00483590230922372882, 206.78664209007202043347
2024/03/03 06:56:09, 0.00483474922032700711, 206.83596075586381104539
2024/03/03 08:54:27, 0.00483089442268419171, 207.00100488728329909378
2024/03/03 09:13:11, 0.0048301917619927186, 207.0311178675534077185
2024/03/03 09:43:44, 0.0048301917619927306, 207.03111786755289317269
2024/03/03 10:23:02, 0.00480768303581369939, 208.00040113932972732984
2024/03/03 10:35:36, 0.00482729781599183392, 207.15523220614396971731
2024/03/03 10:59:16, 0.00482369793821326359, 207.30983009487696530224
2024/03/03 12:29:46, 0.00482439894055603147, 207.2797072384619088942
2024/03/03 13:16:39, 0.00474206677209551083, 210.87851522556730860368
2024/03/03 13:25:03, 0.00479764522952430677, 208.43558707636066648936
2024/03/03 15:48:33, 0.00479642374112205278, 208.48866863586675317001
2024/03/03 16:03:05, 0.00479395575445725286, 208.59600113543702958658
2024/03/03 16:06:31, 0.00478489754858797839, 208.9908905771868938924
2024/03/03 18:52:31, 0.00478144691106326162, 209.14171350228954931157
2024/03/03 19:47:21, 0.00477256404446440729, 209.53097552664131144233
2024/03/03 19:47:52, 0.00479797750122653658, 208.42115240106145386407
2024/03/03 20:44:01, 0.00483997047584438229, 206.61283059284360311348
2024/03/03 20:44:17, 0.00481744371553018742, 207.57896906532809206381
2024/03/03 21:44:04, 0.00481087004943370666, 207.86260899267300110976
2024/03/04 00:34:20, 0.00483412227410589392, 206.86278569256034698276
2024/03/04 01:09:51, 0.00483407215163484491, 206.8649305662117435604
2024/03/04 01:18:08, 0.00485738010695355827, 205.87229699575188400793
2024/03/04 01:19:40, 0.00487606676385705439, 205.08332810623422414251
2024/03/04 01:28:55, 0.00479750302494731766, 208.44176539335922575272
2024/03/04 01:31:56, 0.00480423085123070768, 208.14986435213211351428
2024/03/04 01:32:56, 0.00480701615533789271, 208.0292571701807458661
2024/03/04 01:47:36, 0.00481863027234564225, 207.5278540748497595928
2024/03/04 01:48:17, 0.00483258568510347751, 206.92856064249744334662
2024/03/04 01:50:32, 0.00488035896880627505, 204.90296029281587364636
2024/03/04 01:57:49, 0.00483501601361174309, 206.8245476715604234405
2024/03/04 02:02:56, 0.00485832534358370001, 205.83224244557467017422
2024/03/04 02:04:26, 0.00490511198847759345, 203.86894373646531455107
2024/03/04 02:06:31, 0.00489941536534070051, 204.10598519043118248864
2024/03/04 02:34:23, 0.00486655115669829962, 205.48432920993841712289
2024/03/04 02:42:36, 0.0048665511567136289, 205.48432920929115669849
2024/03/04 02:45:00, 0.00486522903789207655, 205.54016927294813280397
2024/03/04 02:46:46, 0.00486522903789177372, 205.54016927296092635274
2024/03/04 02:53:25, 0.00486560327071991013, 205.5243603640625084547
2024/03/04 02:54:35, 0.00486793899771074486, 205.42574598208234443556
2024/03/04 04:08:16, 0.00487261213149732163, 205.22873009650094680593
2024/03/04 04:14:25, 0.00485378103993184976, 206.02495081113931958573
2024/03/04 04:19:53, 0.00485378103993193805, 206.02495081113557179072
2024/03/04 04:23:26, 0.00485563843163747109, 205.94614159991503894206
2024/03/04 05:37:17, 0.00486725517655357867, 205.4546071093981844702
2024/03/04 05:40:54, 0.00501088300980102673, 199.56562506928458989476
2024/03/04 05:46:03, 0.00504632645203742519, 198.16395342323835768965
2024/03/04 05:56:55, 0.00497541332921449415, 200.98832676437708250821
2024/03/04 06:37:22, 0.00497776003649500463, 200.89357314703563805855
2024/03/04 07:05:46, 0.0050248887746958591, 199.00938007538821436628
2024/03/04 07:35:05, 0.00500123532175352556, 199.95059933500219966811
2024/03/04 07:36:19, 0.00500335278320387948, 199.86597854082427749781
2024/03/04 07:41:39, 0.00500335278321379037, 199.86597854042837324684
2024/03/04 08:49:45, 0.00502383233884637663, 199.05122873380566471319
2024/03/04 08:54:39, 0.00497940648323832026, 200.82714744542353142368
2024/03/04 09:53:46, 0.00495557175211075732, 201.79306244008349094906
2024/03/04 09:57:48, 0.00505919130004945194, 197.66004894699777966562
2024/03/04 10:04:22, 0.00504170169180695226, 198.34572950340477913712
2024/03/04 10:16:38, 0.00508755440811937278, 196.55809447542645605688
2024/03/04 10:19:34, 0.00508678065894316339, 196.58799288738378356419
2024/03/04 10:31:39, 0.00503865024093485579, 198.46584942051128597977
2024/03/04 10:45:11, 0.00508606441895772143, 196.61567719681543227853
2024/03/04 10:48:55, 0.00506197884978718968, 197.55120076055650352242
2024/03/04 11:37:30, 0.00506197884979464011, 197.55120076026573923641
2024/03/04 11:55:12, 0.00506483552784838299, 197.43977756071672151445
2024/03/04 12:25:57, 0.00507101472343379058, 197.19919080078301897989
2024/03/04 12:41:05, 0.00504630605977778799, 198.16475420914810490614
2024/03/04 12:49:48, 0.00486409762282853772, 205.5879790131528334118
2024/03/04 12:55:24, 0.00489749209088986029, 204.18613883219214393166
2024/03/04 13:06:59, 0.00489749209091282641, 204.18613883123464107352
2024/03/04 14:59:38, 0.00490095369048143052, 204.04191982923388792995
2024/03/04 15:05:48, 0.00492467759549349493, 203.05897809738576871723
2024/03/04 17:35:08, 0.0049258406681025448, 203.01103250771697011097
2024/03/04 18:14:45, 0.00493267108116687116, 202.72991722842389592892
2024/03/04 18:37:07, 0.0049704411614011898, 201.18938491127726883846
2024/03/04 18:37:24, 0.00495416880758506174, 201.85020713645318606554
2024/03/04 18:47:50, 0.00495334415856603361, 201.88381182249500731508
2024/03/04 19:13:03, 0.00492759093428905435, 202.93892357042387981492
2024/03/04 19:13:45, 0.00487983855163812341, 204.92481245395052427473
2024/03/04 19:31:00, 0.00491211353980251616, 203.57835622020321542431
2024/03/04 19:37:15, 0.00491375948684184185, 203.51016419867902066427
2024/03/04 20:34:12, 0.00491665819659812462, 203.39018089398771909312
2024/03/04 21:24:57, 0.00491509105169219654, 203.45503053411677937958
2024/03/04 22:57:23, 0.00491986649951948015, 203.25754776022261722918
2024/03/04 23:02:13, 0.00491964027318808795, 203.26689442111735203416
2024/03/04 23:23:30, 0.00492425314109073129, 203.07648111252422895108
2024/03/05 00:21:23, 0.00493367385774935176, 202.68871206986936786138
2024/03/05 01:33:08, 0.00490984169507368738, 203.67255445391542346253
2024/03/05 01:51:47, 0.00493307529598583898, 202.71330559534006099505
2024/03/05 01:52:10, 0.00488593920390984566, 204.66894045668354424336
2024/03/05 02:00:07, 0.00492059597772833642, 203.22741483475022414126
2024/03/05 02:33:51, 0.00492059597773557471, 203.22741483445127250691
2024/03/05 03:02:04, 0.00492796894601967189, 202.92335665136476558917
2024/03/05 03:37:20, 0.00492424352097659515, 203.07687784735636022755
2024/03/05 05:56:31, 0.00492308758959961906, 203.12455990272706119732
2024/03/05 06:43:24, 0.00498718607264330967, 200.51387404319962296339
2024/03/05 07:15:39, 0.00498768073993646935, 200.49398751467350594676
2024/03/05 08:16:59, 0.00498768073993650751, 200.49398751467197190166
2024/03/05 10:12:46, 0.00498346103442424365, 200.66375418455206798642
2024/03/05 10:41:58, 0.00495828228513863696, 201.68274868038081412535
2024/03/05 11:15:34, 0.00493748854208597726, 202.53211556365913354036
2024/03/05 12:25:08, 0.00492506648885815598, 203.04294414344919269753
2024/03/05 12:28:27, 0.004937469943883479, 202.53287845099626443779
2024/03/05 13:05:36, 0.00494976192649614816, 202.02991878194895368836
2024/03/05 13:08:19, 0.00494976192649615481, 202.02991878194868228118
2024/03/05 13:29:18, 0.00494877922741799378, 202.07003667887324430757
2024/03/05 14:31:58, 0.00494877922742999224, 202.07003667838331946425
2024/03/05 14:33:41, 0.00494628309502220597, 202.17201094016851354809
2024/03/05 14:48:15, 0.00494628309502228437, 202.17201094016530886356
2024/03/05 18:49:20, 0.00497087479668054121, 201.17183411414457918201
2024/03/05 19:01:25, 0.00496749127243844162, 201.30885897039937838687
2024/03/05 19:24:18, 0.0049480139198912155, 202.10129077849996974779
2024/03/05 19:54:08, 0.00500038361124970642, 199.98465672718215534731
2024/03/05 20:21:21, 0.00500000824271649125, 199.99967029188388821768
2024/03/05 21:00:01, 0.0052499958289766346, 190.47634180595661501865
2024/03/05 21:00:41, 0.00510090630362233709, 196.04359313360922199877
2024/03/05 21:01:32, 0.00507663187992115385, 196.9809952057290378373
2024/03/05 21:26:25, 0.00500168554755456151, 199.9326008187225761188
2024/03/05 21:54:11, 0.00499921600808206681, 200.03136459463506803501
2024/03/05 22:04:37, 0.00506169636325652325, 197.56222582988640970373
2024/03/05 22:55:17, 0.00506169636325657365, 197.56222582988444219219
2024/03/05 23:05:12, 0.00509320669424882119, 196.33996027084198634927
2024/03/05 23:19:28, 0.00509320669424886819, 196.33996027084017432892
2024/03/05 23:53:26, 0.00515551758782615068, 193.96694569742606834111
2024/03/05 23:54:59, 0.00515043397497115694, 194.15839613895839186077
2024/03/06 00:13:49, 0.00511195564532042056, 195.61985067601645404817
2024/03/06 00:30:21, 0.00511144552025483383, 195.63937364437457004977
2024/03/06 01:19:00, 0.00511014759996845877, 195.68906385525386274334
2024/03/06 02:07:01, 0.00516015956127162782, 193.79245702114841588982
2024/03/06 02:07:15, 0.00521112732207763954, 191.89705762194025349071
2024/03/06 02:18:02, 0.00517234236470585256, 193.33600320497525520905
2024/03/06 04:30:59, 0.00507206551343877431, 197.1583366481433668144
2024/03/06 07:35:38, 0.0050720655134388504, 197.15833664814040932703
2024/03/06 07:54:46, 0.005067952046468548, 197.3183626898798945038
2024/03/06 08:39:34, 0.00538151794769458728, 185.82117716961150430119
2024/03/06 08:40:03, 0.00529340198183811222, 188.91442656934852383265
2024/03/06 08:40:27, 0.00514873739806103652, 194.22237389240128863703
2024/03/06 11:06:37, 0.005173858523508099, 193.27934760031994720557
2024/03/06 11:44:04, 0.00516872560297310343, 193.47128805305312602725
2024/03/06 12:02:40, 0.00516872560297853269, 193.47128805284990265531
2024/03/06 12:07:22, 0.00516659410514639118, 193.55110536047534638135
2024/03/06 14:37:36, 0.00516498051111679496, 193.61157275379061798821
2024/03/06 14:54:35, 0.00515434118857833883, 194.0112156750372616695
2024/03/06 15:22:53, 0.00514788538546393321, 194.25451911258488061684
2024/03/06 17:11:59, 0.00514788538547399042, 194.25451911220537384327
2024/03/06 17:17:01, 0.005127191187593761, 195.03856271630654676999
2024/03/06 18:35:47, 0.00510671902701685295, 195.82044649598847938793
2024/03/06 18:35:58, 0.00510050300016525577, 196.05909455745837295861
2024/03/06 20:20:42, 0.00516935314598610452, 193.44780125468488367613
2024/03/06 20:50:26, 0.00520459882155841538, 192.1377678252191487926
2024/03/06 21:10:10, 0.00525765876323001353, 190.19872628357028260225
2024/03/06 21:42:31, 0.00529681516018331634, 188.79269329938090841094
2024/03/06 21:45:41, 0.0052860973674288506, 189.1754787116981196505
2024/03/06 21:48:07, 0.00528991021860823663, 189.03912517878190577084
2024/03/06 22:10:54, 0.00529332412471171152, 188.91720522677470721871
2024/03/06 22:45:31, 0.00529266219652173095, 188.94083220674598303625
2024/03/06 23:04:02, 0.00524985378168522032, 190.48149559681578646606
2024/03/06 23:29:34, 0.00519707002451598641, 192.41611047815966523718
2024/03/07 00:05:38, 0.00518927689031520416, 192.70507647535812217476
2024/03/07 00:07:15, 0.00518301394411176909, 192.93793356200847261386
2024/03/07 01:32:37, 0.00518301394413131585, 192.9379335612808436891
2024/03/07 01:35:29, 0.00518285340424992529, 192.94390985089464391096
2024/03/07 01:41:36, 0.00518285340424997565, 192.94390985089276911974
2024/03/07 02:20:07, 0.00518164843674072357, 192.98877803238302570683
2024/03/07 03:49:47, 0.00511489956141862108, 195.50726030730685133798
2024/03/07 05:02:39, 0.0051078796882710684, 195.77595030208771943753
2024/03/07 05:44:01, 0.00510694951794161723, 195.81160857118776470593
2024/03/07 07:41:00, 0.00514820729376646223, 194.24237272085317305561
2024/03/07 07:41:37, 0.00518384168093917367, 192.90712594039459665138
2024/03/07 07:41:37, 0.00514228018880958967, 194.46626074093692004707
2024/03/07 09:27:20, 0.00514228018882165614, 194.46626074048060062187
2024/03/07 09:30:30, 0.00488469477236732092, 204.72108219678166275274
2024/03/07 09:30:38, 0.00493480932966097985, 202.64207453557273423342
2024/03/07 09:31:18, 0.00509987549230275394, 196.0832184058808455631
2024/03/07 10:25:01, 0.00511023013938416176, 195.68590312461169532602
2024/03/07 11:44:37, 0.00513740300904143523, 194.6508767640141730609
2024/03/07 13:08:47, 0.00512143115015003029, 195.25792121030571660645
2024/03/07 15:50:04, 0.00506832863880448324, 197.30370133138799032162
2024/03/07 15:59:42, 0.00509465474374030778, 196.28415472681017208679
2024/03/07 17:30:21, 0.0050519868337831368, 197.94192520710878793598
2024/03/07 17:34:30, 0.00510341663053854499, 195.94716096978224514558
2024/03/07 17:41:11, 0.0051034166305385837, 195.94716096978075885389
2024/03/07 18:18:19, 0.00512906633880039889, 194.9672579656832706823
2024/03/07 18:26:53, 0.00523230774157885709, 191.12025694770170913104
2024/03/07 18:27:24, 0.00518420278767580228, 192.89368895392363170058
2024/03/07 21:01:28, 0.00523596910185062451, 190.98661213385607911779
2024/03/07 22:05:09, 0.00523733204600792244, 190.9369104756752925918
2024/03/07 22:18:31, 0.00520094868755557386, 192.27261410840724970392
2024/03/07 22:25:37, 0.00519428697384798661, 192.51920524121305468222
2024/03/07 22:41:01, 0.00518680506122811125, 192.79691220229201044
2024/03/07 22:46:22, 0.00517881085968264137, 193.09452055587915661515
2024/03/07 22:51:36, 0.00516967801845400252, 193.43564462435341753264
2024/03/07 23:14:20, 0.00524024552154435822, 190.83075323258688782369
2024/03/07 23:14:20, 0.00522722122461820359, 191.30623270551171902365
2024/03/07 23:52:54, 0.00517474944953769229, 193.24607109032866282611
2024/03/08 01:10:32, 0.00524749480398837534, 190.56712533377770591854
2024/03/08 01:38:19, 0.0052474948040091982, 190.56712533302150659347
2024/03/08 01:41:38, 0.00523416578621791629, 191.05241233151237577237
2024/03/08 01:59:42, 0.00523416578621791629, 191.05241233151237577237
2024/03/08 02:02:30, 0.00523416578621854081, 191.0524123314895801847
2024/03/08 02:03:30, 0.00523144061531500504, 191.15193567762331897851
2024/03/08 02:18:32, 0.00526307125284861329, 190.00312782365516430331
2024/03/08 02:29:37, 0.00526307125284865398, 190.00312782365369535644
2024/03/08 04:38:46, 0.00526307125286028103, 190.00312782323394511072
2024/03/08 04:39:56, 0.00522738188814118986, 191.30035291062138868305
2024/03/08 04:39:56, 0.00522612395632320995, 191.34639904399445909066
2024/03/08 05:20:08, 0.00519884641405773446, 192.35036397612933120875
2024/03/08 07:31:56, 0.0052808013587008123, 189.36519896783637718402
2024/03/08 07:42:19, 0.00533651890234228156, 187.38807419216380353559
2024/03/08 07:49:02, 0.00532816449720449105, 187.68189317816039874644
2024/03/08 08:10:01, 0.00532342726805573886, 187.84890816498885561206
2024/03/08 10:24:16, 0.00529389461147566664, 188.89684691347703755582
2024/03/08 11:55:19, 0.00529389461147567108, 188.89684691347687893935
2024/03/08 12:04:24, 0.00529389461147570821, 188.89684691347555405968
2024/03/08 14:34:01, 0.00528497698885812872, 189.21558260484684514406
2024/03/08 15:10:08, 0.00525753871430674439, 190.20306921921721781353
2024/03/08 15:16:19, 0.00525753871430683748, 190.20306921921385022641
2024/03/08 15:28:22, 0.00541218970482818109, 184.76809841087169591508
2024/03/08 15:28:29, 0.00528406249717112592, 189.24832939340889597368
2024/03/08 16:12:01, 0.00521427088231658827, 191.78136743745877925355
2024/03/08 16:41:05, 0.00521427088231662883, 191.78136743745728747792
2024/03/08 17:58:57, 0.00521932293098513785, 191.59573247774722219909
2024/03/08 18:46:32, 0.0052539445094079311, 190.33318646768318465447
2024/03/08 19:07:33, 0.00525026709663845091, 190.46650038819215329566
2024/03/08 19:10:18, 0.00525427280428042929, 190.32129416374101440527
2024/03/08 19:53:39, 0.00527965402269954986, 189.40635043519160630232
2024/03/08 20:10:41, 0.00527829720078105859, 189.45503861586735122822
2024/03/08 20:28:11, 0.00525281099785693772, 190.37425873650963149233
2024/03/08 20:39:48, 0.00526295466041146839, 190.00733704246237722167
2024/03/08 20:51:57, 0.0053010804847963034, 188.64078801822332398079
2024/03/08 20:56:20, 0.00530108048479639331, 188.64078801822012450537
2024/03/08 21:05:37, 0.00527338371378392006, 189.6315637692234843063
2024/03/08 21:31:19, 0.00528042675840907145, 189.37863277953842389535
2024/03/08 21:39:35, 0.0052766242768221775, 189.51510426704956957796
2024/03/08 21:55:11, 0.00527645765294042953, 189.52108891516007783233
2024/03/08 23:43:44, 0.00528131872883409982, 189.34664831727724414541
2024/03/09 00:25:26, 0.00523270753748260646, 191.10565473741116839501
2024/03/09 00:28:52, 0.00523270753749850962, 191.10565473683036303539
2024/03/09 00:34:31, 0.00523038474385595839, 191.19052401922870688463
2024/03/09 01:38:40, 0.00522122017393689691, 191.52611203637126845156
2024/03/09 01:46:24, 0.00521675057775737444, 191.69020736082217642977
2024/03/09 02:16:57, 0.00521675057775738442, 191.69020736082180984594
2024/03/09 03:15:44, 0.00521003780119229377, 191.93718705287598637365
2024/03/09 05:00:00, 0.00526044413686078455, 190.0980171983650475296
2024/03/09 06:04:35, 0.00526012140077351913, 190.10968071059092373313
2024/03/09 08:43:51, 0.00526006251136853814, 190.111809097079483034
2024/03/09 10:24:05, 0.00525027905268463447, 190.46606665386066133459
2024/03/09 12:08:30, 0.00525033221741501935, 190.46413799931809098445
2024/03/09 15:18:41, 0.00524376859470038581, 190.70254187239495979449
2024/03/09 15:50:06, 0.00523186308743589491, 191.13650018890193727151
2024/03/09 16:59:56, 0.00524446801183689005, 190.67710924024629807743
2024/03/09 17:24:18, 0.00524479975160212462, 190.66504868837572501807
2024/03/09 17:26:17, 0.0051912929253950899, 192.63023958985973387351
2024/03/09 17:49:45, 0.00519229683664787875, 192.59299525055564279377
2024/03/09 19:06:00, 0.00519229683665756821, 192.59299525019624060299
2024/03/09 19:09:07, 0.00518649167770827579, 192.80856157506919000454
2024/03/09 19:32:09, 0.00518464731528914334, 192.8771503996180416378
2024/03/09 21:00:44, 0.00518464731529373285, 192.87715039944730468338
2024/03/09 21:03:20, 0.00518464731531706037, 192.87715039857948358221
2024/03/09 21:05:57, 0.00518464731531714845, 192.8771503985762067468
2024/03/09 21:18:53, 0.00515941745281064229, 193.82033129636377457263
2024/03/09 22:05:31, 0.00515941745282313317, 193.82033129589453816535
2024/03/09 23:00:36, 0.00529193178073862414, 188.96691065439707505115
2024/03/09 23:03:38, 0.0052919317807386524, 188.96691065439606588982
2024/03/09 23:23:46, 0.00525895323480078857, 190.1519095820368964286
2024/03/10 03:06:37, 0.00524938994286374208, 190.49832664068806558167
2024/03/10 03:09:44, 0.00523091466197110322, 191.17115545203368317214
2024/03/10 03:56:59, 0.00521317773135374548, 191.82158206225637348696
2024/03/10 04:20:57, 0.00524814738112512358, 190.54342940072218292426
2024/03/10 06:17:30, 0.00524814738112524242, 190.54342940071786839573
2024/03/10 09:20:05, 0.005243232213057446, 190.72205070560428791407
2024/03/10 11:41:00, 0.00524307613457791917, 190.72772821379266836018
2024/03/10 12:21:54, 0.00522951467703792017, 191.22233357348866221701
2024/03/10 16:03:00, 0.00523336145660119255, 191.08177569860618106897
2024/03/10 16:31:45, 0.00523458360890122992, 191.03716259293944471956
2024/03/10 16:31:45, 0.00528358669667641632, 189.26537168946982563425
2024/03/10 16:49:07, 0.0053822770843602644, 185.79496824973656193307
2024/03/10 16:59:42, 0.00535040161903713845, 186.90185731888302856017
2024/03/10 18:19:18, 0.00540381503600248455, 185.05444641194788346841
2024/03/10 18:19:44, 0.00534678419121216964, 187.02830790207935482665
2024/03/10 18:32:26, 0.00529436901503676473, 188.8799207535132270255
2024/03/10 18:48:44, 0.00530697869653778865, 188.43113138034422510466
2024/03/10 18:58:19, 0.00531190217733534331, 188.25647886867504140487
2024/03/10 19:36:44, 0.0052382243354141781, 190.90438590788830433254
2024/03/10 20:05:50, 0.0052406697684231519, 190.8153049492539864953
2024/03/10 21:37:17, 0.0052426759452216292, 190.74228703977734404763
2024/03/10 21:50:10, 0.00523690472398773331, 190.95249058465443933039
2024/03/10 22:55:37, 0.00522931327259579105, 191.22969840810620647919
2024/03/10 22:58:45, 0.00510468773862533893, 195.89836855903234188456
2024/03/10 22:59:40, 0.00513660857352426224, 194.68098175794874060811
2024/03/10 23:06:51, 0.00516444832824129943, 193.6315239193301932954
2024/03/11 00:03:59, 0.00516454478910275235, 193.62790736368697153687
2024/03/11 00:15:14, 0.00518961952658226732, 192.69235343319492906749
2024/03/11 00:45:34, 0.00518435275792916753, 192.88810902586786164425
2024/03/11 00:49:43, 0.00526260670142385419, 190.01990016267781684543
2024/03/11 00:50:02, 0.00526050415614093357, 190.09584829101104748231
2024/03/11 00:52:23, 0.00531255322227544152, 188.23340833688361392664
2024/03/11 00:59:16, 0.00531907545184900338, 188.00259726573018649445
2024/03/11 02:15:23, 0.00531852920522961575, 188.02190632265733864657
2024/03/11 03:05:26, 0.00531975462337304249, 187.97859502886999928739
2024/03/11 04:44:00, 0.00532465006916239134, 187.80576883192396136469
2024/03/11 04:45:57, 0.0052986729951408755, 188.72649829816740008556
2024/03/11 06:12:08, 0.0052997115368907541, 188.68951508758571055232
2024/03/11 07:43:41, 0.00534213335880247802, 187.19113373541193248886
2024/03/11 09:16:12, 0.00534352461008108857, 187.14239625909103671859
2024/03/11 10:18:03, 0.00534310537556463607, 187.15707995826759475099
2024/03/11 13:03:43, 0.00533002548060428055, 187.61636386898230752488
2024/03/11 13:36:42, 0.00534314475753496361, 187.15570050573468144972
2024/03/11 13:37:45, 0.00534144163762700129, 187.21537514435182389375
2024/03/11 14:09:25, 0.00531212140245888561, 188.24870974091781029207
2024/03/11 14:13:56, 0.00531733688579433418, 188.06406693387723626468
2024/03/11 14:14:56, 0.00531733688579272025, 188.06406693393431777897
2024/03/11 14:37:54, 0.00531733688579280603, 188.06406693393128384296
2024/03/11 14:42:34, 0.00534668683573371563, 187.03171341860943477903
2024/03/11 15:09:02, 0.00535195326109032611, 186.84767060097141156348
2024/03/11 15:10:35, 0.00535188915671826837, 186.8499086429494094676
2024/03/11 15:29:09, 0.00535136375444486964, 186.86825375482931268646
2024/03/11 15:32:36, 0.00533668384620953131, 187.38228248433091540297
2024/03/11 16:15:53, 0.00533668384621629249, 187.38228248409351621147
2024/03/11 16:26:27, 0.00533571305842563717, 187.4163751030235075367
2024/03/11 16:43:25, 0.00584215228406167601, 171.169793490005323099
2024/03/11 16:44:00, 0.00569517972280423163, 175.587083932728490707
2024/03/11 16:44:28, 0.00550883962738026591, 181.52643163357997077841
2024/03/11 16:45:39, 0.00548338102039745907, 182.36923465287766804267
2024/03/11 16:46:46, 0.00547540541915622991, 182.63487786701680383516
2024/03/11 16:47:07, 0.00542135391746569601, 184.45576791774313611115
2024/03/11 17:04:12, 0.00542135391746578005, 184.45576791774027675245
2024/03/11 17:22:30, 0.00550866049849703583, 181.53233445278332095095
2024/03/11 17:30:42, 0.00546773730848601091, 182.89101022611033110213
2024/03/11 17:49:18, 0.0054930830292137833, 182.04712994173119086929
2024/03/11 18:02:18, 0.0054641341791115723, 183.01161121240851089905
2024/03/11 18:14:51, 0.00546357486595898637, 183.03034634530927994561
2024/03/11 18:30:28, 0.00546357486596256642, 183.03034634518934780689
2024/03/11 18:41:08, 0.00546357486598667929, 183.0303463443815641537
2024/03/11 18:45:13, 0.00545905809503555396, 183.18178385194253209387
2024/03/11 18:48:34, 0.00549223970723349953, 182.07508289977947860431
2024/03/11 18:56:02, 0.0054698628834396995, 182.81993923971168096719
2024/03/11 19:41:25, 0.0054905841772529727, 182.12998247853401176876
2024/03/11 21:35:37, 0.00549058417725361015, 182.12998247851286672648
2024/03/11 21:43:00, 0.00548371773968342565, 182.3580365494395189055
2024/03/11 21:45:44, 0.00548620962748566297, 182.27520782108745350903
2024/03/11 21:48:25, 0.00522265120205741979, 191.47363308621076546718
2024/03/11 21:49:20, 0.00537069571890673313, 186.1956164225891946337
2024/03/11 21:59:15, 0.00537069571890685845, 186.19561642258484977613
2024/03/11 22:18:43, 0.00537600923679621605, 186.01158516534486666669
2024/03/11 22:21:50, 0.0053827828790534917, 185.77750997377028813137
2024/03/11 22:43:49, 0.00538278287905354988, 185.77750997376827991382
2024/03/11 23:19:40, 0.00545585567294927977, 183.28930601264027908402
2024/03/11 23:27:33, 0.00545428437791516161, 183.34210882899337688369
2024/03/11 23:39:06, 0.00545428437793618939, 183.34210882828654239594
2024/03/12 00:03:30, 0.00542748112144581738, 184.24753170465413188222
2024/03/12 00:06:10, 0.00542748112144594209, 184.24753170464989836594
2024/03/12 00:07:46, 0.00542741210688278014, 184.24987458237207059121
2024/03/12 00:36:46, 0.00542741210689490271, 184.24987458196053328723
2024/03/12 01:23:56, 0.00539307666058723032, 185.4229158854778899756
2024/03/12 02:09:50, 0.00539307666058722398, 185.42291588547810789597
2024/03/12 02:13:21, 0.00542755671930820335, 184.2449654082030579592
2024/03/12 02:14:05, 0.00539857107135494356, 185.23420119558009502083
2024/03/12 02:56:55, 0.00539871868244267764, 185.2291365453302208146
2024/03/12 03:12:41, 0.00531789402865580798, 188.04436391764048233235
2024/03/12 03:56:42, 0.00530843724340508868, 188.37935801960269217071
2024/03/12 03:57:25, 0.00538723678095910405, 185.62391828301397743038
2024/03/12 04:09:06, 0.0053708622631007283, 186.1898427130164171948
2024/03/12 07:46:00, 0.00537027664195775313, 186.2101464544751093742
2024/03/12 07:50:27, 0.00537263240293669901, 186.12849809962740503828
2024/03/12 07:53:35, 0.00537145616258259167, 186.16925647945730026588
2024/03/12 07:53:39, 0.00536704981776999718, 186.32210133191922034806
2024/03/12 09:18:17, 0.00539355358536247571, 185.40651987103501453037
2024/03/12 09:34:41, 0.00525056517067262295, 190.45568762493717097198
2024/03/12 09:38:46, 0.00530204126520967846, 188.60660450941497107138
2024/03/12 10:02:21, 0.00530301637632993306, 188.57192379482553737254
2024/03/12 10:59:28, 0.00534088801010514047, 187.23478157713964990804
2024/03/12 11:10:32, 0.00529710809768837393, 188.78225279872879637464
2024/03/12 11:47:41, 0.00544146916616869789, 183.77389808938186510481
2024/03/12 11:50:55, 0.00541469372061987673, 184.68265272177195666612
2024/03/12 12:10:04, 0.00545726473775945514, 183.24198074557069730748
2024/03/12 12:29:37, 0.00549193859455769285, 182.08506573452275230031
2024/03/12 12:36:24, 0.00549193859456367325, 182.08506573432447209743
2024/03/12 12:37:12, 0.00545903825147991556, 183.18244971610254658545
2024/03/12 12:39:26, 0.00531020940891382159, 188.31649055522752091272
2024/03/12 12:44:58, 0.00532081626600761242, 187.94108836055218039547
2024/03/12 14:35:06, 0.00531425661562812741, 188.17307336254843876288
2024/03/12 15:47:36, 0.00531369043174803423, 188.19312356347262375528
2024/03/12 16:45:01, 0.00532602899705268085, 187.75714524899887515726
2024/03/12 16:52:59, 0.00529980730155183974, 188.68610556976088597624
2024/03/12 16:56:33, 0.00540042206244084302, 185.17071229577700058741
2024/03/12 16:59:48, 0.00537366795981585319, 186.09262936935693440461
2024/03/12 18:14:47, 0.00534711227720264511, 187.01683229347719087995
2024/03/12 18:51:37, 0.00533421410292588878, 187.46904055678725707703
2024/03/12 19:19:59, 0.0053208437655821136, 187.94011702965262733739
2024/03/12 20:02:02, 0.0053233612866350139, 187.85123649424831720319
2024/03/12 20:55:28, 0.00532599826200542367, 187.75822875005317860078
2024/03/12 21:33:45, 0.00535071747036587194, 186.89082455546319311648
2024/03/12 22:14:21, 0.00537549382364231911, 186.02942033006029698287
2024/03/12 22:17:21, 0.00540032732143826078, 185.17396085051962278356
2024/03/12 22:17:54, 0.00541674872392496701, 184.61258791332703416795
2024/03/12 23:09:04, 0.00541674872392501763, 184.6125879133253090097
2024/03/13 03:47:18, 0.00542721119348410402, 184.25669544619849357676
2024/03/13 08:30:55, 0.00543718482057062373, 183.9187066469908266368
2024/03/13 08:43:18, 0.00543660298075735879, 183.93839011961337715897
2024/03/13 09:06:43, 0.00505151397626069265, 197.96045397467849448033
2024/03/13 09:06:59, 0.00531144135970640352, 188.27281189362057362172
2024/03/13 11:26:47, 0.00533780649625556638, 187.34287215197721181291
2024/03/13 12:07:21, 0.00536255772632420489, 186.47817907695617098786
2024/03/13 12:47:20, 0.00534398734404037594, 187.12619166570477626139
2024/03/13 13:14:13, 0.005344974237990146, 187.09164075896966003394
2024/03/13 15:32:01, 0.00536967619668263304, 186.23096875334800686351
2024/03/13 16:20:48, 0.00537354622563459138, 186.09684517637224676317
2024/03/13 17:46:23, 0.00537240870264474864, 186.13624825447781201382
2024/03/13 17:53:51, 0.00542149884405141337, 184.45083707750335201902
2024/03/13 17:54:59, 0.00542149884405153234, 184.4508370774993043509
2024/03/13 18:11:54, 0.00539478079628296317, 185.36434338333192159805
2024/03/13 19:01:42, 0.00541948017608667451, 184.5195420056107717506
2024/03/13 19:33:26, 0.0054392802290635676, 183.84785447470153359881
2024/03/13 20:06:36, 0.005538821776355595, 180.54381245283085688061
2024/03/13 20:07:21, 0.0054161417467291265, 184.6332771116841785998
2024/03/13 20:59:21, 0.005470257455865216, 182.80675234541272117474
2024/03/13 21:34:00, 0.00547025745586523372, 182.80675234541212893173
2024/03/13 21:35:30, 0.00548643635517369777, 182.26767527468028226008
2024/03/13 21:50:36, 0.00548643635517382079, 182.26767527467619513527
2024/03/13 22:28:16, 0.00543249698087680678, 184.07741477264469183708
2024/03/13 22:33:04, 0.0053793495541906685, 185.89608091576260354296
2024/03/13 22:39:12, 0.00532684316835996557, 187.72844786190337901665
2024/03/13 23:13:08, 0.0053582665492194224, 186.62752045167989297106
2024/03/13 23:30:22, 0.00540556392943819693, 184.9945746740859506785
2024/03/13 23:58:52, 0.00545461400728093803, 183.33102922868201812564
2024/03/14 00:15:44, 0.00545730458627527416, 183.24064273687922497767
2024/03/14 00:54:15, 0.00544373655497351815, 183.69735381231442506943
2024/03/14 02:44:32, 0.00541730791405130869, 184.59353167026362013999
2024/03/14 04:04:58, 0.0054575553879111205, 183.23222192395376338296
2024/03/14 04:32:30, 0.00547715090711130269, 182.57667480033131840806
2024/03/14 04:49:38, 0.00548331025093484118, 182.37158837209904902137
2024/03/14 06:01:17, 0.00542876753522017293, 184.20387196768102063902
2024/03/14 06:07:53, 0.00542572874284312204, 184.30703918235186133332
2024/03/14 06:15:09, 0.00542567506804688942, 184.30886248408819467439
2024/03/14 07:54:51, 0.00542785763398578942, 184.23475106248854909429
2024/03/14 08:18:06, 0.00543030912785218524, 184.15157893516155683718
2024/03/14 11:10:42, 0.00543030912785229395, 184.15157893515787018257
2024/03/14 11:16:39, 0.005430456433700763, 184.14658366359770923336
2024/03/14 11:55:37, 0.00543231966876526683, 184.08342310004262107188
2024/03/14 12:14:29, 0.00543279849477291568, 184.06719869366308496808
2024/03/14 12:26:12, 0.00539314383090748892, 185.42060648728013864304
2024/03/14 13:40:52, 0.0053746511429926968, 186.05858750549213528689
2024/03/14 14:10:07, 0.00540104058714401248, 185.14950663031115640265
2024/03/14 16:21:59, 0.00539885489952569271, 185.22446307787477563202
2024/03/14 17:00:40, 0.00542563277357622391, 184.31029922817004468346
2024/03/14 17:55:05, 0.0055901908574365591, 178.88476896450017319878
2024/03/14 17:55:24, 0.00549704358728748462, 181.9159670322806840912
2024/03/14 17:55:24, 0.00554647751217111797, 180.29461001250127364051
2024/03/14 18:05:23, 0.00551364845170576772, 181.3681102012639438212
2024/03/14 18:43:40, 0.00551265154474182156, 181.40090877934019745398
2024/03/14 19:14:15, 0.00556215488216525359, 179.7864355065777626398
2024/03/14 19:22:47, 0.00556437283308820613, 179.71477289472059639658
2024/03/14 20:04:15, 0.0055617914221917692, 179.79818445006049452245
2024/03/14 20:15:11, 0.00556318064465774138, 179.75328573237839053139
2024/03/14 20:38:04, 0.00557062586046248596, 179.51304306711737009779
2024/03/14 20:47:02, 0.00556564690485416673, 179.67363310953740663077
2024/03/14 20:57:15, 0.00556564690485521504, 179.67363310950356459602
2024/03/14 21:22:13, 0.00553606516598809323, 180.63371185435044498427
2024/03/14 21:40:54, 0.00552512294054615021, 180.99144774888058553578
2024/03/14 23:16:26, 0.00554990420936428699, 180.18329006700907747208
2024/03/14 23:24:40, 0.00538269948734582468, 185.78038813998396215857
2024/03/14 23:54:25, 0.00541352754454162779, 184.72243685326471012575
2024/03/15 00:54:58, 0.00543805680683329593, 183.88921549025206438337
2024/03/15 03:02:32, 0.00542925374817763191, 184.18737572095560959226
2024/03/15 03:06:02, 0.0054292537481776542, 184.18737572095485326852
2024/03/15 03:41:01, 0.00543415836902277397, 184.02113668612684275522
2024/03/15 04:19:51, 0.00543415836903951357, 184.02113668555997656758
2024/03/15 04:35:09, 0.00542207121223919293, 184.43136595895474972159
2024/03/15 05:45:14, 0.00552025433963384334, 181.15107356925327336502
2024/03/15 07:20:23, 0.00538048151245124351, 185.8569716643110077178
2024/03/15 07:24:56, 0.00540669261401676277, 184.95595577368616149891
2024/03/15 07:40:25, 0.00539597857100737142, 185.32319705141280938249
2024/03/15 08:41:46, 0.00539597857100743865, 185.32319705141050026559
2024/03/15 08:45:08, 0.00538815533895701187, 185.59227362468182642773
2024/03/15 08:50:49, 0.00541437800254960014, 184.69342176130030545758
2024/03/15 16:14:43, 0.00541437800256094054, 184.69342176091346579522
2024/03/15 18:15:53, 0.00534130133531558761, 187.22029281295278124747
2024/03/15 18:37:12, 0.00531729894102887835, 188.06540897745793693095
2024/03/15 18:38:56, 0.00531729894102900481, 188.06540897745346425961
2024/03/15 19:07:07, 0.00531729894103160763, 188.06540897736140624108
2024/03/15 19:08:32, 0.00528004802284770128, 189.392216826972634673
2024/03/15 19:19:03, 0.00528004802284776238, 189.392216826970443106
2024/03/15 19:20:12, 0.00530562390676922003, 188.47924722371340812809
2024/03/15 20:06:54, 0.00529816272886852438, 188.74467455505278482594
2024/03/15 20:39:43, 0.00529732509752423453, 188.77451951502116373921
2024/03/15 21:06:22, 0.00530094051033213665, 188.64576918961571697212
2024/03/15 22:11:38, 0.00530455715462152093, 188.51715060299879000268
2024/03/15 22:24:18, 0.00541119402746560349, 184.80209634404142540798
2024/03/15 23:16:46, 0.00538302570544439404, 185.76912961582175954694
2024/03/16 00:40:07, 0.00538209568627484716, 185.80123028101307881031
2024/03/16 00:55:27, 0.00538552545521637376, 185.68290286909860921387
2024/03/16 01:38:25, 0.00538552545521680493, 185.6829028690837429887
2024/03/16 01:43:35, 0.00538982807145105514, 185.5346750848731537432
2024/03/16 01:53:30, 0.0053898280714709954, 185.53467508418674790608
2024/03/16 02:10:28, 0.00537124313337328666, 186.176640149963351982
2024/03/16 02:57:53, 0.00537040851312898444, 186.20557403693032216284
2024/03/16 03:18:28, 0.00539666159232414742, 185.29974186677435935562
2024/03/16 03:58:33, 0.00538811109424549583, 185.59379762380925710677
2024/03/16 04:16:02, 0.00538397553228475394, 185.73635671327765625217
2024/03/16 06:01:14, 0.0053776313979335365, 185.95547481820159720503
2024/03/16 06:43:08, 0.00537481262086010526, 186.0529976652422980377
2024/03/16 08:11:34, 0.00523214595245941033, 191.12616679394089346239
2024/03/16 08:11:34, 0.00523659617595567856, 190.96374178929312738583
2024/03/16 08:12:17, 0.00536860645688550906, 186.26807683350480455086
2024/03/16 08:51:15, 0.00539482959896900585, 185.36266654114669815729
2024/03/16 12:37:22, 0.00539517113083679491, 185.35093248189502445762
2024/03/16 12:43:53, 0.00537727051809286427, 185.9679546779926801334
2024/03/16 16:33:52, 0.00537677640194621833, 185.98504480082759187959
2024/03/16 17:26:37, 0.00542544393911869377, 184.31671421204279716755
2024/03/16 17:29:02, 0.00547433040971417095, 182.67074238440288162938
2024/03/16 20:06:59, 0.00546865384131789674, 182.86035814602025168254
2024/03/16 21:24:08, 0.00546798862021886073, 182.88260445574485836576
2024/03/16 22:03:24, 0.0054814412945470935, 182.43376992740837882297
2024/03/16 22:54:59, 0.00546798805419189477, 182.88262338711133187978
2024/03/17 02:03:30, 0.00546798805419197492, 182.88262338710865139646
2024/03/17 04:30:21, 0.00546751731657152298, 182.89836905849305208804
2024/03/17 05:12:46, 0.00546704663976839724, 182.91411540662536106979
2024/03/17 08:06:35, 0.00546704663976852761, 182.91411540662099929399
2024/03/17 08:29:16, 0.00543272797979801727, 184.06958782375459157491
2024/03/17 08:45:49, 0.00543272797979808375, 184.06958782375233894859
2024/03/17 09:25:24, 0.00541972114398636291, 184.51133802512777354388
2024/03/17 13:41:49, 0.00541117955958069844, 184.80259044988852950339
2024/03/17 16:29:01, 0.00541257409645226886, 184.75497650100734589531
2024/03/17 16:35:54, 0.00541257409645233922, 184.75497650100494398016
2024/03/17 16:38:24, 0.00541257409645238494, 184.75497650100338331475
2024/03/17 16:47:22, 0.0054125740964524165, 184.75497650100230612787
2024/03/17 17:22:30, 0.00541224551366456859, 184.76619315868980467253
2024/03/17 17:31:44, 0.00546032939062625279, 183.13913474097367706271
2024/03/17 18:35:07, 0.00546149805782746523, 183.09994609753482168561
2024/03/17 18:47:24, 0.00536112581634242356, 186.52798577337630274704
2024/03/17 18:51:06, 0.00531365841781150629, 188.19425739674511256248
2024/03/17 19:32:52, 0.00531365841781154846, 188.19425739674361900278
2024/03/17 20:14:24, 0.00531365841781157357, 188.19425739674272994006
2024/03/17 21:15:52, 0.00531507808617097692, 188.1439903210166534422
2024/03/17 22:25:23, 0.00536250886183499078, 186.47987831162504470377
2024/03/18 00:18:09, 0.00533691681424411229, 187.37410283986856211174
2024/03/18 00:29:17, 0.00538444422809416686, 185.7201890554174595826
2024/03/18 01:53:43, 0.00538418776303577186, 185.72903546665486659088
2024/03/18 04:04:35, 0.00537727728283108283, 185.96772072603813717855
2024/03/18 04:28:08, 0.00537727728283111183, 185.96772072603713399354
2024/03/18 05:18:25, 0.00537727728283976522, 185.96772072573786518814
2024/03/18 05:33:20, 0.00538204019012038795, 185.8031461444050532463
2024/03/18 06:00:00, 0.00538190952940407389, 185.80765702888499388532
2024/03/18 06:23:56, 0.00538429171428868784, 185.72544970886830380364
2024/03/18 11:35:37, 0.00540815198109564027, 184.90604618648484975314
2024/03/18 13:08:12, 0.00540985853294988615, 184.84771716474446857756
2024/03/18 14:07:05, 0.0053859840275369745, 185.66709349439025089291
2024/03/18 14:16:27, 0.00539311904305502379, 185.42145871742764882538
2024/03/18 14:17:40, 0.00542079858452837801, 184.47466446256134186176
2024/03/18 15:29:23, 0.00541093533681579516, 184.81093152158714621132
2024/03/18 15:35:51, 0.0054082072311946746, 184.90415719131008594616
2024/03/18 15:42:52, 0.00540455086560573902, 185.02925124896952228982
2024/03/18 17:26:55, 0.00541694243090765536, 184.6059862652890309313
2024/03/18 17:28:31, 0.00540773179293131176, 184.92041363943839696303
2024/03/18 17:32:41, 0.0054125035958146432, 184.75738302941277834777
2024/03/18 17:56:13, 0.00539963213842013826, 185.19780132514488671504
2024/03/18 18:19:13, 0.00538531516475550738, 185.69015357625775507476
2024/03/18 19:18:59, 0.00538531516475949945, 185.69015357612010509894
2024/03/18 19:27:51, 0.00539967744859920915, 185.19624727944096137663
2024/03/18 20:22:19, 0.0053990888861529039, 185.21643578876980261589
2024/03/18 20:30:21, 0.00536966527909871301, 186.23134739747649414395
2024/03/18 20:47:45, 0.00536966527911216039, 186.23134739701011055488
2024/03/18 20:52:04, 0.00529821767902246576, 188.74271700072966216213
2024/03/18 22:10:50, 0.00524009764067722235, 190.83613866988201785268
2024/03/18 22:10:57, 0.00526642157147144829, 189.88225428383206336329
2024/03/18 22:14:17, 0.00526404831435045919, 189.96786128916673504889
2024/03/18 22:47:04, 0.00528912049838177795, 189.06735066935097369273
2024/03/19 01:10:24, 0.00528912049838177899, 189.06735066935093628223
2024/03/19 03:47:20, 0.00530399341026920173, 188.53718748290176763206
2024/03/19 05:36:38, 0.00529697291507055168, 188.78707065971107678847
2024/03/19 05:55:26, 0.00532073896405306329, 187.94381884847284567219
2024/03/19 05:55:26, 0.00532073896405314199, 187.94381884847006577285
2024/03/19 07:27:00, 0.00534105380688602123, 187.22896944246046366815
2024/03/19 10:20:06, 0.00534105380688603554, 187.22896944245996204946
2024/03/19 12:35:25, 0.00533896512987277365, 187.30221600526351031357
2024/03/19 12:48:35, 0.00530064143677855305, 188.6564129883395066927
2024/03/19 13:29:24, 0.00525059757253521804, 190.45451230747365855092
2024/03/19 15:41:59, 0.00529780245191589839, 188.75751013297217032258
2024/03/19 15:45:28, 0.00534521825896089522, 187.0830996140462455094
2024/03/19 20:08:09, 0.0053325403203662379, 187.5278835081213567948
2024/03/19 22:05:52, 0.00535290791871244012, 186.8143474884459920043
2024/03/19 23:45:27, 0.00540056859858195459, 185.16568797266520310044
2024/03/19 23:59:08, 0.00539807806352926712, 185.25111868171082305151
2024/03/20 00:38:04, 0.00541112303658163727, 184.80452084337170896841
2024/03/20 01:30:24, 0.00539670854346336275, 185.2981297667495232374
2024/03/20 03:29:51, 0.00539536809541866744, 185.34416601698098445693
2024/03/20 04:30:25, 0.00539775547317132723, 185.26218999181023872952
2024/03/20 04:30:54, 0.00539775547317132723, 185.26218999181023872952
2024/03/20 04:32:29, 0.00539775547318711816, 185.26218999126826140644
2024/03/20 04:33:22, 0.00539531604370281247, 185.34595413871226894873
2024/03/20 05:01:02, 0.0053294597564266437, 187.63627941727648616494
2024/03/20 06:07:31, 0.0053240313384844712, 187.8275946220591048132
2024/03/20 11:28:56, 0.00533163876735542323, 187.55959351987676831541
2024/03/20 12:08:50, 0.00533417839487495185, 187.47029551182508076251
2024/03/20 12:29:23, 0.00533410459747332459, 187.4728891656311235912
2024/03/20 13:54:08, 0.00534835819464148637, 186.9732661140569821108
2024/03/20 17:07:15, 0.0055499050930595834, 180.18326137694622884684
2024/03/20 17:21:43, 0.00551779144594369671, 181.23193125306170810174
2024/03/20 17:53:21, 0.00573230959965856014, 174.44975408508362828988
2024/03/20 17:56:01, 0.00567629735583576534, 176.17117943476064325543
2024/03/20 18:02:38, 0.00588851574699940359, 169.82208131303164597112
2024/03/20 18:06:06, 0.00588851574699951043, 169.82208131302856470607
2024/03/20 18:10:28, 0.0058918098913419729, 169.72713282373589736913
2024/03/20 18:12:02, 0.00583673848493334369, 171.32856004793576585532
2024/03/20 18:14:35, 0.005820081575391925, 171.81889756118407657279
2024/03/20 18:18:40, 0.00578126352423829652, 172.97256833345160613019
2024/03/20 18:19:51, 0.00574200762736476734, 174.15511523082724421525
2024/03/20 18:29:33, 0.00573884786204529719, 174.25100369250857109488
2024/03/20 19:24:01, 0.00574163904129970768, 174.16629516536705328077
2024/03/20 19:24:39, 0.00575792092028376884, 173.67379890148209752653
2024/03/20 20:09:13, 0.0057579209203053082, 173.6737989008324145146
2024/03/20 20:36:56, 0.00575691230016229954, 173.70422682516943738119
2024/03/20 21:21:43, 0.00574757870930832543, 173.98630807447296428075
2024/03/20 21:50:41, 0.00575026083607271399, 173.90515465433656418112
2024/03/20 21:53:40, 0.0057502608360724604, 173.90515465434423334876
2024/03/20 22:07:23, 0.00578053489339815929, 172.99437135862310658534
2024/03/20 22:19:51, 0.0057957545415222835, 172.54008823799240308159
2024/03/20 22:32:29, 0.00580276131197350626, 172.33174797946362826065
2024/03/20 22:52:38, 0.00578760767927686738, 172.7829623940482774575
2024/03/20 23:05:41, 0.00578910104687716249, 172.73839096994755809332
2024/03/20 23:29:50, 0.00578019857640978992, 173.00443692042190597766
2024/03/20 23:41:56, 0.0058049414349686886, 172.26702649850143104727
2024/03/20 23:45:37, 0.00580494143496869032, 172.26702649850137978354
2024/03/21 02:05:18, 0.00580494143498141453, 172.26702649812377718692
2024/03/21 02:06:47, 0.00565811224400845906, 176.73739170850301129634
2024/03/21 02:07:52, 0.0057028508971772291, 175.35089344436050372268
2024/03/21 02:29:00, 0.00566467810494798158, 176.5325375022669435615
2024/03/21 02:34:33, 0.00564541118863385523, 177.13501578296763094578
2024/03/21 03:05:24, 0.00564972346696033498, 176.99981350379616744284
2024/03/21 03:14:57, 0.0056497234669604116, 176.99981350379376700081
2024/03/21 04:32:37, 0.00565511568252910723, 176.83104221711965627349
2024/03/21 04:57:56, 0.00566866477552863629, 176.40838532505110530778
2024/03/21 11:49:16, 0.00565807990661919246, 176.7384018083828230497
2024/03/21 12:14:10, 0.00566370776250752986, 176.56278217950700766527
2024/03/21 12:29:20, 0.00566370776250756891, 176.56278217950579030115
2024/03/21 12:31:38, 0.00565777973682891181, 176.74777854828311026805
2024/03/21 12:37:30, 0.00565134741945520524, 176.94895142305741704649
2024/03/21 13:01:34, 0.0056374497520903094, 177.38517307922968288646
2024/03/21 13:34:43, 0.0056281150249943236, 177.67938209489749714803
2024/03/21 14:13:02, 0.00562651612432988358, 177.72987367366688329274
2024/03/21 14:25:25, 0.0056241421482677908, 177.80489426427375648648
2024/03/21 15:05:31, 0.00562242950622918668, 177.85905521662525828897
2024/03/21 15:41:25, 0.00562242950622924769, 177.85905521662332840621
2024/03/21 16:38:42, 0.00562242950624002758, 177.85905521628231882378
2024/03/21 16:40:18, 0.00557651662340308335, 179.32341415486491916756
2024/03/21 18:31:29, 0.00560057587399680101, 178.55306713064114250988
2024/03/21 18:54:16, 0.00562208054874405929, 177.87009476827831876464
2024/03/21 19:43:26, 0.00563415623677207685, 177.48886576367296820234
2024/03/21 20:08:17, 0.0056293031178250093, 177.64188196466660349385
2024/03/21 20:25:38, 0.00562930311783120177, 177.64188196447119007167
2024/03/21 21:06:59, 0.00560513075802582779, 178.40796997788648501014
2024/03/21 21:35:57, 0.00566434372939816918, 176.54295850902554483918
2024/03/21 22:33:40, 0.00565561776151746949, 176.81534399377232847941
2024/03/21 22:56:38, 0.00569865206384377246, 175.48009402867358918248
2024/03/21 23:01:32, 0.00569891076044469145, 175.47212827771478286023
2024/03/21 23:21:39, 0.00567375218194896815, 176.2502076106704328228
2024/03/21 23:29:11, 0.00576012072487565184, 173.60747244088148324892
2024/03/22 02:19:38, 0.00575922022826919056, 173.63461725104553517459
2024/03/22 03:31:37, 0.00575890470463133176, 173.64413048818057776576
2024/03/22 03:34:28, 0.00569355326096189799, 175.63724341643462346621
2024/03/22 07:08:18, 0.00568668445410467543, 175.84939134053680855917
2024/03/22 07:32:48, 0.00568668445410478348, 175.84939134053346727911
2024/03/22 08:44:41, 0.00568604268566271276, 175.86923899137932878017
2024/03/22 08:52:12, 0.00568604268567092592, 175.8692389911252959026
2024/03/22 08:54:17, 0.00568458615555653145, 175.914300994897694374
2024/03/22 13:43:00, 0.00567239858556311085, 176.29226594638675455378
2024/03/22 14:37:35, 0.00561192927453177561, 178.19183939794639804225
2024/03/22 14:54:23, 0.00539784953279223456, 185.2589617263216902025
2024/03/22 14:55:10, 0.00555306122250140586, 180.080852692192127465
2024/03/22 15:15:58, 0.00581012691861258266, 172.1132797971292765128
2024/03/22 15:16:21, 0.00573114308288226327, 174.48526158538822240415
2024/03/22 15:16:46, 0.00568956493600497089, 175.76036326991423141092
2024/03/22 16:58:38, 0.00568664065384440645, 175.85074578678683678824
2024/03/22 17:29:59, 0.00568664065386325936, 175.85074578620383905142
2024/03/22 18:09:24, 0.00567173083067634427, 176.31302151917383879433
2024/03/22 18:33:32, 0.00567099911617442417, 176.33577073709471188135
2024/03/22 21:52:23, 0.00569551740704921791, 175.57667346645658014716
2024/03/22 21:59:59, 0.00568092300913081687, 176.02773323854644816136
2024/03/22 22:32:59, 0.00568092300913460579, 176.02773323842904543315
2024/03/22 22:33:18, 0.00567892296057376644, 176.08972809501990912238
2024/03/22 23:55:21, 0.00566655288868221159, 176.47413156547023176306
2024/03/23 03:24:50, 0.00561099894357536932, 178.22138447290327416957
2024/03/23 03:27:24, 0.00560305114929560892, 178.47418725165763041978
2024/03/23 04:48:30, 0.00559615599657540587, 178.69408940922210358852
2024/03/23 08:38:05, 0.00560692201704897136, 178.35097348586253935169
2024/03/23 09:39:21, 0.00560306660804143183, 178.47369484503645732416
2024/03/23 10:53:20, 0.00559987243511094552, 178.57549642203373654864
2024/03/23 13:49:49, 0.00559935492246765297, 178.59200101559143872507
2024/03/23 14:11:20, 0.00560150716932521483, 178.52338125641726716726
2024/03/23 17:55:38, 0.00560236818361505871, 178.49594443375670474559
2024/03/23 20:31:00, 0.00560344454440285762, 178.4616573030735719815
2024/03/23 21:28:46, 0.00560236730675909937, 178.49597237109533767406
2024/03/23 22:17:41, 0.00560236730675921564, 178.49597237109163341946
2024/03/23 23:19:55, 0.0055968245629902002, 178.67274357903631089075
2024/03/24 01:59:18, 0.00559461409436097889, 178.74333834891980460121
2024/03/24 02:26:40, 0.00562571391959578659, 177.75521725638175401698
2024/03/24 03:17:15, 0.00562571391959589281, 177.75521725637839776671
2024/03/24 03:40:44, 0.00562619978366341881, 177.73986677537860713202
2024/03/24 04:06:37, 0.00562619978366350514, 177.73986677537587985658
2024/03/24 05:52:31, 0.00562619978366353709, 177.73986677537487042445
2024/03/24 09:11:24, 0.00562619978366354748, 177.7398667753745422009
2024/03/24 09:16:36, 0.00562619978366338951, 177.73986677537953277604
2024/03/24 11:48:42, 0.00566932697926078949, 176.38778000601187781087
2024/03/24 11:58:28, 0.00564490938400329901, 177.15076221308844610708
2024/03/24 12:37:31, 0.00563064734101941078, 177.59947292649182028481
2024/03/24 13:39:25, 0.00557904592812981832, 179.24211646259297271085
2024/03/24 14:39:08, 0.00556651760448717185, 179.64552904564599589253
2024/03/24 14:51:52, 0.00560921794963798144, 178.27797189883483395153
2024/03/24 15:52:59, 0.00560921794964695382, 178.27797189854966434952
2024/03/24 16:00:34, 0.00560921794964704873, 178.27797189854664802316
2024/03/24 16:15:18, 0.00560921794964705814, 178.27797189854634876877
2024/03/24 17:13:54, 0.0056306025390707106, 177.60088606166163889235
2024/03/24 19:07:45, 0.00563108611010217197, 177.58563453789125689775
2024/03/24 19:58:01, 0.0056341974958312281, 177.48756601803631808674
2024/03/24 20:58:12, 0.00562877801991545337, 177.65845383524653948839
2024/03/24 21:23:08, 0.0056112558930235483, 178.2132233967971316489
2024/03/24 21:52:07, 0.00561125589302365124, 178.21322339679386210076
2024/03/24 21:53:14, 0.00561550640974900469, 178.07832936739481444068
2024/03/24 21:53:47, 0.00561550640974910481, 178.07832936739163956142
2024/03/24 22:02:38, 0.00561550640974910545, 178.07832936739161916081
2024/03/24 22:32:00, 0.00561720549343639329, 178.02446450792704110931
2024/03/24 23:57:01, 0.00564121597367004038, 177.26674615320992277631
2024/03/25 00:12:42, 0.00564109371919677261, 177.27058789982106386784
2024/03/25 00:24:41, 0.00563937021490888823, 177.32476533572576842591
2024/03/25 01:25:03, 0.00563567532985393738, 177.44102374079052928186
2024/03/25 01:41:35, 0.00564526333794047443, 177.13965498814509658381
2024/03/25 02:43:23, 0.00564414828558404817, 177.1746505232935192783
2024/03/25 02:51:06, 0.00568677370176686908, 175.84663157763812961794
2024/03/25 03:13:08, 0.00568565730673060878, 175.88115956552863704545
2024/03/25 04:00:24, 0.00568565730673061119, 175.88115956552856253961
2024/03/25 08:12:59, 0.00571829237025865932, 174.87738213615795493719
2024/03/25 09:09:24, 0.00573971299586643281, 174.22473923699140806349
2024/03/25 09:17:38, 0.00571618528737371087, 174.94184490640398138066
2024/03/25 11:06:09, 0.00574264037505335995, 174.13592610536892903707
2024/03/25 11:19:24, 0.00574156944605076438, 174.16840628616485232818
2024/03/25 11:25:52, 0.00565684522992657029, 176.77697715851785514582
2024/03/25 11:40:13, 0.00563268354307993722, 177.53527112819168074283
2024/03/25 13:46:22, 0.00564540214694669564, 177.1352994827565974001
2024/03/25 13:50:45, 0.0056694983247438665, 176.38244915526585922641
2024/03/25 15:15:09, 0.00552980270697965473, 180.83827814287320901001
2024/03/25 15:19:01, 0.00557608429247399307, 179.33731764953659229134
2024/03/25 16:54:21, 0.0058329493079855101, 171.43985781446193661092
2024/03/25 16:59:26, 0.00578914483868339334, 172.73708429575702165069
2024/03/25 17:03:38, 0.00580825013753911224, 172.16889361168049199765
2024/03/25 17:20:41, 0.00578712942010923264, 172.79724150028165440063
2024/03/25 17:28:46, 0.00578712942010934721, 172.79724150027823366075
2024/03/25 19:33:47, 0.00578712942010935664, 172.79724150027795213745
2024/03/25 20:30:57, 0.00585339469404759341, 170.84103366836261593732
2024/03/25 23:25:18, 0.00591222752862566668, 169.14098707436858307013
2024/03/25 23:45:18, 0.00591129370087564166, 169.16770686793479895226
2024/03/26 00:25:37, 0.00588231941992338207, 170.00096876973490198433
2024/03/26 02:47:05, 0.00588231941993705399, 170.00096876933977913975
2024/03/26 02:47:48, 0.00586475074077304025, 170.51023039185271980973
2024/03/26 03:36:56, 0.00586475074077305489, 170.51023039185229413196
2024/03/26 09:21:18, 0.00586938426374479992, 170.37562290426310948678
2024/03/26 09:31:44, 0.00584880373031550907, 170.97513373834067671667
2024/03/26 09:41:33, 0.00585217954961933571, 170.87650703831303071313
2024/03/26 09:45:00, 0.00585045533807074224, 170.92686675047108100186
2024/03/26 09:49:03, 0.00589325878694469483, 169.68540431574033980921
2024/03/26 11:27:29, 0.00589325878694474503, 169.68540431573889450034
2024/03/26 12:28:33, 0.00589432995695072178, 169.65456757655351510546
2024/03/26 13:08:46, 0.00589202724254463687, 169.72087175349209896501
2024/03/26 16:20:32, 0.00589631205706661442, 169.59753661638711984459
2024/03/26 17:37:27, 0.0058963120570666948, 169.59753661638480796574
2024/03/26 19:42:02, 0.00588625546858901152, 169.8872917317856426733
2024/03/26 20:47:39, 0.0059001182337919103, 169.48812894505610919703
2024/03/26 20:52:20, 0.00596313823147437642, 167.69693426220501914507
2024/03/26 21:53:35, 0.00597227510565140803, 167.44037779735332434815
2024/03/26 21:54:59, 0.00597227510565145034, 167.44037779735213812362
2024/03/26 22:47:42, 0.00604902381605462902, 165.31593037308169724258
2024/03/26 22:49:05, 0.0060336319768870913, 165.73765251687196539433
2024/03/26 22:55:46, 0.00599462988697819613, 166.81597010221512512571
2024/03/26 23:31:01, 0.00601840761365854333, 166.15690797189254407824
2024/03/26 23:38:31, 0.00603178698138769302, 165.78834814387570879542
2024/03/26 23:47:21, 0.00585144492391581489, 170.89795990607995409468
2024/03/27 00:01:59, 0.00589419207376628453, 169.65853631590557924807
2024/03/27 03:11:35, 0.00589209688590404936, 169.71886568809633017752
2024/03/27 03:12:30, 0.0058841318841011944, 169.94860409264106021723
2024/03/27 06:47:37, 0.00588654923015501631, 169.87881369908563797978
2024/03/27 06:50:44, 0.00588654923015511796, 169.87881369908270424723
2024/03/27 07:04:55, 0.00588841074300443019, 169.82510963387250272073
2024/03/27 08:08:08, 0.00588407171884144724, 169.9503418352107436858
2024/03/27 09:29:43, 0.00587588094224127296, 170.18724678559670149087
2024/03/27 09:32:10, 0.00586859681400791413, 170.39848394646445457121
2024/03/27 09:50:20, 0.00591919645313886349, 168.9418501171243598292
2024/03/27 11:07:06, 0.0059234861228303413, 168.81950582205182578511
2024/03/27 11:15:26, 0.00592969992261913493, 168.64259794757072313611
2024/03/27 11:40:02, 0.00593163179073605335, 168.58767288316635028383
2024/03/27 12:00:00, 0.00593163179074234752, 168.5876728829874585177
2024/03/27 12:03:05, 0.00578492333564971542, 172.86313784617997086034
2024/03/27 13:08:45, 0.00578492333565687671, 172.86313784596597944393
2024/03/27 13:12:02, 0.00577146472318106863, 173.26624140722949708226
2024/03/27 14:51:45, 0.00576849208546315428, 173.35552951871817387582
2024/03/27 15:25:26, 0.00576849208547513488, 173.35552951835813100706
2024/03/27 16:04:43, 0.00575670048124735054, 173.71061830601302464852
2024/03/27 16:30:33, 0.00575580594259781843, 173.73761554383837009634
2024/03/27 16:37:09, 0.00575486160725590683, 173.76612475600962988115
2024/03/27 17:02:20, 0.00575269646828178949, 173.83152500981494570992
2024/03/27 22:10:22, 0.00573001207526247871, 174.51970202945729277647
2024/03/27 22:19:08, 0.00572391302314440849, 174.70565956480136057012
2024/03/28 00:54:51, 0.00572350166128616274, 174.71821608160133572104
2024/03/28 03:16:45, 0.00572313043955572067, 174.72954890009963259863
2024/03/28 03:41:35, 0.0056797932042711481, 176.06274806766026779615
2024/03/28 04:22:44, 0.0056556666215313941, 176.8138164638191429094
2024/03/28 04:26:46, 0.00567986580727468721, 176.06049754189878044997
2024/03/28 04:30:04, 0.00567196822117926207, 176.30564224002112695096
2024/03/28 05:15:03, 0.00565098867587559329, 176.96018473175489945814
2024/03/28 06:02:44, 0.00565098867587566723, 176.96018473175258388359
2024/03/28 06:04:58, 0.00565093483594957324, 176.96187074009352701196
2024/03/28 07:24:24, 0.00565093483596349341, 176.96187073965760992712
2024/03/28 07:29:11, 0.00565093483598390011, 176.96187073901856371818
2024/03/28 08:22:42, 0.00567461543480098088, 176.22339548637128481714
2024/03/28 08:27:58, 0.00577866066883879889, 173.05047956743000962842
2024/03/28 08:37:03, 0.00575439960737968865, 173.78007580800560796408
2024/03/28 11:08:06, 0.00575439960737978623, 173.7800758080026610893
2024/03/28 15:01:59, 0.00575439960737980702, 173.78007580800203321406
2024/03/28 17:21:09, 0.00579645437340921122, 172.51925670068639116736
2024/03/28 17:46:40, 0.00578182944892440622, 172.95563780180856225868
2024/03/28 17:55:45, 0.00580288750310119568, 172.32800040765518008682
2024/03/28 18:54:15, 0.00580921236635013198, 172.14037582659241855234
2024/03/28 18:57:28, 0.00580314236673475487, 172.32043207009385352625
2024/03/28 19:01:02, 0.00580314236675426844, 172.32043206951441129053
2024/03/28 19:35:39, 0.00582424457631023288, 171.69608640190700467003
2024/03/28 21:30:13, 0.00582335840062281204, 171.72221443438022586161
2024/03/28 21:48:54, 0.00582335840063468816, 171.72221443403001672719
2024/03/28 21:58:23, 0.0058169457737700904, 171.91152176615152146518
2024/03/28 22:00:54, 0.00585204081271890968, 170.88055808267529782181
2024/03/28 22:45:56, 0.0058520408127353613, 170.88055808219490760229
2024/03/28 22:56:53, 0.00584246161811947153, 171.16073076092755349405
2024/03/28 22:59:05, 0.00584246161814049024, 171.16073076031178943564
2024/03/28 23:01:35, 0.00582466378361046998, 171.68372925040165137247
2024/03/28 23:15:21, 0.00583309053014814112, 171.43570716612953421654
2024/03/29 00:07:59, 0.00583561503515911291, 171.36154355197869319973
2024/03/29 01:35:26, 0.00583561503515912301, 171.36154355197839665906
2024/03/29 01:56:35, 0.00583521468330605683, 171.37330060210057764979
2024/03/29 02:07:16, 0.0058259539882827883, 171.64570849876416887009
2024/03/29 02:27:11, 0.00578347593708273525, 172.90639934855746003049
2024/03/29 02:52:14, 0.00570581152756518466, 175.25990740649744356271
2024/03/29 03:05:17, 0.00571564135805231178, 174.95849325661059255478
2024/03/29 03:22:47, 0.00571332774745878986, 175.02934265320002684629
2024/03/29 03:29:56, 0.00571332774747543631, 175.02934265269005850554
2024/03/29 03:31:53, 0.00553965844296531537, 180.51654452990273468807
2024/03/29 03:34:34, 0.00560038452981944806, 178.55916762062750798695
2024/03/29 03:49:53, 0.00539772074946690419, 185.26338178920484785425
2024/03/29 03:50:19, 0.00541914209513272074, 184.53105352195214989753
2024/03/29 03:51:02, 0.00544920315877083777, 183.51306986791942871602
2024/03/29 04:05:40, 0.00489415100578174138, 204.32553037669712803428
2024/03/29 04:06:16, 0.0048566470140111705, 205.90337265917262254015
2024/03/29 04:06:58, 0.00479964941969281974, 208.34855060393151846388
2024/03/29 04:07:16, 0.00489984079533892877, 204.08826363323272353939
2024/03/29 04:08:11, 0.00496119013904043047, 201.5645383414825520241
2024/03/29 04:09:27, 0.00500559758943475294, 199.77634680636063511409
2024/03/29 04:13:04, 0.00510810830604161655, 195.76718818143493856188
2024/03/29 04:13:04, 0.00504655279086371479, 198.15506573326671559918
2024/03/29 04:13:50, 0.00502914714858009932, 198.84087111715040744924
2024/03/29 04:14:16, 0.00503958104442386978, 198.42919305890854145606
2024/03/29 04:22:53, 0.00510287116705969776, 195.96810643687198219501
2024/03/29 04:25:14, 0.00509208717096365231, 196.38312668766723945689
2024/03/29 04:32:40, 0.00511288945629473085, 195.58412294027804331491
2024/03/29 05:17:08, 0.00511288945629474689, 195.58412294027742987974
2024/03/29 06:20:41, 0.00516695887945107518, 193.53744113911692395573
2024/03/29 06:24:13, 0.00517530242853805385, 193.22542282470730173533
2024/03/29 06:25:58, 0.00517885047086488722, 193.09304364468285079775
2024/03/29 08:10:03, 0.00514672629153505384, 194.29826716154002008798
2024/03/29 08:25:25, 0.00508846540665754039, 196.52290427122503920799
2024/03/29 08:37:41, 0.00517135243156732923, 193.37301281106474988885
2024/03/29 10:25:07, 0.00525423945647711807, 190.32250210204231996468
2024/03/29 10:25:07, 0.0052075469238233307, 192.02899457808623047687
2024/03/29 12:43:43, 0.00521400831725545006, 191.79102509111071874967
2024/03/29 13:48:09, 0.0050606173204696816, 197.60435074889023062831
2024/03/29 13:54:09, 0.00508129366682922765, 196.80027677361321963793
2024/03/29 13:59:55, 0.00508129366682925788, 196.80027677361204897967
2024/03/29 14:45:38, 0.00508332794341069774, 196.72152006172601109897
2024/03/29 15:33:01, 0.0050833279434107314, 196.7215200617247083599
2024/03/29 16:22:11, 0.00508318321945536029, 196.72712094512017262375
2024/03/29 16:53:03, 0.00508940991423370887, 196.4864329759073473911
2024/03/29 17:28:45, 0.00508940991424344619, 196.48643297553141961202
2024/03/29 17:45:17, 0.00508320183317121438, 196.72640056791496895921
2024/03/29 18:03:34, 0.00511171244416500759, 195.62915772805151650872
2024/03/29 19:05:31, 0.00511095036252922812, 195.65832752582935602371
2024/03/29 19:07:29, 0.00511043525919509683, 195.67804879256055431912
2024/03/29 19:50:23, 0.00505828353572572551, 197.69552120540180764405
2024/03/29 20:27:41, 0.00505759217380847504, 197.72254575579561188943
2024/03/30 01:26:05, 0.00507878159137341249, 196.89761845607902034126
2024/03/30 03:34:58, 0.00509989586874473868, 196.0824349627622289932
2024/03/30 03:38:00, 0.00511568360565413923, 195.47729630791555414214
2024/03/30 04:34:27, 0.00511504543112277357, 195.50168487565043507064
2024/03/30 07:02:28, 0.0051094786597442141, 195.7146837462397887218
2024/03/30 07:18:35, 0.00512812145713855908, 195.00318164421754629486
2024/03/30 07:50:42, 0.0051332259545898552, 194.80926981323579966025
2024/03/30 12:43:40, 0.00513322595458988945, 194.80926981323449970202
2024/03/30 15:52:17, 0.0051422083101178273, 194.46897902451685115449
2024/03/30 16:39:24, 0.00501202548952392226, 199.52013454244964241404
2024/03/30 16:41:16, 0.00504820206188467393, 198.09032755449260377017
2024/03/30 18:03:43, 0.00506875640911421218, 197.28705017307281993571
2024/03/30 18:22:30, 0.00510939030353056999, 195.71806822215238888263
2024/03/30 18:32:56, 0.00521216970530354414, 191.85868007760165999997
2024/03/30 18:34:14, 0.00518852155174413627, 192.73313024282363386917
2024/03/30 18:34:38, 0.00528536385168591242, 189.2017329480585237536
2024/03/30 18:37:04, 0.00536501953741907801, 186.39261106606608720974
2024/03/30 18:39:06, 0.00523819535491686126, 190.90544209301862474493
2024/03/30 18:39:30, 0.00522884927621353146, 191.24666770355818928829
2024/03/30 18:40:09, 0.00517542729053028386, 193.2207610818426065866
2024/03/30 18:42:10, 0.00517542729053033725, 193.22076108184061320906
2024/03/30 18:42:26, 0.00517542729053033725, 193.22076108184061320906
2024/03/30 18:44:01, 0.00517542729053515573, 193.22076108166071862502
2024/03/30 18:45:45, 0.00517338386664655885, 193.29708093905863303819
2024/03/30 18:57:02, 0.0051573978328531509, 193.89623069794962749694
2024/03/30 22:44:55, 0.00516350151058349132, 193.66702962133867350383
2024/03/30 23:56:04, 0.00516295768840272934, 193.68742886393307790912
2024/03/31 00:17:57, 0.00515759208394775459, 193.88892795774847222191
2024/03/31 04:13:00, 0.00515252280232313008, 194.07968452834942268487
2024/03/31 04:23:02, 0.00515252280233709513, 194.07968452782340214182
2024/03/31 06:06:22, 0.00515252280233715796, 194.07968452782103547259
2024/03/31 06:45:57, 0.00515211825931408179, 194.09492361557967075295
2024/03/31 06:50:05, 0.00517176573534141855, 193.35755932765275244514
2024/03/31 10:03:45, 0.00519226668996539288, 192.59411345965843056959
2024/03/31 10:27:21, 0.00525227923680017463, 190.39353296250601793186
2024/03/31 10:36:06, 0.00523152263368470674, 191.14893885026971893642
2024/03/31 10:43:33, 0.00522941419346641761, 191.22600792444225933948
2024/03/31 12:54:30, 0.00520297890804168506, 192.19758866491031162161
2024/03/31 14:31:47, 0.00519111508492844692, 192.63683883706149029933
2024/03/31 14:40:49, 0.00523334552762632702, 191.08235730300938661267
2024/03/31 17:01:23, 0.00523334552762639502, 191.08235730300690350117
2024/03/31 17:20:44, 0.00523127567252867717, 191.15796272243156779045
2024/03/31 17:58:31, 0.00521888229418628795, 191.61190914651906681363
2024/03/31 18:49:58, 0.00521855343541775605, 191.62398399777004878431
2024/03/31 19:35:01, 0.00519848615574245792, 192.36369397567012518246
2024/03/31 20:54:01, 0.00519541576408543157, 192.47737725106466687392
2024/03/31 21:16:17, 0.00519541576408545933, 192.47737725106363848943
2024/03/31 21:41:18, 0.00518749066786221994, 192.7714311266612689286
2024/03/31 22:35:28, 0.00515405456652341998, 194.0220048299824317329
2024/03/31 23:01:39, 0.0051553606474510031, 193.97285047253409791635
2024/04/01 01:45:32, 0.00513587299145183223, 194.70886481507701677577
2024/04/01 01:52:49, 0.00513587299146379589, 194.70886481462345602858
2024/04/01 01:55:25, 0.00511697555343594326, 195.42794167318635723585
2024/04/01 02:06:38, 0.00510947419778936893, 195.71485465816684996801
2024/04/01 02:10:45, 0.00511047755495475421, 195.67642930560792455683
2024/04/01 02:13:01, 0.00510924912049907061, 195.72347646699211364635
2024/04/01 02:14:19, 0.00510954315071758899, 195.71221349986232544756
2024/04/01 04:32:23, 0.00512937798102035411, 194.95541246915019567559
2024/04/01 04:44:18, 0.00508347198317739651, 196.71594597339659951483
2024/04/01 05:48:24, 0.00518449195342482279, 192.88293028199419712123
2024/04/01 06:33:24, 0.00518368578864670504, 192.9129273595628356782
2024/04/01 08:13:59, 0.00518014678761217919, 193.04472266913428635382
2024/04/01 09:21:02, 0.00515935273929020538, 193.82276237572667957868
2024/04/01 09:23:55, 0.00515935273930116894, 193.82276237531480853317
2024/04/01 09:29:21, 0.00511934315441169975, 195.33755988563285425998
2024/04/01 11:08:41, 0.00511833308938513032, 195.3761083025041741771
2024/04/01 11:10:01, 0.00511531074693447732, 195.49154479017404064706
2024/04/01 13:57:02, 0.00511338162167804983, 195.56529787656092949848
2024/04/01 15:36:00, 0.0052121029674607499, 191.86113671257408211367
2024/04/01 15:42:00, 0.00523197114455576634, 191.1325526022004680794
2024/04/01 18:30:09, 0.00528191633355032478, 189.32522532552763126377
2024/04/01 19:05:29, 0.00529887271372560551, 188.7193850514114385696
2024/04/01 19:08:08, 0.00529887271372566604, 188.7193850514092828359
2024/04/01 20:30:18, 0.00529486149627033988, 188.86235281213538535725
2024/04/01 22:06:28, 0.00536576343075753711, 186.36677015386424817743
2024/04/01 22:10:35, 0.00536576343075762098, 186.36677015386133514903
2024/04/01 22:35:43, 0.00534460406947078006, 187.10459876946871470443
2024/04/01 23:22:17, 0.00534059795425668492, 187.24495057767028564738
2024/04/01 23:42:21, 0.00534947970189601095, 186.93406755905082899624
2024/04/01 23:54:42, 0.00534562933288457981, 187.06871309769346970049
2024/04/01 23:59:26, 0.00535352755760266425, 186.79272484174992786608
2024/04/02 04:44:35, 0.00530709757592943575, 188.426910508587981457
2024/04/02 04:51:30, 0.00530697171241480711, 188.43137936097544511909
2024/04/02 04:52:31, 0.00534636358174169487, 187.04302180552938175613
2024/04/02 05:07:08, 0.00534636358175522997, 187.04302180505585498414
2024/04/02 05:09:30, 0.00526602756785818072, 189.89646125356763034379
2024/04/02 05:12:01, 0.00528686211295036835, 189.14811444589452117309
2024/04/02 05:32:37, 0.00528686211296446184, 189.14811444539029854395
2024/04/02 06:00:04, 0.00528356649887659044, 189.26609520531696550291
2024/04/02 07:06:57, 0.00523009928514844057, 191.20095919395496162388
2024/04/02 08:51:14, 0.00522661869690341454, 191.32828660190275396789
2024/04/02 09:00:06, 0.00522274917360864712, 191.47004130566970844582
2024/04/02 10:35:21, 0.00522274917361826466, 191.47004130531712219743
2024/04/02 10:41:08, 0.00521542408804767299, 191.7389618021143805397
2024/04/02 10:47:30, 0.00523587114599614507, 190.99018522728486052723
2024/04/02 13:53:49, 0.00523089373582559843, 191.17192023060066294651
2024/04/02 15:32:44, 0.00523870275472676614, 190.88695175494009860055
2024/04/02 15:34:17, 0.00523793153019475594, 190.91505763971262876961
2024/04/02 15:43:39, 0.00523729935663584664, 190.93810223640625694173
2024/04/02 16:45:43, 0.00523729935663583823, 190.93810223640656354494
2024/04/02 16:52:33, 0.00523729935663954804, 190.93810223627131364152
2024/04/02 19:11:02, 0.00523729935663963767, 190.9381022362680459595
2024/04/02 20:22:05, 0.00523640469911948187, 190.97072465925966052742
2024/04/02 20:22:32, 0.00523524536017798231, 191.0130149021330802053
2024/04/02 20:32:38, 0.00521387871672836463, 191.79579240912721098606
2024/04/02 20:39:20, 0.00522173118644188842, 191.50736878154093289858
2024/04/02 20:55:18, 0.00522173118645870762, 191.5073687809240878433
2024/04/02 22:05:52, 0.00522557468108194826, 191.36651201642597827925
2024/04/02 22:16:13, 0.00517540309750797601, 193.22166431471067882322
2024/04/02 22:57:42, 0.0051468963268219566, 194.29184823263536086323
2024/04/02 23:32:38, 0.00517813993911072929, 193.11953940196825759457
2024/04/03 01:09:24, 0.00517813993911078541, 193.11953940196616463154
2024/04/03 01:57:41, 0.00517813993911634797, 193.11953940175870804797
2024/04/03 01:59:34, 0.00517580523901417399, 193.20665168430258448182
2024/04/03 03:05:40, 0.00517580523901830756, 193.2066516841482834091
2024/04/03 03:09:08, 0.00517572916033925307, 193.20949165246758925714
2024/04/03 03:58:28, 0.00518042378659762076, 193.03440050351097577018
2024/04/03 04:07:15, 0.00518101076411652828, 193.01253086095857822966
2024/04/03 04:39:51, 0.00519731777979589181, 192.40693803396255523812
2024/04/03 05:02:34, 0.00523658605700434334, 190.96411079932923145808
2024/04/03 06:02:11, 0.00539025015515101003, 185.52014678657981458884
2024/04/03 06:02:46, 0.00525096670931206992, 190.44112357951135769798
2024/04/03 06:52:45, 0.00522796187144865204, 191.27913029765519269246
2024/04/03 07:19:47, 0.00519710839946508419, 192.41468969608670449308
2024/04/03 09:57:10, 0.00519710839948057249, 192.41468969551327474858
2024/04/03 10:45:58, 0.00519710839949158361, 192.414689695105605685
2024/04/03 10:48:18, 0.00519508511886110325, 192.48962762312272005175
2024/04/03 10:50:31, 0.00519427829039393106, 192.51952708220424958618
2024/04/03 11:08:57, 0.00520440466306288823, 192.14493582662373872887
2024/04/03 14:27:37, 0.00520237728155035188, 192.21981526529956869142
2024/04/03 15:16:54, 0.00516351422522742555, 193.66655273540091364442
2024/04/03 15:30:44, 0.00516351422522739124, 193.66655273540220030738
2024/04/03 15:34:20, 0.00516954617750961584, 193.44057788874251847007
2024/04/03 15:37:11, 0.00516954617750962347, 193.44057788874223287991
2024/04/03 15:52:50, 0.00518971735100426974, 192.68872124731196559759
2024/04/03 17:20:27, 0.00507078453259095756, 197.20814275834395817885
2024/04/03 17:20:27, 0.00516653251138922252, 193.5534128151864160971
2024/04/03 17:31:20, 0.0049718731780208632, 201.13143762811476832538
2024/04/03 17:32:12, 0.00506742164451054627, 197.33901580565797124389
2024/04/03 17:32:48, 0.00518669969977923686, 192.8008286353195495564
2024/04/03 20:39:10, 0.00514338913685842473, 194.42433255415682478839
2024/04/03 21:18:44, 0.00518214854457897258, 192.97015347931245486275
2024/04/03 22:42:02, 0.00528366489200063074, 189.26257066642912756011
2024/04/03 22:42:35, 0.00515805308476102529, 193.87159914162271717409
2024/04/03 22:50:11, 0.00526490836833694726, 189.93682891310698426301
2024/04/03 23:42:39, 0.0052443624195487758, 190.68094841661226363928
2024/04/04 04:42:25, 0.00522376116131903731, 191.43294823752868509584
2024/04/04 06:07:50, 0.00520723451859404075, 192.04051525415089986985
2024/04/04 06:42:22, 0.00525843220024245375, 190.17075088538602598678
2024/04/04 08:47:38, 0.00526876229981180858, 189.79789618440716801609
2024/04/04 09:48:53, 0.00528882748184426116, 189.07782555450099691848
2024/04/04 12:22:18, 0.00523636428737372812, 190.97219847963345472274
2024/04/04 13:24:02, 0.00523455147082907796, 191.03833548543067956996
2024/04/04 13:37:59, 0.00524235934743903377, 190.75380639225238477414
2024/04/04 16:37:59, 0.00539019763169998615, 185.52195454188110123262
2024/04/04 16:38:42, 0.00524279372384996382, 190.73800204095491151105
2024/04/04 16:57:36, 0.0052427937238589321, 190.7380020406286368202
2024/04/04 17:38:32, 0.00526589092594278094, 189.90138877989854861076
2024/04/04 18:52:15, 0.00528349715874929336, 189.26857911601857819143
2024/04/04 20:23:55, 0.00551305137000130849, 181.387752967693217021
2024/04/04 20:28:32, 0.005469212523914071, 182.84167887561712199909
2024/04/04 21:06:23, 0.00546921252392405644, 182.84167887528329807009
2024/04/04 21:10:02, 0.00556194939377116344, 179.79307778670221216401
2024/04/04 21:14:51, 0.00553492277752202889, 180.67099401298196665472
2024/04/04 21:44:41, 0.0055302635217566344, 180.82320961124104434889
2024/04/04 23:58:48, 0.00553026352175835759, 180.82320961118470133756
2024/04/05 01:59:36, 0.0055079138443947245, 181.5569430189393183972
2024/04/05 03:01:47, 0.00553837740531393481, 180.55829836379965235058
2024/04/05 03:20:28, 0.00553837740531394847, 180.5582983637992070353
2024/04/05 03:29:09, 0.00553837740531403957, 180.55829836379623699748
2024/04/05 03:48:40, 0.00552074976209858568, 181.13481738753416465378
2024/04/05 03:59:25, 0.00552074976210716222, 181.13481738725276994538
2024/04/05 04:02:21, 0.00540197693714044009, 185.11741379802230970135
2024/04/05 06:26:40, 0.00540197693714052514, 185.11741379801939533712
2024/04/05 07:10:39, 0.00539974309195914864, 185.19399589382639222296
2024/04/05 07:33:40, 0.00539078536048182792, 185.50172806557820156
2024/04/05 07:52:32, 0.00539010653255074896, 185.52509008143333855259
2024/04/05 10:11:03, 0.00539010653255078156, 185.5250900814322163922
2024/04/05 10:20:30, 0.00539739520805405799, 185.27455586498242391265
2024/04/05 14:19:10, 0.00541778425254352849, 184.57730197183883324617
2024/04/05 14:28:34, 0.00541259688873250077, 184.75419850344255070963
2024/04/05 14:33:44, 0.00541462434764987044, 184.68501890330281591426
2024/04/05 15:38:17, 0.00541221726440210617, 184.76715755247330111321
2024/04/05 15:53:49, 0.00541221726441697626, 184.76715755196565239159
2024/04/05 15:55:47, 0.0053998969591202424, 185.18871889046586225056
2024/04/05 16:59:56, 0.00539922505970508711, 185.21176445543859903186
2024/04/05 17:06:43, 0.00539892129921156421, 185.22218505871456196899
2024/04/05 17:59:15, 0.00539766596273157468, 185.26526222714495286621
2024/04/05 18:01:37, 0.00539649561049026077, 185.3054411933732697988
2024/04/05 18:18:50, 0.0053964956104903295, 185.30544119337090967259
2024/04/05 18:37:59, 0.00539452472022859391, 185.37314255881745764549
2024/04/05 18:58:19, 0.00539656793993859262, 185.30295757035886935796
2024/04/05 19:18:26, 0.00539455967765633138, 185.37194131745158535058
2024/04/05 19:21:08, 0.00475386451175421519, 210.35517472730659632482
2024/04/05 19:21:29, 0.00477192596406715308, 209.55899306276987921178
2024/04/05 19:21:29, 0.00512666589436363919, 195.05854693972165219273
2024/04/05 19:22:15, 0.00530654373607701026, 188.44657647903868692841
2024/04/05 19:22:15, 0.00523745139880533267, 190.93255934138136162606
2024/04/05 19:22:15, 0.00525740540589142102, 190.20789206771180839974
2024/04/05 19:23:05, 0.0051519306018164967, 194.10199346385107948986
2024/04/05 19:26:06, 0.00518117103878608375, 193.00656019923515203307
2024/04/05 19:35:48, 0.00519678874528623156, 192.42652511265809684634
2024/04/05 20:00:06, 0.00518602216672510057, 192.82601729245708463343
2024/04/05 20:35:39, 0.00520174093452599036, 192.24333018251805554187
2024/04/05 20:50:40, 0.00520287334917539918, 192.20148807936858679595
2024/04/05 20:55:29, 0.00518999586938546198, 192.67838070907909810631
2024/04/05 21:43:33, 0.00518807315284220955, 192.74978793469107350762
2024/04/06 00:32:50, 0.00514729980230158144, 194.27661850060813241156
2024/04/06 00:37:45, 0.00516284255331096505, 193.69174823251067207613
2024/04/06 02:00:20, 0.0052005143374872051, 192.28867283215336663619
2024/04/06 03:55:41, 0.00519071482514463179, 192.65169320338002576715
2024/04/06 03:59:51, 0.00518878849172336594, 192.72321498459602372919
2024/04/06 04:18:53, 0.00522655437512122506, 191.33064122705236968316
2024/04/06 06:55:54, 0.00522467633023647916, 191.3994163069500664549
2024/04/06 07:40:02, 0.00521730021081018616, 191.67001314741510879841
2024/04/06 08:13:17, 0.00528335660607891533, 189.27361421135603941447
2024/04/06 08:47:28, 0.0052780966930076829, 189.46223575721529133741
2024/04/06 09:07:59, 0.00527885673844107971, 189.43495714098769014246
2024/04/06 09:10:27, 0.00527809897290967266, 189.46215391802839779547
2024/04/06 09:24:09, 0.00529825866512933695, 188.74125693060868750902
2024/04/06 09:38:07, 0.00529801660680926943, 188.74988023154763434352
2024/04/06 09:41:38, 0.00529801660680934911, 188.74988023154479563163
2024/04/06 10:01:25, 0.00529921394741275376, 188.70723279406978437537
2024/04/06 10:04:29, 0.00529856293363005428, 188.73041851649732811591
2024/04/06 10:16:09, 0.00530831948908715441, 188.3835368341714263261
2024/04/06 10:16:35, 0.00540208209161725468, 185.11381038651040268565
2024/04/06 10:29:27, 0.00537186424828378296, 186.1551137148491008248
2024/04/06 11:54:43, 0.00537186424828381073, 186.15511371484813844212
2024/04/06 12:03:37, 0.00535586740068784693, 186.71111982189315010477
2024/04/06 14:44:37, 0.00535586740070560638, 186.71111982127403714779
2024/04/06 14:46:42, 0.00526321862008263197, 189.99780784030972033647
2024/04/06 16:00:57, 0.00535518048702348098, 186.73506941982089689401
2024/04/06 16:41:09, 0.00535518048702349009, 186.73506941982057926625
2024/04/06 17:29:41, 0.00528112897478826472, 189.35345165284337824297
2024/04/06 19:14:35, 0.00528211631698468708, 189.31805738251011956803
2024/04/06 19:35:42, 0.00528211631698471362, 189.31805738250916811979
2024/04/06 21:27:31, 0.00527718335298416237, 189.49502662902854661491
2024/04/06 21:28:14, 0.0052771833529733254, 189.49502662941768431814
2024/04/06 23:07:19, 0.00525099126005136628, 190.44023318184265906971
2024/04/07 00:18:09, 0.00524709259359663498, 190.58173305734387123473
2024/04/07 03:23:36, 0.00524709259359600674, 190.58173305736668992344
2024/04/07 04:27:17, 0.00525470698257931467, 190.30556857218745517531
2024/04/07 05:26:51, 0.0052449868613028798, 190.65824690199418750061
2024/04/07 05:34:18, 0.00524693852214247356, 190.58732931211698019548
2024/04/07 09:48:57, 0.00524582266374032303, 190.62786985006279042988
2024/04/07 11:45:40, 0.00524483828159531184, 190.66364801162792471846
2024/04/07 12:01:03, 0.00525597043434152321, 190.25982213792298048484
2024/04/07 13:42:54, 0.00525363915933537484, 190.34424894276667016567
2024/04/07 14:22:41, 0.00525514100106673654, 190.28985136593116375743
2024/04/07 14:24:42, 0.00545638720928937184, 183.27145080494348818456
2024/04/07 14:25:16, 0.0053146066638563541, 188.16067928428513130033
2024/04/07 15:07:34, 0.00531460666387412371, 188.16067928365600849981
2024/04/07 16:08:40, 0.0053146066638741551, 188.16067928365489709661
2024/04/07 16:25:27, 0.00528975951607178232, 189.04451080653435625207
2024/04/07 17:10:11, 0.00529177580281293854, 188.97248055528581277231
2024/04/07 17:59:41, 0.00529633664383054128, 188.80975044606614283051
2024/04/07 18:22:13, 0.00529835669069840045, 188.73776500467835796744
2024/04/07 18:43:32, 0.00530037789288940895, 188.66579330910071554251
2024/04/07 23:11:28, 0.00526890782687887148, 189.79265397253443047866
2024/04/08 01:28:31, 0.00526877997124704517, 189.79725960416491711559
2024/04/08 02:21:29, 0.00526104837071326701, 190.07618435266827415216
2024/04/08 04:13:27, 0.00526013942100091938, 190.10902943133704780681
2024/04/08 04:55:03, 0.0051400496261570296, 194.55065081689734444942
2024/04/08 05:28:51, 0.00516913283806847231, 193.45604598036712663626
2024/04/08 05:36:51, 0.00516988396217501668, 193.42793906331526375258
2024/04/08 06:57:09, 0.00516988396217508536, 193.4279390633126941557
2024/04/08 07:13:45, 0.00516869548403045486, 193.47241544596048866865
2024/04/08 07:54:49, 0.00508825120320994436, 196.5311774247988885996
2024/04/08 07:58:40, 0.00510706912231599212, 195.80702278541169957308
2024/04/08 08:33:57, 0.00510706912231555081, 195.80702278542861986737
2024/04/08 10:59:38, 0.00483453447260574321, 206.84514831083925617064
2024/04/08 11:00:05, 0.00488974607302856835, 204.50959723980691412211
2024/04/08 11:01:18, 0.00485817231500112259, 205.83872599829117588856
2024/04/08 11:01:18, 0.00492915793053660105, 202.87440858912333103183
2024/04/08 11:02:34, 0.00489504301071886026, 204.28829691797646976588
2024/04/08 11:04:10, 0.00493008676493424184, 202.83618680153961446993
2024/04/08 11:06:00, 0.00493008676493429902, 202.83618680153726195953
2024/04/08 11:53:26, 0.00487994639180692948, 204.92028389470145325956
2024/04/08 11:54:28, 0.00484403087031291632, 206.43964226747416805424
2024/04/08 11:55:41, 0.00485878814983782178, 205.81263664137699167065
2024/04/08 12:55:24, 0.00470094233137115016, 212.72330726684843285772
2024/04/08 12:57:44, 0.00472186236464009034, 211.78084467021985568821
2024/04/08 13:01:58, 0.00473606406055566956, 211.14579262736423177855
2024/04/08 13:19:36, 0.00473606406055571628, 211.14579262736214868579
2024/04/08 13:59:39, 0.00473567392795313897, 211.16318716483541750973
2024/04/08 15:22:38, 0.00473567392796710905, 211.16318716421249319828
2024/04/08 15:24:54, 0.00472068397154037524, 211.83371012097143178818
2024/04/08 15:31:54, 0.00477845653254856061, 209.27259528018686530959
2024/04/08 15:40:57, 0.00477790901152918386, 209.29657672152845242972
2024/04/08 15:41:39, 0.00477718489572997794, 209.32830146344899996864
2024/04/08 16:49:51, 0.00477718489573994897, 209.32830146301208628746
2024/04/08 16:59:50, 0.00478733363365232087, 208.88454336471356874787
2024/04/08 16:59:50, 0.0047974931240159187, 208.44219556961305002587
2024/04/08 17:24:13, 0.00479749312402937217, 208.44219556902852167158
2024/04/08 17:34:27, 0.00479447354035710109, 208.57347351749451615931
2024/04/08 17:45:06, 0.00481173741373839217, 207.82513965637790821095
2024/04/08 17:50:43, 0.00481028336739679909, 207.88796077541147627491
2024/04/08 18:15:57, 0.00486277952935106387, 205.64370520278340274537
2024/04/08 18:29:22, 0.00485906344257637722, 205.80097622059016640387
2024/04/08 19:19:44, 0.0048633460292417546, 205.61975109056968124934
2024/04/08 20:44:04, 0.00487048672651404923, 205.31828873615049268063
2024/04/08 21:48:08, 0.00485454500857425072, 205.99252828715531872393
2024/04/08 23:10:48, 0.00482513435902396138, 207.24811489027264373517
2024/04/08 23:12:16, 0.00487380606596415609, 205.17845529050117057081
2024/04/08 23:18:46, 0.00487588488916181334, 205.09097789055978346969
2024/04/08 23:21:15, 0.00488377080650923949, 204.75981359878095337551
2024/04/09 00:12:20, 0.00488022484955910879, 204.90859147408800163124
2024/04/09 00:24:10, 0.00487753973986032106, 205.02139466497451265723
2024/04/09 00:36:14, 0.00487753973986032502, 205.02139466497434593911
2024/04/09 00:37:21, 0.00487753973986032502, 205.02139466497434593911
2024/04/09 00:38:31, 0.00487753973987111574, 205.02139466452077157251
2024/04/09 00:39:20, 0.00487607896615704096, 205.08281488889111605405
2024/04/09 00:44:17, 0.00516992317509461828, 193.42647194785410309499
2024/04/09 00:44:39, 0.00509954822522762882, 196.09580218360675332637
2024/04/09 00:45:02, 0.00503058196910024794, 198.78415780567361599386
2024/04/09 00:46:40, 0.00502281355576750513, 199.09160252459264826293
2024/04/09 00:49:12, 0.00494524175447953021, 202.21458315848232599127
2024/04/09 01:03:32, 0.00492511702597689051, 203.04086069947775720916
2024/04/09 02:04:08, 0.00492497324273861943, 203.04678842152086907587
2024/04/09 04:05:18, 0.00493225019710665994, 202.74721679500700214414
2024/04/09 04:32:53, 0.00494684936754032294, 202.14886803743954169897
2024/04/09 06:02:37, 0.00496144087539412876, 201.55435187375111733161
2024/04/09 06:14:26, 0.00495580576496858808, 201.78353378349936347808
2024/04/09 06:16:28, 0.00494786987329790953, 202.10717452305770172867
2024/04/09 07:36:40, 0.0049478698732979735, 202.1071745230550888854
2024/04/09 08:46:50, 0.00494551263050538405, 202.20350744464878091491
2024/04/09 09:37:50, 0.00492708935698668538, 202.95958273660802418404
2024/04/09 12:41:38, 0.0048599164442881242, 205.76485449154239932567
2024/04/09 13:26:25, 0.00485876014966606703, 205.81382270304658298632
2024/04/09 13:59:31, 0.00486690661635113921, 205.46932144544185853362
2024/04/09 14:00:04, 0.00487396818448865424, 205.17163061968440890357
2024/04/09 14:03:35, 0.00487396818448868226, 205.17163061968322940553
2024/04/09 14:23:41, 0.00487396818448872359, 205.17163061968148971292
2024/04/09 15:22:20, 0.00487396818448873529, 205.1716306196809968215
2024/04/09 17:10:06, 0.00487446819170200006, 205.15058477606634908344
2024/04/09 18:57:23, 0.00487253248793464395, 205.23208464514052472403
2024/04/09 23:26:54, 0.00487674506298175103, 205.05480337505640077762
2024/04/09 23:47:00, 0.0048767450629841081, 205.05480337495729174765
2024/04/10 00:04:05, 0.00487674506298416087, 205.05480337495507270956
2024/04/10 01:07:46, 0.00503760424834724078, 198.50705825652826349565
2024/04/10 01:08:40, 0.00493270800041250806, 202.72839988022256741522
2024/04/10 01:08:59, 0.00498725927404016216, 200.51093096467457652061
2024/04/10 01:11:36, 0.00498725927404022596, 200.51093096467201152513
2024/04/10 03:40:19, 0.00499152736770572704, 200.33948055054608539551
2024/04/10 03:53:02, 0.00498867321089116619, 200.45410026393813089316
2024/04/10 04:58:07, 0.00498829454426875634, 200.46931694298976436513
2024/04/10 05:08:29, 0.00498775358865575324, 200.49105919635245198729
2024/04/10 08:39:08, 0.00497420855697292412, 201.03700690196919998544
2024/04/10 10:50:58, 0.00497398245280892838, 201.04614551570759487602
2024/04/10 16:29:02, 0.00497398245280895445, 201.04614551570654100343
2024/04/10 16:42:09, 0.00501428787260160498, 199.43011358882385478572
2024/04/10 17:45:21, 0.00504160356835669936, 198.34958985598068512606
2024/04/10 18:15:45, 0.00502128567094760694, 199.15218243523715090567
2024/04/10 19:00:39, 0.00502103820480860916, 199.16199781995440547001
2024/04/10 19:19:04, 0.00500756213549013161, 199.6979713766690410402
2024/04/10 19:34:30, 0.00500885601667936977, 199.64638565573139068039
2024/04/10 19:58:43, 0.00500549418148328813, 199.78047396384506304928
2024/04/10 20:29:35, 0.0050069060094145375, 199.72414064088472778866
2024/04/10 20:33:58, 0.00500690600942517457, 199.72414064046041771236
2024/04/10 22:42:05, 0.0050055706706351828, 199.77742115727732155354
2024/04/10 23:01:28, 0.00500557067064528698, 199.77742115687405339812
2024/04/11 00:57:09, 0.00500482970296387842, 199.80699830961208335843
2024/04/11 01:22:05, 0.00500482970296387925, 199.80699830961205022713
2024/04/11 01:30:17, 0.00500188748914081409, 199.92452892453451383569
2024/04/11 01:47:34, 0.0050010117181341942, 199.95953946156432275109
2024/04/11 02:19:27, 0.00498410278924955285, 200.63791664910027913034
2024/04/11 02:23:00, 0.00499494714556247238, 200.2023186348234572874
2024/04/11 07:22:34, 0.00497769918971943556, 200.89602884507857984868
2024/04/11 07:24:30, 0.0049670864236420454, 201.32526690903925059581
2024/04/11 08:54:48, 0.00495352044062447548, 201.87662733737160007004
2024/04/11 14:46:23, 0.00495687436908520144, 201.74003324287427781035
2024/04/11 15:59:46, 0.00493638780251980777, 202.57727715183645085105
2024/04/11 17:07:27, 0.0049491668138283304, 202.05421187379006914329
2024/04/11 17:25:00, 0.00494379734255840743, 202.27366348364545935198
2024/04/11 17:35:01, 0.00500768004265115223, 199.69326943471866543977
2024/04/11 17:36:01, 0.00497473479113201708, 201.01574093610058506153
2024/04/11 18:10:41, 0.00497762309219621325, 200.89910012828687961747
2024/04/11 19:20:50, 0.00493538337907960191, 202.6185046209094470871
2024/04/11 19:45:37, 0.00494345139618991677, 202.28781874354695320646
2024/04/11 19:49:49, 0.00494345139618951576, 202.28781874356336252028
2024/04/11 20:02:19, 0.00495691263859952407, 201.73847572236614607746
2024/04/11 20:03:16, 0.00497524926325877592, 200.99495464173034871831
2024/04/11 22:40:22, 0.00497524926325878064, 200.99495464173015782581
2024/04/11 23:21:20, 0.00497320441397892943, 201.07759841705891725215
2024/04/12 00:12:02, 0.00495981237777529803, 201.62052993797833724984
2024/04/12 00:25:32, 0.00496048270393582068, 201.59328430004704634014
2024/04/12 00:33:33, 0.00496048270393588383, 201.59328430004447986023
2024/04/12 00:35:29, 0.00502725075958194817, 198.91587824498278000154
2024/04/12 00:39:39, 0.00514705478328366159, 194.2858667927429678003
2024/04/12 00:39:49, 0.00504618653556185755, 198.16944794900591186693
2024/04/12 04:59:15, 0.00504618653556188852, 198.16944794900469575941
2024/04/12 07:27:05, 0.00494158972247537343, 202.36402780501847523758
2024/04/12 07:43:39, 0.00495867485323894262, 201.6667818715342597324
2024/04/12 07:47:48, 0.00493567312617163808, 202.60660996723083856071
2024/04/12 12:57:52, 0.00493889617918740901, 202.47439179102745716351
2024/04/12 13:17:54, 0.00491327662468388816, 203.53016457003136784295
2024/04/12 14:28:47, 0.00491327662469622012, 203.530164569520522329
2024/04/12 14:37:44, 0.00491319830050775582, 203.53340916377316310093
2024/04/12 15:05:01, 0.00483310257440663224, 206.90643010463555187452
2024/04/12 15:05:56, 0.00484561461938309663, 206.37216917743897830055
2024/04/12 15:26:01, 0.00484444464321165996, 206.42200987914327708539
2024/04/12 15:34:54, 0.00484373724962335749, 206.45215635463270805898
2024/04/12 16:36:36, 0.00484305079165314946, 206.48141905169971442182
2024/04/12 18:30:23, 0.00484429606508518133, 206.4283409941452780909
2024/04/12 18:47:25, 0.00484019819918704015, 206.60310979991687793191
2024/04/12 19:38:57, 0.00485273689731689644, 206.06928031744420761969
2024/04/12 20:16:54, 0.00485325312942642183, 206.04736108585876859066
2024/04/12 21:06:14, 0.0049063770709531686, 203.81637724507966293476
2024/04/12 22:34:27, 0.00492316940293774956, 203.12118437429368765367
2024/04/12 22:48:31, 0.00495684004209571272, 201.74143032810232007296
2024/04/12 22:49:28, 0.00495813921551370967, 201.68856833851338976487
2024/04/12 23:03:30, 0.0049453005619736304, 202.2121785052651879728
2024/04/12 23:40:57, 0.00495817787250970431, 201.68699585072071608961
2024/04/12 23:58:05, 0.00495882650605091102, 201.66061441749768124539
2024/04/13 00:01:28, 0.00495856919079152738, 201.67107920104908693136
2024/04/13 00:09:41, 0.00502372356451503705, 199.05553861750642729576
2024/04/13 00:09:51, 0.00499435288275506746, 200.22614009772642990879
2024/04/13 00:21:27, 0.00499406783622395156, 200.23756840998514718091
2024/04/13 01:00:46, 0.0049674900224519071, 201.30890962643730804911
2024/04/13 02:41:08, 0.00496151456437689599, 201.55135836542434067821
2024/04/13 05:17:41, 0.00496281150567583183, 201.49868655223502658588
2024/04/13 11:32:21, 0.00496281150568822222, 201.49868655173195556025
2024/04/13 14:59:22, 0.0049576621766001608, 201.70797532755139853362
2024/04/13 15:46:31, 0.00495766217660286551, 201.70797532744135459352
2024/04/13 15:47:25, 0.00493172096285607846, 202.76897406232730189744
2024/04/13 16:09:46, 0.00486988529911359542, 205.34364540002976015936
2024/04/13 16:31:21, 0.00480965353625615519, 207.91518400687176797064
2024/04/13 16:34:41, 0.0048353956707136782, 206.8083085850977358309
2024/04/13 16:59:00, 0.00484792133456415915, 206.27397414028019149472
2024/04/13 18:36:10, 0.00484792133456420847, 206.27397414027809339087
2024/04/13 19:39:04, 0.00486049135997432648, 205.74051591468770400025
2024/04/13 20:25:38, 0.00486307512021278985, 205.63120562205992957317
2024/04/13 21:12:20, 0.00479633001545713335, 208.49274273815602179947
2024/04/13 21:16:18, 0.00480869963594498613, 207.95642807985116728364
2024/04/13 22:35:26, 0.00482613719181617813, 207.20505038599591051763
2024/04/13 22:51:54, 0.00484788815617953642, 206.27538585545001500326
2024/04/13 23:11:19, 0.00482389153364792938, 207.30151020700474392858
2024/04/13 23:33:27, 0.00482600910244393523, 207.21054991247132889158
2024/04/13 23:37:08, 0.00482600910244397452, 207.21054991246964203502
2024/04/13 23:59:23, 0.00483848896345588545, 206.67609403530624014974
2024/04/14 00:07:54, 0.00482944217836573634, 207.06325142055970262807
2024/04/14 00:15:32, 0.00480483686039959078, 208.12361148861893369455
2024/04/14 00:20:20, 0.00481042462640070798, 207.88185610720763060709
2024/04/14 00:34:26, 0.00481042462640754557, 207.88185610691214485137
2024/04/14 00:38:26, 0.00476104954291995092, 210.037721931937755239
2024/04/14 01:06:17, 0.00478675292294660643, 208.90988444509577740745
2024/04/14 01:38:50, 0.00480670440447666413, 208.04274942903967354259
2024/04/14 02:19:47, 0.00480863895229751829, 207.95905243046169507947
2024/04/14 04:45:40, 0.00481638103342610891, 207.62476910774123865281
2024/04/14 07:38:37, 0.00481715558311654781, 207.59138515369095106275
2024/04/14 09:37:57, 0.0048047344976050047, 208.12804547232853165209
2024/04/14 14:47:16, 0.00480473449760949534, 208.12804547213400931204
2024/04/14 14:57:06, 0.00476917433555150265, 209.67990046947213968672
2024/04/14 15:00:37, 0.00477290995338727286, 209.5157901083620590737
2024/04/14 15:21:05, 0.0047729099533872819, 209.51579010836166256121
2024/04/14 15:30:14, 0.00477304026210331369, 209.51007012024126536298
2024/04/14 16:48:56, 0.00478616468765444608, 208.93556015308566875802
2024/04/14 17:07:06, 0.00480400519299076059, 208.1596417628858445645
2024/04/14 17:41:58, 0.00482899570776268385, 207.08239570237861889397
2024/04/14 19:33:24, 0.00482851361578786794, 207.10307137382486820821
2024/04/14 21:14:09, 0.00482982236463111309, 207.04695214528390025299
2024/04/14 21:57:17, 0.00482729477657704154, 207.1553626375152092101
2024/04/14 21:57:29, 0.00482991211968283481, 207.04310455770091041196
2024/04/14 22:01:49, 0.00482860523647895746, 207.09914168282783203495
2024/04/14 22:36:57, 0.0048292390201652349, 207.07196223345857197653
2024/04/14 22:48:15, 0.00482012338025229103, 207.46356910632831188552
2024/04/14 22:51:37, 0.00480258149341433773, 208.22134957444771838075
2024/04/14 23:10:48, 0.00480258149341434656, 208.22134957444733549857
2024/04/15 01:09:02, 0.00480202003137177549, 208.24569524220282338718
2024/04/15 01:37:21, 0.00480202003138231537, 208.24569524174574806486
2024/04/15 02:29:36, 0.00484124508855634918, 206.55843315261658261281
2024/04/15 02:52:25, 0.00483607287144149674, 206.77934898485684776029
2024/04/15 03:52:26, 0.00483646629719186043, 206.7625283733741797162
2024/04/15 05:25:50, 0.0048365418190854109, 206.75929980671598999421
2024/04/15 05:35:30, 0.00483904696142550771, 206.65226189609360759449
2024/04/15 07:16:04, 0.00485094419314076306, 206.14543482359586459799
2024/04/15 08:33:18, 0.00483824604764844132, 206.68647070688671671911
2024/04/15 10:49:41, 0.00483362789517996887, 206.88394342419015065547
2024/04/15 14:37:14, 0.00483690110234502143, 206.74394180091485123792
2024/04/15 15:16:12, 0.00483690110234502567, 206.74394180091467022073
2024/04/15 15:49:27, 0.00483586764709287857, 206.78812427820645323537
2024/04/15 16:29:41, 0.0048256192953462214, 207.22728810463558922917
2024/04/15 16:34:46, 0.00482465845299204982, 207.26855791830034062324
2024/04/15 16:56:31, 0.00476340171518523758, 209.93400510649821019575
2024/04/15 16:57:08, 0.00477335038300862047, 209.49645841202729120593
2024/04/15 17:07:43, 0.00478583008386301999, 208.95016799109201203105
2024/04/15 18:16:42, 0.0047826914565735777, 209.08729092811296580936
2024/04/15 18:28:19, 0.00482183200022764749, 207.39005422685572095268
2024/04/15 19:52:14, 0.00480871604490380139, 207.95571846247474793649
2024/04/15 21:07:14, 0.00483392005218609944, 206.87143957785533946555
2024/04/15 21:49:39, 0.00483444365241545708, 206.84903411799308832362
2024/04/16 01:48:56, 0.00483434578636125067, 206.85322155093233864738
2024/04/16 02:03:19, 0.00483434578636946156, 206.85322155058100891653
2024/04/16 02:05:38, 0.0048284164690084338, 207.10723824644739816341
2024/04/16 03:27:16, 0.00489244020387486356, 204.39697948847480905791
2024/04/16 03:28:40, 0.00486354726505655594, 205.61124329658826956544
2024/04/16 05:57:40, 0.00486274170841493556, 205.64530463740404179595
2024/04/16 06:48:47, 0.00486584238136035149, 205.51426076412042927495
2024/04/16 09:41:40, 0.00485307959174541104, 206.05472898093348626524
2024/04/16 13:06:45, 0.00485333512132613964, 206.04388013633747244097
2024/04/16 13:41:36, 0.00482038337560965967, 207.45237921527862919985
2024/04/16 16:45:58, 0.00471601014062568567, 212.04364922492031099947
2024/04/16 16:46:02, 0.00478461603889197447, 209.00318685375239995662
2024/04/16 17:24:23, 0.00478461603889200011, 209.00318685375127971461
2024/04/16 17:36:40, 0.00478421648503936201, 209.02064175546448474503
2024/04/16 17:45:58, 0.00478421648503937681, 209.02064175546383821881
2024/04/16 18:39:15, 0.00475712894793835125, 210.21082483656048154145
2024/04/16 18:43:05, 0.00476855273661825566, 209.70723303967825021901
2024/04/16 19:14:00, 0.00471658043704150862, 212.01801036753938126574
2024/04/16 19:23:20, 0.00473005413805238139, 211.41407070908367607931
2024/04/16 19:52:18, 0.00472970928375387964, 211.42948540936942292202
2024/04/16 20:06:12, 0.00469471134903774614, 213.00564095489395769965
2024/04/16 20:25:01, 0.00470687256216170109, 212.45529527163045939584
2024/04/17 00:48:49, 0.00470428418755969699, 212.57219167253170554591
2024/04/17 02:24:39, 0.00470395719272751582, 212.58696859444966168288
2024/04/17 04:26:46, 0.00470395719272762426, 212.58696859444476099002
2024/04/17 05:25:28, 0.00471221892621003515, 212.21424888344153042693
2024/04/17 05:39:56, 0.00471180337650155261, 212.2329647682552198121
2024/04/17 05:49:23, 0.00471231995203543062, 212.20969929430659307008
2024/04/17 06:59:12, 0.00474473059148979982, 210.76012235417767062203
2024/04/17 07:29:03, 0.00474576736902927579, 210.71407893399234571417
2024/04/17 08:19:31, 0.00479163843419542874, 208.69688181468798849126
2024/04/17 08:22:04, 0.00482470004222987986, 207.26677124943502206855
2024/04/17 08:26:37, 0.00481644718964667526, 207.62191728159651213251
2024/04/17 08:57:54, 0.00480545268987272318, 208.09693998391771005434
2024/04/17 09:07:33, 0.00480525215164164809, 208.10562452136123573247
2024/04/17 11:16:32, 0.00478933645149490603, 208.79719145391588009856
2024/04/17 13:00:05, 0.00476496566316473019, 209.86510096608620250401
2024/04/17 14:35:36, 0.00476414063343244063, 209.90144434076576684311
2024/04/17 18:03:50, 0.00477051895501086815, 209.62080004935685443738
2024/04/17 18:38:01, 0.00477300689000953795, 209.51153498083504532579
2024/04/17 21:40:21, 0.00477256268369729302, 209.53103526872953834377
2024/04/17 21:58:59, 0.00444886742243372889, 224.77630934952775083893
2024/04/17 21:58:59, 0.00461408217134474414, 216.72782643759387675231
2024/04/17 21:58:59, 0.00470582855496860594, 212.50242934247129909387
2024/04/17 21:59:42, 0.00465877034834600663, 214.64891489124976544792
2024/04/17 22:04:27, 0.0046666057252665885, 214.28851265185321528212
2024/04/18 03:53:49, 0.00466866199337455686, 214.19413129910262025061
2024/04/18 06:37:05, 0.00465645197428755711, 214.75578520339001950934
2024/04/18 07:59:00, 0.00465901957677190556, 214.63743251597794369794
2024/04/18 09:47:49, 0.00467104292912224872, 214.08495172788175176613
2024/04/18 11:06:32, 0.00464453358614551421, 215.30687235914624532631
2024/04/18 14:06:30, 0.00464453358614541431, 215.3068723591508761628
2024/04/18 14:23:54, 0.00467453565636860615, 213.9249913812500250691
2024/04/18 15:42:29, 0.00467101473747743344, 214.08624382547908623641
2024/04/18 16:10:07, 0.0046139620728907456, 216.73346772299727230718
2024/04/18 16:11:04, 0.00462580997839763574, 216.17835680020658210624
2024/04/18 17:04:38, 0.00461285756725436116, 216.78536252642509213884
2024/04/18 17:25:00, 0.00461669071761544896, 216.60536976938896187998
2024/04/18 17:43:15, 0.00461796878737373085, 216.54542203363539024338
2024/04/18 17:46:35, 0.00461796878737378738, 216.54542203363273946065
2024/04/18 17:47:11, 0.0046250898773260267, 216.21201458211340861036
2024/04/18 18:17:29, 0.00462048189491693516, 216.42764169255067000269
2024/04/18 18:27:28, 0.00462225968225264397, 216.34440051898016476459
2024/04/18 18:59:10, 0.00462233639679911844, 216.34080996192343559344
2024/04/18 19:14:10, 0.00458707919203339725, 218.0036485388672743883
2024/04/18 19:31:07, 0.00456579333628302, 219.0199876225876034394
2024/04/18 20:09:02, 0.0045774542552151509, 218.462041179480382449
2024/04/18 20:44:09, 0.00460091042075790404, 217.34828730598733455765
2024/04/18 23:45:31, 0.00461270614895061437, 216.7924787984812151541
2024/04/19 00:11:18, 0.00463828605191805168, 215.59687971087381363253
2024/04/19 02:01:48, 0.00463647804217740723, 215.68095241757571979782
2024/04/19 03:00:55, 0.00463245229484280066, 215.86838597631675512978
2024/04/19 04:23:11, 0.00460876938660407363, 216.9776606541904146928
2024/04/19 04:38:30, 0.00459693671099380715, 217.5361687291559424741
2024/04/19 05:55:38, 0.00459693671099491641, 217.53616872910345034844
2024/04/19 05:57:24, 0.00459560409537531627, 217.59924903155337223434
2024/04/19 08:15:16, 0.0045956040953753343, 217.59924903155251844601
2024/04/19 08:15:57, 0.00459040942554150839, 217.84549204606838275202
2024/04/19 11:09:47, 0.00459040942554670227, 217.84549204582189849728
2024/04/19 11:30:22, 0.00458101711075193521, 218.29213378246003922388
2024/04/19 14:09:41, 0.00453169353864985476, 220.66805521406328892548
2024/04/19 15:39:04, 0.00450836699843313097, 221.80980393733405315217
2024/04/19 18:01:00, 0.00450861938014962419, 221.79738755565872283535
2024/04/19 18:11:39, 0.00450838338709723266, 221.80899762472505991875
2024/04/19 19:12:25, 0.00450332205195920642, 222.05829129296714855595
2024/04/19 19:12:56, 0.00446494834348788514, 223.96675685139722746616
2024/04/19 19:21:11, 0.00446158601966945641, 224.13554184350043469707
2024/04/19 19:50:11, 0.00446059395252944763, 224.18539114795122612617
2024/04/19 20:20:56, 0.00444948610657242528, 224.745055057679563993
2024/04/19 22:44:42, 0.00446068267020655331, 224.18093236694971749333
2024/04/20 01:09:18, 0.00452232169662135049, 221.12535708087840797644
2024/04/20 01:31:03, 0.00451546466311882542, 221.4611506469638351616
2024/04/20 02:31:41, 0.00444269717151544205, 225.08849048086062477772
2024/04/20 02:39:43, 0.00444827724065427183, 224.80613187970174268671
2024/04/20 04:21:49, 0.00444827724065432476, 224.80613187969906797518
2024/04/20 04:33:21, 0.00444505053882313617, 224.96932065585878703446
2024/04/20 04:48:02, 0.00446183207064737437, 224.12318172586634284702
2024/04/20 08:27:25, 0.00444687099321384482, 224.87722300153337731404
2024/04/20 09:31:05, 0.00444965835967706703, 224.73635483164931754829
2024/04/20 10:31:47, 0.00443599704972735289, 225.42846372304562709626
2024/04/20 12:12:07, 0.00446098955938216727, 224.16551007093071738175
2024/04/20 12:38:21, 0.0044657947738080136, 223.92430701585805142046
2024/04/20 13:04:28, 0.00445248801149142158, 224.59353004861575400498
2024/04/20 13:14:21, 0.00433924892862301756, 230.45462854267085711672
2024/04/20 16:07:55, 0.00433604682546591029, 230.62481570238797554914
2024/04/20 18:00:40, 0.00433604682546593449, 230.62481570238668816631
2024/04/20 18:14:13, 0.00434466017335508208, 230.1675988683296289378
2024/04/20 18:50:17, 0.00435204983428842676, 229.77678061526678465729
2024/04/20 21:56:05, 0.0043643798735426604, 229.12762614045294643133
2024/04/20 21:57:48, 0.00436437987354268584, 229.12762614045161111105
2024/04/20 22:01:35, 0.00433755035986193083, 230.54487372725999624948
2024/04/20 22:35:16, 0.00433755035986939073, 230.5448737268634959808
2024/04/20 23:02:22, 0.00433755035986942873, 230.54487372686147613981
2024/04/21 00:49:10, 0.00433027364048984916, 230.93228812368495347212
2024/04/21 02:02:44, 0.00434260214952970354, 230.27667872091352118915
2024/04/21 03:19:25, 0.00434260214952971775, 230.27667872091276748226
2024/04/21 03:49:31, 0.00434260214952972604, 230.276678720912327864
2024/04/21 10:39:39, 0.00435336851826126754, 229.70717866067523437226
2024/04/21 11:20:42, 0.00434470086885673885, 230.16544295790361481328
2024/04/21 11:30:54, 0.00397602662442215019, 251.5073701613689487922
2024/04/21 11:30:54, 0.00424382773458346021, 235.63633176033049057583
2024/04/21 11:32:58, 0.00425631189849642509, 234.94518819291830824358
2024/04/21 11:33:43, 0.00427199467884925107, 234.08268857426816939364
2024/04/21 12:13:18, 0.00417060936053072958, 239.773115522079324062
2024/04/21 12:13:18, 0.00419774175285734315, 238.22332551051150600013
2024/04/21 12:14:05, 0.00420797207515527953, 237.64416258943418177255
2024/04/21 12:53:14, 0.00421310126176015028, 237.3548457228915030259
2024/04/21 13:40:13, 0.00421310126176018846, 237.35484572288935184293
2024/04/21 13:40:40, 0.00421310126176018846, 237.35484572288935184293
2024/04/21 13:41:46, 0.00421310126176720308, 237.35484572249416731882
2024/04/21 13:42:38, 0.00421177582911457045, 237.42954054851184511626
2024/04/21 17:00:20, 0.00423604208916318598, 236.06942021615894759761
2024/04/21 19:12:57, 0.00422607742657708482, 236.62604800166921954566
2024/04/21 21:22:22, 0.0042301958534140116, 236.3956740189564571012
2024/04/21 22:54:01, 0.00425451487736278707, 235.04442429400133959205
2024/04/22 01:28:23, 0.00418290235437437478, 239.06845421677725348198
2024/04/22 01:55:29, 0.00419014978050365122, 238.65495325558532696248
2024/04/22 04:00:21, 0.00418981952296255052, 238.67376494845222180893
2024/04/22 04:03:24, 0.00421402193049263714, 237.302989043318940371
2024/04/22 07:34:15, 0.00421402193049267656, 237.3029890433167206658
2024/04/22 12:07:34, 0.0040521426573517106, 246.78301939486820870957
2024/04/22 12:09:19, 0.00407152919732489811, 245.60796485434178665898
2024/04/22 13:56:24, 0.00407932277596660109, 245.13872888203818051136
2024/04/22 15:14:04, 0.00408054064045740968, 245.06556559816657993835
2024/04/22 16:44:37, 0.00408071398338263546, 245.05515556154409571378
2024/04/22 16:51:38, 0.00407954680907204165, 245.12526680076653836176
2024/04/22 16:53:14, 0.0040782294139883669, 245.2044498943561609116
2024/04/22 17:45:05, 0.00408213243946257165, 244.97000399420010591457
2024/04/22 18:06:15, 0.00408571049784298494, 244.75547166837719839479
2024/04/22 19:57:17, 0.00408571049784299624, 244.75547166837652178385
2024/04/22 20:01:04, 0.00407101323848522404, 245.63909312466107181488
2024/04/22 20:09:46, 0.00411875602865894193, 242.79175387953188374401
2024/04/22 21:39:37, 0.00411627345911188178, 242.93818424195700251602
2024/04/22 22:02:45, 0.00411381163910585198, 243.08356524980630583437
2024/04/22 22:11:51, 0.00411694794057863263, 242.89838356796201561877
2024/04/22 22:59:51, 0.00413292598231376795, 241.95932960796995889822
2024/04/23 02:58:35, 0.00413292598231761821, 241.9593296077445478552
2024/04/23 03:10:05, 0.00413292598231762239, 241.95932960774430310544
2024/04/23 05:56:15, 0.00414372421115095305, 241.32880207349559064322
2024/04/23 07:51:42, 0.00414384427037283232, 241.32181007613672465088
2024/04/23 08:11:45, 0.00414384029029837966, 241.32204186083494324746
2024/04/23 10:16:59, 0.00414016323279280964, 241.5363703728741383112
2024/04/23 11:36:01, 0.0041425637140716748, 241.39640788218857076311
2024/04/23 12:05:34, 0.004147510896064116, 241.1084684428375974153
2024/04/23 12:20:19, 0.00414901030846642355, 241.02133416236910785661
2024/04/23 12:40:03, 0.00414097240855417518, 241.48917243067336457173
2024/04/23 13:06:38, 0.00412980866136594505, 242.14196879262860941307
2024/04/23 13:51:55, 0.00412485296770244073, 242.43288374882460810194
2024/04/23 14:28:41, 0.00419703634356984058, 238.26336446480179226186
2024/04/23 14:34:08, 0.00418691248760957165, 238.83947967847989633274
2024/04/23 15:56:36, 0.00418454986877924293, 238.97432970292921931768
2024/04/23 16:23:23, 0.00416215439189057837, 240.26018879750620772138
2024/04/23 16:35:35, 0.0041741952809037847, 239.56713395150092007202
2024/04/23 17:37:19, 0.0041694914411918762, 239.83740321916658184632
2024/04/23 18:08:39, 0.00416902178785056761, 239.86442165263241700777
2024/04/23 18:19:45, 0.00416857869408515999, 239.88991773596849270986
2024/04/23 20:17:31, 0.00416332988410681409, 240.19235271685333293482
2024/04/23 23:09:02, 0.00416534067590149947, 240.0764013818800670403
2024/04/24 00:41:49, 0.00416634661794078879, 240.0184362227280684578
2024/04/24 01:06:49, 0.00416634661795109407, 240.0184362221343928305
2024/04/24 05:35:05, 0.00416634661795110917, 240.0184362221335232199
2024/04/24 07:30:44, 0.00425665160051919748, 234.92643839538730028405
2024/04/24 07:30:44, 0.00422411642398621654, 236.73589920997476769091
2024/04/24 13:46:48, 0.00420825613104043259, 237.62812168772720568268
2024/04/24 14:49:08, 0.00420122302561310159, 238.02592576100287514609
2024/04/24 14:52:58, 0.00418620962207894478, 238.87958088046784003467
2024/04/24 17:12:25, 0.00418620962207897811, 238.87958088046593833665
2024/04/24 18:19:31, 0.00424603358120184628, 235.51391690052259928815
2024/04/24 18:21:21, 0.00430628133463324348, 232.2189198270688005234
2024/04/24 18:21:21, 0.00423501342189245781, 236.12676050342718108386
2024/04/24 20:28:12, 0.00423516674302918949, 236.11821226305559660867
2024/04/24 21:29:34, 0.00423516674302922982, 236.11821226305334791631
2024/04/24 21:59:16, 0.00423429726824922398, 236.16669700979095159492
2024/04/25 01:03:24, 0.00423429726824924614, 236.16669700978971559911
2024/04/25 02:06:37, 0.00425829843318074707, 234.83558414036458316422
2024/04/25 02:19:27, 0.00427385523341805067, 233.98078441703366329466
2024/04/25 02:41:59, 0.00427152866165128885, 234.10822663505661619766
2024/04/25 03:47:53, 0.00427152866165134014, 234.10822663505380479651
2024/04/25 05:39:16, 0.00427152866165509625, 234.10822663484794497411
2024/04/25 05:53:19, 0.00426350101384211141, 234.54902362010617175606
2024/04/25 14:30:09, 0.00425908875390335316, 234.79200781705332481477
2024/04/25 20:05:29, 0.00424869692886923712, 235.36628211938464956201
2024/04/25 20:32:59, 0.00424843174199433316, 235.38097366972687162586
2024/04/26 05:01:09, 0.00424364351020735282, 235.64656116723103847847
2024/04/26 06:17:25, 0.00424364351020803726, 235.64656116719303181533
2024/04/26 10:53:43, 0.00424611532897584491, 235.50938269997441001168
2024/04/26 12:18:32, 0.00424662647881977638, 235.48103535536760479004
2024/04/26 17:15:22, 0.00416624005632933918, 240.02457527160564138934
2024/04/26 17:20:03, 0.00417619269065336555, 239.45255261762118366639
2024/04/26 17:29:08, 0.00417857331931507896, 239.3161310291218376387
2024/04/26 19:13:12, 0.00416804726089770102, 239.92050411266764714672
2024/04/26 19:23:41, 0.00416804726089770254, 239.92050411266756010801
2024/04/26 19:48:48, 0.00417003361768623585, 239.80622020856873439968
2024/04/26 22:25:02, 0.00419382151675293257, 238.4460082541257659899
2024/04/26 22:51:40, 0.00419501268259829278, 238.37830196513813124281
2024/04/27 04:14:21, 0.00419484477803885443, 238.38784339179130794277
2024/04/27 12:13:15, 0.00419484477803889091, 238.38784339178923500315
2024/04/27 17:09:43, 0.0041939169733985254, 238.44058104699522195078
2024/04/27 19:45:04, 0.00419391697339856814, 238.44058104699279199306
2024/04/27 20:19:25, 0.00421749071904191369, 237.10781282458156757735
2024/04/28 00:36:54, 0.00416991949238328174, 239.81278339464020976841
2024/04/28 01:36:13, 0.00415909234378231473, 240.43707553042482047668
2024/04/28 06:32:15, 0.00415909234378234717, 240.43707553042294482453
2024/04/28 08:36:08, 0.00415900669150254322, 240.4420271896041269035
2024/04/28 09:36:09, 0.00416360052376356081, 240.17673988956083457206
2024/04/28 11:09:36, 0.00416653673629050938, 240.00748422304935967548
2024/04/28 16:38:08, 0.00416165943574423031, 240.28876351848089607107
2024/04/28 17:41:24, 0.0041613693473528878, 240.30551400973712109634
2024/04/29 01:57:29, 0.00416136934735617806, 240.30551400954711938159
2024/04/29 02:55:35, 0.00417116232799756094, 239.74132900266852061901
2024/04/29 03:58:09, 0.00417116232799758112, 239.74132900266736033716
2024/04/29 06:04:06, 0.0041684355595639752, 239.89815500580787305274
2024/04/29 10:37:03, 0.00416813858972892967, 239.9152471715279277412
2024/04/29 11:33:39, 0.0041712755944243743, 239.73481908907472312197
2024/04/29 12:15:42, 0.00417177588167522402, 239.70606963632922522208
2024/04/29 17:01:03, 0.00417043888114166597, 239.78291697833202724977
2024/04/29 17:03:08, 0.00416955283616185162, 239.83387171093339266511
2024/04/29 20:08:50, 0.00417238948651685615, 239.67081770086807825867
2024/04/30 05:26:00, 0.00417202948975312729, 239.69149845562891483172
2024/04/30 10:40:27, 0.00416889264339730971, 239.87185220127928926014
2024/04/30 12:21:18, 0.00416572117455771115, 240.05447270631919246985
2024/04/30 12:28:37, 0.00416300169802839749, 240.21128804093478455723
2024/04/30 12:35:45, 0.00416125716677000315, 240.31199224733495082103
2024/04/30 12:37:01, 0.00416038161105147123, 240.36256610298440340762
2024/04/30 17:11:41, 0.00415064999379292867, 240.92612036559228438869
2024/04/30 17:12:47, 0.00415064999379296587, 240.92612036559012500733
2024/04/30 17:16:48, 0.00415045623028421664, 240.93736797015242601709
2024/04/30 18:19:30, 0.00416295856010605169, 240.2137771879537815941
2024/04/30 19:10:51, 0.00418640996562334653, 238.86814913290566107537
2024/04/30 19:49:00, 0.0041862605313378855, 238.87667585763238636676
2024/04/30 20:53:17, 0.00418626053133788887, 238.87667585763219415019
2024/04/30 22:48:31, 0.00418649527605340667, 238.86328159020311450902
2024/04/30 22:49:23, 0.00418577937023683539, 238.90413506037683153192
2024/04/30 23:10:28, 0.00418405819421499403, 239.00241191258534091277
2024/05/01 00:07:42, 0.0041887531016447597, 238.734529282076584254
2024/05/01 03:05:00, 0.00418862041020421641, 238.74209216089957099027
2024/05/01 04:31:35, 0.00418736614584039111, 238.81360386728330142487
2024/05/01 06:48:14, 0.00418736614584043328, 238.8136038672808965086
2024/05/01 06:54:40, 0.00418638331567337502, 238.86966973523568316938
2024/05/01 07:27:54, 0.00418590473256408604, 238.89698019654823524748
2024/05/01 08:35:57, 0.0041770445561940283, 239.40371871713137246231
2024/05/01 14:23:23, 0.00420017124179642664, 238.08553090618676980964
2024/05/01 14:33:29, 0.0042000132446864035, 238.09448726504327892015
2024/05/01 16:31:06, 0.00420993502493921278, 237.53335718392446956735
2024/05/01 16:44:47, 0.00420987457744190163, 237.53676780737786677144
2024/05/01 17:27:44, 0.00420987457744191647, 237.53676780737702981377
2024/05/01 17:34:11, 0.00420987457744192253, 237.5367678073766878566
2024/05/01 18:46:34, 0.00420740006746241756, 237.67647097156692289991
2024/05/01 18:46:34, 0.00421734107329692693, 237.11622622408510324039
2024/05/01 20:46:06, 0.0042173410732969751, 237.11622622408239461983
2024/05/01 22:42:31, 0.00421584668987384168, 237.20027637673057503704
2024/05/01 22:51:36, 0.00421684219042271185, 237.14427878548528361571
2024/05/02 04:33:35, 0.00419365743852281577, 238.45533753282491856941
2024/05/02 08:21:40, 0.00424729778464202528, 235.4438164462920825523
2024/05/02 17:10:12, 0.0042709562455128506, 234.13960305742288512955
2024/05/02 17:45:09, 0.00425169798597163976, 235.20014904620987158799
2024/05/02 19:14:54, 0.00425879224166289071, 234.80835487047364565675
2024/05/02 20:26:38, 0.00425810064196123483, 234.84649238807349521496
2024/05/02 21:28:07, 0.00428178891735936541, 233.54724375733891417875
2024/05/02 21:32:26, 0.00430554280135437051, 232.25875252835382228832
2024/05/02 22:43:55, 0.0042996564861213745, 232.57671937929115716983
2024/05/02 23:23:58, 0.00429943588397910192, 232.58865278728288549361
2024/05/03 04:37:59, 0.00429638616621478386, 232.75375194707491986197
2024/05/03 06:58:44, 0.00428268962321226754, 233.49812570585994260723
2024/05/03 15:59:59, 0.00428268962321227693, 233.49812570585943074144
2024/05/03 19:15:43, 0.0042826896232122934, 233.4981257058585327171
2024/05/03 19:26:10, 0.00428298634195063754, 233.48194931309571847591
2024/05/03 19:31:46, 0.00428092581501025159, 233.59433057533730839814
2024/05/03 19:34:09, 0.00426575004322852486, 234.42536244883956911118
2024/05/03 19:39:12, 0.00425970233765218493, 234.7581874819846710512
2024/05/03 20:23:04, 0.00433697193350964046, 230.57562173125765864248
2024/05/03 20:23:24, 0.00426687451379139281, 234.36358317260087287437
2024/05/03 21:37:37, 0.00424330683745275702, 235.66525785354157272688
2024/05/03 22:30:14, 0.00424330683745277262, 235.66525785354070640127
2024/05/04 00:20:19, 0.00424321104442310582, 235.67057813782556839001
2024/05/04 01:22:12, 0.00424303702441416414, 235.68024371365695020316
2024/05/04 02:01:08, 0.00423435342633159359, 236.1635648506421284024
2024/05/04 02:33:11, 0.00423552807059153337, 236.09806931590943604744
2024/05/04 07:19:45, 0.00423552807059157752, 236.09806931590697461758
2024/05/04 08:07:11, 0.00423473229051695665, 236.14243626199204125836
2024/05/04 08:31:49, 0.00430494532439082865, 232.29098737543316292884
2024/05/04 09:07:15, 0.00428672007111204377, 233.27858675422769104763
2024/05/04 13:08:11, 0.00427660859183582272, 233.83014333110370318632
2024/05/04 16:46:19, 0.00427660859183584251, 233.8301433311026210831
2024/05/04 18:15:15, 0.0042766085918448504, 233.83014333061010054013
2024/05/04 18:37:54, 0.00427535615467393543, 233.89864231703196185508
2024/05/04 20:24:58, 0.00426563778773813396, 234.43153163978620880638
2024/05/05 00:01:11, 0.00434317433672635266, 230.24634114819929666583
2024/05/05 00:01:36, 0.00431721749017416537, 231.63067468246960104298
2024/05/05 00:02:43, 0.00430879979531643079, 232.08318963600436483139
2024/05/05 00:06:01, 0.00440827051363854093, 226.84633279789591063588
2024/05/05 00:07:03, 0.00439554335304088959, 227.50315937805231982003
2024/05/05 00:08:03, 0.00438177574827875797, 228.21797769838366899729
2024/05/05 00:08:35, 0.00437768868365262795, 228.43104484205267450882
2024/05/05 00:19:09, 0.00437358190164577103, 228.64554099780360638065
2024/05/05 02:19:40, 0.00437958193945287517, 228.33229605584825935079
2024/05/05 02:56:02, 0.00437958193945288031, 228.33229605584799155255
2024/05/05 04:18:34, 0.00433040995980845916, 230.92501848121362890954
2024/05/05 08:22:13, 0.00438423837718481201, 228.08978754529210371919
2024/05/05 09:03:33, 0.00438121984479439846, 228.24693474082625508582
2024/05/05 10:42:07, 0.00430694177813322216, 232.18331045873451713875
2024/05/05 14:20:11, 0.00431919568633403807, 231.52458759023264458339
2024/05/05 16:13:23, 0.00434375567234898258, 230.2155267078426025583
2024/05/05 17:40:01, 0.00434375567234898414, 230.21552670784251986252
2024/05/05 17:53:33, 0.00431709892747912958, 231.6370360741135373503
2024/05/05 18:50:21, 0.0042907586503803168, 233.05901857504004352046
2024/05/05 20:42:22, 0.00430176493498986356, 232.46272520986931700361
2024/05/05 21:13:21, 0.00435508674213999527, 229.61655168058068701613
2024/05/05 21:33:40, 0.00437974656676761301, 228.32371342847597711389
2024/05/05 22:23:25, 0.00437990983557436767, 228.31520226234591653104
2024/05/05 22:51:22, 0.00438007311351286249, 228.30669125474711270671
2024/05/06 00:02:18, 0.00439613986196088839, 227.47228964502331119714
2024/05/06 02:47:32, 0.00438146177479753032, 228.23433169086829087329
2024/05/06 04:44:11, 0.0043706512873454957, 228.79885267793751143765
2024/05/06 08:55:28, 0.00437065128734550152, 228.79885267793720664119
2024/05/06 10:43:01, 0.0043670780309344899, 228.98606182816816691226
2024/05/06 11:09:28, 0.00436522848858440445, 229.08308296235118546313
2024/05/06 12:42:51, 0.00436769356425092965, 228.95379112327961498511
2024/05/06 14:14:39, 0.00461771493923399883, 216.55732611460922379957
2024/05/06 14:15:17, 0.00448753278382890487, 222.83959765231361282586
2024/05/06 14:16:01, 0.00448328919328506943, 223.05052315112056065254
2024/05/06 14:17:59, 0.00448328919328508436, 223.05052315111981748825
2024/05/06 14:25:45, 0.00453965566039293705, 220.28102455538300102814
2024/05/06 14:28:33, 0.00453965566039298516, 220.28102455538066631972
2024/05/06 14:42:04, 0.00453522192564586955, 220.49637622917165263271
2024/05/06 14:44:32, 0.00451356537005195431, 221.55434075135357945004
2024/05/06 15:05:37, 0.00450817428915125202, 221.81928556011277708031
2024/05/06 15:08:52, 0.00451214609096991609, 221.62402986048780315825
2024/05/06 15:12:11, 0.00451214609096995591, 221.62402986048584752997
2024/05/06 15:46:48, 0.00451214609097000183, 221.62402986048359214329
2024/05/06 16:22:22, 0.00451338700112180261, 221.56309657280661739676
2024/05/06 16:44:44, 0.00444247597685163252, 225.09969782857364346678
2024/05/06 16:52:02, 0.00444148441949732247, 225.14995113124314914786
2024/05/06 16:56:01, 0.00444148441949733073, 225.1499511312427301986
2024/05/06 17:08:40, 0.00443998041717108237, 225.22621859606002935543
2024/05/06 18:47:11, 0.00451411941667402288, 221.52714797624787375576
2024/05/06 20:02:35, 0.00451379490375114335, 221.54307435833209224553
2024/05/06 20:48:05, 0.00446135732382513367, 224.14703136636624380582
2024/05/06 21:55:44, 0.00445037177957519115, 224.70032831626814981963
2024/05/07 03:32:12, 0.00446139040007300283, 224.14536956542443679624
2024/05/07 04:29:01, 0.00446094491652145067, 224.167753404984562675
2024/05/07 06:58:12, 0.00446025050130975045, 224.20265402276183230129
2024/05/07 07:57:57, 0.00446780663703378188, 223.82347340437034735949
2024/05/07 10:18:37, 0.00446606370616345774, 223.91082299608380064824
2024/05/07 17:21:30, 0.0044660637061634795, 223.91082299608270992425
2024/05/07 18:07:27, 0.0045394083985561435, 220.2930232754716483832
2024/05/07 21:09:10, 0.0045389501827936295, 220.31526228043348655813
2024/05/08 01:50:18, 0.00445015007043783857, 224.71152302097817280288
2024/05/08 04:36:55, 0.00443658098597075415, 225.3987931612597819441
2024/05/08 05:43:02, 0.00443631602026074193, 225.41225544640653747829
2024/05/08 14:38:03, 0.00440954314144771606, 226.78086321470611624117
2024/05/08 14:42:20, 0.00438943322828066989, 227.81984552290308332406
2024/05/08 15:57:35, 0.00439432768616339434, 227.56609689094018735596
2024/05/08 15:59:35, 0.00439922486722046574, 227.31277217748217474867
2024/05/08 18:46:10, 0.00432518538687325741, 231.20396250180510199616
2024/05/08 19:03:58, 0.00433210949839635056, 230.83442382289217187204
2024/05/08 19:09:20, 0.00432971362359914407, 230.96215753150295413145
2024/05/08 20:46:27, 0.00433003115163415251, 230.94522071107970835457
2024/05/08 21:17:07, 0.00433409003074005756, 230.72894030981799979985
2024/05/08 22:21:18, 0.0043478829250772309, 229.99699330272034051091
2024/05/08 22:32:31, 0.00429788276201384518, 232.67270313614445766228
2024/05/09 00:02:41, 0.00429773034741406195, 232.68095463497344232998
2024/05/09 01:03:57, 0.00429773034741408204, 232.68095463497235444462
2024/05/09 05:10:00, 0.00429773034741412989, 232.68095463496976407363
2024/05/09 07:13:24, 0.00430295208329003227, 232.39859069855157129454
2024/05/09 07:23:10, 0.00430900914218256424, 232.07191421587194397843
2024/05/09 11:04:45, 0.00430900914218261553, 232.0719142158691812572
2024/05/09 12:51:08, 0.00432113107674659623, 231.42089009549453361617
2024/05/09 20:56:39, 0.00432113107674661288, 231.42089009549364151537
2024/05/10 01:52:52, 0.00432392015066573812, 231.27161583824198736852
2024/05/10 02:54:09, 0.00432334963758464301, 231.30213464730954003758
2024/05/10 03:22:00, 0.00432383546862041451, 231.27614527827193524648
2024/05/10 04:29:52, 0.00440228962322385092, 227.15452312010486956374
2024/05/10 07:49:04, 0.00440228962322385177, 227.15452312010482579088
2024/05/10 08:12:29, 0.00439982313282785196, 227.28186334101128685787
2024/05/10 12:57:39, 0.00439982313282787574, 227.28186334101005835671
2024/05/10 17:43:21, 0.00426298519535679733, 234.57740390212718257206
2024/05/10 17:48:30, 0.00426204104577173478, 234.62936871339500577531
2024/05/10 17:50:00, 0.00426122183961472605, 234.6744754528935679856
2024/05/10 18:43:18, 0.00421041090275675583, 237.50651019482505715528
2024/05/10 19:50:31, 0.00421008174423474629, 237.52507926227141444427
2024/05/10 21:11:48, 0.00421008174423476472, 237.52507926227037416331
2024/05/10 22:39:50, 0.00421043513328329999, 237.50514337462298463254
2024/05/11 00:42:48, 0.00421048295352619475, 237.50244592785255721472
2024/05/11 02:55:50, 0.00421048295352619722, 237.50244592785241778067
2024/05/11 06:31:46, 0.00423341823404443852, 236.21573506679966782014
2024/05/11 06:50:37, 0.00423341823404446542, 236.2157350667981671138
2024/05/11 08:21:22, 0.00423871606288949473, 235.92049695310540971928
2024/05/11 09:00:39, 0.00423871606288953825, 235.92049695310298753187
2024/05/11 11:14:15, 0.0042387160629009724, 235.9204969524665798945
2024/05/11 14:27:59, 0.00423973900840421296, 235.86357509689919262291
2024/05/11 15:50:35, 0.00423776427588121827, 235.97348387011352917117
2024/05/11 16:10:42, 0.00423776427588123791, 235.97348387011243592313
2024/05/11 22:27:18, 0.0042382453654905907, 235.94669816485406463958
2024/05/12 04:03:10, 0.00424086842708327022, 235.80076043240207284553
2024/05/12 06:45:44, 0.00423756336550247524, 235.98467179060661584749
2024/05/12 09:12:39, 0.0042420384416092956, 235.7357232294744452931
2024/05/12 09:18:23, 0.0042415458701858942, 235.76309925800071732913
2024/05/12 09:20:49, 0.00424154587018591902, 235.76309925799933768678
2024/05/12 12:16:20, 0.0042425692534359914, 235.70622900029632359587
2024/05/12 14:07:02, 0.0042423896515498124, 235.71620764129577270358
2024/05/12 15:12:41, 0.00424392532301748806, 235.63091333779326089575
2024/05/12 17:25:21, 0.00424488768170545678, 235.57749344223703166388
2024/05/12 22:03:35, 0.00422121812035440702, 236.89844293477104879607
2024/05/12 22:56:27, 0.00422103177150368469, 236.90890145651846417
2024/05/13 03:37:45, 0.00423120790886344433, 236.33913093828863163689
2024/05/13 03:38:36, 0.00422775428287287139, 236.53219489389847510414
2024/05/13 14:38:22, 0.00422895494617986598, 236.46503988020211536565
2024/05/13 15:27:32, 0.00431512289028309153, 231.74311031832409486305
2024/05/13 15:42:47, 0.00431432232118598375, 231.7861127550399238309
2024/05/13 17:03:14, 0.00419417526528582539, 238.42589704745012016722
2024/05/13 17:52:29, 0.00419417526528582638, 238.42589704745006369788
2024/05/13 19:38:38, 0.00421812231325147831, 237.07230984232994586281
2024/05/13 19:48:28, 0.00423848754690779547, 235.93321649123488890784
2024/05/13 23:29:09, 0.00424665074885132319, 235.47968955782155097156
2024/05/13 23:56:33, 0.00426770856980757781, 234.31778052386738778255
2024/05/13 23:59:22, 0.00427736256796952133, 233.7889257946874087535
2024/05/14 00:09:52, 0.00425955473363670021, 234.76632242878242464614
2024/05/14 00:10:12, 0.00427094533719280141, 234.14020106782215134274
2024/05/14 00:28:58, 0.00428114485092751176, 233.5823792047936889621
2024/05/14 00:58:31, 0.00428100879585727915, 233.58980270437597439388
2024/05/14 01:29:10, 0.00426728323361798179, 234.34113585944423870905
2024/05/14 04:00:48, 0.00429143720983408147, 233.02216742410701487187
2024/05/14 06:47:22, 0.00428580000317050067, 233.32866658738889058687
2024/05/14 07:05:57, 0.00423394610359887973, 236.18628474037351754268
2024/05/14 07:39:17, 0.00423912648424240676, 235.89765573572274988297
2024/05/14 08:19:51, 0.00423851561535742839, 235.93165408585414114795
2024/05/14 11:45:13, 0.00423953772376394974, 235.87477342038584530639
2024/05/14 11:50:42, 0.0042068114821710092, 237.70972486837703511639
2024/05/14 15:03:38, 0.00413716738749615553, 241.71127400412179988208
2024/05/14 15:05:18, 0.00415860910354402812, 240.46501488870046140456
2024/05/14 15:25:24, 0.00418245306994027492, 239.09413525452418693662
2024/05/14 16:06:40, 0.00421019734398884748, 237.51855751554265617539
2024/05/14 16:38:50, 0.00421000925687928121, 237.52916893614189808696
2024/05/14 17:19:25, 0.00422799569385944763, 236.51868932893082152023
2024/05/14 18:01:45, 0.00422403984791185585, 236.74019090855585657131
2024/05/14 18:53:05, 0.00413772471061713101, 241.6787171543977777334
2024/05/14 18:59:49, 0.00413772471061715259, 241.6787171543965170083
2024/05/14 19:00:07, 0.00413772471061715259, 241.6787171543965170083
2024/05/14 19:01:10, 0.00413772471062362671, 241.67871715401837288195
2024/05/14 19:02:03, 0.00413647114277919611, 241.75195848897519369119
2024/05/14 19:22:04, 0.00409748835678667388, 244.05194424621098552826
2024/05/14 19:24:29, 0.00410146479173872166, 243.81533202826129868916
2024/05/14 19:51:51, 0.00412512627584768717, 242.41682148130274427177
2024/05/14 22:56:39, 0.00412512627584773381, 242.4168214813000031761
2024/05/15 01:05:52, 0.00412106795409316483, 242.65554733373684046789
2024/05/15 04:47:23, 0.00410161824818393542, 243.80621001058980153018
2024/05/15 04:50:02, 0.00410989230129121864, 243.31537828517468628584
2024/05/15 07:50:57, 0.00410850080003375712, 243.39778636328453259871
2024/05/15 11:21:05, 0.0041056857322535329, 243.56467231385462067082
2024/05/15 12:07:23, 0.00412025244209007387, 242.70357558303675185881
2024/05/15 13:42:36, 0.00412583210854410186, 242.37534967288667057629
2024/05/15 13:48:04, 0.00411414626144238456, 243.06379415140397464505
2024/05/15 13:57:41, 0.00411887155690638552, 242.78494393039122027836
2024/05/15 14:09:45, 0.00428488056098396074, 233.37873384511900797234
2024/05/15 14:10:24, 0.00427432131779726945, 233.95527047445754998287
2024/05/15 14:15:49, 0.00422872473951999687, 236.47791275095151687661
2024/05/15 14:19:11, 0.00422157371591194384, 236.87848828288910289324
2024/05/15 14:28:54, 0.00420144566926323794, 238.0133122548170850276
2024/05/15 14:46:25, 0.00419624919310570313, 238.30805893104882929713
2024/05/15 15:35:22, 0.00419746752962000169, 238.23888879267408520922
2024/05/15 15:44:09, 0.00419997925416489237, 238.09641416879715797887
2024/05/15 15:51:55, 0.00413032508650027536, 242.11169316149985110955
2024/05/15 16:55:27, 0.00413130548870543307, 242.05423751254846369253
2024/05/15 17:10:38, 0.00413130548870544658, 242.05423751254767208057
2024/05/15 17:15:40, 0.0041311845913636421, 242.06132112579239430152
2024/05/15 17:30:00, 0.00413592019624552041, 241.78416230268990752421
2024/05/15 17:39:46, 0.00413710409746598998, 241.71497173892920875839
2024/05/15 18:35:43, 0.00413710409747392196, 241.71497173846577425577
2024/05/15 18:36:57, 0.00413214863342520756, 242.00484752918560092913
2024/05/15 19:59:14, 0.00413229034572719922, 241.99654824206702708367
2024/05/15 20:08:00, 0.00406005130317317692, 246.30230638180340375734
2024/05/15 21:05:48, 0.00408349630351008102, 244.88818543570680549921
2024/05/15 21:11:00, 0.00408345737091703726, 244.89052025426832548139
2024/05/15 21:16:53, 0.00412598369312856517, 242.36644504082874404112
2024/05/15 22:11:50, 0.00402874180522946623, 248.21645276497005646337
2024/05/15 22:11:50, 0.00412256219437541084, 242.56759579378646342903
2024/05/15 23:39:58, 0.00412493976864491386, 242.42778224335395029387
2024/05/16 02:27:29, 0.00417418945342044881, 239.56746840529045432424
2024/05/16 02:30:51, 0.00422432600460349409, 236.72415408049514989911
2024/05/16 02:31:37, 0.00427537083894752767, 233.89783896410983703789
2024/05/16 02:32:11, 0.0042532256426230677, 235.11567079316198164829
2024/05/16 02:33:25, 0.00424506509821760899, 235.5676478129566630201
2024/05/16 02:55:06, 0.00427924113736613794, 233.68629341030719784817
2024/05/16 02:58:16, 0.0042181970894212509, 237.06810725081671183867
2024/05/16 03:06:47, 0.00420213940682399654, 237.97401827651555851748
2024/05/16 03:09:43, 0.00408005829349668871, 245.09453739764602677291
2024/05/16 03:09:43, 0.00408765499900339653, 244.63904127031467109325
2024/05/16 03:11:48, 0.00410310637047480084, 243.71778591844856105637
2024/05/16 03:23:05, 0.00405525200125555127, 246.59379976642360126831
2024/05/16 03:23:05, 0.00409906786469039476, 243.95790287203030864918
2024/05/16 03:49:35, 0.00409906786470042301, 243.9579028714334726512
2024/05/16 03:52:36, 0.00409876544879662071, 243.9759026205306647963
2024/05/16 04:53:04, 0.0041223429747363032, 242.58049515250916238955
2024/05/16 04:53:04, 0.00411262682353969974, 243.15359572043769347441
2024/05/16 04:56:12, 0.00411734484596938935, 242.87496855623702123446
2024/05/16 04:58:59, 0.00414097550842538583, 241.48899165555605743388
2024/05/16 05:05:41, 0.00416135187128090651, 240.30652320016134812316
2024/05/16 05:25:15, 0.00416135187128317973, 240.3065232000300761498
2024/05/16 05:55:40, 0.00415309354349003987, 240.78436700938186911493
2024/05/16 06:33:59, 0.00414041112130005008, 241.5219094682581721235
2024/05/16 08:17:20, 0.00414041112129975998, 241.52190946827509429965
2024/05/16 09:41:07, 0.00413264240521420612, 241.97593257483096347253
2024/05/16 12:05:00, 0.00412241040218484694, 242.57652742919710694073
2024/05/16 12:19:14, 0.00411276615506487833, 243.14535820824588953901
2024/05/16 12:21:39, 0.00410315572888207178, 243.71485414531310363088
2024/05/16 12:22:23, 0.00408403569155124271, 244.85584248656973880888
2024/05/16 12:24:10, 0.00402947290272365463, 248.17141699205044180111
2024/05/16 12:24:17, 0.00409671065860589932, 244.09827379419994734377
2024/05/16 12:24:44, 0.00407667675738205056, 245.29783927293203939898
2024/05/16 13:19:06, 0.00407667675738207794, 245.29783927293039154579
2024/05/16 15:30:56, 0.00408577031695531559, 244.75188824250704763943
2024/05/16 16:08:49, 0.00403507911590871663, 247.826615358642313255
2024/05/16 16:14:37, 0.00403507911590873602, 247.82661535864112220845
2024/05/16 16:16:47, 0.0040090136121031859, 249.43791584568496730642
2024/05/16 16:21:08, 0.00398674563686265026, 250.83115179300604918395
2024/05/16 16:32:58, 0.00397208730464286283, 251.7568027347051760354
2024/05/16 16:49:56, 0.00395409484330085926, 252.90238085569157335292
2024/05/16 17:36:05, 0.00390364263057783195, 256.17099069644503240263
2024/05/16 17:40:45, 0.00390478279187043136, 256.09619108185775743873
2024/05/16 18:03:25, 0.00390478279187044773, 256.09619108185668384698
2024/05/16 18:19:16, 0.0039070630131479431, 255.94672945760715002395
2024/05/16 19:04:17, 0.00390703984657315982, 255.9482470794593349946
2024/05/16 19:23:08, 0.00392987858844529917, 254.46078739944238290871
2024/05/16 19:47:12, 0.00392974847145752475, 254.46921279139904453088
2024/05/16 21:45:11, 0.00392974847145752998, 254.46921279139870574474
2024/05/16 22:09:32, 0.00392972784169404412, 254.47054867008695041872
2024/05/16 23:40:28, 0.00392972784169408757, 254.47054867008413655164
2024/05/17 00:27:59, 0.00392972784169899465, 254.47054866976637745593
2024/05/17 01:07:35, 0.00394003306084150454, 253.80497690200141614873
2024/05/17 01:58:56, 0.00391262350955478991, 255.58298608541257900256
2024/05/17 02:30:51, 0.00384769813214251265, 259.89564816592571069077
2024/05/17 06:15:47, 0.00384769813214953229, 259.89564816545156365798
2024/05/17 06:53:16, 0.00387407380409047147, 258.12621301745518890334
2024/05/17 07:12:32, 0.00387407380409343265, 258.12621301725788811158
2024/05/17 09:06:58, 0.0038661371632495137, 258.65611016229269678395
2024/05/17 09:10:21, 0.00392758226888383788, 254.60956169460087392679
2024/05/17 09:14:35, 0.00393216352895321038, 254.31292280619166635657
2024/05/17 09:16:37, 0.00393216352895832043, 254.31292280586117353401
2024/05/17 09:36:20, 0.00394582225154600359, 253.43260193947973420013
2024/05/17 10:01:04, 0.00393708635125880489, 253.99493706310757744468
2024/05/17 10:35:04, 0.0039601087369335562, 252.51831866978815135713
2024/05/17 10:41:42, 0.00397165397635715776, 251.78427072270036393777
2024/05/17 11:15:19, 0.00397130384004910701, 251.8064696826709024225
2024/05/17 11:44:21, 0.00395796747724835364, 252.65493103425322291375
2024/05/17 13:55:11, 0.0039569497977567379, 252.71991081790246583513
2024/05/17 15:21:07, 0.00395694979775677611, 252.71991081790002521057
2024/05/17 15:43:04, 0.00386750058086979471, 258.56492561278467779898
2024/05/17 15:46:37, 0.00378442449523570979, 264.24097012872648557654
2024/05/17 15:46:37, 0.0038206494465146857, 261.73560647188682839505
2024/05/17 15:47:07, 0.00388272914594123134, 257.55080058709197279474
2024/05/17 15:48:34, 0.00385029780994314792, 259.72016954573330330227
2024/05/17 16:05:08, 0.00382260225296911937, 261.6018967768024367013
2024/05/17 16:06:58, 0.00372485425459728097, 268.46687994994228855564
2024/05/17 16:07:24, 0.00363080993964579703, 275.42064074484571029125
2024/05/17 16:12:07, 0.00369452148365710299, 270.67104750196989026787
2024/05/17 16:12:47, 0.00365897607683145392, 273.30050238152014231589
2024/05/17 16:13:53, 0.00361188803935824977, 276.86350991590459747817
2024/05/17 16:16:10, 0.00359778460293190548, 277.94882416948483192127
2024/05/17 16:16:49, 0.00360107406514939656, 277.69492709906629838094
2024/05/17 16:19:10, 0.0036005294411543692, 277.7369318439426622376
2024/05/17 16:22:08, 0.00358454557706160776, 278.97538990695136362151
2024/05/17 16:31:30, 0.00360033373085110875, 277.75202932745982376302
2024/05/17 17:02:22, 0.00364035762975339449, 274.69828563732132810057
2024/05/17 17:04:41, 0.00363899804985470214, 274.8009167083582213748
2024/05/17 17:09:54, 0.00363586413818822057, 275.03777973901626332994
2024/05/17 17:09:54, 0.00367117467704526496, 272.39237790909129511733
2024/05/17 17:10:29, 0.00367945058458988473, 271.77970651057432438382
2024/05/17 17:26:11, 0.00367742441401508187, 271.92945045692482159319
2024/05/17 17:43:24, 0.00363715646633137194, 274.94005530332677746984
2024/05/17 18:26:35, 0.00365909823771737876, 273.29137810298875857034
2024/05/17 18:54:28, 0.00364423356887711397, 274.40612164387882525195
2024/05/17 19:43:41, 0.00361131461371909115, 276.90747192202007364964
2024/05/17 20:36:25, 0.00356865980653322026, 280.21723958368882696327
2024/05/17 21:50:58, 0.00357300132523883783, 279.87675037684315557905
2024/05/17 23:06:09, 0.00358079586423222911, 279.26752540930268242086
2024/05/17 23:19:04, 0.00358861592404258098, 278.65896522955250312372
2024/05/18 02:44:49, 0.00358861592404260904, 278.65896522955032429261
2024/05/18 03:13:24, 0.00358861592404262084, 278.65896522954940781609
2024/05/18 03:29:47, 0.00358861592404265725, 278.65896522954658048795
2024/05/18 03:57:06, 0.00358861592404363671, 278.65896522947052477717
2024/05/18 04:11:35, 0.00358759089714120392, 278.73858214905628325991
2024/05/18 04:14:30, 0.0035877216519622568, 278.72842349769895196172
2024/05/18 04:38:16, 0.00358772165196608339, 278.7284234974016659247
2024/05/18 04:42:16, 0.00358735015606816358, 278.75728782941781652355
2024/05/18 10:28:21, 0.00359431742453936048, 278.21694132319371278163
2024/05/18 14:17:26, 0.00359380997042230644, 278.25622618618607808985
2024/05/18 15:17:13, 0.00359380997042956459, 278.25622618562410456524
2024/05/18 16:09:04, 0.00359380997043185654, 278.25622618544664680093
2024/05/18 16:10:29, 0.00359601054589923132, 278.08594753437699036808
2024/05/18 16:17:14, 0.00359601054589925904, 278.08594753437484618559
2024/05/18 16:47:20, 0.00359601054589927633, 278.08594753437350964791
2024/05/18 17:03:15, 0.00359601054589929349, 278.08594753437218254305
2024/05/18 18:26:58, 0.00359601054589933191, 278.08594753436921088779
2024/05/18 20:02:33, 0.00359838132406128592, 277.90273179590581785525
2024/05/18 21:19:08, 0.00359870992853737311, 277.87735601308408159346
2024/05/18 21:45:48, 0.00362257666867082859, 276.04660755652502420328
2024/05/18 22:11:13, 0.00362477499008848038, 275.87919325596265645313
2024/05/18 23:13:27, 0.00362593101738619743, 275.79123684511346374444
2024/05/19 00:03:20, 0.00362347934025420029, 275.97783955623336108414
2024/05/19 01:38:30, 0.0037008144547759311, 270.21079068405925637895
2024/05/19 01:51:08, 0.0037334215011516213, 267.85081719048794597213
2024/05/19 01:56:14, 0.00369085194940473915, 270.94015520218308058013
2024/05/19 02:01:51, 0.00369085194940475233, 270.94015520218211272843
2024/05/19 02:22:43, 0.00376228603776218401, 265.79584591999873392078
2024/05/19 02:31:10, 0.00366176216610764725, 273.09255889302405786302
2024/05/19 02:31:10, 0.0036617621661000529, 273.09255889359044092928
2024/05/19 08:55:38, 0.00366075885803570742, 273.16740566096197575115
2024/05/19 08:58:43, 0.00366561006555633997, 272.80588554588311956942
2024/05/19 14:27:01, 0.00366530975784462943, 272.82823719325865461856
2024/05/19 15:02:50, 0.00366530975785379075, 272.82823719257672945677
2024/05/19 17:02:02, 0.00366752280613143539, 272.66360779766132768583
2024/05/19 17:05:24, 0.00366718517338613862, 272.68871156474441775525
2024/05/19 17:23:57, 0.00368468956048938818, 271.39328390725630999351
2024/05/19 17:39:13, 0.00368881721367013233, 271.08960462832618287394
2024/05/19 18:56:57, 0.00368992719098222965, 271.00805740663079315841
2024/05/19 19:46:18, 0.00377348605992379019, 265.00694162368155893685
2024/05/19 19:46:26, 0.00375366716395126134, 266.40614532998703511901
2024/05/19 19:56:43, 0.00375353016580994187, 266.41586874904430981016
2024/05/19 20:13:17, 0.00375362789446491514, 266.40893240232897013019
2024/05/19 20:52:56, 0.00374993748270056016, 266.6711124154098210887
2024/05/19 21:36:31, 0.00374943180777387532, 266.70707757016741379617
2024/05/19 22:10:36, 0.00374965559843800097, 266.6911596938586391466
2024/05/19 22:12:48, 0.00374965559843800603, 266.69115969385827962789
2024/05/20 03:55:00, 0.00374642404272806323, 266.92119968134255529355
2024/05/20 06:05:07, 0.00374281938577343169, 267.17826775212020040109
2024/05/20 07:50:38, 0.00373037641869311897, 268.0694621027909279741
2024/05/20 08:35:47, 0.0037189947510272185, 268.88986593051559321494
2024/05/20 10:50:27, 0.00372010916362284654, 268.8093160755920131312
2024/05/20 10:53:38, 0.00372010916362285663, 268.80931607559128357694
2024/05/20 11:35:20, 0.00376481584364325911, 265.61724172736363199752
2024/05/20 12:14:03, 0.00375815655504346721, 266.08790383093391379447
2024/05/20 12:56:50, 0.00384829072563248146, 259.85562715915807858019
2024/05/20 13:05:58, 0.00384407100098024058, 260.14087662402680797629
2024/05/20 13:47:43, 0.00383884603986953837, 260.49494812091620014627
2024/05/20 14:01:25, 0.00388419161965083062, 257.45382770016248384658
2024/05/20 14:10:11, 0.00392953719943212288, 254.48289435827583287692
2024/05/20 14:10:11, 0.00390874437056044543, 255.83663325023670653964
2024/05/20 14:15:13, 0.00385206036415850096, 259.60133161580251420123
2024/05/20 15:40:35, 0.00382857199431248633, 261.19399125458379676426
2024/05/20 16:30:40, 0.00382857199431252069, 261.19399125458145250252
2024/05/20 17:31:08, 0.00382857199431250413, 261.19399125458258265144
2024/05/20 18:55:07, 0.0038285719943141456, 261.19399125447059778509
2024/05/20 19:03:31, 0.00382857199431577312, 261.19399125435956436757
2024/05/20 19:09:26, 0.00404485848673172839, 247.22743781526122456868
2024/05/20 19:14:15, 0.00400832982564607266, 249.48046780028075397987
2024/05/20 19:14:39, 0.00396993425336229234, 251.89334033757887831163
2024/05/20 20:27:46, 0.00396993425336426061, 251.89334033745399099527
2024/05/20 23:06:20, 0.00393249476334222422, 254.29150200573968015615
2024/05/20 23:29:52, 0.00392021289141132952, 255.0881872234205399629
2024/05/20 23:30:32, 0.00394156072884650949, 253.70660730442384027882
2024/05/21 02:26:27, 0.00393497174680078402, 254.13143075627451045617
2024/05/21 03:18:49, 0.0039245402997974619, 254.80691332220696228046
2024/05/21 03:19:59, 0.00392454029979043071, 254.8069133226634734408
2024/05/21 03:43:56, 0.00392181983951426112, 254.98366598192727802506
2024/05/21 05:31:11, 0.00392181983951537472, 254.98366598185487533647
2024/05/21 07:05:27, 0.00373295888555273532, 267.88401122503417167597
2024/05/21 07:10:18, 0.00372342985402456982, 268.56958213382829393822
2024/05/21 07:13:39, 0.0037169857922808058, 269.0351956891347072643
2024/05/21 07:41:43, 0.00371698579228477808, 269.03519568884719434879
2024/05/21 08:34:17, 0.00371698579228478716, 269.03519568884653658767
2024/05/21 08:51:57, 0.00372170629662223588, 268.69395924863410495362
2024/05/21 10:57:42, 0.00374561566324374476, 266.97880666538779227264
2024/05/21 11:28:38, 0.00382274600148338686, 261.59205963774673367793
2024/05/21 12:30:33, 0.00381919824094966572, 261.83505985050522518511
2024/05/21 15:37:19, 0.00381815130714605667, 261.90685479865577190529
2024/05/21 15:50:20, 0.00381658831745113117, 262.01411229698454964489
2024/05/21 16:22:57, 0.00379999070839684136, 263.15853820123809805767
2024/05/21 16:48:57, 0.00379874098593569619, 263.24511297357709938062
2024/05/21 18:28:35, 0.00379612813171711723, 263.42630314421609230249
2024/05/21 23:45:20, 0.00379710522888884761, 263.35851648036402824668
2024/05/22 00:51:35, 0.00380096927880190079, 263.09078728339758244935
2024/05/22 00:57:39, 0.00379579690740197751, 263.44928993697062150619
2024/05/22 07:46:06, 0.00382877832174605338, 261.17991588083530677479
2024/05/22 08:11:31, 0.00385520172541098968, 259.38979882911145725354
2024/05/22 09:24:47, 0.00384962301566259321, 259.7656954801536624585
2024/05/22 13:48:15, 0.00384962301566542428, 259.7656954799626269859
2024/05/22 13:48:57, 0.00384962301566542428, 259.7656954799626269859
2024/05/22 13:50:25, 0.00384962301567495446, 259.76569547931954731482
2024/05/22 13:51:33, 0.00384823263804402416, 259.85954957969458936031
2024/05/22 15:30:52, 0.0038440684392080833, 260.14104998765579791555
2024/05/22 16:25:37, 0.00387165507173097036, 258.28747175892196485258
2024/05/22 18:16:01, 0.00387471037142925708, 258.08380605003307442691
2024/05/22 18:57:28, 0.00387353275364904014, 258.16226777944642934788
2024/05/22 20:42:34, 0.00387114325960067819, 258.32162049801108529879
2024/05/22 23:00:40, 0.00388079793037380228, 257.67896652729842453383
2024/05/23 03:17:34, 0.00388022367655046363, 257.71710173394037809473
2024/05/23 04:54:22, 0.00387962230704169081, 257.75704974810422972902
2024/05/23 07:40:17, 0.00387425149551932833, 258.11437413304886459862
2024/05/23 13:38:48, 0.00387265269251331625, 258.22093520888627065344
2024/05/23 15:51:51, 0.00390338409171570772, 256.18795806498671829025
2024/05/23 18:44:35, 0.00390338409171572812, 256.18795806498537932738
2024/05/23 22:09:03, 0.00392513318050404144, 254.76842542998404847379
2024/05/23 22:38:26, 0.00392487225915463649, 254.78536216498068855828
2024/05/24 01:36:08, 0.00392625729020170035, 254.69548378695982777367
2024/05/24 07:08:19, 0.00392285947725731404, 254.9160901116842406097
2024/05/24 07:12:04, 0.00371921639576718979, 268.87384158074048631114
2024/05/24 07:12:04, 0.00383237298834747156, 260.93493588451639788616
2024/05/24 07:12:38, 0.00382496427785640423, 261.44035012019051547266
2024/05/24 07:13:13, 0.00385280203236483709, 259.55135810240510138343
2024/05/24 07:13:36, 0.00381645216164743132, 262.02345991632562392634
2024/05/24 08:27:05, 0.00383953840722953561, 260.44797419322127244285
2024/05/24 10:28:09, 0.00387013464018383241, 258.3889432726556864252
2024/05/24 12:36:04, 0.00387119157304328242, 258.31839657934163278715
2024/05/24 13:16:56, 0.0038738629596630041, 258.14026216533798375173
2024/05/24 13:39:50, 0.00387386295967385319, 258.14026216461503931274
2024/05/24 14:49:02, 0.00384854271277282935, 259.83861285497124411176
2024/05/24 16:26:09, 0.00385129372403846023, 259.65300796413981470453
2024/05/24 19:38:14, 0.0038416281312552393, 260.30629874455165057283
2024/05/25 00:01:09, 0.00379612889233314901, 263.42625036248105507187
2024/05/25 02:13:34, 0.00379612889233317309, 263.42625036247938398155
2024/05/25 04:29:30, 0.0038083703132352893, 262.57950717782991266617
2024/05/25 05:43:18, 0.00383572206729908747, 260.7071061079634192191
2024/05/25 08:45:32, 0.00383047241891493425, 261.06440423953556194971
2024/05/25 09:13:23, 0.00382916399839508218, 261.15360961795579461125
2024/05/25 09:17:09, 0.00382730936800885114, 261.28015894368311555823
2024/05/25 09:42:44, 0.00382730936800888549, 261.280158943680770294
2024/05/25 09:49:01, 0.00384779139057904484, 259.88934910775202254394
2024/05/25 11:06:48, 0.00384634740929345818, 259.98691579024361433796
2024/05/25 13:53:12, 0.00384607796041396365, 260.00512997723200822782
2024/05/25 17:54:32, 0.00384596878705612763, 260.01251059695771601073
2024/05/25 18:24:03, 0.00380240791013140714, 262.99124755540524610105
2024/05/25 18:52:17, 0.00380863601686958604, 262.56118872234086874756
2024/05/25 20:44:48, 0.00381489595011078587, 262.13034721719203384043
2024/05/26 01:45:46, 0.00381489595011081939, 262.13034721718973096388
2024/05/26 03:09:17, 0.00380608300122019765, 262.73730753622781062725
2024/05/26 04:52:10, 0.00380608300122021466, 262.7373075362266368597
2024/05/26 07:26:26, 0.00380506414392107895, 262.80765899770362866717
2024/05/26 09:14:35, 0.00380294948800428672, 262.95379498316197190573
2024/05/26 11:05:30, 0.00380189920910454867, 263.02643626250349035334
2024/05/26 18:12:36, 0.00380189920911804834, 263.02643626156954353753
2024/05/26 18:19:39, 0.00380189920911809207, 263.02643626156651846176
2024/05/26 19:00:36, 0.00380189920911812386, 263.02643626156431911132
2024/05/26 20:46:54, 0.0037997684950710672, 263.17392791091525830264
2024/05/26 21:02:02, 0.00379976849507304782, 263.17392791077807969096
2024/05/26 22:48:07, 0.00380096242731020396, 263.09126152232497395511
2024/05/27 01:48:32, 0.00380203780716236791, 263.01684799561344934498
2024/05/27 02:24:14, 0.00381290465233938699, 262.26724536278540776513
2024/05/27 04:37:46, 0.00381263757540712192, 262.28561729820799334818
2024/05/27 04:56:14, 0.0038123360706743584, 262.30636057830848645859
2024/05/27 07:11:21, 0.00380966855906051087, 262.49002623120750620954
2024/05/27 11:57:51, 0.00380966855906412653, 262.49002623095838336365
2024/05/27 12:04:18, 0.00380966855906414607, 262.49002623095703680345
2024/05/27 15:23:45, 0.00382125248018951707, 261.69430185110523301331
2024/05/27 15:46:11, 0.00381974204097165369, 261.79778353451931438654
2024/05/27 15:51:15, 0.00381841037655180179, 261.88908508651327144802
2024/05/27 17:03:27, 0.00382406533147931747, 261.50180849895569277652
2024/05/27 17:24:27, 0.00382972446443046335, 261.1153907514113510797
2024/05/27 17:39:11, 0.00382910013062269326, 261.15796554982715851512
2024/05/27 17:49:36, 0.00381597061446858528, 262.05652533287672992986
2024/05/27 19:35:13, 0.00381597061446858548, 262.05652533287671599619
2024/05/27 20:32:18, 0.00381487547424649596, 262.13175416886113036771
2024/05/28 00:17:34, 0.00381768737763299246, 261.93868200387084509272
2024/05/28 00:19:03, 0.00381757817764596211, 261.94617463384370576829
2024/05/28 00:55:41, 0.00384388607010737983, 260.15339210406534597289
2024/05/28 07:29:02, 0.00411798374424896774, 242.83728691172350352836
2024/05/28 07:29:19, 0.00404986293870914143, 246.92193665169846430991
2024/05/28 07:32:00, 0.00404324678139636201, 247.32598677903192175548
2024/05/28 07:38:18, 0.0040290038904754406, 248.20030637448590233642
2024/05/28 09:05:11, 0.00403626426082217017, 247.7538474639676284553
2024/05/28 09:53:39, 0.00403539659019767964, 247.80711824683719091391
2024/05/28 11:23:33, 0.00403757573825563766, 247.67337254508867834799
2024/05/28 11:53:56, 0.00403295941014774204, 247.956871939697093674
2024/05/28 12:06:35, 0.00403295941015690872, 247.95687193913350215094
2024/05/28 12:10:02, 0.00393581511170819547, 254.07697557367903411164
2024/05/28 12:11:18, 0.00397111124506526282, 251.81868204842133648914
2024/05/28 13:32:21, 0.00397933018598574215, 251.29857369508140064067
2024/05/28 13:32:42, 0.00398409051283356067, 250.99831361230321334204
2024/05/28 15:40:05, 0.00397343263378400593, 251.67156264272015959682
2024/05/28 17:10:33, 0.00399240874559420416, 250.47535553656505752403
2024/05/28 18:57:22, 0.00399454429547419522, 250.34144724167823550763
2024/05/28 20:34:59, 0.00379713983853050949, 263.35611605681588868939
2024/05/28 20:35:21, 0.00385030995241878529, 259.71935048288635959678
2024/05/28 20:45:49, 0.00387045063579145494, 258.36784759703142200795
2024/05/28 21:07:49, 0.00385168940367964246, 259.62633410800671435877
2024/05/28 21:17:41, 0.00383014666409455555, 261.08660782482057280138
2024/05/28 21:50:40, 0.00382980909090892304, 261.10962094005355501669
2024/05/28 21:52:27, 0.00382980909090892601, 261.10962094005335252739
2024/05/28 23:22:28, 0.00380550070792304035, 262.77750991295394733827
2024/05/29 00:20:47, 0.00381422650391647512, 262.17635449105941434635
2024/05/29 04:07:23, 0.00383075172020152993, 261.04536995349611036282
2024/05/29 07:07:22, 0.00383956451511549784, 260.44620322519024679416
2024/05/29 11:16:54, 0.00386076901715415553, 259.01575451854370509834
2024/05/29 11:17:23, 0.00384392542097358428, 260.15072887306989928505
2024/05/29 13:15:39, 0.00384823238981296562, 259.85956634199076366976
2024/05/29 15:47:55, 0.00384823238981983318, 259.85956634152701750048
2024/05/29 16:19:41, 0.00386258949158654387, 258.8936779790320978091
2024/05/29 17:21:29, 0.00387291799452031494, 258.2032465998176241954
2024/05/29 19:16:32, 0.00386683456186914098, 258.60946052903345804993
2024/05/29 22:28:26, 0.00386651307067980183, 258.63096327880308898937
2024/05/29 22:45:05, 0.00385860119262567508, 259.16127375670215413383
2024/05/30 00:32:42, 0.00384643254929277455, 259.98116103293304723065
2024/05/30 02:59:03, 0.00387509665323691113, 258.05807944549948964215
2024/05/30 03:00:17, 0.00387509665323691182, 258.05807944549944390866
2024/05/30 12:27:48, 0.00386566550796208113, 258.68766915821034999316
2024/05/30 12:47:57, 0.00386348297771305594, 258.83380508432793290605
2024/05/30 14:27:36, 0.00388927736468584683, 257.11717273750522917964
2024/05/30 14:31:04, 0.00387636887936444979, 257.97338465991271661827
2024/05/30 15:21:54, 0.00387452744958638812, 258.09599054634432056013
2024/05/30 15:57:38, 0.0039319504014834299, 254.32670758581394044597
2024/05/30 15:57:58, 0.00390040070224543012, 256.38391445891901197939
2024/05/30 17:17:16, 0.00390284064664138448, 256.2236305652286011292
2024/05/30 19:45:57, 0.0038904561343558435, 257.03926878115887451619
2024/05/30 20:48:26, 0.00387141754695977147, 258.30331858295706645704
2024/05/30 21:16:01, 0.00387141754697028698, 258.30331858225546570399
2024/05/30 22:10:38, 0.00387542170485531413, 258.03643478260754200334
2024/05/31 00:18:03, 0.00387542170484104765, 258.03643478355744462743
2024/05/31 05:47:16, 0.0038749433213438418, 258.06829082939903313921
2024/05/31 06:24:49, 0.00392192447401321309, 254.97686317674636780298
2024/05/31 06:28:00, 0.00392192447401324693, 254.97686317674416798691
2024/05/31 06:28:53, 0.00398177289537147441, 251.14440885426396948968
2024/05/31 06:28:53, 0.0039492506196558663, 253.21259558025694190584
2024/05/31 07:21:47, 0.00394285440806475871, 253.62336432067812681901
2024/05/31 11:19:53, 0.00394508552764792973, 253.479929140142775482
2024/05/31 12:37:27, 0.00393262620563980266, 254.28300268301473597659
2024/05/31 17:05:16, 0.00393251783346957205, 254.29001020390096724954
2024/05/31 17:14:35, 0.0039314077208269698, 254.3618141416404559045
2024/05/31 18:16:59, 0.00389588532305349863, 256.68106658135017063084
2024/05/31 20:39:52, 0.00389094232203981643, 257.00715077054973969675
2024/05/31 20:41:17, 0.00389059117238135231, 257.03034723844299189623
2024/05/31 21:23:04, 0.00391260238081649715, 255.58436627831220951652
2024/05/31 21:31:05, 0.00390709864305620859, 255.94439540891154486185
2024/05/31 22:53:43, 0.00390656953150589069, 255.97906089605002225008
2024/06/01 00:22:12, 0.00390656953150594271, 255.97906089604661364037
2024/06/01 03:13:26, 0.00389621466345269059, 256.65936976733068639552
2024/06/01 04:44:49, 0.0038964957038049813, 256.64085784144105055059
2024/06/01 04:46:01, 0.0038962155064628841, 256.65931423486216272097
2024/06/01 05:12:49, 0.0039526252745728562, 252.99640885084049556029
2024/06/01 08:01:53, 0.00395262527457286003, 252.99640885084025003059
2024/06/01 08:02:19, 0.00395262527457290616, 252.9964088508372978357
2024/06/01 08:08:24, 0.00395262527457290801, 252.99640885083717950574
2024/06/01 08:09:59, 0.00395262527457292331, 252.99640885083619968845
2024/06/01 15:05:14, 0.00395262527457293626, 252.99640885083537132066
2024/06/01 16:33:17, 0.00394712441789283804, 253.3489938819428863104
2024/06/01 18:43:13, 0.00391671197975697681, 255.31619510660259402959
2024/06/01 18:45:58, 0.00391858701630851751, 255.19402678520694992352
2024/06/01 19:19:47, 0.00390844031857672616, 255.8565357252669816687
2024/06/01 19:31:41, 0.00391932681110921593, 255.14585748897733515133
2024/06/01 19:32:11, 0.0039193268111092395, 255.14585748897580110925
2024/06/01 20:02:42, 0.00391932681110925976, 255.14585748897448225728
2024/06/01 20:08:54, 0.00392484299762330672, 254.78726170844315889845
2024/06/01 23:09:19, 0.0039379682210307405, 253.9380573615334459834
2024/06/02 00:08:46, 0.0039312426174711433, 254.37249676624425504362
2024/06/02 00:19:30, 0.00393258717321658911, 254.28552653851737625927
2024/06/02 02:25:03, 0.00406117265761441417, 246.23429839287183916158
2024/06/02 02:32:27, 0.00406117265761443116, 246.23429839287080944448
2024/06/02 02:48:05, 0.0040399228417762204, 247.52947993440713541038
2024/06/02 04:29:16, 0.00406789283759629856, 245.82751805991427221379
2024/06/02 04:36:37, 0.00404519335920843478, 247.20697163303967280409
2024/06/02 05:01:15, 0.00403492798400289627, 247.83589793043557833461
2024/06/02 09:17:06, 0.00403492798400290418, 247.83589793043509271985
2024/06/02 09:41:02, 0.00403492798400292337, 247.83589793043391398745
2024/06/02 10:02:08, 0.00403399222445636329, 247.8933880778027394568
2024/06/02 10:32:01, 0.00401030973615177762, 249.35729801249275421484
2024/06/02 11:04:52, 0.00401017598484222861, 249.36561482085249646459
2024/06/02 12:25:16, 0.00401017598484226912, 249.36561482084997763587
2024/06/02 15:33:24, 0.00400422512162863583, 249.73620853596529601377
2024/06/02 17:15:06, 0.00400050652796901319, 249.96834601034444832594
2024/06/02 17:32:35, 0.00400050652797777568, 249.96834600979693160229
2024/06/02 17:35:26, 0.00399819101702266241, 250.11311259077140633291
2024/06/02 18:21:34, 0.00399277372334633412, 250.45245969057880615133
2024/06/02 19:53:57, 0.00399277372334636786, 250.45245969057668971163
2024/06/02 21:27:41, 0.00399255004926964746, 250.466490753930270094
2024/06/03 00:07:28, 0.00399255004926968034, 250.46649075392820750772
2024/06/03 00:44:30, 0.00399255004926972915, 250.46649075392514544203
2024/06/03 00:50:36, 0.00399268721825746478, 250.45788596393776305068
2024/06/03 03:22:10, 0.00399953831641435353, 250.0288585549831898268
2024/06/03 03:30:09, 0.00412380307765531261, 242.49460538464267407348
2024/06/03 12:48:24, 0.00414962890921213313, 240.98540420807517877974
2024/06/03 13:11:17, 0.00414972995584664486, 240.97953617224615632781
2024/06/03 15:17:46, 0.00421139091132248308, 237.45124142037309724975
2024/06/03 16:01:52, 0.00421090759709445177, 237.47849529873446320153
2024/06/03 16:30:44, 0.00421080461874820016, 237.48430301125745740945
2024/06/03 16:39:48, 0.00421108591129897122, 237.46843951030562851347
2024/06/03 16:52:59, 0.00419926518749341662, 238.13690142224859076941
2024/06/03 17:20:37, 0.00419929327769601021, 238.13530846044201999882
2024/06/03 17:28:23, 0.00419929327769601698, 238.1353084604416356198
2024/06/03 19:40:22, 0.00419896863533392197, 238.15371984089022370733
2024/06/03 20:45:09, 0.00419847071651918691, 238.18196374823519025642
2024/06/03 21:46:25, 0.00416977339332790086, 239.82118587070240532699
2024/06/04 00:10:13, 0.00416977339332790105, 239.82118587070239395439
2024/06/04 02:04:42, 0.00416977339333453328, 239.82118587032094698917
2024/06/04 02:13:51, 0.00414400800814965062, 241.31227498436037477412
2024/06/04 03:23:23, 0.00414400800814966328, 241.31227498435963760844
2024/06/04 04:19:35, 0.00413591617416695974, 241.78439743194653517999
2024/06/04 04:24:14, 0.00413591617416701431, 241.78439743194334492868
2024/06/04 04:51:38, 0.00413591617417866889, 241.78439743126202229455
2024/06/04 04:53:24, 0.00412987713848296802, 242.13795385867847397207
2024/06/04 09:05:12, 0.00425319301924675014, 235.11747420696702933857
2024/06/04 09:05:12, 0.00424279199490948517, 235.69385470694841119052
2024/06/04 09:18:32, 0.00423095820053015683, 236.35307951628919422759
2024/06/04 10:47:32, 0.00422552866936460614, 236.65677794356800905682
2024/06/04 11:24:27, 0.00422831842985043023, 236.50063650371132213101
2024/06/04 11:33:52, 0.00421068971138537463, 237.49078382481579062014
2024/06/04 12:10:21, 0.00423439026735644631, 236.16151012559020253825
2024/06/04 12:21:51, 0.0042247057657139471, 236.70287481689429999695
2024/06/04 12:26:31, 0.00421752445822685831, 237.10591601890137809523
2024/06/04 12:29:28, 0.00420958004774681107, 237.55338743000092454945
2024/06/04 12:33:06, 0.00420799648677471195, 237.64278395737597939099
2024/06/04 16:57:36, 0.00420799648677566797, 237.64278395732198906283
2024/06/04 22:59:06, 0.0042389135211668286, 235.90950723730123162239
2024/06/04 23:48:51, 0.00423859646408925569, 235.92715382847121605111
2024/06/05 00:12:34, 0.00417713944964083524, 239.39828010433872998239
2024/06/05 01:41:13, 0.0041749711302016956, 239.52261436396791126189
2024/06/05 02:48:59, 0.00423061078638214163, 236.37248862951115071944
2024/06/05 04:31:40, 0.00423021263089088469, 236.39473644836608356224
2024/06/05 05:18:33, 0.00423021263089089417, 236.39473644836555348315
2024/06/05 06:24:18, 0.00422959070556175839, 236.42949628318320854187
2024/06/05 08:59:49, 0.00421129181236010581, 237.45682905777473495697
2024/06/05 09:01:29, 0.0041801005250692863, 239.2286965355754760537
2024/06/05 09:09:40, 0.00418010052507342065, 239.22869653533886561386
2024/06/05 10:54:50, 0.00418010052508031288, 239.22869653494442065019
2024/06/05 12:48:52, 0.00418565125956508117, 238.91144722456096063938
2024/06/05 14:48:05, 0.00418565125956509746, 238.91144722456003059273
2024/06/05 16:37:41, 0.00417218088040181218, 239.68280107349816812303
2024/06/05 18:05:06, 0.0041436970010055958, 241.33038679163055980165
2024/06/05 20:37:01, 0.00415749715021768455, 240.5293290333681841244
2024/06/05 20:39:16, 0.00415749715021770616, 240.52932903336693408637
2024/06/06 00:28:07, 0.00415080559564109125, 240.91708873336192983008
2024/06/06 04:39:07, 0.00415656660715994801, 240.58317705710211862615
2024/06/06 06:19:21, 0.00415117865438683764, 240.89543796030817052203
2024/06/06 12:10:19, 0.0041594442951687233, 240.4167309468526240719
2024/06/06 14:19:53, 0.00415944429516876261, 240.41673094685035189758
2024/06/06 16:05:04, 0.00415918748663903373, 240.43157544890634736538
2024/06/06 16:29:33, 0.00415783059921291011, 240.51003910291655937107
2024/06/06 16:50:12, 0.00415783059921295832, 240.51003910291377101134
2024/06/06 18:44:25, 0.0041431104469690849, 241.36455274359279200031
2024/06/06 19:13:33, 0.0041568765732780453, 240.56523747382190213722
2024/06/06 20:48:03, 0.00415948862413363009, 240.41416875092129926382
2024/06/06 20:49:36, 0.00415948862413363625, 240.4141687509209429865
2024/06/06 21:10:51, 0.00415834514826806614, 240.48027865519915724117
2024/06/06 21:22:24, 0.00414642034921804613, 241.17188219679302063596
2024/06/06 22:03:25, 0.00416032109399091703, 240.36606247637462733303
2024/06/06 22:31:31, 0.00416032109399093148, 240.36606247637379203019
2024/06/06 22:35:58, 0.00416010153727734084, 240.37874822028247926758
2024/06/07 02:02:34, 0.00415652460260395049, 240.58560831650725393176
2024/06/07 04:15:49, 0.00427347784580550375, 234.00144708402272200243
2024/06/07 04:32:56, 0.00416155490842642486, 240.29479894045707094831
2024/06/07 05:02:45, 0.00416155490843431295, 240.29479894000160039585
2024/06/07 05:10:43, 0.00416212879459494395, 240.26166640941716502228
2024/06/07 05:16:11, 0.00414927424413613275, 241.00600277584139095681
2024/06/07 05:49:32, 0.00414927424413618166, 241.00600277583855021019
2024/06/07 06:52:53, 0.00414887384266259535, 241.02926189682273118331
2024/06/07 10:27:59, 0.00414884688066716917, 241.03082826695972525005
2024/06/07 10:39:42, 0.00414895636829375529, 241.02446765697049832542
2024/06/07 15:03:06, 0.00411240145594708293, 243.16692101007457713264
2024/06/07 15:35:43, 0.00416434143700188912, 240.13400801254864969226
2024/06/07 15:42:59, 0.00414946581546728139, 240.99487608078717934898
2024/06/07 20:33:17, 0.00414713516950660662, 241.13031264398649911932
2024/06/07 20:41:00, 0.0041732213420499762, 239.62304369621057870733
2024/06/07 21:44:15, 0.00419700264928390373, 238.2652772855935358738
2024/06/07 23:47:59, 0.00410073691505542193, 243.85860900478783445426
2024/06/08 00:44:31, 0.00410073691505547067, 243.85860900478493622137
2024/06/08 00:52:07, 0.00410073691505547094, 243.85860900478492023533
2024/06/08 01:40:56, 0.00416839169535405138, 239.90067946699112503608
2024/06/08 02:45:37, 0.00419131559854267213, 238.58857117505104458874
2024/06/08 03:04:03, 0.00418558404050195418, 238.91528406154651604277
2024/06/08 06:34:09, 0.00419064226786102526, 238.62690635018505789343
2024/06/08 10:31:13, 0.00419681088846765575, 238.27616411020157017043
2024/06/08 10:47:07, 0.0041909251926926891, 238.6107969055623512548
2024/06/08 11:44:31, 0.00419914424214831649, 238.1437603316031441977
2024/06/08 11:46:22, 0.00423264645675400522, 236.25880645058525662368
2024/06/08 13:28:52, 0.00423381266982429047, 236.19372843945442894244
2024/06/08 15:23:35, 0.00423079060646867797, 236.36244215703974497665
2024/06/08 16:05:22, 0.0042258769821077753, 236.63727179801192483092
2024/06/08 16:51:52, 0.00422525881209508042, 236.67189265127012485622
2024/06/08 16:52:27, 0.00422525881208965536, 236.67189265157400186283
2024/06/08 21:41:23, 0.00423343022804034581, 236.2150658292294199114
2024/06/08 23:39:33, 0.00433154176553268278, 230.8646791674239715819
2024/06/08 23:39:33, 0.00429571548776075735, 232.79009116157120077744
2024/06/08 23:49:39, 0.00429554524559021981, 232.79931715923463219612
2024/06/08 23:54:59, 0.00429419647917479992, 232.87243721837486879273
2024/06/09 01:08:47, 0.00430767187257642274, 232.14395840273206024716
2024/06/09 02:17:01, 0.00430186845264182899, 232.45713136251016945829
2024/06/09 02:27:52, 0.00430186845264436799, 232.45713136237297128385
2024/06/09 02:29:16, 0.00428707178292568751, 233.25944855477921236948
2024/06/09 10:12:57, 0.00428698859413237021, 233.26397494238884821999
2024/06/09 13:54:33, 0.00427572214301127882, 233.87862133055406201214
2024/06/09 14:34:51, 0.00426002467697706217, 234.74042425256693797852
2024/06/09 16:07:01, 0.00424855778564938792, 235.37399052868265852372
2024/06/09 16:12:37, 0.00425153634247835149, 235.20909136038790132593
2024/06/09 19:02:35, 0.00425153634248532299, 235.20909136000221468995
2024/06/09 22:25:35, 0.00425153634248536556, 235.20909135999985961089
2024/06/09 23:26:13, 0.00430876981180401054, 232.08480463738594719718
2024/06/10 02:13:41, 0.00428858363158761422, 233.17721791280645545052
2024/06/10 03:40:30, 0.00428858363158762073, 233.17721791280610166323
2024/06/10 03:59:34, 0.00428858363158766541, 233.17721791280367253538
2024/06/10 07:39:22, 0.00429404750931696625, 232.88051607027171696412
2024/06/10 12:02:34, 0.00426052489192582873, 234.71286411097183427156
2024/06/10 17:49:30, 0.00419675098760204045, 238.27956506215889631446
2024/06/10 17:54:58, 0.00421382989745288106, 237.31380343674206778538
2024/06/10 18:35:33, 0.00424089473030000253, 235.79929793005251391907
2024/06/10 18:37:18, 0.00424089473030004308, 235.79929793005025895067
2024/06/10 21:18:27, 0.00423574283876956089, 236.08609825106605607062
2024/06/10 22:14:14, 0.00427199668046849764, 234.08257889618323948094
2024/06/10 22:18:55, 0.00393130009118550183, 254.36877796282535827579
2024/06/10 22:38:48, 0.00395189510817677708, 253.0431533799878807704
2024/06/10 23:52:08, 0.00395313595194280596, 252.96372605362599928373
2024/06/11 01:22:05, 0.00395448085861291767, 252.87769387528712946866
2024/06/11 01:29:57, 0.00379405491467305523, 263.57024937425633301335
2024/06/11 01:29:57, 0.00386930438415128053, 258.44438708311824490408
2024/06/11 01:29:57, 0.00389410181291600477, 256.7986272683440644444
2024/06/11 02:36:08, 0.00390423299362097931, 256.13225482031245413803
2024/06/11 04:46:42, 0.00391721338106046493, 255.28351476459032861362
2024/06/11 06:02:49, 0.00391812069777316302, 255.22439892378586767692
2024/06/11 09:26:43, 0.00392331345312212689, 254.88659316889699797666
